Company_ID,Year,Carbon_Emissions,Energy_Use,Waste_Recycled
C0001,2015,42514.59,13399.69,71.91
C0001,2016,25231.34,6365.57,81.68
C0001,2017,10577.81,74769.05,52.42
C0001,2018,37095.45,29861.89,40.24
C0001,2019,21515.23,88379.43,42.32
C0001,2020,30136.75,55905.81,68.79
C0001,2021,6256.00,50459.49,59.73
C0001,2022,31947.62,78417.78,54.05
C0001,2023,19303.97,75404.12,34.19
C0001,2024,17375.30,71906.27,81.28
C0002,2015,49015.86,70540.59,74.67
C0002,2016,22189.10,53962.62,29.84
C0002,2017,34223.88,93015.18,45.72
C0002,2018,31758.65,89610.93,57.95
C0002,2019,6110.87,36293.47,51.80
C0002,2020,37648.45,81445.98,47.85
C0002,2021,16834.80,89655.31,70.32
C0002,2022,40148.04,63734.22,23.82
C0002,2023,30774.40,57780.02,53.00
C0002,2024,16537.48,68829.24,38.35
C0003,2015,18458.36,20490.76,25.92
C0003,2016,36843.86,13297.65,52.54
C0003,2017,27952.91,82914.28,32.00
C0003,2018,33749.20,59465.99,38.08
C0003,2019,8757.60,16637.64,55.49
C0003,2020,39561.86,44550.21,88.16
C0003,2021,16699.17,33332.27,67.90
C0003,2022,31373.20,88170.41,39.57
C0003,2023,6619.31,53185.92,46.77
C0003,2024,16749.59,59863.69,48.43
C0004,2015,32794.50,27352.59,30.75
C0004,2016,14436.10,80911.04,31.25
C0004,2017,44135.30,93359.62,30.39
C0004,2018,33400.19,80286.96,56.52
C0004,2019,43643.64,51821.62,67.19
C0004,2020,20374.14,84333.45,61.35
C0004,2021,2665.27,22856.09,88.44
C0004,2022,29230.86,15774.30,28.81
C0004,2023,17620.48,46630.82,89.05
C0004,2024,22961.23,22245.77,52.67
C0005,2015,34374.40,29620.25,35.30
C0005,2016,35332.57,60586.09,86.03
C0005,2017,2350.26,43370.80,52.80
C0005,2018,38695.83,87258.44,44.31
C0005,2019,25182.43,26433.17,34.97
C0005,2020,28278.24,99695.12,38.75
C0005,2021,15601.72,39142.37,88.55
C0005,2022,21620.86,53963.27,41.28
C0005,2023,35808.38,17571.55,88.45
C0005,2024,39058.98,60033.41,43.12
C0006,2015,19968.20,96322.06,36.20
C0006,2016,34864.76,76192.79,32.84
C0006,2017,13644.13,28185.18,48.83
C0006,2018,41769.11,47048.11,36.58
C0006,2019,30880.90,45416.16,68.79
C0006,2020,38984.14,14305.04,36.78
C0006,2021,24380.59,89155.77,78.48
C0006,2022,12226.35,41238.32,78.38
C0006,2023,22032.32,51954.66,39.99
C0006,2024,19692.78,32668.54,72.75
C0007,2015,17303.11,19477.58,80.03
C0007,2016,11396.51,90700.51,61.31
C0007,2017,38199.19,8552.76,45.64
C0007,2018,5231.23,42988.55,50.87
C0007,2019,44490.49,74416.07,75.04
C0007,2020,9576.21,34341.50,40.53
C0007,2021,49013.81,47372.72,43.41
C0007,2022,49434.93,58625.34,31.25
C0007,2023,20520.97,99532.75,47.93
C0007,2024,49403.23,77038.63,26.06
C0008,2015,43584.36,96875.96,42.47
C0008,2016,5039.08,70848.82,46.14
C0008,2017,47419.10,30560.02,37.88
C0008,2018,3083.20,32311.44,27.10
C0008,2019,9913.80,83134.11,56.52
C0008,2020,29645.18,45632.78,80.56
C0008,2021,4956.12,40171.30,43.50
C0008,2022,8924.66,94783.93,36.58
C0008,2023,47721.10,6257.15,39.95
C0008,2024,49739.71,54871.85,80.33
C0009,2015,40108.69,78632.28,56.95
C0009,2016,26245.26,74936.06,29.16
C0009,2017,45114.75,39919.57,69.65
C0009,2018,6483.04,55886.59,30.81
C0009,2019,47201.70,5529.84,24.22
C0009,2020,18226.09,55808.88,37.90
C0009,2021,43212.98,61088.12,31.77
C0009,2022,33750.30,88105.18,62.35
C0009,2023,48053.44,25020.04,53.92
C0009,2024,43369.22,83388.84,70.68
C0010,2015,44506.99,73216.32,55.81
C0010,2016,31955.96,68272.93,49.33
C0010,2017,41824.77,42466.84,56.84
C0010,2018,38099.43,39906.27,50.41
C0010,2019,8919.53,71809.82,22.60
C0010,2020,32781.25,99071.21,67.65
C0010,2021,8260.60,43508.61,87.35
C0010,2022,43603.35,92266.98,49.54
C0010,2023,4231.54,60721.78,49.66
C0010,2024,49365.29,87475.74,23.20
C0011,2015,20630.71,25633.09,82.33
C0011,2016,9360.84,77412.05,85.04
C0011,2017,46848.07,84319.63,76.92
C0011,2018,3225.87,84056.07,27.44
C0011,2019,24035.18,79547.58,83.02
C0011,2020,38741.13,33898.58,21.68
C0011,2021,16520.77,54585.27,51.12
C0011,2022,26912.90,33471.95,55.04
C0011,2023,35320.24,37581.76,78.38
C0011,2024,47646.84,33615.79,72.56
C0012,2015,6032.43,32001.57,75.80
C0012,2016,8704.11,70875.06,80.75
C0012,2017,25934.67,66775.05,53.32
C0012,2018,21505.27,24405.10,74.62
C0012,2019,21129.01,70694.28,24.76
C0012,2020,15551.11,32651.52,51.12
C0012,2021,28473.56,24163.24,22.11
C0012,2022,44281.13,75988.93,84.07
C0012,2023,8885.29,39472.47,87.09
C0012,2024,11549.03,59088.30,25.88
C0013,2015,33870.35,24011.78,57.28
C0013,2016,3753.69,63300.91,42.76
C0013,2017,34014.45,24759.38,43.98
C0013,2018,16408.35,20853.31,51.55
C0013,2019,18534.84,41720.21,28.75
C0013,2020,20871.92,80055.87,32.65
C0013,2021,18129.79,21770.76,60.42
C0013,2022,42219.27,16117.52,21.31
C0013,2023,47357.35,8006.53,61.99
C0013,2024,27852.56,44516.75,42.32
C0014,2015,29512.05,31792.38,78.25
C0014,2016,4453.67,32750.30,62.00
C0014,2017,35946.40,98284.48,69.57
C0014,2018,29620.84,23441.72,28.01
C0014,2019,3469.33,48550.57,38.61
C0014,2020,10722.86,98704.98,89.77
C0014,2021,10895.23,7908.71,50.36
C0014,2022,9377.43,71182.46,45.12
C0014,2023,33273.65,40252.88,81.17
C0014,2024,46493.54,91079.27,22.32
C0015,2015,38385.79,91634.44,57.43
C0015,2016,24391.30,41785.21,34.72
C0015,2017,20798.51,26039.03,45.77
C0015,2018,19936.45,45660.33,33.98
C0015,2019,30461.10,96704.10,22.65
C0015,2020,18601.81,31732.87,49.16
C0015,2021,12079.98,98225.19,75.24
C0015,2022,30539.30,82842.19,86.64
C0015,2023,20144.57,30407.97,63.67
C0015,2024,1692.12,80151.60,47.22
C0016,2015,2089.32,9730.95,73.89
C0016,2016,14432.69,57066.02,55.37
C0016,2017,26108.69,38948.17,45.73
C0016,2018,18357.74,45558.92,32.54
C0016,2019,2178.70,49921.16,75.73
C0016,2020,11934.44,52757.71,55.03
C0016,2021,5724.55,67359.17,87.47
C0016,2022,47482.97,71193.82,76.13
C0016,2023,16328.87,97691.88,49.40
C0016,2024,1723.55,77463.97,71.86
C0017,2015,33367.60,70340.79,51.74
C0017,2016,12389.95,42283.59,25.59
C0017,2017,28770.08,16191.77,56.17
C0017,2018,8386.53,10584.90,80.60
C0017,2019,49216.65,50380.05,79.88
C0017,2020,48542.70,68484.39,60.25
C0017,2021,33143.18,66765.19,46.60
C0017,2022,35652.93,95521.83,20.71
C0017,2023,21868.07,41330.85,41.80
C0017,2024,48146.79,64639.46,89.29
C0018,2015,21763.24,89348.01,70.85
C0018,2016,12733.93,43387.39,70.23
C0018,2017,6653.55,50385.60,73.28
C0018,2018,11198.14,92682.43,63.41
C0018,2019,29038.46,57272.99,61.01
C0018,2020,13009.49,80962.94,51.75
C0018,2021,33058.22,93884.26,51.08
C0018,2022,19727.04,59250.51,80.96
C0018,2023,44456.77,15372.76,47.54
C0018,2024,28365.43,83061.50,78.82
C0019,2015,31507.60,82689.31,78.64
C0019,2016,28271.43,15923.59,73.96
C0019,2017,44392.87,57071.22,22.63
C0019,2018,4107.56,51273.14,30.36
C0019,2019,4300.09,85480.48,42.03
C0019,2020,35385.27,31089.64,79.33
C0019,2021,38630.23,45496.38,81.13
C0019,2022,22245.88,62455.15,22.91
C0019,2023,18262.96,54138.29,42.73
C0019,2024,14619.31,95728.26,79.53
C0020,2015,12485.35,96262.45,37.48
C0020,2016,45685.97,12749.39,88.32
C0020,2017,15461.84,33295.46,54.25
C0020,2018,32755.86,5715.81,85.61
C0020,2019,39567.64,44696.73,50.02
C0020,2020,2076.36,67903.21,42.67
C0020,2021,2659.83,49772.05,45.37
C0020,2022,17323.73,11382.28,81.90
C0020,2023,35104.77,23615.84,43.15
C0020,2024,13779.13,21462.68,66.85
C0021,2015,1072.68,53557.19,52.89
C0021,2016,15119.25,69379.60,85.92
C0021,2017,5416.41,35050.92,31.16
C0021,2018,11751.25,17393.71,50.01
C0021,2019,17326.31,80866.78,28.72
C0021,2020,7274.81,86544.37,60.47
C0021,2021,35611.87,31266.38,48.20
C0021,2022,13540.09,44971.03,24.27
C0021,2023,33393.65,12783.45,79.49
C0021,2024,30352.61,26631.24,46.29
C0022,2015,45004.23,77865.04,54.55
C0022,2016,5308.73,39693.80,48.53
C0022,2017,11515.80,62445.77,54.21
C0022,2018,43393.74,94887.53,21.14
C0022,2019,41284.44,73745.60,77.08
C0022,2020,10413.17,48077.96,43.26
C0022,2021,6279.06,39853.63,70.71
C0022,2022,42955.83,23100.07,24.54
C0022,2023,9728.76,76833.31,56.67
C0022,2024,43684.38,15680.40,83.62
C0023,2015,48094.62,10832.40,47.88
C0023,2016,11819.53,14958.72,33.81
C0023,2017,42178.99,28076.01,26.94
C0023,2018,21767.72,64576.72,80.14
C0023,2019,39650.14,86826.36,36.72
C0023,2020,20962.38,99299.13,88.25
C0023,2021,4449.38,74490.99,37.35
C0023,2022,35922.07,18867.82,53.67
C0023,2023,8383.74,31381.95,52.06
C0023,2024,46424.23,17538.74,24.34
C0024,2015,21469.57,15977.42,57.23
C0024,2016,5018.01,58934.60,67.08
C0024,2017,12195.52,91138.69,71.95
C0024,2018,43263.36,70011.00,56.58
C0024,2019,16733.19,81061.77,76.88
C0024,2020,42960.07,53269.19,72.65
C0024,2021,9442.05,50155.50,33.58
C0024,2022,23942.69,94061.03,48.11
C0024,2023,44034.72,73586.64,29.98
C0024,2024,3371.84,48637.41,29.34
C0025,2015,15909.58,36595.33,69.85
C0025,2016,45582.73,13847.11,57.13
C0025,2017,30229.79,82993.38,62.07
C0025,2018,36095.37,21085.75,71.25
C0025,2019,42264.29,53926.50,39.41
C0025,2020,26656.22,65541.53,48.10
C0025,2021,42422.93,75687.42,62.48
C0025,2022,32299.46,12917.64,26.76
C0025,2023,34596.87,6015.18,78.31
C0025,2024,8489.87,72070.81,44.04
C0026,2015,47011.92,48167.17,66.11
C0026,2016,40008.13,22207.86,89.69
C0026,2017,13455.60,98292.60,53.28
C0026,2018,29419.74,80178.64,35.05
C0026,2019,19446.83,59958.74,35.15
C0026,2020,33359.70,71700.17,24.23
C0026,2021,49693.60,19727.23,73.70
C0026,2022,3241.57,96411.39,40.54
C0026,2023,47673.66,99654.87,32.09
C0026,2024,4547.18,66602.32,69.96
C0027,2015,23577.47,68489.70,41.64
C0027,2016,24623.35,71923.56,62.03
C0027,2017,14167.50,68249.69,49.25
C0027,2018,28768.27,46661.38,43.39
C0027,2019,41864.24,56364.24,54.26
C0027,2020,15404.15,31858.99,41.97
C0027,2021,4449.84,47450.55,80.94
C0027,2022,31981.90,46429.81,25.11
C0027,2023,37835.51,32373.34,22.11
C0027,2024,47771.63,79736.96,48.45
C0028,2015,8816.71,43918.84,32.10
C0028,2016,45166.63,57412.95,72.06
C0028,2017,24624.05,19828.60,44.74
C0028,2018,12552.15,50121.86,38.30
C0028,2019,48174.68,77338.26,45.16
C0028,2020,12683.03,47229.94,35.36
C0028,2021,36938.77,57985.43,40.98
C0028,2022,39459.45,71662.13,59.76
C0028,2023,22095.43,41952.68,80.48
C0028,2024,34809.26,38561.84,45.96
C0029,2015,29051.38,13145.49,42.45
C0029,2016,10409.60,60315.88,74.73
C0029,2017,38234.51,72161.06,21.57
C0029,2018,46472.79,60218.98,41.15
C0029,2019,24943.26,31934.91,51.65
C0029,2020,49721.20,29922.00,62.05
C0029,2021,21970.30,20151.32,30.92
C0029,2022,24507.09,9464.13,50.30
C0029,2023,34020.98,45553.41,59.64
C0029,2024,10102.74,20249.43,55.72
C0030,2015,45195.35,70625.78,60.22
C0030,2016,40262.37,96364.64,66.37
C0030,2017,43748.45,11980.75,46.56
C0030,2018,30868.37,89830.80,24.45
C0030,2019,44303.65,67483.03,23.89
C0030,2020,34318.65,86726.50,80.11
C0030,2021,26066.48,19721.09,67.42
C0030,2022,46657.75,91115.79,73.49
C0030,2023,22546.27,95997.82,85.02
C0030,2024,25527.92,91137.84,72.54
C0031,2015,9307.64,79622.46,68.46
C0031,2016,47435.29,13578.90,65.90
C0031,2017,11831.59,25969.45,38.10
C0031,2018,10869.38,91747.85,87.01
C0031,2019,5958.54,26795.31,57.94
C0031,2020,23214.61,38032.83,35.55
C0031,2021,14407.11,9795.30,34.69
C0031,2022,37298.27,64668.84,77.07
C0031,2023,16068.56,58513.59,37.51
C0031,2024,36317.74,96368.31,22.90
C0032,2015,10602.09,89772.74,49.99
C0032,2016,12268.33,53064.67,77.21
C0032,2017,40502.53,62887.04,49.01
C0032,2018,19183.58,44253.70,76.25
C0032,2019,6476.92,17583.62,77.90
C0032,2020,48108.79,87440.11,80.04
C0032,2021,9692.22,57206.17,61.22
C0032,2022,8359.66,45412.25,68.96
C0032,2023,18560.72,11504.21,38.33
C0032,2024,5686.05,68211.42,26.98
C0033,2015,8625.20,42968.17,57.29
C0033,2016,42475.79,29101.11,20.74
C0033,2017,9403.84,88291.56,52.60
C0033,2018,6459.91,22445.02,27.15
C0033,2019,44117.92,53926.89,27.59
C0033,2020,22746.03,80596.82,80.95
C0033,2021,8700.98,85662.10,64.84
C0033,2022,29494.35,82777.01,65.17
C0033,2023,3033.79,90179.50,48.31
C0033,2024,21941.75,18523.95,48.93
C0034,2015,29925.38,94343.56,41.22
C0034,2016,47898.88,6026.28,50.41
C0034,2017,16996.77,29310.88,61.10
C0034,2018,38487.50,12983.68,33.06
C0034,2019,7502.29,94825.65,38.32
C0034,2020,22245.54,45273.89,54.63
C0034,2021,11933.60,34950.59,46.93
C0034,2022,25130.92,20873.31,77.36
C0034,2023,21444.36,19802.70,77.52
C0034,2024,49009.47,63323.51,43.52
C0035,2015,45957.40,9473.00,51.56
C0035,2016,29528.09,61461.39,88.36
C0035,2017,9648.98,78591.69,77.92
C0035,2018,28290.89,62096.41,35.10
C0035,2019,39812.03,83524.98,39.62
C0035,2020,2863.33,30199.58,25.84
C0035,2021,22267.44,12331.29,67.45
C0035,2022,3089.70,73494.11,42.18
C0035,2023,12953.94,83672.39,57.56
C0035,2024,5513.62,52659.27,73.77
C0036,2015,48068.34,82958.61,78.52
C0036,2016,9272.60,48502.32,42.78
C0036,2017,8355.09,23860.13,36.61
C0036,2018,48630.69,50067.43,79.40
C0036,2019,26282.40,25515.31,46.69
C0036,2020,38141.27,49843.00,77.54
C0036,2021,17038.42,19017.40,30.48
C0036,2022,27110.17,22628.40,83.83
C0036,2023,1335.83,88876.71,53.82
C0036,2024,21032.11,16006.53,31.91
C0037,2015,28199.40,26306.06,57.45
C0037,2016,26206.10,99574.40,80.90
C0037,2017,20885.16,59721.76,47.25
C0037,2018,39607.48,60652.83,32.46
C0037,2019,25580.40,85272.23,60.36
C0037,2020,32169.91,54810.37,78.41
C0037,2021,10046.44,26069.29,28.49
C0037,2022,43213.50,45134.32,22.90
C0037,2023,18778.97,76725.12,23.94
C0037,2024,24623.08,87882.60,36.13
C0038,2015,18257.54,30954.36,20.51
C0038,2016,44703.45,29887.65,50.01
C0038,2017,45136.27,36122.78,68.84
C0038,2018,11989.93,61640.02,69.73
C0038,2019,37883.01,31458.36,64.57
C0038,2020,6041.29,89848.01,40.73
C0038,2021,2462.67,97910.72,71.52
C0038,2022,41992.62,69516.39,60.35
C0038,2023,7427.73,97178.47,80.28
C0038,2024,8584.35,32345.79,53.46
C0039,2015,30722.82,82441.18,32.61
C0039,2016,41021.66,69452.24,64.43
C0039,2017,10290.45,30003.22,30.55
C0039,2018,6595.42,35248.69,87.42
C0039,2019,4788.79,51419.44,69.23
C0039,2020,2217.47,80206.12,72.94
C0039,2021,6707.48,87861.12,67.55
C0039,2022,47191.90,65224.97,26.83
C0039,2023,5668.84,73549.76,52.57
C0039,2024,30280.39,30065.71,65.60
C0040,2015,46127.35,75401.80,36.05
C0040,2016,31763.19,62473.08,67.57
C0040,2017,2604.54,26177.49,77.39
C0040,2018,30224.28,95267.76,39.25
C0040,2019,45250.20,53721.66,33.97
C0040,2020,16805.39,80473.89,81.82
C0040,2021,16367.77,54933.21,20.36
C0040,2022,13194.32,93628.99,37.90
C0040,2023,25771.68,18421.54,48.47
C0040,2024,12659.20,56884.69,67.06
C0041,2015,36465.65,7389.73,89.79
C0041,2016,32598.23,23752.39,45.96
C0041,2017,20637.91,31697.52,86.42
C0041,2018,36405.20,49897.96,45.67
C0041,2019,5826.32,82916.40,68.69
C0041,2020,37726.89,49332.18,31.58
C0041,2021,30542.50,58312.78,52.23
C0041,2022,31874.06,92785.16,80.99
C0041,2023,4168.52,76870.58,42.40
C0041,2024,31288.62,9769.32,27.36
C0042,2015,25211.98,21763.95,56.59
C0042,2016,24807.26,8630.66,50.77
C0042,2017,16770.82,11560.34,36.07
C0042,2018,1373.08,37191.21,83.39
C0042,2019,21709.23,74146.56,62.12
C0042,2020,20644.89,28213.52,44.30
C0042,2021,21717.46,42267.19,89.73
C0042,2022,30987.71,42418.09,29.63
C0042,2023,15695.40,61079.12,79.36
C0042,2024,14199.79,89827.31,36.14
C0043,2015,25391.28,98406.59,36.77
C0043,2016,30023.57,62438.04,54.87
C0043,2017,28799.09,52981.70,66.34
C0043,2018,44200.44,69778.19,68.33
C0043,2019,38688.06,68462.97,21.55
C0043,2020,3557.30,54774.86,40.08
C0043,2021,28610.30,75010.85,66.24
C0043,2022,21472.90,51670.78,82.28
C0043,2023,18691.51,99663.55,66.89
C0043,2024,47936.90,9654.74,38.61
C0044,2015,23382.99,47105.48,55.54
C0044,2016,36252.31,42717.31,65.33
C0044,2017,48387.26,78178.88,29.47
C0044,2018,8399.01,23128.41,58.14
C0044,2019,3676.20,46237.17,53.02
C0044,2020,16367.39,71304.73,43.57
C0044,2021,3177.77,62303.23,63.65
C0044,2022,6721.47,56786.57,64.54
C0044,2023,49593.78,46320.74,88.00
C0044,2024,48048.77,76440.84,49.98
C0045,2015,34873.34,66410.39,57.19
C0045,2016,37896.36,88097.55,31.03
C0045,2017,7884.11,74634.89,58.39
C0045,2018,30166.54,18338.72,22.53
C0045,2019,8566.22,63856.11,30.49
C0045,2020,19540.92,9231.15,31.99
C0045,2021,17921.91,41800.23,64.28
C0045,2022,31084.06,44134.08,59.71
C0045,2023,4904.96,86213.88,75.86
C0045,2024,6069.64,22135.31,52.51
C0046,2015,30886.66,66136.44,53.24
C0046,2016,32169.77,23276.77,31.31
C0046,2017,17654.24,95123.66,71.99
C0046,2018,8196.69,55302.21,20.26
C0046,2019,44417.92,72280.31,49.74
C0046,2020,3594.49,66421.81,33.18
C0046,2021,36151.40,33845.66,73.97
C0046,2022,7862.19,90613.79,67.14
C0046,2023,32231.32,64588.62,69.47
C0046,2024,33519.14,53480.21,30.40
C0047,2015,40408.72,55194.27,66.82
C0047,2016,20356.23,89615.60,68.36
C0047,2017,2068.03,10616.35,20.18
C0047,2018,40741.42,41960.90,42.23
C0047,2019,22759.33,84954.62,26.11
C0047,2020,42507.40,8563.95,67.70
C0047,2021,39023.26,65722.22,34.85
C0047,2022,25417.03,43310.10,38.53
C0047,2023,49970.57,24435.43,25.48
C0047,2024,23641.68,63083.46,53.87
C0048,2015,35128.73,83950.80,22.31
C0048,2016,33820.39,49397.26,79.19
C0048,2017,26385.27,18940.05,21.85
C0048,2018,29682.16,34084.37,24.31
C0048,2019,40131.83,98228.56,64.83
C0048,2020,29009.05,15553.73,84.19
C0048,2021,23057.27,20267.93,82.45
C0048,2022,33442.04,99066.90,25.85
C0048,2023,2739.94,88799.64,40.19
C0048,2024,6350.50,72177.23,56.47
C0049,2015,7145.89,19343.41,21.86
C0049,2016,21862.62,27852.17,57.00
C0049,2017,43716.99,22117.31,51.34
C0049,2018,32521.44,64940.71,61.19
C0049,2019,48658.31,42892.54,84.42
C0049,2020,2957.11,9539.02,39.22
C0049,2021,36378.35,32672.77,64.74
C0049,2022,16395.88,86762.06,50.09
C0049,2023,2140.99,80624.02,50.46
C0049,2024,41470.41,66086.12,65.31
C0050,2015,8971.98,13126.63,86.59
C0050,2016,11489.67,88865.13,80.41
C0050,2017,17682.83,55779.19,64.77
C0050,2018,39629.50,51984.72,52.31
C0050,2019,31604.94,93736.04,49.68
C0050,2020,13978.20,5840.18,75.10
C0050,2021,9255.98,57810.23,35.28
C0050,2022,6367.86,80168.22,61.14
C0050,2023,8341.01,11050.60,55.35
C0050,2024,43539.11,38931.35,65.45
C0051,2015,46211.49,97861.09,33.12
C0051,2016,48429.93,25119.67,68.70
C0051,2017,41901.86,55462.05,63.89
C0051,2018,44482.13,75876.56,32.61
C0051,2019,40989.07,42085.52,51.47
C0051,2020,47944.73,43747.96,67.50
C0051,2021,42436.90,11010.49,83.11
C0051,2022,23638.13,23058.87,28.55
C0051,2023,16839.46,88657.88,20.61
C0051,2024,29626.38,82740.18,31.56
C0052,2015,30800.98,33940.66,89.25
C0052,2016,29170.81,41262.57,73.79
C0052,2017,35629.59,46838.99,63.01
C0052,2018,35249.85,37864.64,29.31
C0052,2019,5272.52,67121.61,49.12
C0052,2020,14990.60,6218.70,70.07
C0052,2021,44603.15,88615.97,82.71
C0052,2022,29911.72,33561.66,46.73
C0052,2023,17097.71,87875.48,89.98
C0052,2024,42672.47,48166.65,29.78
C0053,2015,13203.07,78751.44,47.09
C0053,2016,21050.79,83449.08,81.28
C0053,2017,14536.48,33622.44,65.49
C0053,2018,43696.15,65830.86,76.76
C0053,2019,36686.15,62704.33,83.55
C0053,2020,23551.06,50221.34,55.51
C0053,2021,46682.74,49609.02,36.43
C0053,2022,46444.79,33994.31,68.56
C0053,2023,35864.73,34468.10,59.44
C0053,2024,44707.69,57074.40,74.09
C0054,2015,36250.26,8065.71,55.82
C0054,2016,31782.38,93698.12,76.78
C0054,2017,21618.37,66748.04,83.14
C0054,2018,14400.02,47127.14,72.47
C0054,2019,3952.61,10871.57,72.06
C0054,2020,40242.63,64851.19,61.10
C0054,2021,6985.99,6685.55,53.01
C0054,2022,21107.11,69587.38,88.08
C0054,2023,12497.08,11889.82,65.16
C0054,2024,23276.69,67329.71,78.82
C0055,2015,16434.21,43559.34,55.38
C0055,2016,41655.00,67949.71,58.84
C0055,2017,48930.75,18157.25,66.40
C0055,2018,47136.18,16151.38,71.00
C0055,2019,31496.13,28505.28,51.38
C0055,2020,48984.55,44093.58,44.94
C0055,2021,20635.41,29037.94,36.76
C0055,2022,26601.88,12791.46,49.66
C0055,2023,13585.64,35877.67,34.79
C0055,2024,45001.14,72047.29,49.17
C0056,2015,9805.75,60393.18,81.23
C0056,2016,30913.89,96515.83,88.39
C0056,2017,40173.25,46412.56,60.40
C0056,2018,30174.54,36616.22,30.22
C0056,2019,4859.99,70899.56,49.93
C0056,2020,30960.90,44136.08,62.15
C0056,2021,38586.89,63739.38,45.95
C0056,2022,10203.58,94897.29,34.36
C0056,2023,37110.69,52422.98,35.88
C0056,2024,44050.31,52326.63,53.18
C0057,2015,49336.47,78640.82,35.15
C0057,2016,21092.90,76827.28,37.47
C0057,2017,2232.96,54041.99,81.12
C0057,2018,21534.87,11148.43,74.53
C0057,2019,33351.16,98174.76,23.87
C0057,2020,44676.89,40845.44,42.41
C0057,2021,46967.18,35087.11,57.24
C0057,2022,45569.21,98246.95,24.24
C0057,2023,33240.03,87852.85,67.82
C0057,2024,34443.63,36370.58,46.91
C0058,2015,1116.81,34289.36,47.80
C0058,2016,18822.83,73490.64,38.57
C0058,2017,45435.96,36760.01,43.38
C0058,2018,34791.27,28886.04,80.32
C0058,2019,23928.12,98068.73,75.20
C0058,2020,6108.37,58742.47,85.50
C0058,2021,13069.52,77437.27,68.93
C0058,2022,28191.20,72740.22,60.45
C0058,2023,44977.57,76774.97,38.15
C0058,2024,5694.81,90822.05,66.68
C0059,2015,8534.02,52572.99,83.43
C0059,2016,33095.25,76570.93,24.84
C0059,2017,15413.34,80697.31,51.01
C0059,2018,9315.49,94906.54,30.46
C0059,2019,9743.36,72744.19,76.74
C0059,2020,25138.05,89798.50,62.99
C0059,2021,29603.47,14028.62,81.58
C0059,2022,45313.12,16979.18,24.42
C0059,2023,26961.04,20042.89,83.40
C0059,2024,34872.41,18757.24,24.70
C0060,2015,9853.61,13314.29,40.13
C0060,2016,35959.55,16644.51,30.93
C0060,2017,32785.99,99611.48,30.18
C0060,2018,11592.92,30857.58,32.02
C0060,2019,33799.50,50414.57,53.62
C0060,2020,11363.11,83053.46,74.91
C0060,2021,30085.31,16238.94,82.88
C0060,2022,33773.64,35149.68,59.68
C0060,2023,34974.18,20132.17,31.04
C0060,2024,45554.06,10942.83,25.54
C0061,2015,47444.03,96271.57,54.59
C0061,2016,40699.70,86543.99,73.58
C0061,2017,44058.66,88533.31,63.41
C0061,2018,1947.12,87524.61,60.79
C0061,2019,18770.74,19683.85,23.37
C0061,2020,2946.39,79574.71,48.81
C0061,2021,12017.42,74147.76,58.53
C0061,2022,19704.49,92914.46,61.88
C0061,2023,43511.20,25835.62,20.34
C0061,2024,26075.95,44334.22,33.97
C0062,2015,32794.19,33018.21,86.49
C0062,2016,18777.96,29502.19,55.61
C0062,2017,30542.88,66976.26,69.25
C0062,2018,40961.29,20574.62,41.57
C0062,2019,15760.83,49156.68,60.98
C0062,2020,46680.58,66430.84,44.95
C0062,2021,11452.36,17378.79,40.79
C0062,2022,46045.76,29413.11,48.80
C0062,2023,2386.58,96899.78,52.19
C0062,2024,27594.86,80565.79,43.18
C0063,2015,49273.47,69310.69,38.06
C0063,2016,30879.16,86317.07,63.67
C0063,2017,28188.22,6327.00,46.65
C0063,2018,34441.04,5577.07,34.13
C0063,2019,15175.81,19626.83,73.09
C0063,2020,3641.85,52049.43,70.66
C0063,2021,13302.15,59147.50,82.08
C0063,2022,9636.11,15800.41,58.85
C0063,2023,46254.89,11867.13,39.56
C0063,2024,42760.84,83691.74,80.46
C0064,2015,16567.98,49124.51,39.62
C0064,2016,41967.40,99286.97,65.89
C0064,2017,11375.88,26787.93,33.33
C0064,2018,10779.38,66484.11,64.04
C0064,2019,38609.24,81416.88,78.86
C0064,2020,17019.60,87900.62,57.80
C0064,2021,4174.84,34100.31,52.96
C0064,2022,36279.34,23361.64,89.54
C0064,2023,49490.47,26478.98,21.57
C0064,2024,28732.91,68340.56,43.22
C0065,2015,13919.71,54621.33,84.30
C0065,2016,19272.38,61904.18,64.98
C0065,2017,32783.83,6950.22,57.95
C0065,2018,35367.60,42142.45,64.64
C0065,2019,44430.28,34464.10,42.54
C0065,2020,45532.93,87059.22,24.98
C0065,2021,43202.65,78744.58,39.26
C0065,2022,32776.06,45809.33,43.55
C0065,2023,23042.77,64900.31,53.59
C0065,2024,34285.97,9529.54,47.57
C0066,2015,33661.71,65538.89,56.47
C0066,2016,11681.16,14234.47,33.73
C0066,2017,25870.13,72831.78,32.88
C0066,2018,11202.52,59514.65,44.62
C0066,2019,45057.07,33546.86,53.16
C0066,2020,16839.15,40229.80,43.92
C0066,2021,40465.87,13558.70,60.36
C0066,2022,19484.13,35664.90,41.70
C0066,2023,38423.07,96850.08,32.40
C0066,2024,11824.71,51187.56,80.40
C0067,2015,38423.42,50052.89,34.04
C0067,2016,9797.07,64776.73,87.66
C0067,2017,25050.06,51022.16,89.12
C0067,2018,6567.71,38773.36,68.78
C0067,2019,26867.01,18254.55,55.14
C0067,2020,41215.00,64879.95,75.68
C0067,2021,38021.80,76147.63,81.12
C0067,2022,3485.05,92694.75,69.67
C0067,2023,25116.70,5286.32,27.14
C0067,2024,42759.04,11332.74,20.21
C0068,2015,32855.07,90443.54,33.43
C0068,2016,3900.86,64959.78,33.20
C0068,2017,16955.97,96001.48,32.78
C0068,2018,28272.76,45930.24,55.68
C0068,2019,9459.92,44585.28,56.41
C0068,2020,34413.79,37705.14,70.61
C0068,2021,32107.47,18567.80,34.10
C0068,2022,10919.77,40970.13,26.49
C0068,2023,27969.50,6391.61,66.63
C0068,2024,40774.21,53384.76,53.88
C0069,2015,19366.51,85484.97,66.64
C0069,2016,13102.34,35513.69,46.65
C0069,2017,35359.81,13990.81,72.56
C0069,2018,4469.41,97507.33,67.78
C0069,2019,41801.02,17252.87,65.52
C0069,2020,47229.49,55226.26,21.93
C0069,2021,48274.56,81872.64,80.07
C0069,2022,22194.40,28972.79,46.36
C0069,2023,31536.94,84941.51,29.49
C0069,2024,43010.86,57917.39,72.89
C0070,2015,11947.78,36533.89,54.05
C0070,2016,2357.43,87240.48,22.24
C0070,2017,19843.75,64090.01,74.73
C0070,2018,44334.18,63461.52,50.45
C0070,2019,25748.52,52880.92,72.84
C0070,2020,26980.73,31100.06,72.89
C0070,2021,34882.23,33961.74,27.00
C0070,2022,29151.35,13367.51,62.93
C0070,2023,3669.36,28153.75,45.21
C0070,2024,28482.15,31393.38,58.25
C0071,2015,32749.98,10576.64,26.20
C0071,2016,32438.19,15479.90,61.17
C0071,2017,36688.86,30674.03,74.43
C0071,2018,26476.09,69338.99,89.08
C0071,2019,45102.88,22502.32,42.42
C0071,2020,23748.77,54575.71,30.86
C0071,2021,26391.14,53250.81,45.61
C0071,2022,39234.98,84233.62,21.35
C0071,2023,41828.51,62870.56,48.61
C0071,2024,32769.71,92114.91,84.02
C0072,2015,7192.29,64669.63,33.60
C0072,2016,17265.65,7423.99,53.44
C0072,2017,1987.62,41241.75,60.08
C0072,2018,15477.04,71409.56,32.59
C0072,2019,28941.97,50136.58,43.11
C0072,2020,40456.31,44842.80,83.80
C0072,2021,29696.84,68796.83,40.70
C0072,2022,2954.84,32144.62,64.48
C0072,2023,13696.22,91352.91,29.59
C0072,2024,29325.02,44248.64,66.89
C0073,2015,35743.34,64965.69,39.54
C0073,2016,43456.24,98321.66,36.19
C0073,2017,48414.62,79620.62,28.69
C0073,2018,44697.54,55504.20,23.28
C0073,2019,23899.07,86641.82,87.75
C0073,2020,37599.55,58241.58,48.97
C0073,2021,12785.86,46957.08,74.43
C0073,2022,4127.71,87978.03,84.41
C0073,2023,3698.38,7579.76,34.28
C0073,2024,12823.98,43709.28,80.89
C0074,2015,2839.51,37584.28,69.56
C0074,2016,42663.35,72838.20,60.46
C0074,2017,25006.12,6195.69,76.64
C0074,2018,40734.10,67780.99,27.75
C0074,2019,47055.02,37904.32,38.45
C0074,2020,49701.49,14299.87,29.17
C0074,2021,46921.04,98131.42,82.72
C0074,2022,36111.28,25161.73,26.92
C0074,2023,22657.00,38167.34,88.60
C0074,2024,30301.26,24669.43,27.69
C0075,2015,41008.32,67889.16,66.33
C0075,2016,44980.17,79339.05,66.23
C0075,2017,47866.95,86760.88,85.19
C0075,2018,36799.68,34544.83,42.62
C0075,2019,27457.72,54832.57,43.24
C0075,2020,48450.21,68009.47,79.24
C0075,2021,47972.62,64804.49,88.50
C0075,2022,24400.09,73022.58,22.11
C0075,2023,32784.26,78124.09,64.47
C0075,2024,40654.09,14259.97,37.05
C0076,2015,22220.88,20989.55,70.96
C0076,2016,41639.50,74760.50,74.09
C0076,2017,6461.32,50284.18,73.38
C0076,2018,24576.43,45568.21,50.49
C0076,2019,24648.01,48266.81,31.05
C0076,2020,34548.20,40342.47,60.93
C0076,2021,6704.24,61151.41,75.23
C0076,2022,6057.31,35715.93,83.85
C0076,2023,45129.15,65497.46,51.69
C0076,2024,15883.33,24250.53,37.20
C0077,2015,17019.20,76980.45,28.32
C0077,2016,39066.22,79252.00,75.83
C0077,2017,21330.54,59959.48,57.47
C0077,2018,41813.26,40085.73,67.19
C0077,2019,20671.97,6367.67,31.15
C0077,2020,38269.39,16545.58,20.46
C0077,2021,26740.19,12570.27,87.73
C0077,2022,46855.58,5969.48,76.76
C0077,2023,17042.06,73610.88,48.00
C0077,2024,18771.84,95826.34,52.00
C0078,2015,48529.34,6060.99,85.03
C0078,2016,37138.73,15705.61,34.54
C0078,2017,38855.80,86764.21,76.20
C0078,2018,15502.86,70407.71,21.26
C0078,2019,27070.18,43447.49,81.30
C0078,2020,16363.51,99315.67,61.25
C0078,2021,13733.58,59494.03,53.43
C0078,2022,27226.82,68611.91,69.45
C0078,2023,49400.27,67051.75,24.74
C0078,2024,11516.51,26156.65,33.69
C0079,2015,12883.47,51371.82,48.49
C0079,2016,12913.32,25559.07,63.25
C0079,2017,39793.41,53399.13,30.12
C0079,2018,26013.62,7924.22,46.56
C0079,2019,19853.62,41286.12,38.26
C0079,2020,42345.70,40359.96,65.19
C0079,2021,15577.04,32704.91,84.35
C0079,2022,20218.68,12526.75,31.62
C0079,2023,4607.41,78241.87,33.25
C0079,2024,6826.59,44943.21,62.04
C0080,2015,7699.82,82327.45,51.75
C0080,2016,18001.79,84394.09,70.27
C0080,2017,26680.18,25291.75,40.15
C0080,2018,1036.47,45026.36,58.14
C0080,2019,10306.68,73492.53,47.08
C0080,2020,9606.85,52452.13,39.69
C0080,2021,13414.00,86231.48,71.05
C0080,2022,9137.97,59299.06,75.71
C0080,2023,10561.28,64810.19,43.03
C0080,2024,49210.14,79767.23,63.61
C0081,2015,30141.78,16611.10,32.50
C0081,2016,38371.97,60503.58,75.37
C0081,2017,41147.83,13115.84,39.69
C0081,2018,33716.35,29752.36,31.97
C0081,2019,35499.93,25194.31,85.80
C0081,2020,31981.89,58872.23,49.57
C0081,2021,32819.30,85170.73,65.04
C0081,2022,46494.03,17616.91,76.64
C0081,2023,10101.19,77997.67,68.03
C0081,2024,14461.77,18591.28,59.53
C0082,2015,5569.67,23018.81,46.01
C0082,2016,42028.90,92109.32,84.30
C0082,2017,22989.01,5924.27,29.35
C0082,2018,45448.12,23728.68,81.87
C0082,2019,21172.11,25477.83,69.69
C0082,2020,22688.09,31778.65,60.00
C0082,2021,22969.47,39524.11,42.73
C0082,2022,31012.16,14801.91,30.22
C0082,2023,38540.08,49503.16,51.02
C0082,2024,18213.32,42938.28,74.86
C0083,2015,31878.11,64368.71,72.17
C0083,2016,10994.40,87414.18,65.18
C0083,2017,28148.31,33283.42,89.47
C0083,2018,27782.66,56916.34,88.08
C0083,2019,44547.08,40280.85,48.00
C0083,2020,44896.42,8823.78,33.48
C0083,2021,24873.35,83002.16,52.47
C0083,2022,2205.37,65250.56,79.12
C0083,2023,42386.48,5206.37,52.10
C0083,2024,1030.50,28709.33,43.52
C0084,2015,24434.43,34353.99,71.89
C0084,2016,1969.72,82095.50,65.51
C0084,2017,18276.97,77267.75,87.81
C0084,2018,32201.47,42633.67,58.45
C0084,2019,19188.84,19947.51,87.72
C0084,2020,46417.68,41673.05,40.37
C0084,2021,32397.42,81963.90,80.54
C0084,2022,32675.75,47977.18,44.56
C0084,2023,19347.42,16007.67,76.68
C0084,2024,2888.63,8662.01,84.82
C0085,2015,37170.81,36666.85,63.62
C0085,2016,36095.99,19094.47,71.00
C0085,2017,26976.13,75778.91,87.10
C0085,2018,21397.13,31481.90,46.26
C0085,2019,27377.54,88358.04,55.81
C0085,2020,37593.95,63648.18,82.88
C0085,2021,35926.49,42398.06,67.10
C0085,2022,33247.37,62955.47,81.15
C0085,2023,45285.09,33041.53,63.28
C0085,2024,30884.53,18425.77,71.78
C0086,2015,1710.97,96596.87,20.91
C0086,2016,31285.13,58500.34,43.78
C0086,2017,31015.40,5696.17,73.93
C0086,2018,4412.17,34479.85,48.28
C0086,2019,21958.76,20155.78,45.40
C0086,2020,32903.72,29527.41,86.61
C0086,2021,35520.56,10292.97,58.68
C0086,2022,44759.43,28283.13,33.47
C0086,2023,42227.67,69886.53,53.06
C0086,2024,6711.04,82957.91,56.31
C0087,2015,30830.44,38002.24,89.21
C0087,2016,30227.59,54634.25,70.28
C0087,2017,15883.65,8970.11,56.36
C0087,2018,10021.18,13626.08,50.24
C0087,2019,10775.92,57432.79,84.08
C0087,2020,9699.84,84854.81,65.22
C0087,2021,40506.92,13358.86,44.93
C0087,2022,8271.26,44761.93,52.52
C0087,2023,13955.21,97190.34,39.47
C0087,2024,11671.63,75185.29,87.23
C0088,2015,35929.98,23772.31,69.14
C0088,2016,8761.40,32091.56,47.46
C0088,2017,2179.18,95052.04,32.82
C0088,2018,19337.05,25993.83,32.39
C0088,2019,15949.62,46886.20,53.44
C0088,2020,20487.53,38782.96,52.73
C0088,2021,37936.97,51553.69,49.25
C0088,2022,1605.98,27475.12,79.63
C0088,2023,2847.67,68493.29,88.54
C0088,2024,13526.59,27286.14,44.84
C0089,2015,44571.22,62199.63,40.62
C0089,2016,9284.65,38988.08,73.91
C0089,2017,49854.86,28890.23,51.49
C0089,2018,40478.94,71025.25,35.23
C0089,2019,23350.69,96697.78,32.67
C0089,2020,37645.25,87590.67,39.64
C0089,2021,26421.94,13249.36,20.09
C0089,2022,28733.62,48169.31,85.90
C0089,2023,29457.82,71004.09,50.12
C0089,2024,32787.31,58448.50,25.80
C0090,2015,3977.45,74003.90,31.55
C0090,2016,31208.41,97636.41,42.63
C0090,2017,36130.48,37515.82,58.62
C0090,2018,16225.43,78232.95,69.26
C0090,2019,48950.36,13936.78,41.55
C0090,2020,8077.81,87626.08,87.03
C0090,2021,45611.68,78951.06,73.22
C0090,2022,34146.02,54491.91,77.81
C0090,2023,33551.41,82998.18,42.66
C0090,2024,43925.11,68329.23,46.67
C0091,2015,41754.73,57461.49,57.66
C0091,2016,17926.29,94870.05,51.62
C0091,2017,35563.12,17375.20,38.19
C0091,2018,3479.53,99331.93,89.81
C0091,2019,23736.90,19671.12,79.39
C0091,2020,46951.09,50616.72,36.66
C0091,2021,14430.38,26984.04,82.47
C0091,2022,3448.57,30831.80,61.08
C0091,2023,29564.30,65024.04,20.88
C0091,2024,18399.89,8297.46,44.23
C0092,2015,19604.49,94370.94,21.80
C0092,2016,29540.40,31564.10,26.14
C0092,2017,31457.86,30890.59,32.53
C0092,2018,22428.78,87038.55,53.91
C0092,2019,25869.91,77659.44,46.69
C0092,2020,49669.53,68813.58,30.43
C0092,2021,47900.25,18904.05,47.62
C0092,2022,35658.54,78113.59,41.30
C0092,2023,8912.50,39272.80,48.71
C0092,2024,18638.04,99419.42,32.06
C0093,2015,44271.32,68768.71,62.68
C0093,2016,21754.73,84409.84,23.12
C0093,2017,47813.01,74709.60,47.15
C0093,2018,24926.79,61452.64,82.64
C0093,2019,43226.69,73050.31,49.38
C0093,2020,2733.57,61760.96,50.88
C0093,2021,22274.02,9863.87,24.76
C0093,2022,35312.83,37824.70,62.38
C0093,2023,43314.66,35059.66,85.55
C0093,2024,30872.01,72827.45,40.41
C0094,2015,9489.84,59736.45,47.53
C0094,2016,44403.91,62996.44,61.17
C0094,2017,29165.84,85463.25,26.52
C0094,2018,6292.89,54904.18,86.52
C0094,2019,23728.49,25736.33,52.73
C0094,2020,35248.23,6181.77,28.06
C0094,2021,23099.77,20152.27,43.47
C0094,2022,43668.72,7905.01,46.17
C0094,2023,21761.02,27521.17,44.18
C0094,2024,29589.18,65324.73,68.53
C0095,2015,11347.35,19384.80,44.19
C0095,2016,26121.63,12782.71,42.67
C0095,2017,11920.01,97231.19,42.55
C0095,2018,12034.17,99705.98,74.45
C0095,2019,14715.22,65517.23,41.59
C0095,2020,3165.76,15313.81,20.98
C0095,2021,9002.17,83044.46,45.59
C0095,2022,21793.67,56225.30,39.48
C0095,2023,7421.96,22296.99,83.63
C0095,2024,7535.85,59690.76,53.45
C0096,2015,48428.66,8741.30,36.42
C0096,2016,21927.77,97384.76,88.71
C0096,2017,20782.90,83466.72,37.27
C0096,2018,14119.05,29773.81,73.41
C0096,2019,26109.91,44796.63,65.47
C0096,2020,30207.18,42551.94,52.36
C0096,2021,21491.09,86841.95,48.41
C0096,2022,20296.62,38690.26,81.07
C0096,2023,35320.91,9558.12,53.26
C0096,2024,47539.06,25395.44,46.27
C0097,2015,44013.28,25479.12,44.80
C0097,2016,6812.39,95177.90,39.31
C0097,2017,32963.12,92785.20,48.63
C0097,2018,1345.33,33556.36,28.39
C0097,2019,32021.50,5262.87,24.56
C0097,2020,23753.33,54114.77,57.90
C0097,2021,25064.54,80737.79,51.80
C0097,2022,29813.25,30517.47,32.14
C0097,2023,37390.11,46709.18,27.48
C0097,2024,36743.43,21414.97,30.03
C0098,2015,3179.47,36102.55,42.07
C0098,2016,37088.22,77091.04,51.60
C0098,2017,41660.98,45686.72,33.53
C0098,2018,4340.46,47490.73,72.89
C0098,2019,16824.38,80007.41,33.53
C0098,2020,39811.14,77482.41,28.69
C0098,2021,25162.23,22779.52,89.62
C0098,2022,35049.66,44450.86,51.34
C0098,2023,25613.47,85641.49,31.90
C0098,2024,48932.90,48390.08,82.62
C0099,2015,46873.46,67867.53,36.18
C0099,2016,14776.12,34066.40,84.79
C0099,2017,19908.36,10658.06,28.33
C0099,2018,22135.95,20665.41,78.93
C0099,2019,6106.01,43163.48,32.90
C0099,2020,20799.67,38579.37,85.68
C0099,2021,38967.54,90085.87,60.20
C0099,2022,42497.92,56834.15,33.29
C0099,2023,44420.50,64579.76,79.14
C0099,2024,1713.39,70424.86,47.34
C0100,2015,39651.50,55504.46,71.30
C0100,2016,25628.76,78116.34,65.04
C0100,2017,11101.80,79394.55,70.00
C0100,2018,25438.51,38381.67,44.06
C0100,2019,42368.76,13054.59,85.72
C0100,2020,22278.22,98703.65,59.19
C0100,2021,49532.59,66048.97,25.43
C0100,2022,31217.48,72347.03,24.67
C0100,2023,24998.42,76886.12,71.68
C0100,2024,15449.58,63231.53,79.50
C0101,2015,1541.50,49735.64,68.67
C0101,2016,30916.87,98543.62,39.42
C0101,2017,29297.28,74127.45,35.81
C0101,2018,26323.90,85355.63,59.58
C0101,2019,27347.52,46769.16,33.77
C0101,2020,42332.60,90953.86,46.54
C0101,2021,16526.63,74554.35,64.01
C0101,2022,27962.44,75882.16,39.94
C0101,2023,34317.43,13258.47,46.28
C0101,2024,11281.13,63658.39,45.24
C0102,2015,46316.15,36845.59,52.24
C0102,2016,37119.00,68555.16,67.21
C0102,2017,3611.47,58980.34,74.76
C0102,2018,43390.23,15563.00,66.56
C0102,2019,46563.64,55348.84,21.83
C0102,2020,39889.83,47869.55,82.78
C0102,2021,21885.01,78762.13,60.68
C0102,2022,49724.47,52750.64,84.42
C0102,2023,7097.36,50710.41,87.47
C0102,2024,27293.69,73351.64,52.75
C0103,2015,9349.15,68515.85,84.15
C0103,2016,22528.09,99226.17,45.58
C0103,2017,46443.79,38435.51,38.23
C0103,2018,39918.80,70393.87,25.15
C0103,2019,39322.02,20889.56,51.63
C0103,2020,18338.84,81433.27,68.21
C0103,2021,46779.24,79684.78,88.38
C0103,2022,19044.79,73952.97,56.49
C0103,2023,2958.70,16309.82,71.41
C0103,2024,32252.26,98816.74,82.73
C0104,2015,18769.73,94548.01,58.02
C0104,2016,8532.52,40158.69,31.67
C0104,2017,46798.25,59845.01,79.37
C0104,2018,32224.74,89444.26,60.19
C0104,2019,47085.95,51991.18,73.10
C0104,2020,29565.96,61920.52,66.09
C0104,2021,4129.32,62308.07,24.27
C0104,2022,2467.09,66679.22,31.84
C0104,2023,45127.51,59672.53,40.04
C0104,2024,2897.67,43564.70,39.93
C0105,2015,31143.61,56250.54,78.74
C0105,2016,15600.81,87787.05,61.88
C0105,2017,34695.25,87089.82,25.84
C0105,2018,14951.40,78391.85,47.10
C0105,2019,2823.89,44340.22,58.94
C0105,2020,36811.09,79667.39,37.61
C0105,2021,16234.23,41846.35,22.79
C0105,2022,27989.15,68086.53,46.62
C0105,2023,38919.43,58905.67,52.28
C0105,2024,35438.34,33502.34,83.33
C0106,2015,18079.98,48023.44,83.59
C0106,2016,37643.51,83884.37,55.03
C0106,2017,46358.37,91711.52,53.00
C0106,2018,30888.76,24503.07,64.84
C0106,2019,35471.80,48340.41,38.07
C0106,2020,43429.50,46183.03,40.00
C0106,2021,42338.39,51456.45,20.18
C0106,2022,18228.47,97779.44,25.47
C0106,2023,49593.33,54280.54,32.50
C0106,2024,2399.73,83857.29,64.84
C0107,2015,49348.67,68074.02,34.89
C0107,2016,13053.86,15183.14,28.69
C0107,2017,22581.42,71087.40,63.14
C0107,2018,44300.75,66470.62,65.62
C0107,2019,12972.11,77054.54,24.18
C0107,2020,12014.30,12072.61,74.10
C0107,2021,32512.33,27924.22,62.43
C0107,2022,35567.08,78082.43,47.79
C0107,2023,1366.06,40208.52,88.82
C0107,2024,23071.77,91527.80,20.71
C0108,2015,24966.34,54178.69,58.14
C0108,2016,14319.92,5097.58,31.18
C0108,2017,27759.38,71389.42,43.05
C0108,2018,8574.30,53779.08,29.32
C0108,2019,16856.68,35123.96,66.78
C0108,2020,35948.72,6941.87,48.11
C0108,2021,43815.54,23880.89,89.04
C0108,2022,29879.57,20351.42,65.77
C0108,2023,4667.38,60371.14,84.21
C0108,2024,34258.55,78107.63,36.86
C0109,2015,44982.29,27287.61,42.31
C0109,2016,25711.39,71283.70,45.39
C0109,2017,25190.91,90483.30,78.70
C0109,2018,49579.27,64050.67,34.82
C0109,2019,32178.59,78686.52,86.27
C0109,2020,40495.42,24401.99,23.05
C0109,2021,32678.18,12119.16,82.29
C0109,2022,11824.87,39711.84,51.60
C0109,2023,14919.83,72355.66,56.81
C0109,2024,33619.58,70179.37,89.82
C0110,2015,23347.49,95732.53,80.90
C0110,2016,20813.04,64847.95,83.28
C0110,2017,2100.15,44072.02,60.99
C0110,2018,44334.08,80727.49,86.94
C0110,2019,44340.39,19541.45,68.15
C0110,2020,23587.59,82237.12,77.35
C0110,2021,35336.22,39763.39,70.47
C0110,2022,9713.15,19630.95,74.66
C0110,2023,25686.74,20403.36,64.66
C0110,2024,22504.42,98441.76,70.85
C0111,2015,33174.06,64206.16,50.52
C0111,2016,24012.65,21555.14,69.48
C0111,2017,25423.28,30513.44,39.38
C0111,2018,15489.91,40347.58,64.45
C0111,2019,3372.74,10310.45,56.66
C0111,2020,45934.26,15299.49,82.90
C0111,2021,1599.35,77366.66,67.13
C0111,2022,14784.90,79753.03,61.76
C0111,2023,22932.93,98882.29,41.92
C0111,2024,16635.53,11421.66,80.40
C0112,2015,28043.98,89472.52,23.79
C0112,2016,23619.04,35135.52,82.98
C0112,2017,13518.34,36145.81,65.71
C0112,2018,5312.99,17091.81,33.26
C0112,2019,7739.23,98698.52,83.21
C0112,2020,24829.68,98193.98,42.84
C0112,2021,42451.33,87158.81,31.78
C0112,2022,5931.31,13624.11,42.34
C0112,2023,34183.11,84956.71,87.28
C0112,2024,39812.47,65288.33,72.69
C0113,2015,14561.84,17233.67,84.18
C0113,2016,33743.74,29866.99,40.92
C0113,2017,34646.24,70476.29,25.77
C0113,2018,35681.84,81326.87,59.39
C0113,2019,44649.65,85568.27,53.81
C0113,2020,20527.78,56663.87,70.44
C0113,2021,12940.77,55788.89,57.99
C0113,2022,27648.40,69999.86,47.75
C0113,2023,4064.87,78883.64,20.33
C0113,2024,17362.13,21205.65,52.74
C0114,2015,44278.03,75284.58,28.44
C0114,2016,27070.82,37460.23,84.54
C0114,2017,22397.09,41457.07,84.52
C0114,2018,14018.51,12382.73,76.26
C0114,2019,13268.41,60899.97,31.05
C0114,2020,12593.99,13874.91,30.32
C0114,2021,41632.45,91747.88,59.43
C0114,2022,49266.00,63992.18,70.92
C0114,2023,27205.12,99076.78,83.32
C0114,2024,4911.84,28336.95,82.58
C0115,2015,37800.91,69562.05,30.87
C0115,2016,43975.67,96620.85,89.68
C0115,2017,46630.18,33364.94,30.98
C0115,2018,31809.99,14150.65,78.81
C0115,2019,25837.16,65227.77,61.09
C0115,2020,31405.84,39779.42,67.48
C0115,2021,1634.59,30940.48,62.28
C0115,2022,33115.57,99390.83,80.88
C0115,2023,35772.67,76640.39,64.60
C0115,2024,36379.49,51112.49,79.41
C0116,2015,28590.52,9750.32,30.81
C0116,2016,35302.17,23203.49,80.67
C0116,2017,32302.79,33383.95,89.51
C0116,2018,6660.89,51283.68,66.31
C0116,2019,45019.97,52238.73,88.35
C0116,2020,31513.65,7349.67,35.39
C0116,2021,36661.92,94618.85,78.05
C0116,2022,17801.49,56566.68,31.83
C0116,2023,46042.74,6874.08,56.12
C0116,2024,25628.17,71626.84,66.48
C0117,2015,34271.29,11778.39,66.22
C0117,2016,47656.92,73511.19,66.96
C0117,2017,45888.05,71641.79,42.46
C0117,2018,32595.14,98567.70,88.16
C0117,2019,9121.33,37493.55,20.46
C0117,2020,47577.85,18711.09,63.47
C0117,2021,49222.65,13727.58,80.63
C0117,2022,6066.44,11813.98,82.38
C0117,2023,23064.59,81981.65,70.41
C0117,2024,27864.52,73262.07,60.24
C0118,2015,5512.00,97711.95,52.01
C0118,2016,10294.32,34372.67,51.47
C0118,2017,27347.56,81294.73,49.76
C0118,2018,48191.38,13836.34,68.99
C0118,2019,2362.69,90868.59,71.18
C0118,2020,45709.71,9923.88,56.03
C0118,2021,45031.80,79848.93,71.86
C0118,2022,43001.75,34198.77,56.99
C0118,2023,19500.00,22213.34,26.81
C0118,2024,25050.35,71928.88,79.61
C0119,2015,20776.14,90108.41,80.93
C0119,2016,47431.72,77591.97,38.65
C0119,2017,26546.18,34744.49,75.05
C0119,2018,4950.02,38589.21,55.78
C0119,2019,14428.93,22983.94,28.68
C0119,2020,23639.63,83285.85,47.86
C0119,2021,47724.24,15173.90,25.36
C0119,2022,28878.60,90805.32,75.05
C0119,2023,35107.56,62107.75,33.74
C0119,2024,5337.47,60941.22,31.51
C0120,2015,43988.88,84593.04,34.60
C0120,2016,27411.89,68415.66,35.83
C0120,2017,46140.19,33902.73,67.18
C0120,2018,22828.36,38203.94,64.70
C0120,2019,34471.12,21440.15,29.05
C0120,2020,24071.09,49086.01,70.71
C0120,2021,7985.34,15464.70,44.43
C0120,2022,14330.45,67038.47,52.02
C0120,2023,4295.61,21076.74,28.74
C0120,2024,22573.05,87073.52,69.60
C0121,2015,32817.74,71543.95,46.34
C0121,2016,12941.85,89693.57,64.25
C0121,2017,25029.01,13267.94,49.91
C0121,2018,23489.69,80858.39,23.42
C0121,2019,27137.60,88676.45,69.24
C0121,2020,10044.65,9234.13,58.68
C0121,2021,27165.22,99912.22,50.40
C0121,2022,18846.07,33561.21,34.11
C0121,2023,15016.05,25113.52,63.70
C0121,2024,29713.12,44416.00,39.26
C0122,2015,8253.80,5820.36,50.04
C0122,2016,45132.27,89161.10,23.95
C0122,2017,46807.79,30506.63,74.37
C0122,2018,33369.87,54551.19,26.30
C0122,2019,15854.58,64238.15,82.36
C0122,2020,31674.29,80153.72,80.73
C0122,2021,30474.65,28769.58,87.98
C0122,2022,20171.30,73128.90,83.59
C0122,2023,15075.12,16177.78,88.00
C0122,2024,9254.19,71902.34,82.11
C0123,2015,11651.81,92333.08,27.88
C0123,2016,32998.47,13077.50,50.64
C0123,2017,44408.82,16086.77,25.33
C0123,2018,19862.85,57936.61,58.17
C0123,2019,6973.07,9408.04,57.08
C0123,2020,1627.51,22802.10,84.55
C0123,2021,20889.38,23068.25,87.88
C0123,2022,12395.78,50718.51,38.18
C0123,2023,16805.22,28606.27,60.76
C0123,2024,12841.82,50174.67,52.51
C0124,2015,33543.23,54511.70,58.27
C0124,2016,32287.20,74411.22,57.22
C0124,2017,45702.92,94869.26,83.99
C0124,2018,35287.50,52855.99,82.73
C0124,2019,9082.13,38725.51,28.59
C0124,2020,37828.13,29576.82,44.16
C0124,2021,9882.13,65292.44,72.69
C0124,2022,28371.44,94577.13,67.88
C0124,2023,4776.83,77642.22,64.18
C0124,2024,3318.93,24579.75,89.57
C0125,2015,23747.27,89863.89,43.59
C0125,2016,6144.19,74873.76,56.07
C0125,2017,16026.66,17154.76,88.54
C0125,2018,17602.84,72716.23,68.69
C0125,2019,38701.92,32488.77,65.41
C0125,2020,17301.33,51682.68,30.83
C0125,2021,25220.71,33521.97,37.27
C0125,2022,38856.71,12985.63,46.42
C0125,2023,11040.02,78015.44,52.54
C0125,2024,40439.97,83724.96,54.80
C0126,2015,41757.95,27038.01,83.15
C0126,2016,49453.49,27765.62,27.50
C0126,2017,22758.34,45845.98,37.38
C0126,2018,19161.82,82089.59,30.05
C0126,2019,35398.26,12340.47,71.47
C0126,2020,3849.40,81827.58,87.94
C0126,2021,2947.82,92658.68,82.58
C0126,2022,17414.55,58342.90,70.63
C0126,2023,36746.24,10737.19,21.51
C0126,2024,6706.27,30607.51,44.29
C0127,2015,32141.80,15581.72,80.45
C0127,2016,14205.76,29631.94,65.71
C0127,2017,32932.06,82119.29,34.67
C0127,2018,23391.83,10288.44,52.65
C0127,2019,6642.43,31963.25,26.15
C0127,2020,13116.86,54110.32,56.46
C0127,2021,11765.97,88033.89,83.07
C0127,2022,9064.65,28748.31,22.71
C0127,2023,23948.93,78941.08,62.97
C0127,2024,47778.61,60439.06,36.32
C0128,2015,33246.35,69255.09,89.33
C0128,2016,41964.10,86868.02,24.56
C0128,2017,49072.93,7509.49,63.21
C0128,2018,27490.51,55324.68,37.95
C0128,2019,12665.43,75985.35,81.77
C0128,2020,46462.74,89037.29,28.54
C0128,2021,35250.22,17605.95,50.05
C0128,2022,47988.12,37437.91,32.98
C0128,2023,32900.57,12462.80,75.96
C0128,2024,38982.11,84318.74,44.60
C0129,2015,44641.17,86449.80,33.07
C0129,2016,38203.22,50940.60,70.81
C0129,2017,28569.64,6975.55,77.21
C0129,2018,24124.13,14708.82,52.37
C0129,2019,41345.49,64314.02,46.52
C0129,2020,38827.30,98348.82,64.25
C0129,2021,18955.11,84692.09,65.60
C0129,2022,25418.27,80802.61,66.25
C0129,2023,32114.55,44707.14,39.30
C0129,2024,2390.14,98595.16,85.89
C0130,2015,13130.87,83372.42,34.94
C0130,2016,13260.51,36887.02,46.19
C0130,2017,44278.35,76106.65,39.86
C0130,2018,17242.90,46089.68,85.18
C0130,2019,27712.03,67743.29,77.99
C0130,2020,41747.74,97155.12,76.79
C0130,2021,13725.00,28412.90,20.33
C0130,2022,7064.10,80525.21,68.01
C0130,2023,47469.63,61085.56,36.12
C0130,2024,35529.46,95247.24,87.74
C0131,2015,9675.63,17774.01,57.15
C0131,2016,41165.87,73372.40,59.53
C0131,2017,39569.20,8529.55,44.95
C0131,2018,42039.51,28422.58,57.57
C0131,2019,14534.42,35481.18,72.48
C0131,2020,22980.40,46064.30,59.33
C0131,2021,34990.01,96703.50,64.89
C0131,2022,20142.71,11422.13,53.07
C0131,2023,4428.64,21053.37,70.15
C0131,2024,7686.04,24289.49,82.97
C0132,2015,30258.56,45279.69,23.57
C0132,2016,19383.24,10766.49,27.51
C0132,2017,1263.63,96714.86,67.99
C0132,2018,38575.87,58185.91,46.44
C0132,2019,21418.48,82262.26,39.71
C0132,2020,16374.69,78387.35,32.50
C0132,2021,35962.44,67778.39,60.08
C0132,2022,23300.33,90918.89,44.33
C0132,2023,35046.72,90726.45,55.56
C0132,2024,1646.71,17138.32,87.10
C0133,2015,1461.59,90683.19,73.08
C0133,2016,28435.19,54769.65,75.72
C0133,2017,49128.39,30466.62,28.69
C0133,2018,14345.50,62807.54,42.75
C0133,2019,34461.78,31685.84,27.44
C0133,2020,9440.62,50505.75,87.80
C0133,2021,16265.88,82561.60,67.75
C0133,2022,4825.67,8058.81,21.35
C0133,2023,44158.86,22393.45,53.29
C0133,2024,16211.43,95875.35,38.45
C0134,2015,12292.86,47284.35,57.80
C0134,2016,36799.60,33815.80,32.51
C0134,2017,10772.57,92711.56,23.98
C0134,2018,12773.49,91565.32,42.62
C0134,2019,6077.20,9203.03,40.69
C0134,2020,48180.72,39435.41,70.19
C0134,2021,13134.25,91718.06,53.22
C0134,2022,49787.50,22078.34,40.39
C0134,2023,9631.32,59930.28,59.93
C0134,2024,2011.94,35473.91,24.99
C0135,2015,44888.99,74973.72,66.36
C0135,2016,29420.85,20034.94,30.31
C0135,2017,18219.09,61625.05,39.58
C0135,2018,26153.64,5000.80,39.75
C0135,2019,13775.62,28993.56,52.61
C0135,2020,32103.18,20405.70,86.72
C0135,2021,31206.96,24933.92,42.73
C0135,2022,4929.42,86740.50,39.69
C0135,2023,45623.72,91905.68,31.82
C0135,2024,23565.74,76728.00,47.44
C0136,2015,10562.55,61060.12,32.74
C0136,2016,16061.81,26931.37,29.64
C0136,2017,43444.87,31098.53,80.02
C0136,2018,19776.07,34439.53,23.68
C0136,2019,28536.10,78815.52,69.76
C0136,2020,47436.80,29024.01,34.18
C0136,2021,32934.11,97472.00,20.82
C0136,2022,34110.12,80664.03,75.66
C0136,2023,13179.87,99973.18,69.16
C0136,2024,33746.46,48621.96,43.40
C0137,2015,20296.33,60986.18,25.55
C0137,2016,45641.08,31638.15,45.25
C0137,2017,7347.40,62355.74,32.69
C0137,2018,14996.38,97520.53,85.28
C0137,2019,4234.04,7886.12,57.07
C0137,2020,19664.29,32482.44,87.47
C0137,2021,8270.26,31722.95,44.59
C0137,2022,42412.04,98325.14,58.95
C0137,2023,46327.12,17601.69,33.31
C0137,2024,33801.86,82174.22,76.59
C0138,2015,6063.40,31082.62,22.88
C0138,2016,17739.91,86757.28,68.69
C0138,2017,48260.10,51336.34,47.42
C0138,2018,7678.76,28014.80,60.49
C0138,2019,28267.98,72424.64,61.46
C0138,2020,18293.54,84950.17,69.76
C0138,2021,49958.97,49663.22,34.30
C0138,2022,14984.06,72828.98,57.20
C0138,2023,3340.84,22250.34,49.88
C0138,2024,35406.96,94073.16,39.75
C0139,2015,17010.23,14162.70,54.70
C0139,2016,33221.49,26085.32,86.64
C0139,2017,6127.95,32394.18,86.42
C0139,2018,26630.10,19511.54,39.52
C0139,2019,19386.35,43634.63,81.89
C0139,2020,27301.59,48484.92,81.37
C0139,2021,42820.15,54265.98,37.47
C0139,2022,48664.62,8875.96,61.93
C0139,2023,37903.48,25815.08,80.90
C0139,2024,38576.06,81737.51,56.05
C0140,2015,26917.87,82007.44,45.88
C0140,2016,5772.60,36350.64,65.55
C0140,2017,33685.92,48811.56,32.07
C0140,2018,8241.21,22428.03,31.32
C0140,2019,13037.39,83103.29,78.29
C0140,2020,35671.54,95884.95,22.93
C0140,2021,33192.64,32678.52,76.25
C0140,2022,16401.97,79284.10,40.33
C0140,2023,38830.17,38476.97,53.82
C0140,2024,47026.47,5250.22,58.05
C0141,2015,27717.72,61974.13,73.69
C0141,2016,34206.65,43987.87,81.87
C0141,2017,14317.20,77051.33,76.30
C0141,2018,48569.55,76132.59,60.06
C0141,2019,14411.54,94872.97,44.36
C0141,2020,44483.04,46592.81,56.86
C0141,2021,46465.59,50838.63,22.10
C0141,2022,36261.80,43038.50,37.15
C0141,2023,40767.78,33209.19,45.63
C0141,2024,23434.98,65595.01,42.38
C0142,2015,46057.79,83663.49,26.66
C0142,2016,37389.67,19992.01,23.55
C0142,2017,17010.46,98274.74,49.45
C0142,2018,2712.31,69961.70,25.24
C0142,2019,27498.38,79110.55,40.03
C0142,2020,42191.87,99891.19,53.24
C0142,2021,43172.74,52882.99,34.70
C0142,2022,41920.82,11772.67,25.57
C0142,2023,11522.58,80077.71,50.25
C0142,2024,21881.28,87722.77,51.39
C0143,2015,31077.47,20427.73,84.09
C0143,2016,33710.27,7293.06,28.95
C0143,2017,17394.59,17903.25,63.05
C0143,2018,34939.47,35776.81,42.38
C0143,2019,29953.95,92806.70,28.65
C0143,2020,28772.00,5234.38,47.52
C0143,2021,33488.22,81360.80,49.96
C0143,2022,30565.03,86211.20,45.45
C0143,2023,9176.86,82049.97,73.60
C0143,2024,43846.40,12810.36,78.74
C0144,2015,12787.92,69523.05,30.41
C0144,2016,37479.95,95620.84,31.75
C0144,2017,9646.38,16434.46,49.49
C0144,2018,33387.35,8009.77,42.41
C0144,2019,44888.50,87997.61,77.37
C0144,2020,1475.82,66268.32,89.78
C0144,2021,49004.21,66411.37,32.68
C0144,2022,2454.12,96620.99,73.38
C0144,2023,1557.01,78127.73,62.51
C0144,2024,43020.44,42757.26,65.11
C0145,2015,35726.50,46404.91,38.51
C0145,2016,6184.72,18745.83,26.80
C0145,2017,46933.33,33884.74,58.03
C0145,2018,33924.68,47313.35,62.95
C0145,2019,6441.13,29803.12,87.41
C0145,2020,43167.13,92007.92,67.27
C0145,2021,24564.34,6121.25,51.06
C0145,2022,14628.55,60767.10,89.58
C0145,2023,41427.01,78302.77,46.13
C0145,2024,37183.88,74550.35,31.38
C0146,2015,31529.15,66154.63,63.26
C0146,2016,45027.14,43981.87,38.64
C0146,2017,43202.71,92255.34,84.55
C0146,2018,12112.79,36249.90,49.95
C0146,2019,44055.62,76262.74,30.47
C0146,2020,19327.95,93031.84,29.91
C0146,2021,22156.94,17196.44,65.47
C0146,2022,48644.29,94972.70,45.61
C0146,2023,38233.84,78723.11,45.46
C0146,2024,16752.81,63576.21,62.86
C0147,2015,32748.37,40472.88,35.51
C0147,2016,27426.89,90905.22,30.18
C0147,2017,6713.56,9184.08,66.01
C0147,2018,44499.86,46023.76,20.37
C0147,2019,41272.19,76880.22,83.52
C0147,2020,39107.81,82058.34,32.81
C0147,2021,28398.52,24216.46,51.35
C0147,2022,11821.03,9522.44,34.80
C0147,2023,44310.91,81270.86,35.28
C0147,2024,18295.32,45079.77,78.45
C0148,2015,1985.79,18634.75,60.95
C0148,2016,49106.93,13128.99,41.80
C0148,2017,43196.70,65860.76,37.58
C0148,2018,31511.34,60367.70,34.90
C0148,2019,1607.95,86129.09,58.81
C0148,2020,12158.09,7998.87,71.16
C0148,2021,23150.44,87500.59,37.75
C0148,2022,31776.16,89288.10,43.26
C0148,2023,35699.57,47398.47,70.43
C0148,2024,39625.36,12283.31,71.61
C0149,2015,28227.39,94940.60,34.51
C0149,2016,33152.99,11842.84,46.75
C0149,2017,40750.89,61114.15,80.90
C0149,2018,36272.22,51849.87,71.81
C0149,2019,47785.80,84333.21,31.37
C0149,2020,43857.65,52747.65,47.02
C0149,2021,9298.70,49566.43,88.13
C0149,2022,47423.54,88661.76,56.78
C0149,2023,11004.62,96580.96,70.35
C0149,2024,49571.93,57180.66,26.44
C0150,2015,35365.15,48198.77,78.28
C0150,2016,31749.05,83954.04,62.33
C0150,2017,16891.82,83953.88,32.29
C0150,2018,7522.27,35341.26,46.61
C0150,2019,7182.48,59741.25,25.81
C0150,2020,43462.18,19641.11,74.39
C0150,2021,22189.65,65376.49,72.14
C0150,2022,28432.74,84228.96,54.32
C0150,2023,46659.97,22813.93,51.64
C0150,2024,13512.38,35689.47,52.44
C0151,2015,38432.94,47648.76,22.62
C0151,2016,24052.77,85282.61,45.78
C0151,2017,11424.98,74480.15,29.00
C0151,2018,42795.61,35102.69,32.94
C0151,2019,34317.51,28088.19,87.35
C0151,2020,5651.16,71091.95,38.32
C0151,2021,27546.10,50589.31,53.85
C0151,2022,42736.43,61387.65,82.15
C0151,2023,4279.81,66626.26,48.94
C0151,2024,21397.47,58075.24,57.00
C0152,2015,40455.51,63241.84,31.82
C0152,2016,43059.51,89312.80,39.96
C0152,2017,38992.78,87478.90,55.43
C0152,2018,15979.77,19158.26,45.54
C0152,2019,25839.55,60717.19,22.68
C0152,2020,37322.62,46733.69,48.06
C0152,2021,8476.80,32124.41,77.06
C0152,2022,30154.89,64959.00,28.12
C0152,2023,36298.31,53533.94,21.31
C0152,2024,42649.60,78615.89,28.31
C0153,2015,6471.91,13875.94,68.08
C0153,2016,17154.06,33754.67,75.63
C0153,2017,27541.04,7449.31,23.41
C0153,2018,35351.79,75866.18,82.13
C0153,2019,36771.78,91683.45,63.91
C0153,2020,13409.70,60800.75,56.27
C0153,2021,1679.95,63613.02,37.75
C0153,2022,34997.03,9410.39,46.02
C0153,2023,45547.19,52859.22,86.29
C0153,2024,40078.34,55052.86,83.81
C0154,2015,31500.84,8702.58,63.78
C0154,2016,48900.95,79326.78,60.52
C0154,2017,22222.72,31440.41,34.74
C0154,2018,26727.44,73727.47,86.73
C0154,2019,1602.05,43277.91,72.88
C0154,2020,47351.62,99586.38,46.76
C0154,2021,29583.99,25159.49,77.11
C0154,2022,20149.20,10532.38,34.83
C0154,2023,3183.65,98091.02,34.93
C0154,2024,18758.53,28164.99,75.37
C0155,2015,1176.31,65356.46,59.15
C0155,2016,16892.42,40583.98,58.91
C0155,2017,47621.29,65764.65,60.16
C0155,2018,8559.10,61625.57,28.81
C0155,2019,27725.14,72191.02,44.47
C0155,2020,10144.25,6752.12,60.12
C0155,2021,39385.58,84438.45,37.33
C0155,2022,28557.49,50473.26,55.28
C0155,2023,10909.56,54291.02,58.99
C0155,2024,43445.82,44047.39,86.00
C0156,2015,39417.17,98991.34,37.20
C0156,2016,47613.77,81149.28,50.76
C0156,2017,1030.78,34582.37,88.71
C0156,2018,23398.73,79391.77,33.08
C0156,2019,49992.22,46514.39,74.60
C0156,2020,40748.21,87651.27,32.40
C0156,2021,41733.02,7930.42,79.50
C0156,2022,31435.49,38763.62,54.16
C0156,2023,35932.08,45832.82,88.05
C0156,2024,40460.99,75703.71,31.91
C0157,2015,5521.75,22318.53,68.15
C0157,2016,34936.45,32196.70,68.67
C0157,2017,40955.00,73768.63,70.32
C0157,2018,3002.42,12300.15,27.07
C0157,2019,15555.61,24106.81,40.20
C0157,2020,16876.57,76569.82,43.66
C0157,2021,42874.54,88175.22,42.70
C0157,2022,39237.22,74238.66,67.25
C0157,2023,33164.65,55078.14,23.84
C0157,2024,40431.44,14410.82,71.11
C0158,2015,23218.06,83586.45,56.86
C0158,2016,43869.15,16783.70,32.11
C0158,2017,12476.58,41582.45,35.83
C0158,2018,35524.27,9797.44,26.83
C0158,2019,12845.81,72419.13,52.13
C0158,2020,2953.24,52832.02,61.64
C0158,2021,14923.41,91222.73,60.67
C0158,2022,25152.43,18180.54,87.37
C0158,2023,42328.36,82820.77,40.72
C0158,2024,25933.97,53513.53,73.35
C0159,2015,9778.38,39778.78,70.62
C0159,2016,49645.53,66138.85,24.29
C0159,2017,14233.58,80089.65,85.10
C0159,2018,49279.44,46827.10,85.19
C0159,2019,46880.40,27116.54,47.74
C0159,2020,27579.63,91999.97,49.24
C0159,2021,5506.19,34734.79,77.37
C0159,2022,35075.33,99832.46,54.65
C0159,2023,42440.17,77895.87,75.94
C0159,2024,22819.75,70342.82,22.53
C0160,2015,12712.98,6177.97,37.52
C0160,2016,40338.38,47610.48,26.37
C0160,2017,27708.81,52733.80,51.79
C0160,2018,10683.87,40755.76,79.79
C0160,2019,47527.39,19247.44,59.89
C0160,2020,47456.81,39907.79,56.42
C0160,2021,18985.43,12122.47,45.63
C0160,2022,4136.15,32637.30,24.45
C0160,2023,31908.64,12949.53,73.65
C0160,2024,16544.11,76480.23,59.95
C0161,2015,4251.41,68759.94,85.17
C0161,2016,44698.51,94293.65,50.24
C0161,2017,49907.70,41093.24,48.10
C0161,2018,18169.87,79689.09,88.20
C0161,2019,37492.57,60822.68,29.88
C0161,2020,4222.77,66379.83,37.67
C0161,2021,19115.57,57008.82,54.17
C0161,2022,6328.84,79020.21,56.65
C0161,2023,3712.15,8989.19,58.41
C0161,2024,29850.76,12646.38,34.85
C0162,2015,40299.52,14112.76,84.88
C0162,2016,23195.54,32425.62,69.25
C0162,2017,26684.78,61157.24,38.09
C0162,2018,14265.77,66333.67,40.59
C0162,2019,37082.98,72697.35,81.63
C0162,2020,18692.59,31672.51,46.62
C0162,2021,4307.45,66770.21,58.95
C0162,2022,9109.88,16180.55,28.43
C0162,2023,7294.96,5948.02,37.62
C0162,2024,22358.01,70994.67,49.16
C0163,2015,4195.42,72983.16,65.93
C0163,2016,40517.73,64103.56,39.62
C0163,2017,45492.25,29592.65,86.55
C0163,2018,13171.31,93109.50,35.42
C0163,2019,24789.98,88189.18,74.52
C0163,2020,26434.09,53976.35,45.52
C0163,2021,49265.06,98968.28,78.34
C0163,2022,4215.36,33368.86,84.62
C0163,2023,33726.24,51657.76,33.09
C0163,2024,17942.48,93152.57,54.40
C0164,2015,25588.50,48901.60,30.81
C0164,2016,11634.69,49745.78,69.41
C0164,2017,8851.87,12542.30,78.26
C0164,2018,12934.70,25077.91,47.26
C0164,2019,4491.84,19997.20,47.77
C0164,2020,14626.42,58700.26,34.27
C0164,2021,34827.20,35256.70,41.46
C0164,2022,32922.61,12317.89,42.67
C0164,2023,28170.31,53447.38,30.89
C0164,2024,1018.98,68575.63,41.70
C0165,2015,7163.32,74970.04,83.51
C0165,2016,42300.60,84564.20,42.78
C0165,2017,14315.18,50785.86,39.21
C0165,2018,45697.75,42108.13,46.92
C0165,2019,43852.76,69991.57,87.22
C0165,2020,8591.42,6269.65,73.52
C0165,2021,45009.45,65185.03,34.12
C0165,2022,31763.91,43539.78,72.68
C0165,2023,31884.05,48023.15,73.64
C0165,2024,42781.31,33145.61,86.51
C0166,2015,20847.73,17091.17,82.38
C0166,2016,37027.90,43135.34,26.66
C0166,2017,33720.45,34279.22,51.82
C0166,2018,38804.22,96211.25,69.21
C0166,2019,33349.26,94636.25,88.14
C0166,2020,4922.69,66172.14,25.96
C0166,2021,15342.84,90851.62,45.78
C0166,2022,47056.12,76371.10,54.46
C0166,2023,11947.83,37859.69,48.93
C0166,2024,24140.76,62370.56,51.90
C0167,2015,18489.47,25930.74,45.84
C0167,2016,5228.64,70284.78,87.94
C0167,2017,9878.25,9256.72,76.23
C0167,2018,15046.69,83977.47,71.57
C0167,2019,23702.61,60406.83,48.75
C0167,2020,43851.68,10551.64,81.71
C0167,2021,26265.20,87817.31,26.53
C0167,2022,32943.34,88381.63,30.04
C0167,2023,21871.80,86017.50,86.78
C0167,2024,43633.06,78558.69,59.69
C0168,2015,33468.45,69402.91,31.16
C0168,2016,5440.88,42706.37,86.44
C0168,2017,24397.56,17952.22,88.24
C0168,2018,41534.48,32433.65,81.70
C0168,2019,36949.11,37972.33,36.70
C0168,2020,45360.25,39017.26,39.49
C0168,2021,12155.72,58721.51,48.49
C0168,2022,48881.44,24796.37,60.55
C0168,2023,14968.81,23017.81,89.45
C0168,2024,3458.81,73111.46,86.93
C0169,2015,25287.96,5712.55,84.48
C0169,2016,6406.60,19204.35,26.25
C0169,2017,34384.24,46321.02,73.00
C0169,2018,45127.26,19162.90,81.38
C0169,2019,46145.82,96182.19,43.33
C0169,2020,30744.82,68659.88,35.37
C0169,2021,27227.98,46113.10,72.39
C0169,2022,49705.58,15664.26,26.36
C0169,2023,29391.86,41592.70,85.86
C0169,2024,46445.46,66807.16,30.93
C0170,2015,45913.16,97037.35,52.03
C0170,2016,15186.18,49905.30,88.80
C0170,2017,1673.80,70779.16,89.18
C0170,2018,22519.25,23559.10,74.32
C0170,2019,43207.14,64245.17,78.74
C0170,2020,41970.58,27710.22,87.70
C0170,2021,30579.79,23822.73,84.92
C0170,2022,8676.26,53375.95,63.55
C0170,2023,6271.80,25108.11,71.42
C0170,2024,47779.42,73526.12,61.56
C0171,2015,21648.49,94046.98,55.45
C0171,2016,32759.89,42392.20,81.66
C0171,2017,45387.36,35633.83,71.66
C0171,2018,43624.77,21709.06,80.19
C0171,2019,28778.26,42087.66,26.71
C0171,2020,24907.35,58165.24,60.35
C0171,2021,37027.70,40432.09,43.07
C0171,2022,18132.64,64192.24,55.94
C0171,2023,31644.14,67930.22,62.91
C0171,2024,2134.47,14293.81,79.20
C0172,2015,41391.32,71289.36,22.23
C0172,2016,49903.58,90530.17,31.48
C0172,2017,47780.62,7493.95,84.50
C0172,2018,18634.85,57378.46,87.71
C0172,2019,27023.96,62368.07,23.88
C0172,2020,12574.63,72432.46,43.23
C0172,2021,15846.38,41648.02,20.68
C0172,2022,23409.96,82777.48,73.02
C0172,2023,37606.96,56290.16,67.74
C0172,2024,1876.24,43848.98,59.54
C0173,2015,20294.93,73329.39,68.42
C0173,2016,28268.35,93100.68,57.65
C0173,2017,11543.97,82140.16,36.72
C0173,2018,4845.46,93413.15,72.80
C0173,2019,27439.12,30263.80,74.83
C0173,2020,32252.69,16258.73,79.79
C0173,2021,32409.11,55763.21,86.79
C0173,2022,18472.63,9220.89,72.33
C0173,2023,12630.73,69086.03,23.82
C0173,2024,11798.94,27800.14,21.46
C0174,2015,2985.67,48163.26,71.79
C0174,2016,10049.48,67278.37,23.92
C0174,2017,41111.70,50894.05,42.12
C0174,2018,1149.51,27425.90,29.53
C0174,2019,3150.54,88635.20,87.82
C0174,2020,7223.93,77630.86,42.15
C0174,2021,21591.79,62101.89,23.86
C0174,2022,17353.15,71361.33,86.47
C0174,2023,9713.96,44455.96,62.61
C0174,2024,6436.52,40709.75,22.53
C0175,2015,47004.26,20210.60,78.34
C0175,2016,45651.26,81341.19,30.68
C0175,2017,38823.03,41199.20,76.17
C0175,2018,13349.08,70770.78,62.19
C0175,2019,16861.20,33494.49,32.40
C0175,2020,33626.40,80618.98,72.68
C0175,2021,15293.25,14998.12,51.82
C0175,2022,27000.52,64376.35,64.67
C0175,2023,32912.91,81721.50,80.87
C0175,2024,26440.62,67723.77,38.22
C0176,2015,21250.95,71131.00,45.62
C0176,2016,18046.81,54968.95,89.81
C0176,2017,39109.75,58108.04,55.57
C0176,2018,37210.95,11259.88,59.10
C0176,2019,35115.18,28826.30,39.98
C0176,2020,19359.18,73583.23,49.12
C0176,2021,39011.09,94815.04,55.11
C0176,2022,47927.48,56469.19,38.09
C0176,2023,34760.00,73931.18,36.67
C0176,2024,20987.06,69940.09,62.03
C0177,2015,40027.58,99941.51,32.86
C0177,2016,30855.80,80525.42,58.74
C0177,2017,44006.18,64626.50,69.43
C0177,2018,35945.94,15940.13,33.88
C0177,2019,38726.08,39452.89,72.21
C0177,2020,33704.39,28816.40,45.18
C0177,2021,5509.00,86099.19,89.48
C0177,2022,24770.74,47386.44,88.54
C0177,2023,3768.00,55853.47,75.90
C0177,2024,22929.91,96658.21,43.99
C0178,2015,36104.92,84484.96,85.60
C0178,2016,21641.52,80032.92,89.91
C0178,2017,1079.88,18510.87,52.36
C0178,2018,19094.97,7163.00,63.02
C0178,2019,4320.19,16927.09,20.42
C0178,2020,39249.22,75326.92,23.05
C0178,2021,39403.83,44018.19,55.04
C0178,2022,40512.55,16159.61,62.65
C0178,2023,2486.03,75206.85,41.87
C0178,2024,2581.20,23485.48,26.94
C0179,2015,45269.02,60959.11,74.76
C0179,2016,7060.51,75446.57,49.31
C0179,2017,33834.42,62765.76,65.42
C0179,2018,39977.27,99395.47,65.51
C0179,2019,22945.32,46245.46,58.28
C0179,2020,27777.13,34621.48,32.49
C0179,2021,12141.66,24113.68,63.13
C0179,2022,46256.40,52859.06,42.55
C0179,2023,15788.25,85985.59,77.34
C0179,2024,11672.75,94956.94,33.52
C0180,2015,26744.77,97345.21,40.38
C0180,2016,10335.17,55480.94,50.82
C0180,2017,34647.89,62499.73,71.80
C0180,2018,26240.66,60246.28,70.45
C0180,2019,8242.42,49267.38,43.60
C0180,2020,4295.07,19462.78,55.75
C0180,2021,7710.72,11218.58,36.40
C0180,2022,7694.61,46480.60,73.93
C0180,2023,16329.68,22685.93,33.77
C0180,2024,41830.26,89231.92,77.35
C0181,2015,3807.41,77361.49,85.58
C0181,2016,7276.36,63748.64,89.41
C0181,2017,15842.06,9504.14,79.99
C0181,2018,28113.33,64113.31,35.52
C0181,2019,38381.26,64001.57,49.16
C0181,2020,46138.38,46725.07,26.22
C0181,2021,21192.32,67486.53,31.52
C0181,2022,6185.91,86501.88,23.48
C0181,2023,11462.26,77008.75,64.88
C0181,2024,15075.13,49976.25,57.32
C0182,2015,39518.78,29917.03,84.19
C0182,2016,34645.52,50394.54,52.41
C0182,2017,11241.26,94867.23,64.96
C0182,2018,42098.53,82898.72,48.11
C0182,2019,43098.64,7568.77,78.06
C0182,2020,44239.50,79381.51,84.85
C0182,2021,14475.21,21202.98,50.22
C0182,2022,7552.78,59255.58,25.79
C0182,2023,6093.91,81619.17,31.45
C0182,2024,20604.30,58322.40,70.44
C0183,2015,22036.92,43366.77,42.77
C0183,2016,43542.29,35520.43,74.98
C0183,2017,14120.05,33984.52,72.48
C0183,2018,31717.71,84555.61,68.60
C0183,2019,39622.42,83379.84,77.00
C0183,2020,14188.49,83220.78,72.96
C0183,2021,14089.84,31859.26,64.28
C0183,2022,33788.61,80897.19,20.30
C0183,2023,36580.68,8480.31,56.10
C0183,2024,48028.37,24613.34,61.67
C0184,2015,42647.09,53877.78,87.25
C0184,2016,41280.52,43640.89,65.53
C0184,2017,34923.40,15629.38,60.28
C0184,2018,6805.85,8963.44,57.88
C0184,2019,40652.82,63061.26,27.23
C0184,2020,46830.76,34780.72,49.93
C0184,2021,20145.17,6516.36,29.40
C0184,2022,16369.44,45934.99,23.69
C0184,2023,26601.60,34142.88,43.06
C0184,2024,47866.32,59777.70,65.18
C0185,2015,3490.78,93332.33,80.68
C0185,2016,35735.15,34247.30,76.73
C0185,2017,40918.75,99727.97,40.63
C0185,2018,39648.71,13174.26,23.22
C0185,2019,28771.95,13386.43,48.19
C0185,2020,46107.59,72731.19,42.03
C0185,2021,7591.66,76120.02,45.99
C0185,2022,13012.38,45172.76,59.14
C0185,2023,16040.86,32174.52,22.13
C0185,2024,1425.19,80430.20,45.96
C0186,2015,19162.79,95842.70,59.10
C0186,2016,8872.33,99040.68,50.17
C0186,2017,36506.68,65273.14,66.71
C0186,2018,21332.69,75310.90,33.03
C0186,2019,35518.51,83113.43,30.77
C0186,2020,15389.01,80892.63,41.55
C0186,2021,7463.97,99372.27,27.12
C0186,2022,7467.46,81991.03,36.54
C0186,2023,10959.92,67944.38,26.08
C0186,2024,6645.57,40740.51,48.14
C0187,2015,11806.81,61808.73,69.80
C0187,2016,29372.68,88634.15,40.06
C0187,2017,13560.46,34020.61,20.26
C0187,2018,17804.38,7911.99,58.99
C0187,2019,3583.97,36082.31,68.44
C0187,2020,44718.25,96221.86,47.39
C0187,2021,7769.89,80436.42,40.79
C0187,2022,18084.63,22778.29,54.34
C0187,2023,19594.48,6140.09,27.09
C0187,2024,38834.19,68566.34,65.07
C0188,2015,24693.60,60005.83,71.33
C0188,2016,19764.86,12883.29,69.32
C0188,2017,35097.86,96769.66,43.01
C0188,2018,30253.72,63690.35,78.99
C0188,2019,4828.59,66894.49,86.28
C0188,2020,16322.31,86091.79,40.80
C0188,2021,48951.80,37021.01,38.39
C0188,2022,24683.42,58034.03,69.29
C0188,2023,21785.46,59737.89,69.58
C0188,2024,8346.07,96898.78,55.73
C0189,2015,42114.44,17491.22,84.63
C0189,2016,7532.09,77096.74,30.24
C0189,2017,6149.10,59639.36,53.42
C0189,2018,22511.02,85311.01,22.46
C0189,2019,22395.70,84035.41,23.69
C0189,2020,49091.98,6142.88,23.76
C0189,2021,7249.14,29363.19,54.43
C0189,2022,24707.53,22177.65,61.23
C0189,2023,10861.02,48862.51,20.24
C0189,2024,35386.43,91002.31,64.28
C0190,2015,20192.66,5475.58,54.28
C0190,2016,32774.93,51378.24,35.67
C0190,2017,17582.15,89055.38,21.06
C0190,2018,28662.75,92990.18,30.93
C0190,2019,23987.71,67443.37,62.02
C0190,2020,19343.88,83826.47,66.12
C0190,2021,27338.71,35786.48,65.29
C0190,2022,19806.14,32166.15,30.72
C0190,2023,40494.92,9666.37,83.79
C0190,2024,25266.64,52804.25,48.77
C0191,2015,45253.24,48304.04,73.76
C0191,2016,11917.41,40331.97,31.65
C0191,2017,6494.07,15766.74,52.94
C0191,2018,19667.40,26922.50,56.51
C0191,2019,9999.32,24349.18,73.92
C0191,2020,20262.85,94677.00,63.51
C0191,2021,11163.14,96813.73,47.95
C0191,2022,43542.60,5325.05,39.78
C0191,2023,28827.32,21202.05,88.11
C0191,2024,25381.87,89434.18,39.92
C0192,2015,39599.51,8642.31,29.06
C0192,2016,7387.98,94627.89,41.03
C0192,2017,42993.72,41106.14,42.89
C0192,2018,24681.90,56175.15,28.95
C0192,2019,7685.23,77562.86,69.57
C0192,2020,41151.16,28170.98,63.34
C0192,2021,23577.99,14564.03,42.16
C0192,2022,30625.43,81945.08,89.51
C0192,2023,44786.84,98539.51,65.85
C0192,2024,44643.89,67583.91,69.22
C0193,2015,44748.13,83396.31,59.00
C0193,2016,21428.96,94424.68,58.61
C0193,2017,37730.69,26715.08,21.40
C0193,2018,12430.27,38288.57,73.96
C0193,2019,41727.67,25807.48,83.75
C0193,2020,17744.39,10869.46,28.56
C0193,2021,23731.71,74566.20,75.69
C0193,2022,44678.19,18837.47,57.40
C0193,2023,40481.26,13807.39,39.97
C0193,2024,47673.05,38975.31,84.46
C0194,2015,18810.18,10752.83,21.22
C0194,2016,8403.18,22058.04,39.18
C0194,2017,45610.11,11644.41,82.04
C0194,2018,25164.56,88341.39,53.67
C0194,2019,44580.64,79074.77,61.92
C0194,2020,36871.61,86653.91,72.48
C0194,2021,43865.34,87491.45,30.36
C0194,2022,33081.42,94728.36,35.06
C0194,2023,40806.23,22732.18,89.90
C0194,2024,6896.46,90500.86,36.62
C0195,2015,48446.44,54878.70,57.74
C0195,2016,9867.98,20791.95,40.91
C0195,2017,2200.64,67298.47,79.60
C0195,2018,27009.56,36065.05,87.32
C0195,2019,35883.70,9414.60,29.89
C0195,2020,36104.50,12471.56,62.04
C0195,2021,17622.41,45253.02,76.81
C0195,2022,37937.76,83515.94,77.61
C0195,2023,42285.44,34547.64,50.83
C0195,2024,30890.58,77781.96,35.78
C0196,2015,19913.61,10295.68,47.10
C0196,2016,31065.15,42404.59,72.58
C0196,2017,43249.29,17106.82,89.56
C0196,2018,45123.12,87037.09,58.80
C0196,2019,2544.31,96954.13,33.66
C0196,2020,6997.53,35933.49,22.94
C0196,2021,1221.19,98941.95,86.06
C0196,2022,25129.67,76469.22,53.81
C0196,2023,22383.16,5117.22,70.16
C0196,2024,27744.28,51100.82,66.21
C0197,2015,34498.69,84239.56,82.36
C0197,2016,18923.40,55718.16,38.63
C0197,2017,11220.29,57246.27,50.92
C0197,2018,20346.20,47531.46,83.95
C0197,2019,1441.54,42528.69,60.99
C0197,2020,41642.89,7602.69,25.00
C0197,2021,19802.59,64064.64,33.61
C0197,2022,31516.63,77839.00,36.61
C0197,2023,16911.56,80066.90,89.56
C0197,2024,31125.81,64340.43,35.69
C0198,2015,27481.33,37421.34,80.88
C0198,2016,11219.41,7147.92,25.47
C0198,2017,31640.88,90099.06,32.72
C0198,2018,6371.50,45759.39,81.04
C0198,2019,24573.21,62111.67,82.93
C0198,2020,36274.02,23482.83,32.33
C0198,2021,27904.07,18485.79,36.09
C0198,2022,37567.28,13247.68,57.14
C0198,2023,14384.97,80882.69,23.69
C0198,2024,3392.11,66413.77,86.17
C0199,2015,3742.55,64010.13,45.35
C0199,2016,14167.55,92342.79,54.25
C0199,2017,20975.69,20077.66,27.35
C0199,2018,27337.76,21175.59,22.28
C0199,2019,38125.40,22999.57,52.75
C0199,2020,42140.86,45220.10,28.52
C0199,2021,34990.37,88051.06,64.12
C0199,2022,23697.24,88740.04,75.61
C0199,2023,13959.86,61105.83,22.22
C0199,2024,21962.31,67523.58,62.86
C0200,2015,14396.41,90287.42,77.09
C0200,2016,31598.67,64300.80,50.76
C0200,2017,41092.14,26830.97,87.18
C0200,2018,26391.25,71966.84,27.78
C0200,2019,3246.13,78139.62,42.61
C0200,2020,47047.68,65357.74,36.11
C0200,2021,15419.92,30989.10,89.73
C0200,2022,45811.01,42992.20,40.59
C0200,2023,40840.35,49706.28,47.15
C0200,2024,21243.13,18803.35,79.33
C0201,2015,3778.48,47961.21,85.10
C0201,2016,47437.49,20313.76,85.64
C0201,2017,33293.63,52447.92,59.07
C0201,2018,13233.05,9827.02,66.43
C0201,2019,27143.27,95110.49,44.44
C0201,2020,32133.15,28402.76,62.50
C0201,2021,12106.31,49366.36,41.19
C0201,2022,5583.48,8111.46,72.22
C0201,2023,14105.81,23308.54,41.50
C0201,2024,3332.53,70858.27,81.56
C0202,2015,4429.34,15621.06,30.04
C0202,2016,8672.67,64674.17,60.03
C0202,2017,8761.91,5196.54,56.45
C0202,2018,13149.63,49175.89,38.46
C0202,2019,46934.03,73527.65,21.96
C0202,2020,29215.18,92997.82,30.40
C0202,2021,21702.75,51819.44,87.76
C0202,2022,28626.18,84850.58,85.89
C0202,2023,1279.87,81246.18,28.35
C0202,2024,44842.60,33098.22,46.24
C0203,2015,27083.34,88099.69,52.56
C0203,2016,23130.88,65826.88,53.47
C0203,2017,47138.50,14897.54,40.92
C0203,2018,36790.00,94215.72,83.91
C0203,2019,17533.62,21784.29,83.59
C0203,2020,46871.72,49684.29,21.32
C0203,2021,42747.88,49304.71,65.50
C0203,2022,47772.15,64397.48,25.21
C0203,2023,5714.97,68170.89,61.82
C0203,2024,47808.96,27126.24,80.68
C0204,2015,27601.26,38482.04,65.47
C0204,2016,33938.54,18736.07,52.82
C0204,2017,11399.71,16971.49,87.05
C0204,2018,7879.67,83381.40,72.26
C0204,2019,4889.99,76318.53,37.45
C0204,2020,21693.34,47054.93,47.09
C0204,2021,11846.12,14111.38,73.19
C0204,2022,4999.52,47742.57,21.35
C0204,2023,47798.24,32973.29,24.48
C0204,2024,36936.18,78902.33,80.16
C0205,2015,26374.87,14180.74,23.01
C0205,2016,37424.03,47880.01,67.50
C0205,2017,30961.45,61181.77,42.32
C0205,2018,9723.60,98643.90,77.81
C0205,2019,32038.39,13512.77,79.31
C0205,2020,34369.60,15826.24,86.73
C0205,2021,12636.07,98864.67,26.69
C0205,2022,16687.09,43534.39,49.60
C0205,2023,19781.73,75652.86,60.18
C0205,2024,30524.79,79430.16,84.12
C0206,2015,7213.59,34883.14,38.66
C0206,2016,37430.43,25358.52,25.01
C0206,2017,17955.19,31228.66,34.12
C0206,2018,34896.86,77617.38,54.69
C0206,2019,46711.48,84845.55,67.67
C0206,2020,43623.86,71452.97,68.35
C0206,2021,37141.48,46916.62,25.23
C0206,2022,10473.02,29943.53,73.30
C0206,2023,36871.64,45398.66,66.22
C0206,2024,32153.68,91880.03,48.53
C0207,2015,38854.79,87003.58,59.98
C0207,2016,43571.88,35720.74,73.74
C0207,2017,16262.28,36154.38,38.35
C0207,2018,32570.90,79097.53,85.80
C0207,2019,14481.77,45524.53,29.64
C0207,2020,17967.96,59408.67,83.16
C0207,2021,26511.58,45120.19,71.86
C0207,2022,22274.01,28022.19,66.24
C0207,2023,30430.90,22941.11,25.80
C0207,2024,38179.31,18256.46,84.33
C0208,2015,30645.98,6085.16,40.67
C0208,2016,48520.22,31658.56,72.19
C0208,2017,37167.88,21283.82,81.94
C0208,2018,49265.58,29505.29,37.10
C0208,2019,37428.60,12201.38,84.02
C0208,2020,25888.02,37448.14,62.84
C0208,2021,21139.28,54396.07,66.13
C0208,2022,37047.36,94734.28,84.02
C0208,2023,34669.10,37971.84,56.87
C0208,2024,33769.47,7947.18,50.85
C0209,2015,36367.41,39424.62,64.33
C0209,2016,43736.43,82636.31,58.78
C0209,2017,12160.26,37313.99,24.30
C0209,2018,28679.84,32714.41,32.63
C0209,2019,30561.76,92304.54,20.95
C0209,2020,15349.99,33236.78,27.57
C0209,2021,49409.53,97174.86,71.09
C0209,2022,39491.36,84100.40,20.33
C0209,2023,16742.04,70003.74,41.31
C0209,2024,18563.28,61841.00,51.45
C0210,2015,36194.65,26354.16,85.65
C0210,2016,1563.18,74387.85,42.89
C0210,2017,23737.98,37978.12,74.82
C0210,2018,17812.44,51136.01,48.61
C0210,2019,42846.15,14886.53,26.89
C0210,2020,39773.45,33134.64,26.92
C0210,2021,17272.75,55266.35,50.27
C0210,2022,43375.05,49463.92,24.05
C0210,2023,45766.40,37633.75,60.01
C0210,2024,28070.48,49833.35,54.56
C0211,2015,8802.61,75767.98,69.18
C0211,2016,38746.08,48635.93,32.99
C0211,2017,16647.87,53084.86,61.51
C0211,2018,26836.79,71608.88,32.22
C0211,2019,3233.84,84953.41,70.56
C0211,2020,25504.43,55052.06,41.50
C0211,2021,19632.96,95076.68,63.01
C0211,2022,34617.20,38577.51,81.79
C0211,2023,2998.40,28992.72,54.18
C0211,2024,31622.33,70843.54,33.46
C0212,2015,38825.85,21696.22,82.03
C0212,2016,1626.13,90496.95,45.10
C0212,2017,37748.20,41724.55,71.12
C0212,2018,7380.00,71324.12,42.41
C0212,2019,35204.75,59167.43,40.88
C0212,2020,23308.54,10167.13,64.94
C0212,2021,28047.57,72362.48,30.94
C0212,2022,17530.02,80050.45,80.69
C0212,2023,13027.85,98334.88,47.13
C0212,2024,4481.32,44532.13,21.35
C0213,2015,43369.81,52778.50,41.38
C0213,2016,30911.03,88112.40,74.95
C0213,2017,49157.16,30573.74,80.16
C0213,2018,42672.14,22968.55,59.75
C0213,2019,43612.03,17626.48,40.59
C0213,2020,30294.63,97933.96,56.95
C0213,2021,4966.19,30684.13,78.55
C0213,2022,45756.42,76952.48,42.12
C0213,2023,6776.43,47718.38,46.98
C0213,2024,26340.15,27854.66,57.78
C0214,2015,42985.93,91766.71,82.10
C0214,2016,24147.99,49061.71,60.75
C0214,2017,9117.85,58765.76,34.53
C0214,2018,19286.65,26136.88,26.24
C0214,2019,49430.98,35794.47,26.65
C0214,2020,49988.20,76030.32,86.52
C0214,2021,35830.91,37589.25,77.57
C0214,2022,44511.62,53066.06,73.61
C0214,2023,3166.13,15863.77,54.75
C0214,2024,14522.61,85756.31,67.08
C0215,2015,19079.02,75070.25,28.91
C0215,2016,1587.88,77270.76,63.46
C0215,2017,19471.12,21927.59,76.75
C0215,2018,5558.55,52039.83,24.35
C0215,2019,26353.06,7616.42,40.73
C0215,2020,1216.55,34933.46,27.72
C0215,2021,14252.04,38061.85,38.22
C0215,2022,43447.89,91800.57,74.08
C0215,2023,11439.84,99314.37,43.24
C0215,2024,4177.33,63685.86,68.28
C0216,2015,13236.81,54093.03,74.13
C0216,2016,41550.38,46808.45,77.16
C0216,2017,29772.18,6738.14,81.14
C0216,2018,29717.64,81011.07,61.83
C0216,2019,1028.13,68823.46,39.64
C0216,2020,24135.41,66682.15,30.54
C0216,2021,14015.28,81859.12,55.26
C0216,2022,17474.24,93165.15,27.25
C0216,2023,30335.65,42005.35,83.75
C0216,2024,43842.65,45508.28,50.97
C0217,2015,9901.19,97638.20,81.11
C0217,2016,38642.88,68120.36,69.65
C0217,2017,3396.21,85878.35,80.01
C0217,2018,17009.73,26049.11,81.88
C0217,2019,11726.72,35122.14,23.73
C0217,2020,45863.62,42202.50,70.77
C0217,2021,9721.90,35108.65,35.86
C0217,2022,29352.96,89003.47,89.25
C0217,2023,9074.38,53593.47,74.49
C0217,2024,24200.70,95596.48,20.26
C0218,2015,21256.60,35525.63,84.92
C0218,2016,3026.50,8538.24,40.46
C0218,2017,41467.51,18115.83,49.17
C0218,2018,39225.52,25621.69,62.86
C0218,2019,14615.06,65797.12,84.14
C0218,2020,31085.76,22203.35,84.91
C0218,2021,18770.81,41242.36,59.44
C0218,2022,38692.13,80561.75,42.17
C0218,2023,34931.74,16852.11,39.54
C0218,2024,5432.88,12645.61,45.51
C0219,2015,42365.22,56297.17,32.64
C0219,2016,9791.88,71316.56,66.89
C0219,2017,9531.38,91540.55,56.95
C0219,2018,36953.60,67887.78,74.14
C0219,2019,9979.30,94886.99,26.59
C0219,2020,6997.45,28229.97,47.99
C0219,2021,17443.56,37473.02,36.79
C0219,2022,42096.91,84734.42,57.46
C0219,2023,9663.63,82050.11,52.78
C0219,2024,17614.58,68164.58,51.47
C0220,2015,15026.44,53072.31,42.10
C0220,2016,18446.98,6682.58,70.88
C0220,2017,35999.32,31642.18,53.71
C0220,2018,20867.81,20042.06,34.16
C0220,2019,38219.26,9861.61,58.32
C0220,2020,32379.75,78727.57,61.77
C0220,2021,18693.86,17474.65,21.50
C0220,2022,22179.80,38954.22,34.26
C0220,2023,35477.51,97858.40,36.97
C0220,2024,27203.02,43869.58,37.37
C0221,2015,43548.67,18443.11,36.72
C0221,2016,46725.99,70527.43,39.01
C0221,2017,36167.66,81944.46,38.39
C0221,2018,49471.15,31519.32,81.88
C0221,2019,30230.30,81888.35,42.38
C0221,2020,2951.71,30794.50,44.48
C0221,2021,25737.75,70845.62,38.63
C0221,2022,12270.45,16856.34,87.73
C0221,2023,17351.95,45643.18,57.48
C0221,2024,25013.43,54446.92,62.74
C0222,2015,15457.49,73901.94,71.48
C0222,2016,16171.46,66752.96,43.36
C0222,2017,20698.80,86067.57,87.81
C0222,2018,15036.41,22507.65,30.66
C0222,2019,9305.55,67818.42,52.05
C0222,2020,38512.45,17136.26,30.18
C0222,2021,20365.38,50417.59,75.33
C0222,2022,41756.11,54832.97,27.51
C0222,2023,44253.13,7590.03,58.77
C0222,2024,37797.21,11683.89,27.34
C0223,2015,20436.98,84730.82,51.69
C0223,2016,36344.78,32244.89,39.62
C0223,2017,8605.80,37883.79,83.23
C0223,2018,33394.67,65838.59,23.72
C0223,2019,20895.57,25967.89,65.50
C0223,2020,33126.58,23321.95,68.67
C0223,2021,37984.74,45046.40,82.23
C0223,2022,28571.64,10604.69,81.44
C0223,2023,32481.45,92112.17,88.39
C0223,2024,11462.87,94310.34,37.77
C0224,2015,30042.28,47579.02,39.24
C0224,2016,23563.24,24877.74,47.81
C0224,2017,21974.59,49704.59,57.63
C0224,2018,21105.47,14493.65,45.70
C0224,2019,16235.28,42790.75,71.82
C0224,2020,15961.40,11998.23,20.60
C0224,2021,35285.61,72085.74,21.24
C0224,2022,28332.19,31192.79,70.12
C0224,2023,2467.65,54462.65,81.82
C0224,2024,3377.74,6286.24,74.36
C0225,2015,28935.83,54840.46,28.20
C0225,2016,42467.89,5310.45,85.45
C0225,2017,3154.91,92893.26,56.53
C0225,2018,25853.14,52610.00,71.96
C0225,2019,42705.63,14506.32,34.07
C0225,2020,1217.95,37400.20,58.42
C0225,2021,14513.90,9376.38,43.10
C0225,2022,46076.09,55435.07,88.23
C0225,2023,4992.01,16622.61,53.19
C0225,2024,30742.83,49945.21,72.89
C0226,2015,25861.70,34023.25,62.23
C0226,2016,8432.29,77350.42,26.60
C0226,2017,3081.86,50814.25,58.00
C0226,2018,25626.77,85577.60,57.82
C0226,2019,37021.38,94428.10,70.10
C0226,2020,9684.90,97104.86,42.53
C0226,2021,34874.67,29718.65,80.25
C0226,2022,27772.78,77919.03,63.58
C0226,2023,18534.47,46620.53,22.75
C0226,2024,33557.09,45486.45,69.48
C0227,2015,10406.86,87481.89,83.49
C0227,2016,23389.63,18838.55,67.82
C0227,2017,27915.94,50391.98,46.60
C0227,2018,23476.08,61323.91,61.35
C0227,2019,20477.57,11281.73,32.00
C0227,2020,37304.77,87128.85,62.09
C0227,2021,33148.95,34862.22,55.07
C0227,2022,32333.64,67397.87,21.83
C0227,2023,44698.23,93167.60,42.53
C0227,2024,49681.53,73376.70,33.39
C0228,2015,28793.02,89171.00,47.35
C0228,2016,18065.13,11606.74,36.93
C0228,2017,39164.89,51809.79,78.40
C0228,2018,7962.85,58659.05,68.84
C0228,2019,26132.55,70458.69,71.81
C0228,2020,26700.92,16101.53,45.26
C0228,2021,49189.93,67394.98,20.24
C0228,2022,49559.33,18869.39,35.34
C0228,2023,40161.49,11423.22,72.87
C0228,2024,24177.77,49585.32,62.20
C0229,2015,27814.06,62035.65,57.70
C0229,2016,16667.34,96021.17,39.64
C0229,2017,41662.44,71369.42,25.30
C0229,2018,37580.76,61182.12,74.94
C0229,2019,38799.84,25383.67,22.71
C0229,2020,7795.14,19444.21,24.14
C0229,2021,20533.06,62690.96,40.65
C0229,2022,27330.23,26180.16,60.11
C0229,2023,7108.24,72127.48,89.46
C0229,2024,19062.53,15875.32,26.34
C0230,2015,5284.19,37265.40,53.12
C0230,2016,47983.22,78443.24,62.12
C0230,2017,37811.90,83948.52,77.62
C0230,2018,31416.66,37797.87,68.27
C0230,2019,11037.97,24638.39,76.54
C0230,2020,17372.24,96028.99,56.57
C0230,2021,8079.76,77302.22,50.38
C0230,2022,27269.86,81670.63,63.31
C0230,2023,41205.28,26161.41,83.06
C0230,2024,1932.79,45321.67,58.56
C0231,2015,6062.12,11479.83,62.39
C0231,2016,12238.14,15392.95,43.66
C0231,2017,35989.27,25991.11,61.73
C0231,2018,44805.01,33807.29,63.94
C0231,2019,37897.60,99732.56,72.74
C0231,2020,26722.43,45098.41,60.05
C0231,2021,6150.51,71298.20,33.83
C0231,2022,37990.80,90922.48,60.73
C0231,2023,6176.35,28375.40,40.85
C0231,2024,18036.80,18748.61,26.11
C0232,2015,16091.58,28109.53,77.78
C0232,2016,18601.95,88830.06,24.63
C0232,2017,17146.92,68240.17,64.22
C0232,2018,38689.81,47876.84,89.19
C0232,2019,9414.46,82926.86,26.13
C0232,2020,42446.46,27489.01,35.41
C0232,2021,43054.75,27721.66,73.26
C0232,2022,25055.37,58885.91,26.78
C0232,2023,6201.29,80055.96,78.29
C0232,2024,29194.95,29658.06,20.02
C0233,2015,41225.64,24953.26,82.30
C0233,2016,15184.20,50027.60,24.68
C0233,2017,42049.62,17749.45,84.54
C0233,2018,34169.02,76042.12,80.52
C0233,2019,49375.08,59846.44,57.77
C0233,2020,41410.86,53691.41,74.46
C0233,2021,10873.52,87865.02,25.24
C0233,2022,23001.20,74593.37,29.46
C0233,2023,6071.91,19180.63,45.85
C0233,2024,4413.86,44941.02,57.62
C0234,2015,35596.66,35520.70,80.77
C0234,2016,45733.66,81196.60,57.99
C0234,2017,48705.20,73308.49,66.56
C0234,2018,14252.85,49840.96,67.59
C0234,2019,10886.80,83246.42,81.43
C0234,2020,28450.77,43956.38,74.37
C0234,2021,10842.14,81337.44,88.39
C0234,2022,15499.45,8047.12,21.40
C0234,2023,42024.09,17788.80,34.55
C0234,2024,40712.68,76817.57,85.13
C0235,2015,44858.59,15866.98,75.46
C0235,2016,24629.93,69957.30,38.72
C0235,2017,28640.20,73739.51,88.20
C0235,2018,38758.89,67908.56,80.89
C0235,2019,12724.01,82732.05,24.53
C0235,2020,41331.59,53603.62,76.79
C0235,2021,1860.32,90218.52,74.91
C0235,2022,40085.33,59102.14,35.48
C0235,2023,39019.49,53247.93,66.85
C0235,2024,15787.22,53391.79,87.92
C0236,2015,36667.71,91647.81,67.31
C0236,2016,11485.69,28151.12,76.96
C0236,2017,29235.40,71028.37,26.96
C0236,2018,35328.75,28048.50,70.92
C0236,2019,36020.25,13756.62,34.33
C0236,2020,49163.82,95605.67,25.03
C0236,2021,9918.28,17323.91,58.65
C0236,2022,24559.13,70188.36,72.54
C0236,2023,44125.12,45333.08,58.27
C0236,2024,28514.12,84524.63,85.21
C0237,2015,43943.06,78454.21,68.70
C0237,2016,22268.88,18658.00,28.23
C0237,2017,39972.22,49442.59,85.42
C0237,2018,43632.42,7615.57,30.70
C0237,2019,42475.53,45804.73,73.08
C0237,2020,43696.89,71520.50,30.40
C0237,2021,11758.18,27054.84,89.90
C0237,2022,22510.22,81953.17,43.25
C0237,2023,9554.02,10050.66,54.72
C0237,2024,9846.52,8283.80,52.68
C0238,2015,24903.54,7607.99,27.13
C0238,2016,48044.30,31602.55,54.58
C0238,2017,30003.65,49375.05,30.47
C0238,2018,42838.41,15207.47,76.14
C0238,2019,46922.02,99690.64,87.08
C0238,2020,5242.19,99958.30,76.56
C0238,2021,8941.14,54381.22,50.17
C0238,2022,15251.25,58960.91,20.17
C0238,2023,31222.08,93046.80,22.57
C0238,2024,4024.73,78130.31,54.65
C0239,2015,39546.07,20955.03,67.56
C0239,2016,4125.65,80286.45,77.37
C0239,2017,8763.16,26939.33,61.97
C0239,2018,19703.69,45873.54,88.48
C0239,2019,28328.27,55588.28,54.56
C0239,2020,44193.73,73114.93,62.00
C0239,2021,48222.76,19264.28,36.11
C0239,2022,44347.46,12236.14,43.78
C0239,2023,6245.19,87281.72,67.82
C0239,2024,31930.24,83545.29,62.11
C0240,2015,22644.01,54710.21,45.88
C0240,2016,7163.82,67924.56,27.84
C0240,2017,28200.51,73333.63,43.98
C0240,2018,18476.26,50270.48,23.09
C0240,2019,17943.60,29436.90,60.65
C0240,2020,5627.81,50732.28,42.61
C0240,2021,48963.80,95325.81,46.59
C0240,2022,36572.04,84594.09,60.26
C0240,2023,14736.38,49227.01,60.69
C0240,2024,45956.28,26430.01,61.18
C0241,2015,47456.27,89513.37,54.41
C0241,2016,40708.37,65632.90,54.17
C0241,2017,33306.44,43450.30,77.49
C0241,2018,19442.45,15607.47,52.73
C0241,2019,22282.98,76417.55,57.52
C0241,2020,23295.55,35112.38,89.18
C0241,2021,47489.37,62599.06,32.67
C0241,2022,38246.60,59113.64,70.85
C0241,2023,15308.70,71464.19,53.12
C0241,2024,31607.39,56074.01,78.14
C0242,2015,30101.13,64889.10,48.28
C0242,2016,40794.22,12746.53,41.21
C0242,2017,5670.11,68201.47,34.55
C0242,2018,35362.31,23448.14,81.06
C0242,2019,17227.32,42238.17,70.28
C0242,2020,7351.97,53690.78,25.38
C0242,2021,36856.89,70253.33,69.94
C0242,2022,17250.66,75530.60,22.45
C0242,2023,36776.06,71967.65,32.71
C0242,2024,8959.41,14035.02,61.50
C0243,2015,49310.46,41755.88,52.45
C0243,2016,40366.99,31663.18,78.83
C0243,2017,15168.44,42850.04,62.55
C0243,2018,37285.69,66452.95,87.55
C0243,2019,7654.19,23327.47,79.86
C0243,2020,33018.44,52699.44,43.82
C0243,2021,3922.21,89062.80,78.39
C0243,2022,17335.99,74457.05,80.90
C0243,2023,48944.66,73909.69,87.88
C0243,2024,6925.10,85628.06,20.88
C0244,2015,30273.78,42928.27,81.23
C0244,2016,4459.66,77150.87,24.89
C0244,2017,33800.66,10576.92,56.97
C0244,2018,14654.45,10360.56,49.03
C0244,2019,16188.80,36520.87,84.39
C0244,2020,17552.32,23700.46,48.36
C0244,2021,11052.68,54261.17,61.72
C0244,2022,47141.21,22404.23,68.43
C0244,2023,45385.76,97679.52,21.33
C0244,2024,43630.75,85854.99,61.37
C0245,2015,6215.83,98340.70,56.26
C0245,2016,12438.80,81737.49,61.58
C0245,2017,30999.07,95355.42,25.30
C0245,2018,48548.18,39970.00,23.89
C0245,2019,30636.05,52300.98,32.43
C0245,2020,17027.99,27780.41,80.87
C0245,2021,41052.80,65401.58,44.95
C0245,2022,7636.10,79881.88,50.38
C0245,2023,44205.35,52380.51,47.31
C0245,2024,48759.16,33155.42,70.01
C0246,2015,48414.98,53228.86,38.16
C0246,2016,8237.13,10975.05,24.79
C0246,2017,27930.77,73506.35,46.47
C0246,2018,29661.03,47902.66,70.95
C0246,2019,10551.01,90332.25,84.05
C0246,2020,27792.09,92708.78,23.56
C0246,2021,32680.34,16922.96,76.73
C0246,2022,17119.13,99630.54,24.63
C0246,2023,16468.36,97133.14,43.15
C0246,2024,3951.69,64577.48,21.56
C0247,2015,47884.45,83417.53,83.81
C0247,2016,40377.18,6751.51,69.48
C0247,2017,38213.01,97186.63,45.84
C0247,2018,2067.17,48349.82,46.42
C0247,2019,31591.15,91421.52,64.79
C0247,2020,9850.80,41586.86,26.28
C0247,2021,33424.16,79876.76,30.15
C0247,2022,31436.62,44704.86,79.31
C0247,2023,42744.34,39457.13,34.16
C0247,2024,13516.27,94943.70,70.87
C0248,2015,2345.63,71415.60,35.81
C0248,2016,45791.43,84807.70,26.17
C0248,2017,45523.17,56619.02,83.00
C0248,2018,23337.12,92243.13,83.12
C0248,2019,4826.31,75296.24,62.37
C0248,2020,25400.48,11855.93,52.34
C0248,2021,26676.70,77852.72,58.69
C0248,2022,41264.55,6777.49,48.57
C0248,2023,36137.97,83761.55,73.00
C0248,2024,4469.42,36527.27,72.82
C0249,2015,35561.54,61837.05,77.33
C0249,2016,7651.23,76190.82,56.60
C0249,2017,5384.13,65511.67,76.09
C0249,2018,20531.75,68875.17,30.90
C0249,2019,4790.82,89803.25,22.11
C0249,2020,41634.18,40527.34,65.36
C0249,2021,23693.33,56978.79,27.38
C0249,2022,29763.18,21618.23,58.55
C0249,2023,29266.36,49416.59,70.48
C0249,2024,48927.38,19253.46,48.50
C0250,2015,45873.34,65190.63,23.07
C0250,2016,42607.27,35803.88,82.10
C0250,2017,19780.19,86606.38,23.03
C0250,2018,8109.89,37639.87,83.33
C0250,2019,30001.48,32249.22,23.68
C0250,2020,22575.49,51670.73,71.46
C0250,2021,12050.81,21656.23,84.74
C0250,2022,5786.91,24361.58,83.49
C0250,2023,22368.57,79398.88,82.54
C0250,2024,32892.52,52236.41,81.82
C0251,2015,31644.10,24602.48,55.73
C0251,2016,38922.15,7994.67,59.04
C0251,2017,23861.18,49315.36,63.38
C0251,2018,16760.34,75549.86,82.72
C0251,2019,27396.32,38363.06,78.67
C0251,2020,48775.30,28556.61,74.81
C0251,2021,3209.44,42656.06,67.30
C0251,2022,26904.62,96117.31,63.29
C0251,2023,17133.96,45200.40,84.57
C0251,2024,6162.16,29665.62,33.49
C0252,2015,22298.86,59078.04,33.49
C0252,2016,32417.04,82020.66,88.77
C0252,2017,26880.11,7121.57,58.72
C0252,2018,2429.65,58019.66,53.84
C0252,2019,29376.76,84449.68,79.54
C0252,2020,12368.13,25484.26,79.48
C0252,2021,17732.35,92559.88,32.36
C0252,2022,16298.03,59881.08,32.15
C0252,2023,43067.15,54089.01,75.67
C0252,2024,3331.08,96547.84,74.99
C0253,2015,18051.84,17316.91,35.76
C0253,2016,20346.00,75313.41,78.91
C0253,2017,31322.88,82764.27,53.60
C0253,2018,39659.28,51412.87,52.90
C0253,2019,36655.59,5615.19,89.00
C0253,2020,37878.48,54811.97,56.35
C0253,2021,10426.96,19583.63,29.59
C0253,2022,45675.13,58444.20,39.61
C0253,2023,21293.29,75168.77,43.36
C0253,2024,1544.34,55451.79,87.09
C0254,2015,33736.71,64926.19,38.48
C0254,2016,30596.14,14874.83,50.13
C0254,2017,7171.92,14219.34,72.47
C0254,2018,48033.51,85839.37,39.19
C0254,2019,28516.66,9686.34,69.11
C0254,2020,23993.94,32008.50,34.53
C0254,2021,20507.99,94081.18,36.98
C0254,2022,11282.72,48592.38,89.04
C0254,2023,47687.83,69081.17,45.83
C0254,2024,35405.77,26060.58,71.08
C0255,2015,28812.58,30698.72,78.80
C0255,2016,31928.81,53355.05,44.28
C0255,2017,42180.60,65619.50,45.00
C0255,2018,32150.29,96243.81,74.12
C0255,2019,6614.95,59569.90,62.49
C0255,2020,35167.46,14117.06,45.32
C0255,2021,28678.60,39857.34,72.47
C0255,2022,48350.86,28195.92,80.46
C0255,2023,36952.24,29168.12,36.45
C0255,2024,17856.14,53011.81,21.70
C0256,2015,7634.49,35083.31,39.19
C0256,2016,24631.75,32484.34,67.21
C0256,2017,34288.36,96961.80,84.07
C0256,2018,9686.50,60476.07,80.41
C0256,2019,32822.77,29868.99,35.55
C0256,2020,41454.98,31207.60,81.67
C0256,2021,8695.46,82047.67,76.75
C0256,2022,35583.50,89215.20,71.41
C0256,2023,4344.62,69507.96,68.18
C0256,2024,1389.55,45987.45,76.50
C0257,2015,2599.10,77634.53,80.32
C0257,2016,31943.72,94051.28,77.34
C0257,2017,48694.74,20789.05,28.53
C0257,2018,38797.24,86862.04,70.55
C0257,2019,13466.05,85638.15,78.89
C0257,2020,4512.75,39817.69,33.00
C0257,2021,31216.05,32719.68,34.97
C0257,2022,1158.22,58704.46,75.02
C0257,2023,39836.70,30867.91,44.08
C0257,2024,12912.91,18810.84,47.98
C0258,2015,15661.64,95542.50,46.40
C0258,2016,17854.97,51679.75,34.90
C0258,2017,38414.09,49864.33,85.72
C0258,2018,14021.35,16979.80,76.41
C0258,2019,14939.07,52894.52,37.54
C0258,2020,27508.60,75569.14,27.43
C0258,2021,23687.03,28564.40,46.08
C0258,2022,47822.91,40044.42,49.07
C0258,2023,13906.43,21996.95,20.50
C0258,2024,5502.67,38732.19,82.10
C0259,2015,27508.09,86821.75,79.59
C0259,2016,10041.46,27520.71,79.51
C0259,2017,21267.71,7806.45,76.41
C0259,2018,10172.70,55941.20,71.32
C0259,2019,44167.52,60051.76,64.42
C0259,2020,17045.03,36246.52,87.22
C0259,2021,38968.51,65949.03,69.82
C0259,2022,47481.57,8600.69,64.12
C0259,2023,47086.98,37354.51,75.22
C0259,2024,26715.25,18734.33,37.24
C0260,2015,49179.50,26831.58,87.70
C0260,2016,33140.92,41340.77,21.34
C0260,2017,7295.96,51874.01,65.39
C0260,2018,44530.47,13853.95,25.40
C0260,2019,23965.77,14625.32,79.73
C0260,2020,8482.02,69034.26,87.73
C0260,2021,39779.67,43392.58,48.60
C0260,2022,31595.75,21769.59,80.00
C0260,2023,44223.93,27317.12,43.50
C0260,2024,41538.80,73405.34,31.16
C0261,2015,16685.41,9917.09,39.37
C0261,2016,13559.41,53330.60,41.13
C0261,2017,36957.60,39230.52,64.15
C0261,2018,29092.33,82058.98,75.73
C0261,2019,4423.87,80060.17,34.37
C0261,2020,9900.25,70474.16,26.17
C0261,2021,8416.32,41554.46,35.52
C0261,2022,29900.05,64967.45,40.76
C0261,2023,5202.35,65785.63,39.59
C0261,2024,11177.35,36558.99,35.40
C0262,2015,27723.45,88597.61,52.62
C0262,2016,7519.78,98561.47,79.92
C0262,2017,13165.32,34871.80,27.02
C0262,2018,45432.76,81116.59,80.34
C0262,2019,35158.76,52586.29,54.79
C0262,2020,16037.19,49046.98,66.23
C0262,2021,43990.40,41723.48,77.08
C0262,2022,13263.96,32742.40,41.30
C0262,2023,29865.05,92353.25,86.80
C0262,2024,19056.22,75377.43,25.86
C0263,2015,37855.32,46866.78,56.94
C0263,2016,19207.78,76398.64,37.84
C0263,2017,13194.22,73266.97,48.56
C0263,2018,30777.53,30397.06,51.42
C0263,2019,37521.68,21732.57,84.02
C0263,2020,27281.82,84448.42,50.91
C0263,2021,36098.13,82083.59,68.86
C0263,2022,21678.79,99701.95,86.62
C0263,2023,39976.86,6839.51,54.62
C0263,2024,29666.21,56336.17,48.58
C0264,2015,10616.25,71625.66,88.11
C0264,2016,44646.83,60341.31,77.94
C0264,2017,42004.37,72491.99,85.78
C0264,2018,48231.70,18039.82,47.81
C0264,2019,28881.42,5144.02,68.74
C0264,2020,34111.31,13838.05,37.47
C0264,2021,43315.38,41105.68,80.61
C0264,2022,3576.98,36248.66,85.32
C0264,2023,45698.03,88030.30,38.75
C0264,2024,14287.01,12935.00,27.35
C0265,2015,3795.14,47057.08,34.05
C0265,2016,12642.74,95993.13,64.30
C0265,2017,29731.64,52775.86,39.05
C0265,2018,3344.50,17578.01,64.70
C0265,2019,1037.47,32670.38,44.51
C0265,2020,32328.77,64545.19,84.18
C0265,2021,23215.98,6139.00,51.68
C0265,2022,42372.18,96969.53,54.83
C0265,2023,13619.82,58862.80,44.36
C0265,2024,14754.67,71893.22,25.11
C0266,2015,4799.77,52401.31,54.55
C0266,2016,27387.07,96002.80,74.21
C0266,2017,18929.32,60976.00,86.71
C0266,2018,17645.68,67888.45,25.36
C0266,2019,23424.00,86779.57,75.82
C0266,2020,42634.68,86847.88,38.69
C0266,2021,6154.24,7676.28,77.60
C0266,2022,26656.09,31913.58,43.94
C0266,2023,10625.32,28400.22,28.01
C0266,2024,11407.17,5631.27,62.84
C0267,2015,13580.03,88294.34,82.57
C0267,2016,23510.68,35128.31,32.71
C0267,2017,25225.60,37960.51,21.53
C0267,2018,43704.05,14464.13,81.87
C0267,2019,44713.49,99023.52,68.85
C0267,2020,29746.55,83493.86,76.61
C0267,2021,14788.80,59326.92,24.19
C0267,2022,41103.41,78333.38,82.33
C0267,2023,39851.22,78825.74,49.34
C0267,2024,40099.72,67389.47,82.83
C0268,2015,1802.01,21531.06,24.54
C0268,2016,37939.33,73429.91,81.94
C0268,2017,42783.25,59113.65,67.14
C0268,2018,30646.61,73786.83,58.80
C0268,2019,37810.97,56628.06,24.32
C0268,2020,39032.34,95852.02,68.19
C0268,2021,25822.59,64567.42,61.84
C0268,2022,40867.42,59499.64,70.84
C0268,2023,39822.26,85064.88,70.17
C0268,2024,45889.11,41027.47,51.06
C0269,2015,46147.31,35000.40,34.33
C0269,2016,26956.01,52801.04,84.33
C0269,2017,2543.20,60524.41,84.79
C0269,2018,1936.24,25945.80,34.84
C0269,2019,47007.41,69816.74,64.15
C0269,2020,17530.69,81225.60,34.20
C0269,2021,19499.13,59845.38,80.29
C0269,2022,24025.49,54681.54,26.87
C0269,2023,14024.15,32991.01,89.31
C0269,2024,29930.30,91410.39,62.76
C0270,2015,39446.40,76677.47,21.60
C0270,2016,13609.74,50627.25,81.73
C0270,2017,37410.00,67615.16,67.91
C0270,2018,33928.94,37003.54,68.81
C0270,2019,26753.59,10682.66,39.25
C0270,2020,16946.66,24373.12,43.58
C0270,2021,43765.95,12551.37,84.01
C0270,2022,20737.01,53276.69,64.45
C0270,2023,19358.49,64096.04,21.19
C0270,2024,32427.17,41142.40,42.92
C0271,2015,46096.25,55364.65,61.90
C0271,2016,25892.88,13116.31,30.36
C0271,2017,36411.84,78146.05,26.88
C0271,2018,23387.27,8114.29,24.16
C0271,2019,11721.57,65270.43,64.14
C0271,2020,7073.66,46167.92,42.44
C0271,2021,7680.00,22461.36,46.16
C0271,2022,2044.96,54690.31,24.20
C0271,2023,28092.21,79190.08,71.66
C0271,2024,7424.19,44284.63,73.67
C0272,2015,43419.22,39932.36,78.06
C0272,2016,49161.98,18533.74,65.62
C0272,2017,25297.57,61484.72,74.13
C0272,2018,23034.02,83661.30,60.41
C0272,2019,18055.55,58327.45,54.41
C0272,2020,32263.32,20683.32,38.19
C0272,2021,30793.33,67816.64,23.74
C0272,2022,17825.72,7863.47,40.43
C0272,2023,17815.17,84615.13,67.85
C0272,2024,32595.39,92542.04,84.88
C0273,2015,28172.76,61718.47,37.93
C0273,2016,36209.22,88769.10,66.89
C0273,2017,47128.23,13028.03,53.48
C0273,2018,39199.99,26692.73,63.93
C0273,2019,15912.94,35139.76,20.11
C0273,2020,38197.00,78450.84,28.59
C0273,2021,23051.20,51002.79,35.19
C0273,2022,39105.16,38093.01,82.54
C0273,2023,44441.99,20016.62,22.84
C0273,2024,13247.03,82011.08,59.87
C0274,2015,12693.61,6949.72,85.00
C0274,2016,22198.62,37040.69,65.64
C0274,2017,3525.16,28063.68,53.91
C0274,2018,34598.61,17255.98,47.02
C0274,2019,37735.35,21343.94,63.69
C0274,2020,17926.07,51910.72,53.63
C0274,2021,23798.98,45475.37,69.38
C0274,2022,29927.47,54245.07,63.24
C0274,2023,4606.29,74123.94,59.72
C0274,2024,35853.58,89771.23,86.98
C0275,2015,26808.38,16253.90,78.50
C0275,2016,31588.85,12854.40,62.62
C0275,2017,36467.70,35433.69,57.71
C0275,2018,34102.38,56898.61,70.68
C0275,2019,5670.76,14489.30,76.27
C0275,2020,39347.01,73017.32,40.67
C0275,2021,30892.28,57828.95,66.69
C0275,2022,36029.16,76103.82,29.46
C0275,2023,13813.58,39001.81,50.13
C0275,2024,11849.93,43104.17,85.69
C0276,2015,41478.52,81719.30,42.84
C0276,2016,20129.07,30365.90,30.80
C0276,2017,29191.99,41234.61,30.23
C0276,2018,28028.18,6281.84,47.56
C0276,2019,29673.17,57755.47,35.76
C0276,2020,4405.81,85889.06,49.88
C0276,2021,15821.21,7649.67,70.32
C0276,2022,4257.55,63310.02,82.17
C0276,2023,24527.89,85317.61,27.71
C0276,2024,45202.84,51923.53,73.79
C0277,2015,20069.63,34737.06,27.24
C0277,2016,39340.04,99675.46,46.56
C0277,2017,15075.07,11158.97,89.76
C0277,2018,42957.02,24990.23,24.81
C0277,2019,21555.65,89098.24,21.60
C0277,2020,18405.65,33244.15,43.36
C0277,2021,35176.50,82885.43,86.58
C0277,2022,26125.11,36654.12,21.40
C0277,2023,17528.68,82138.19,35.59
C0277,2024,3846.52,70144.23,62.22
C0278,2015,9165.33,49509.63,36.36
C0278,2016,38843.86,54679.81,23.77
C0278,2017,46115.85,21877.66,23.67
C0278,2018,9273.08,16008.98,59.14
C0278,2019,28902.62,73109.57,59.33
C0278,2020,2674.51,85614.45,69.45
C0278,2021,15251.33,73587.23,29.22
C0278,2022,22990.61,91722.15,54.99
C0278,2023,37058.02,89557.45,62.07
C0278,2024,3161.28,78927.79,35.57
C0279,2015,39280.30,90322.06,58.31
C0279,2016,10929.74,20886.24,69.58
C0279,2017,38217.06,74479.30,89.36
C0279,2018,31648.07,76599.28,61.75
C0279,2019,17639.22,19627.77,80.28
C0279,2020,36463.82,91410.41,78.36
C0279,2021,12579.81,5834.60,85.82
C0279,2022,11766.67,46287.47,70.61
C0279,2023,4025.49,7040.51,34.92
C0279,2024,20260.78,54719.00,40.87
C0280,2015,5787.62,44154.83,74.93
C0280,2016,21555.54,64190.88,56.46
C0280,2017,1480.38,77812.19,37.59
C0280,2018,8599.08,78014.65,65.97
C0280,2019,46686.23,73611.05,83.46
C0280,2020,39982.53,14678.36,45.04
C0280,2021,12572.02,44656.66,61.74
C0280,2022,36196.31,82515.30,60.71
C0280,2023,33755.61,67158.52,28.89
C0280,2024,9669.36,69697.65,26.32
C0281,2015,19181.87,26557.97,82.26
C0281,2016,45771.58,35880.69,85.35
C0281,2017,37197.18,95802.07,83.30
C0281,2018,38257.11,85457.90,47.77
C0281,2019,28630.42,20667.56,40.13
C0281,2020,33611.45,56745.84,85.95
C0281,2021,25928.19,51598.19,81.80
C0281,2022,37303.80,47147.69,77.39
C0281,2023,36903.65,49708.29,43.39
C0281,2024,2523.08,66074.41,64.71
C0282,2015,31956.95,96879.19,72.53
C0282,2016,31860.87,88155.91,60.33
C0282,2017,4298.68,88137.01,62.14
C0282,2018,21108.68,71820.79,72.97
C0282,2019,45040.67,6670.83,73.68
C0282,2020,47718.50,46843.75,36.80
C0282,2021,39328.34,53556.99,47.35
C0282,2022,8422.09,85036.67,74.68
C0282,2023,19361.28,92670.00,38.30
C0282,2024,9945.11,47896.86,84.09
C0283,2015,32954.67,33543.67,78.72
C0283,2016,38884.08,37048.70,82.68
C0283,2017,44304.52,59972.91,40.81
C0283,2018,43171.78,31122.34,27.36
C0283,2019,5861.29,91520.18,27.04
C0283,2020,7158.03,44771.94,58.91
C0283,2021,45573.92,99056.10,41.39
C0283,2022,42345.44,15403.95,38.45
C0283,2023,23558.53,22848.53,35.57
C0283,2024,22072.55,53601.12,59.35
C0284,2015,28087.18,87489.01,58.37
C0284,2016,30235.16,38625.55,49.56
C0284,2017,13456.61,84559.45,29.69
C0284,2018,20783.35,45418.00,85.02
C0284,2019,31364.96,86034.24,49.96
C0284,2020,11107.10,31355.99,28.65
C0284,2021,49942.83,49829.72,22.60
C0284,2022,14864.03,31479.48,30.68
C0284,2023,28068.35,25446.23,40.80
C0284,2024,28153.82,45008.84,64.11
C0285,2015,23122.78,36797.14,87.97
C0285,2016,12835.63,79778.96,39.04
C0285,2017,28702.30,76025.66,75.29
C0285,2018,5459.71,39062.57,83.80
C0285,2019,19959.38,99266.03,47.41
C0285,2020,11988.36,97514.59,37.73
C0285,2021,7084.71,92194.18,54.37
C0285,2022,46348.66,60718.26,82.77
C0285,2023,35297.20,44169.52,20.77
C0285,2024,9272.62,34737.18,54.06
C0286,2015,47520.40,6428.05,73.03
C0286,2016,11583.61,65021.64,62.08
C0286,2017,12545.05,57550.38,54.81
C0286,2018,7530.25,64837.79,58.75
C0286,2019,36664.80,59715.72,63.35
C0286,2020,28972.90,18083.01,67.75
C0286,2021,3854.31,71061.04,44.93
C0286,2022,2239.70,39241.40,56.22
C0286,2023,27100.31,54048.01,39.15
C0286,2024,32925.03,39737.11,88.88
C0287,2015,41320.81,7089.99,33.11
C0287,2016,24435.37,88272.61,30.55
C0287,2017,34149.99,19129.68,38.82
C0287,2018,36949.13,60306.44,84.40
C0287,2019,31039.58,88897.45,66.12
C0287,2020,18258.60,26026.28,51.91
C0287,2021,7462.88,44141.40,84.78
C0287,2022,32729.39,40884.54,83.01
C0287,2023,38666.12,13475.95,48.11
C0287,2024,10301.53,45234.14,59.45
C0288,2015,25248.47,50550.46,83.38
C0288,2016,20465.02,7526.75,42.36
C0288,2017,11079.45,51373.66,48.53
C0288,2018,13020.34,13913.86,75.51
C0288,2019,12646.03,89783.95,68.90
C0288,2020,21527.62,66764.99,23.41
C0288,2021,20132.63,10360.56,28.22
C0288,2022,28154.76,83569.09,79.24
C0288,2023,5567.32,39351.95,22.08
C0288,2024,29481.27,26433.63,84.40
C0289,2015,2070.46,29122.52,39.02
C0289,2016,13611.38,61783.27,61.89
C0289,2017,25604.76,12747.53,59.52
C0289,2018,34659.88,10580.79,47.74
C0289,2019,38792.02,64613.74,22.20
C0289,2020,2742.50,98281.40,33.47
C0289,2021,27336.86,50925.70,63.05
C0289,2022,18367.39,44261.92,51.25
C0289,2023,35050.54,94983.78,48.97
C0289,2024,14905.21,27894.11,26.84
C0290,2015,37442.46,27851.40,44.30
C0290,2016,30509.61,90986.03,56.85
C0290,2017,39693.95,66458.46,25.44
C0290,2018,49235.30,10109.46,24.67
C0290,2019,45520.71,69027.85,54.41
C0290,2020,30071.22,82903.00,59.29
C0290,2021,44794.35,31025.57,38.03
C0290,2022,8501.40,41374.82,42.80
C0290,2023,3108.72,23779.28,75.78
C0290,2024,27123.53,65167.90,80.85
C0291,2015,48744.12,68098.51,42.77
C0291,2016,35777.09,11510.90,44.90
C0291,2017,15951.98,69381.94,78.12
C0291,2018,33769.80,67553.19,88.17
C0291,2019,2955.48,8337.77,42.44
C0291,2020,24060.36,57760.16,75.21
C0291,2021,12625.53,63324.15,53.58
C0291,2022,3410.71,45864.79,38.46
C0291,2023,13245.61,90625.13,67.72
C0291,2024,36400.56,36195.09,52.38
C0292,2015,28008.25,11381.95,38.77
C0292,2016,2148.31,68826.03,27.51
C0292,2017,21077.15,62495.92,80.69
C0292,2018,37856.38,98960.56,81.51
C0292,2019,47775.63,26974.29,25.25
C0292,2020,43843.52,42571.97,66.44
C0292,2021,1074.47,48812.08,31.38
C0292,2022,11716.40,86843.25,65.24
C0292,2023,11179.11,44383.96,83.53
C0292,2024,21241.64,78354.09,38.22
C0293,2015,32641.97,19909.56,44.36
C0293,2016,8500.38,43929.52,75.66
C0293,2017,45868.26,19722.86,71.48
C0293,2018,39078.73,95219.49,48.61
C0293,2019,21547.26,21886.94,79.40
C0293,2020,29615.68,44811.91,84.44
C0293,2021,27548.30,12814.77,51.69
C0293,2022,29529.27,92531.43,22.76
C0293,2023,43145.65,64262.78,55.66
C0293,2024,10805.86,96433.34,71.78
C0294,2015,34501.98,9015.81,35.40
C0294,2016,6244.61,21622.96,26.96
C0294,2017,23499.03,41104.64,39.97
C0294,2018,32156.10,64029.19,20.81
C0294,2019,1612.58,36304.18,70.08
C0294,2020,6295.25,72628.03,30.22
C0294,2021,5472.07,20687.31,70.66
C0294,2022,19359.94,62060.47,36.42
C0294,2023,31478.44,42806.79,89.44
C0294,2024,49802.29,53282.89,57.23
C0295,2015,13449.87,59115.14,22.89
C0295,2016,7662.02,10690.11,74.09
C0295,2017,21323.37,92782.30,48.71
C0295,2018,8152.80,79678.72,62.51
C0295,2019,2202.68,47033.30,86.58
C0295,2020,28633.99,57009.60,56.21
C0295,2021,44099.05,8090.88,76.31
C0295,2022,43181.66,52305.00,41.20
C0295,2023,5938.64,45500.01,70.02
C0295,2024,8226.37,40576.10,26.95
C0296,2015,25064.93,82458.45,82.53
C0296,2016,19018.11,22282.82,33.98
C0296,2017,35450.65,21749.47,41.14
C0296,2018,25252.11,54559.39,87.07
C0296,2019,1985.79,70278.66,30.86
C0296,2020,14943.64,7131.85,37.81
C0296,2021,45173.10,56854.85,60.61
C0296,2022,26063.93,33376.42,88.65
C0296,2023,40099.49,76903.74,68.40
C0296,2024,20712.51,49542.83,27.99
C0297,2015,34171.22,84237.15,72.37
C0297,2016,9281.16,42712.72,49.84
C0297,2017,37090.13,83573.51,89.46
C0297,2018,39542.47,73068.17,64.01
C0297,2019,5416.87,83684.45,57.24
C0297,2020,9982.23,82179.94,59.01
C0297,2021,23681.57,51204.62,64.91
C0297,2022,32234.40,39968.68,71.23
C0297,2023,32237.08,77688.76,25.48
C0297,2024,33741.95,39344.79,29.15
C0298,2015,36006.35,13492.67,41.03
C0298,2016,25782.57,86590.24,53.46
C0298,2017,29167.92,42733.83,41.77
C0298,2018,1411.90,17597.38,34.97
C0298,2019,9163.43,66415.30,84.75
C0298,2020,25429.64,89528.46,22.28
C0298,2021,37534.06,86791.72,85.71
C0298,2022,40637.32,57672.45,83.51
C0298,2023,36718.24,13366.76,67.86
C0298,2024,24833.73,71177.29,22.28
C0299,2015,14782.60,62838.73,35.77
C0299,2016,22791.09,24964.09,88.54
C0299,2017,1455.45,90551.32,83.42
C0299,2018,30300.01,13233.44,87.52
C0299,2019,4653.78,40438.63,89.73
C0299,2020,8124.11,13980.64,24.47
C0299,2021,31672.85,91634.76,59.96
C0299,2022,1654.08,8361.49,78.39
C0299,2023,29104.21,45447.65,42.38
C0299,2024,32280.62,86868.98,50.49
C0300,2015,39625.48,28881.32,39.86
C0300,2016,4333.50,14976.17,22.67
C0300,2017,1143.65,17065.41,25.09
C0300,2018,38576.04,43468.83,21.50
C0300,2019,15212.64,45715.28,56.91
C0300,2020,44473.06,73217.31,63.29
C0300,2021,10063.46,27603.22,41.54
C0300,2022,29689.78,71674.77,77.83
C0300,2023,6361.07,99902.72,82.16
C0300,2024,20731.82,87103.83,29.78
C0301,2015,44221.16,65379.56,23.63
C0301,2016,30809.03,94291.69,42.36
C0301,2017,34791.23,99155.37,69.91
C0301,2018,12072.55,59176.02,55.52
C0301,2019,46214.80,30994.86,54.17
C0301,2020,31550.64,91923.41,30.67
C0301,2021,6188.39,85198.50,44.60
C0301,2022,1762.06,13038.07,87.12
C0301,2023,1780.20,93955.60,43.84
C0301,2024,3509.38,39790.88,61.40
C0302,2015,45669.18,35598.16,24.08
C0302,2016,18560.56,37610.59,24.47
C0302,2017,15613.39,35401.74,49.70
C0302,2018,21410.74,54022.39,62.29
C0302,2019,21069.01,60078.50,46.06
C0302,2020,12686.17,45435.37,32.53
C0302,2021,5499.57,44195.00,71.52
C0302,2022,6322.70,75044.81,29.80
C0302,2023,30360.25,5287.62,66.76
C0302,2024,20444.92,94954.21,86.97
C0303,2015,45220.31,72871.20,52.94
C0303,2016,23723.10,72188.99,34.03
C0303,2017,25671.09,45086.52,78.94
C0303,2018,46484.00,96749.75,55.38
C0303,2019,25580.40,5030.71,84.63
C0303,2020,25597.12,12265.73,70.44
C0303,2021,18794.99,81386.11,50.14
C0303,2022,35810.18,75176.58,63.22
C0303,2023,20219.16,30778.77,31.90
C0303,2024,29827.79,61502.19,47.11
C0304,2015,22922.37,55545.02,61.57
C0304,2016,26908.50,55075.90,61.30
C0304,2017,41524.34,61578.32,61.11
C0304,2018,21272.92,99404.85,72.05
C0304,2019,12273.81,98797.77,27.40
C0304,2020,28945.70,98259.76,25.16
C0304,2021,46937.93,57125.02,30.36
C0304,2022,34967.39,35218.92,75.47
C0304,2023,16109.80,58210.45,24.54
C0304,2024,48186.70,64155.41,35.77
C0305,2015,17793.13,34586.62,37.83
C0305,2016,49179.45,65113.71,65.31
C0305,2017,10407.50,64089.46,48.11
C0305,2018,49982.83,90829.78,33.93
C0305,2019,4719.38,27572.35,51.47
C0305,2020,35948.75,71272.93,67.98
C0305,2021,37281.64,47822.33,75.02
C0305,2022,34299.16,17341.99,28.67
C0305,2023,39102.73,35037.35,70.03
C0305,2024,24119.81,10441.32,20.32
C0306,2015,3651.58,35336.62,70.70
C0306,2016,18529.91,11556.30,66.27
C0306,2017,32473.41,92917.28,52.81
C0306,2018,32666.11,14665.87,29.58
C0306,2019,10564.50,82647.43,73.52
C0306,2020,13397.26,91082.01,25.02
C0306,2021,24848.21,49428.70,82.69
C0306,2022,36701.92,10122.99,74.14
C0306,2023,42787.11,61599.64,71.87
C0306,2024,5237.76,27303.00,72.81
C0307,2015,46355.38,21782.55,24.73
C0307,2016,46458.85,58842.57,89.30
C0307,2017,1388.75,38856.33,80.10
C0307,2018,25814.07,74385.96,55.56
C0307,2019,29770.07,61168.85,70.36
C0307,2020,28131.96,83787.42,71.75
C0307,2021,31172.81,10546.66,78.08
C0307,2022,25664.21,27317.31,37.88
C0307,2023,15396.54,58864.02,46.04
C0307,2024,5689.51,88640.68,75.98
C0308,2015,11210.59,82276.01,73.83
C0308,2016,37272.50,69555.48,56.58
C0308,2017,12812.11,59536.84,47.73
C0308,2018,41655.81,64988.63,87.79
C0308,2019,20770.93,25292.74,49.05
C0308,2020,21309.32,61543.35,73.48
C0308,2021,43556.44,51907.35,48.88
C0308,2022,11500.15,41521.28,41.69
C0308,2023,10291.34,89334.40,64.87
C0308,2024,49284.91,83794.49,76.53
C0309,2015,27489.62,12289.89,88.70
C0309,2016,10335.51,98644.30,30.42
C0309,2017,9124.44,26848.50,81.33
C0309,2018,43221.58,25457.24,56.69
C0309,2019,30392.45,94662.54,27.54
C0309,2020,6636.87,47256.23,75.61
C0309,2021,44458.50,81509.65,43.21
C0309,2022,22751.35,32379.22,80.78
C0309,2023,49478.51,87951.26,31.05
C0309,2024,14806.26,84068.95,69.78
C0310,2015,26912.04,54350.47,41.06
C0310,2016,9481.91,71980.32,38.01
C0310,2017,22545.59,96582.68,23.52
C0310,2018,9650.34,47944.32,53.73
C0310,2019,16054.32,51949.46,47.41
C0310,2020,14223.42,73666.36,24.32
C0310,2021,14871.60,41710.52,35.86
C0310,2022,48521.49,96316.82,54.11
C0310,2023,2883.88,8841.40,76.58
C0310,2024,25346.21,43320.90,85.06
C0311,2015,31833.04,72815.85,56.07
C0311,2016,33377.31,45791.16,48.23
C0311,2017,37972.74,29628.62,86.83
C0311,2018,38287.31,44278.14,87.40
C0311,2019,47819.65,88744.10,33.33
C0311,2020,38027.73,56965.69,57.20
C0311,2021,41360.77,36835.47,77.46
C0311,2022,27083.46,68794.68,77.56
C0311,2023,33225.99,63125.28,67.95
C0311,2024,24428.09,58242.45,53.00
C0312,2015,14544.44,42159.94,48.26
C0312,2016,16355.77,11859.03,76.45
C0312,2017,18666.10,63969.49,35.80
C0312,2018,17691.52,44879.93,49.99
C0312,2019,27124.89,45732.59,59.68
C0312,2020,13133.95,27237.64,78.22
C0312,2021,26315.46,28694.90,46.17
C0312,2022,45895.82,79808.82,58.41
C0312,2023,20892.23,50539.66,39.54
C0312,2024,11909.66,15383.30,78.58
C0313,2015,17995.94,9355.84,74.99
C0313,2016,43967.48,26347.97,77.41
C0313,2017,47143.20,51306.97,24.02
C0313,2018,44447.66,63638.76,54.08
C0313,2019,15080.03,18649.48,29.51
C0313,2020,20004.43,46216.61,67.16
C0313,2021,48771.76,11892.46,41.80
C0313,2022,16868.76,8583.96,74.22
C0313,2023,7755.13,87018.05,24.56
C0313,2024,14822.62,67541.75,55.93
C0314,2015,48234.90,79203.91,28.66
C0314,2016,21377.90,22278.36,59.05
C0314,2017,46760.22,35604.98,62.51
C0314,2018,6100.03,47160.17,52.35
C0314,2019,38536.72,67513.26,39.58
C0314,2020,5573.83,55810.16,22.26
C0314,2021,10677.29,57388.44,66.35
C0314,2022,31189.01,19909.57,80.93
C0314,2023,22289.43,50104.77,71.36
C0314,2024,33667.04,83260.84,82.51
C0315,2015,48696.91,53398.78,85.07
C0315,2016,3582.97,23975.47,51.47
C0315,2017,10389.71,44272.73,68.86
C0315,2018,32370.97,76706.82,47.82
C0315,2019,44929.80,17824.28,84.37
C0315,2020,40084.75,60144.02,59.41
C0315,2021,23813.54,96704.90,72.67
C0315,2022,37528.26,41128.68,21.02
C0315,2023,11196.78,9145.92,60.29
C0315,2024,1672.80,65144.88,71.94
C0316,2015,28930.82,9474.83,37.99
C0316,2016,40848.99,23202.54,21.01
C0316,2017,22238.73,9597.74,72.05
C0316,2018,28893.19,21211.81,43.67
C0316,2019,21686.88,86218.56,50.02
C0316,2020,26187.86,74810.88,59.34
C0316,2021,44332.97,37476.00,27.72
C0316,2022,24428.87,90228.09,27.25
C0316,2023,1366.30,68192.31,87.26
C0316,2024,40192.58,47535.93,43.72
C0317,2015,31268.15,11491.62,37.89
C0317,2016,36789.27,74418.53,23.34
C0317,2017,45153.27,40674.98,32.18
C0317,2018,15024.50,33768.76,50.16
C0317,2019,25650.43,32385.94,43.95
C0317,2020,30521.69,5732.38,49.72
C0317,2021,17924.17,75551.29,69.27
C0317,2022,42457.29,18804.48,64.93
C0317,2023,35180.74,54461.26,54.52
C0317,2024,36936.97,6527.73,77.04
C0318,2015,40592.36,64648.91,80.01
C0318,2016,13646.12,40101.77,61.36
C0318,2017,37536.45,64921.01,28.23
C0318,2018,38916.54,13540.02,48.43
C0318,2019,42277.23,30301.72,64.41
C0318,2020,24938.35,15479.15,24.40
C0318,2021,25705.29,66376.72,21.39
C0318,2022,5810.73,15312.58,86.38
C0318,2023,42753.93,63624.71,71.10
C0318,2024,27140.92,17795.59,30.72
C0319,2015,30127.30,94618.69,51.16
C0319,2016,6950.59,44556.16,33.55
C0319,2017,30489.30,17026.06,20.72
C0319,2018,3057.43,8971.99,47.42
C0319,2019,46237.23,36295.14,65.39
C0319,2020,43313.34,89681.71,86.79
C0319,2021,10521.55,18662.44,73.89
C0319,2022,30096.23,80129.05,36.11
C0319,2023,30532.26,44650.32,43.53
C0319,2024,40368.19,81278.15,56.44
C0320,2015,38089.10,88057.68,33.39
C0320,2016,49668.92,99792.67,78.31
C0320,2017,18191.19,11478.76,31.76
C0320,2018,7106.99,80648.62,40.30
C0320,2019,29100.11,11620.44,60.43
C0320,2020,38435.59,34905.31,28.63
C0320,2021,15003.87,66392.06,63.72
C0320,2022,12574.11,47492.40,86.10
C0320,2023,40320.28,58699.40,68.41
C0320,2024,37932.39,96788.25,76.89
C0321,2015,10966.21,82772.39,50.69
C0321,2016,43594.26,39548.61,45.57
C0321,2017,7601.74,61994.74,43.00
C0321,2018,6352.75,9605.89,66.23
C0321,2019,18204.25,48025.33,56.30
C0321,2020,44440.10,62797.67,53.06
C0321,2021,35076.57,72898.13,27.05
C0321,2022,20341.21,90644.14,67.14
C0321,2023,8705.30,31890.53,70.78
C0321,2024,35960.35,90706.19,33.73
C0322,2015,30358.21,67844.26,73.18
C0322,2016,49396.46,12376.34,81.56
C0322,2017,38512.41,41131.62,32.22
C0322,2018,6004.07,50276.54,51.64
C0322,2019,36682.54,38486.29,81.33
C0322,2020,13614.91,16014.27,54.11
C0322,2021,48132.89,57400.53,77.07
C0322,2022,1944.41,17516.58,35.10
C0322,2023,12679.18,91927.58,24.48
C0322,2024,25450.92,87199.04,24.16
C0323,2015,4874.35,50145.49,88.06
C0323,2016,17859.08,11436.12,31.53
C0323,2017,25364.51,57459.51,80.54
C0323,2018,22899.73,61262.49,42.10
C0323,2019,23568.68,89400.17,22.81
C0323,2020,44072.13,11414.16,36.87
C0323,2021,25759.25,70749.95,55.38
C0323,2022,47111.30,58466.46,27.47
C0323,2023,8238.85,21603.58,84.55
C0323,2024,14732.55,16564.68,82.99
C0324,2015,33169.27,70925.33,30.44
C0324,2016,14873.01,37282.98,71.60
C0324,2017,18016.53,99994.27,52.25
C0324,2018,45150.38,89930.30,88.75
C0324,2019,27389.40,58743.16,23.88
C0324,2020,17398.38,65964.50,52.97
C0324,2021,39058.88,20094.22,39.98
C0324,2022,4462.57,89930.45,70.85
C0324,2023,28619.47,48598.71,27.78
C0324,2024,5883.82,54528.63,63.97
C0325,2015,9665.69,87947.26,86.36
C0325,2016,4059.83,5593.78,51.77
C0325,2017,45182.47,51962.93,51.80
C0325,2018,3362.02,64542.83,54.70
C0325,2019,26304.41,20134.45,49.10
C0325,2020,12023.89,11488.54,51.32
C0325,2021,19795.84,55818.74,52.43
C0325,2022,25189.15,57015.26,89.86
C0325,2023,23052.95,36373.80,28.15
C0325,2024,37656.27,88811.97,39.97
C0326,2015,45682.28,33603.04,34.76
C0326,2016,15713.34,54065.55,58.09
C0326,2017,2202.48,22737.93,20.20
C0326,2018,44803.33,6060.23,84.48
C0326,2019,48960.42,45472.65,57.18
C0326,2020,22234.21,55060.10,82.73
C0326,2021,23333.65,77644.59,44.15
C0326,2022,8063.65,47633.34,30.50
C0326,2023,24300.65,31479.56,33.46
C0326,2024,15864.11,62402.48,52.95
C0327,2015,49724.62,41211.64,22.82
C0327,2016,10057.55,27175.35,74.73
C0327,2017,19550.75,91483.06,75.34
C0327,2018,31208.60,55985.63,69.14
C0327,2019,17911.05,24045.34,82.74
C0327,2020,24246.75,68736.58,58.46
C0327,2021,48700.70,81292.37,53.55
C0327,2022,25895.50,77060.71,57.04
C0327,2023,45605.70,61956.05,32.74
C0327,2024,3111.06,54364.06,55.86
C0328,2015,6871.10,78845.75,57.92
C0328,2016,47281.07,72271.61,73.52
C0328,2017,7307.82,59290.33,44.35
C0328,2018,37091.01,67483.45,26.46
C0328,2019,22854.18,21019.46,61.82
C0328,2020,20930.67,6893.69,75.16
C0328,2021,33301.79,93457.93,87.87
C0328,2022,36652.44,93852.05,26.32
C0328,2023,46666.49,79857.22,72.24
C0328,2024,13587.39,40368.90,61.71
C0329,2015,35205.94,19321.32,21.07
C0329,2016,17772.01,38946.55,70.28
C0329,2017,36162.88,73992.18,21.83
C0329,2018,7963.69,36844.00,74.97
C0329,2019,23419.58,80611.73,70.49
C0329,2020,9997.86,68936.26,68.15
C0329,2021,17485.87,64848.06,28.40
C0329,2022,36065.84,93372.50,84.33
C0329,2023,12434.14,89874.55,82.92
C0329,2024,34559.31,72608.22,83.02
C0330,2015,25301.07,23928.52,45.23
C0330,2016,5509.79,94197.80,54.45
C0330,2017,19948.04,26576.63,28.04
C0330,2018,43591.10,40395.40,23.58
C0330,2019,49475.25,83544.21,24.11
C0330,2020,19077.13,24822.43,59.81
C0330,2021,3688.86,65667.31,42.50
C0330,2022,7379.20,48494.46,60.57
C0330,2023,39619.27,64283.16,61.49
C0330,2024,33133.57,96014.82,83.49
C0331,2015,14965.59,81794.61,81.76
C0331,2016,20173.63,33103.15,70.30
C0331,2017,40746.36,10441.06,77.30
C0331,2018,21242.39,96869.21,20.22
C0331,2019,38032.89,60591.38,21.09
C0331,2020,15465.08,21444.99,52.10
C0331,2021,36515.78,64575.32,65.76
C0331,2022,23853.47,9010.56,75.59
C0331,2023,27722.36,22814.59,51.31
C0331,2024,30337.92,65099.89,85.81
C0332,2015,23078.16,43235.34,77.05
C0332,2016,23840.65,35883.71,27.19
C0332,2017,14019.72,67271.99,50.81
C0332,2018,49302.45,87308.33,89.64
C0332,2019,45384.94,69466.15,48.70
C0332,2020,26841.76,49026.84,47.04
C0332,2021,2696.84,67592.06,40.59
C0332,2022,9252.97,71086.96,54.05
C0332,2023,42842.83,78629.81,71.09
C0332,2024,46609.79,34169.60,23.32
C0333,2015,8903.31,15871.20,78.50
C0333,2016,36991.41,69778.61,84.23
C0333,2017,31528.14,16503.05,74.68
C0333,2018,15865.86,48891.39,84.09
C0333,2019,22368.48,26916.66,26.64
C0333,2020,34186.20,36546.75,51.51
C0333,2021,5963.50,49709.34,24.97
C0333,2022,10263.09,90136.78,78.58
C0333,2023,2632.43,69640.25,86.68
C0333,2024,45207.88,21305.49,40.84
C0334,2015,29120.91,88547.51,57.48
C0334,2016,26647.94,52551.59,40.84
C0334,2017,35605.79,24404.13,46.52
C0334,2018,49429.16,55106.63,53.36
C0334,2019,9439.63,23137.94,75.36
C0334,2020,7522.19,39895.88,30.29
C0334,2021,15444.75,81524.77,30.99
C0334,2022,45293.26,67568.48,34.13
C0334,2023,21161.57,50404.48,23.72
C0334,2024,39881.34,26511.74,65.04
C0335,2015,10943.48,31806.09,33.29
C0335,2016,25186.67,97932.46,50.63
C0335,2017,7246.06,37578.99,67.99
C0335,2018,21232.02,63532.12,51.43
C0335,2019,13851.82,52476.08,83.42
C0335,2020,27922.15,7194.89,73.84
C0335,2021,39239.90,94744.11,39.11
C0335,2022,46980.15,13353.28,29.13
C0335,2023,14908.30,67577.24,82.61
C0335,2024,37413.45,82047.30,47.78
C0336,2015,44394.02,76129.80,46.78
C0336,2016,7117.74,81878.78,76.70
C0336,2017,29710.68,75273.40,20.65
C0336,2018,30980.47,47329.36,51.58
C0336,2019,14346.87,90146.09,70.00
C0336,2020,2103.21,91681.90,79.41
C0336,2021,13578.44,46510.71,81.96
C0336,2022,29652.00,51053.75,52.60
C0336,2023,10625.69,51136.41,79.34
C0336,2024,15079.91,31495.77,22.50
C0337,2015,35688.20,15918.98,41.38
C0337,2016,20517.46,29888.05,20.73
C0337,2017,4205.84,85189.86,31.59
C0337,2018,20559.13,56590.34,70.73
C0337,2019,49988.68,85768.82,20.31
C0337,2020,13791.53,75790.38,56.61
C0337,2021,13997.57,38118.38,48.98
C0337,2022,9324.43,22604.69,28.60
C0337,2023,14310.23,58885.88,67.99
C0337,2024,29162.91,93906.39,68.52
C0338,2015,48265.50,84744.44,70.84
C0338,2016,30777.07,77564.37,73.57
C0338,2017,21082.53,77596.54,42.05
C0338,2018,20092.05,55136.56,89.59
C0338,2019,2187.07,21105.01,25.11
C0338,2020,1124.57,32126.73,65.34
C0338,2021,40062.48,59899.82,87.95
C0338,2022,25017.87,35053.58,35.70
C0338,2023,2627.26,79248.84,39.47
C0338,2024,15015.33,40455.59,60.32
C0339,2015,18477.41,15820.17,74.69
C0339,2016,39381.16,79341.71,43.03
C0339,2017,22284.95,71322.37,78.57
C0339,2018,39675.71,29049.90,36.87
C0339,2019,32052.97,98205.95,81.21
C0339,2020,2623.67,43303.00,37.71
C0339,2021,48465.75,69643.76,63.22
C0339,2022,9890.22,91492.60,45.05
C0339,2023,14505.36,19819.68,42.53
C0339,2024,40655.41,88507.07,44.78
C0340,2015,10302.15,71871.72,54.94
C0340,2016,20653.30,20918.46,79.15
C0340,2017,43384.57,68128.66,73.15
C0340,2018,32226.34,88084.68,51.45
C0340,2019,15801.95,80906.46,39.75
C0340,2020,32558.44,77257.66,79.80
C0340,2021,40818.60,20326.93,80.91
C0340,2022,20790.57,23109.29,51.76
C0340,2023,29012.06,57033.06,68.71
C0340,2024,49408.46,60113.87,45.85
C0341,2015,48263.58,94644.29,30.44
C0341,2016,25942.83,49524.73,42.50
C0341,2017,5710.92,33737.75,67.75
C0341,2018,35333.42,23123.43,73.86
C0341,2019,14162.42,10146.24,79.62
C0341,2020,33804.27,11522.09,21.24
C0341,2021,18236.02,59545.86,54.05
C0341,2022,36219.16,21744.89,39.17
C0341,2023,18998.81,85903.62,67.88
C0341,2024,47118.57,61664.82,37.17
C0342,2015,7696.97,87164.22,59.64
C0342,2016,4351.84,45608.87,69.84
C0342,2017,39278.76,61598.81,73.90
C0342,2018,20664.97,54915.69,38.86
C0342,2019,23813.20,98734.29,26.15
C0342,2020,46757.05,80697.89,35.31
C0342,2021,29906.12,61563.01,61.94
C0342,2022,33348.36,62625.67,22.83
C0342,2023,1953.83,28636.16,31.12
C0342,2024,33855.21,74801.53,89.68
C0343,2015,20029.29,98369.12,46.76
C0343,2016,23550.51,17295.97,54.76
C0343,2017,40594.46,65539.81,20.77
C0343,2018,26665.89,54198.73,61.43
C0343,2019,49356.67,85789.06,42.77
C0343,2020,40043.75,5004.45,57.11
C0343,2021,36700.99,17975.56,56.83
C0343,2022,29845.65,8521.91,87.72
C0343,2023,21207.44,20478.66,38.78
C0343,2024,3590.74,72253.95,59.93
C0344,2015,1906.30,18268.79,46.71
C0344,2016,3291.18,64121.45,49.54
C0344,2017,47982.98,87479.55,23.89
C0344,2018,16837.39,8289.24,68.19
C0344,2019,35329.86,7544.71,33.67
C0344,2020,30121.42,99035.59,52.79
C0344,2021,29011.72,68961.08,50.40
C0344,2022,29382.84,18366.05,52.77
C0344,2023,15812.50,34135.74,46.29
C0344,2024,44440.09,98575.49,36.97
C0345,2015,46041.11,26585.57,51.41
C0345,2016,32581.76,76518.52,23.24
C0345,2017,43333.51,27912.30,36.96
C0345,2018,3939.07,42854.42,74.94
C0345,2019,5919.17,88666.90,79.00
C0345,2020,28394.25,7701.70,70.07
C0345,2021,42478.84,34187.34,64.28
C0345,2022,16456.04,51283.31,76.79
C0345,2023,27854.74,64422.00,28.95
C0345,2024,1488.07,7682.96,56.77
C0346,2015,49344.87,44013.74,28.14
C0346,2016,38582.06,37707.28,74.45
C0346,2017,18709.54,7552.33,56.44
C0346,2018,49167.63,38759.93,76.70
C0346,2019,5528.97,93510.39,75.93
C0346,2020,23744.61,31089.70,52.63
C0346,2021,3883.71,60631.17,54.78
C0346,2022,17413.29,33319.09,21.98
C0346,2023,11748.84,15133.28,56.65
C0346,2024,16510.99,32523.73,67.42
C0347,2015,47423.06,49722.12,36.36
C0347,2016,21932.16,33139.80,89.06
C0347,2017,16918.18,64296.09,88.24
C0347,2018,32397.85,95163.43,39.80
C0347,2019,34485.09,11580.80,69.91
C0347,2020,49204.67,73115.41,22.10
C0347,2021,27756.83,5119.36,66.60
C0347,2022,37875.62,5097.04,63.68
C0347,2023,19726.09,17627.34,77.55
C0347,2024,9380.60,50593.40,41.31
C0348,2015,22061.94,9560.38,81.46
C0348,2016,21520.02,73604.42,80.06
C0348,2017,21610.06,7781.75,66.87
C0348,2018,35075.62,52066.02,53.06
C0348,2019,20891.17,69229.37,63.29
C0348,2020,47753.97,27567.31,71.10
C0348,2021,49154.73,60033.32,88.27
C0348,2022,26644.71,29869.23,28.52
C0348,2023,28363.76,25339.24,41.92
C0348,2024,20973.69,82746.99,74.65
C0349,2015,18424.09,36626.77,48.64
C0349,2016,49281.00,82328.06,67.07
C0349,2017,2992.19,25606.39,29.32
C0349,2018,21094.23,38807.23,69.64
C0349,2019,8415.68,14752.59,67.18
C0349,2020,36587.73,52167.54,61.01
C0349,2021,10527.84,41251.46,73.57
C0349,2022,44347.64,5565.88,81.61
C0349,2023,19349.42,49161.24,78.05
C0349,2024,45940.29,12069.39,28.93
C0350,2015,49341.56,84510.82,72.11
C0350,2016,38787.40,51900.85,51.48
C0350,2017,31534.74,70554.82,43.37
C0350,2018,8345.18,83007.92,81.58
C0350,2019,46719.96,9861.90,59.17
C0350,2020,39066.47,37033.79,55.09
C0350,2021,15114.24,7386.19,74.92
C0350,2022,23956.59,9714.53,58.73
C0350,2023,4315.59,8594.08,80.06
C0350,2024,33291.02,50401.12,27.20
C0351,2015,7137.97,47814.41,74.33
C0351,2016,32925.03,10817.84,31.47
C0351,2017,33906.13,29925.00,35.77
C0351,2018,16906.82,28226.66,32.56
C0351,2019,47484.47,33178.44,36.69
C0351,2020,39169.16,65872.43,71.23
C0351,2021,25339.95,71221.39,65.87
C0351,2022,46009.89,37211.79,36.08
C0351,2023,42936.32,79881.91,38.91
C0351,2024,34918.69,44696.72,26.95
C0352,2015,8495.30,54628.26,49.01
C0352,2016,25356.62,18827.21,46.50
C0352,2017,43356.72,27125.07,30.21
C0352,2018,30835.69,74117.75,78.42
C0352,2019,27730.06,97819.01,79.68
C0352,2020,47805.99,71942.09,27.63
C0352,2021,1810.86,10148.85,38.65
C0352,2022,1590.27,18574.68,71.53
C0352,2023,44748.21,47348.96,80.90
C0352,2024,2888.32,74594.42,25.02
C0353,2015,17294.64,20763.58,83.17
C0353,2016,46277.25,76328.01,24.31
C0353,2017,34866.48,57804.39,64.36
C0353,2018,32759.79,78581.60,21.55
C0353,2019,33192.92,57975.57,84.98
C0353,2020,16564.51,62239.70,44.76
C0353,2021,26996.15,28630.97,65.42
C0353,2022,31868.68,73418.03,32.92
C0353,2023,15980.05,85181.36,42.49
C0353,2024,39972.83,87772.63,72.31
C0354,2015,16765.67,7798.04,88.11
C0354,2016,4500.76,64336.79,89.44
C0354,2017,10871.27,99006.14,76.68
C0354,2018,21012.11,60756.99,79.30
C0354,2019,45494.74,21270.56,87.86
C0354,2020,21372.32,88372.77,22.82
C0354,2021,5400.39,30109.11,31.91
C0354,2022,10626.38,9276.28,23.69
C0354,2023,27678.91,45899.21,55.08
C0354,2024,9705.14,14525.91,87.09
C0355,2015,4133.78,15948.02,60.77
C0355,2016,36026.59,49012.47,58.88
C0355,2017,39433.02,63204.92,77.87
C0355,2018,42681.03,91012.25,85.03
C0355,2019,42352.77,71999.03,68.90
C0355,2020,19583.72,85047.30,82.68
C0355,2021,36989.03,44119.52,32.27
C0355,2022,29593.40,35266.21,55.24
C0355,2023,2144.85,61319.83,45.52
C0355,2024,20678.31,71072.46,43.28
C0356,2015,3591.07,58983.79,35.00
C0356,2016,5084.45,30129.52,82.58
C0356,2017,3744.12,40123.77,51.53
C0356,2018,48086.38,47588.95,57.12
C0356,2019,42365.85,6344.43,39.34
C0356,2020,22516.12,88584.68,87.40
C0356,2021,13151.88,53583.97,62.78
C0356,2022,4550.09,76347.84,20.05
C0356,2023,22128.62,21331.57,38.75
C0356,2024,30417.29,57881.15,89.95
C0357,2015,40058.06,92982.46,88.23
C0357,2016,3526.49,25356.29,58.12
C0357,2017,21475.63,37856.34,59.49
C0357,2018,48866.01,41890.70,83.11
C0357,2019,6915.31,41413.84,69.60
C0357,2020,20614.67,62059.15,85.26
C0357,2021,14477.71,42408.17,53.54
C0357,2022,7567.93,69035.18,88.31
C0357,2023,42108.34,51033.23,57.77
C0357,2024,35158.65,19974.46,65.14
C0358,2015,21166.27,95113.98,25.78
C0358,2016,19084.30,27754.05,62.81
C0358,2017,41559.69,58434.64,73.74
C0358,2018,5448.41,10765.93,50.75
C0358,2019,8194.83,92269.06,55.17
C0358,2020,45420.95,93159.63,47.53
C0358,2021,41043.13,39631.67,87.83
C0358,2022,38969.01,16493.12,53.36
C0358,2023,31574.82,78148.49,28.83
C0358,2024,15330.05,29914.00,22.02
C0359,2015,46804.54,71558.49,74.07
C0359,2016,25101.57,91939.08,58.34
C0359,2017,14750.36,61072.64,20.19
C0359,2018,18913.16,86817.56,46.78
C0359,2019,1825.21,26341.60,83.98
C0359,2020,13502.79,91490.92,86.34
C0359,2021,10209.85,26531.23,23.75
C0359,2022,7642.28,26451.01,28.64
C0359,2023,2574.86,88587.54,20.34
C0359,2024,12116.90,57715.83,80.81
C0360,2015,6072.42,80946.95,24.96
C0360,2016,3211.88,81236.43,27.55
C0360,2017,7728.79,66461.33,35.93
C0360,2018,10917.76,22962.00,84.21
C0360,2019,21382.15,70748.93,68.18
C0360,2020,29601.09,11045.29,63.18
C0360,2021,16791.03,24063.46,74.93
C0360,2022,7921.71,66076.62,68.53
C0360,2023,47075.87,91241.93,72.21
C0360,2024,26227.83,78310.82,25.16
C0361,2015,37352.14,36583.49,61.28
C0361,2016,35027.32,83251.67,72.72
C0361,2017,14959.94,96826.74,59.60
C0361,2018,28433.23,36535.28,20.83
C0361,2019,30506.04,22748.42,34.78
C0361,2020,18237.76,23763.87,87.40
C0361,2021,33867.56,43030.74,69.33
C0361,2022,39743.15,9970.72,68.20
C0361,2023,18846.32,51336.95,66.22
C0361,2024,1730.85,74568.36,28.95
C0362,2015,18117.46,55393.66,20.29
C0362,2016,6723.96,97154.77,50.85
C0362,2017,8624.79,48861.58,51.10
C0362,2018,18931.52,6259.59,76.83
C0362,2019,11173.43,49661.81,32.71
C0362,2020,46809.56,93338.80,39.26
C0362,2021,32987.34,14106.83,25.48
C0362,2022,26399.84,26181.91,47.99
C0362,2023,1476.49,72978.13,37.92
C0362,2024,6077.27,32939.57,38.40
C0363,2015,39635.41,77697.89,37.78
C0363,2016,20097.44,44835.80,36.21
C0363,2017,3229.17,80626.38,42.39
C0363,2018,41452.40,57395.63,57.57
C0363,2019,15829.65,12834.52,50.64
C0363,2020,19928.49,41682.94,24.44
C0363,2021,48744.08,36658.59,49.81
C0363,2022,1760.12,81957.71,79.24
C0363,2023,36344.90,64363.44,27.05
C0363,2024,47495.32,78853.08,86.11
C0364,2015,4129.12,40354.23,41.60
C0364,2016,43437.77,70715.61,21.02
C0364,2017,21395.84,11197.27,37.72
C0364,2018,44021.83,8488.73,24.88
C0364,2019,16105.46,32309.45,59.65
C0364,2020,49150.47,78501.42,42.14
C0364,2021,32705.42,55738.31,76.48
C0364,2022,31727.43,43838.07,71.28
C0364,2023,40489.27,90180.29,52.80
C0364,2024,22392.72,52249.35,59.24
C0365,2015,13674.81,63271.97,62.61
C0365,2016,13883.58,98653.72,38.95
C0365,2017,17199.58,54627.24,29.76
C0365,2018,31250.28,79432.75,46.36
C0365,2019,42081.10,44313.43,26.64
C0365,2020,25479.32,8452.34,42.04
C0365,2021,20768.96,84274.85,58.68
C0365,2022,39898.54,94718.44,57.81
C0365,2023,15193.73,46266.29,28.44
C0365,2024,34762.73,52845.45,20.58
C0366,2015,6184.46,45293.10,26.23
C0366,2016,6548.68,99706.05,22.53
C0366,2017,32558.72,90819.30,48.03
C0366,2018,5054.78,8904.64,47.28
C0366,2019,8597.51,79006.77,36.91
C0366,2020,31594.08,62079.49,35.08
C0366,2021,22471.98,7388.46,47.75
C0366,2022,28503.53,47247.67,26.06
C0366,2023,48870.20,19222.60,35.00
C0366,2024,31966.09,87939.54,48.40
C0367,2015,29951.69,6206.38,26.64
C0367,2016,19626.77,87945.05,78.86
C0367,2017,31913.00,94379.72,67.32
C0367,2018,1636.98,11933.52,46.82
C0367,2019,28308.69,73384.57,30.53
C0367,2020,4375.97,57144.76,33.59
C0367,2021,11788.44,95656.29,28.41
C0367,2022,28592.93,80824.22,31.21
C0367,2023,33729.58,70969.33,49.58
C0367,2024,19855.03,92923.42,37.20
C0368,2015,21530.02,20233.22,81.92
C0368,2016,25403.10,40716.20,87.27
C0368,2017,38194.66,85079.48,68.40
C0368,2018,1863.76,14650.62,76.61
C0368,2019,22906.33,93867.50,37.86
C0368,2020,1699.41,75789.77,66.55
C0368,2021,16637.95,46736.63,24.06
C0368,2022,26472.58,37178.53,87.22
C0368,2023,4916.04,19022.61,66.91
C0368,2024,24775.46,13898.98,42.18
C0369,2015,46304.12,45241.49,74.11
C0369,2016,34581.77,85094.36,21.11
C0369,2017,39330.38,55525.80,46.34
C0369,2018,29440.30,47859.13,82.70
C0369,2019,44921.59,35309.04,38.42
C0369,2020,8196.60,19910.24,66.75
C0369,2021,23039.52,99059.43,45.21
C0369,2022,30254.63,7444.60,47.47
C0369,2023,43800.29,34622.51,72.22
C0369,2024,16092.50,78091.05,83.71
C0370,2015,1055.27,54453.02,31.67
C0370,2016,48746.29,34816.22,39.38
C0370,2017,2272.89,99310.23,54.14
C0370,2018,8465.97,63821.12,62.97
C0370,2019,21680.27,33039.80,52.75
C0370,2020,25322.12,85555.55,76.39
C0370,2021,41888.83,19265.59,73.77
C0370,2022,22943.08,49039.54,48.37
C0370,2023,27824.03,84760.94,22.84
C0370,2024,10799.99,98447.51,33.61
C0371,2015,28888.78,41390.47,54.09
C0371,2016,18070.80,18120.42,84.93
C0371,2017,5837.88,58858.30,59.73
C0371,2018,47376.68,94679.34,57.13
C0371,2019,5002.53,68233.11,70.68
C0371,2020,34216.07,62205.16,30.66
C0371,2021,45501.46,34382.74,30.28
C0371,2022,9781.03,62602.28,44.18
C0371,2023,12618.77,89044.41,89.64
C0371,2024,21908.63,40674.97,81.32
C0372,2015,15430.99,27995.10,67.61
C0372,2016,38192.62,50690.97,47.38
C0372,2017,17569.52,40737.84,58.83
C0372,2018,49305.94,49642.97,41.25
C0372,2019,43080.57,14094.32,67.20
C0372,2020,44871.86,36939.95,49.32
C0372,2021,4119.55,83522.04,28.42
C0372,2022,9639.11,43030.51,35.06
C0372,2023,9299.05,96950.03,62.61
C0372,2024,33926.27,72340.26,68.62
C0373,2015,1583.66,39773.48,26.72
C0373,2016,40514.88,28908.05,76.58
C0373,2017,27805.25,70109.96,77.70
C0373,2018,28749.34,33732.42,70.62
C0373,2019,27329.48,93054.82,67.85
C0373,2020,27231.95,16051.91,36.23
C0373,2021,10696.42,7730.33,84.37
C0373,2022,14875.81,25997.54,38.80
C0373,2023,24893.26,62628.82,32.78
C0373,2024,34214.38,84321.39,64.70
C0374,2015,14325.73,21162.17,45.49
C0374,2016,40500.61,60548.67,85.31
C0374,2017,40719.07,18694.54,52.22
C0374,2018,14420.09,58501.97,31.46
C0374,2019,28443.17,6727.32,87.03
C0374,2020,18097.22,57991.67,56.08
C0374,2021,10343.60,54568.70,56.30
C0374,2022,40494.00,9070.55,47.01
C0374,2023,49582.58,70494.60,78.52
C0374,2024,28720.24,59364.18,40.14
C0375,2015,45783.39,64194.24,20.96
C0375,2016,32466.27,55328.52,54.81
C0375,2017,28720.46,73589.39,84.81
C0375,2018,24527.10,54875.37,39.13
C0375,2019,12550.03,92615.63,38.64
C0375,2020,5128.51,94633.39,71.67
C0375,2021,22674.46,74034.17,74.29
C0375,2022,28504.19,91617.39,50.49
C0375,2023,25963.03,92699.71,78.36
C0375,2024,35082.96,29889.85,32.04
C0376,2015,10412.84,99423.32,45.69
C0376,2016,18355.95,30406.50,48.30
C0376,2017,21362.80,6761.22,41.90
C0376,2018,10139.64,96411.37,35.24
C0376,2019,45416.75,26253.21,43.67
C0376,2020,34394.06,60491.48,21.26
C0376,2021,5501.25,97213.47,69.23
C0376,2022,35927.10,9697.79,67.88
C0376,2023,27841.59,30584.64,51.52
C0376,2024,26673.08,62838.28,42.60
C0377,2015,49499.50,77443.02,50.39
C0377,2016,31291.84,81699.81,85.56
C0377,2017,44939.68,88965.31,62.25
C0377,2018,45763.90,21001.42,71.20
C0377,2019,5969.51,40153.55,36.07
C0377,2020,1409.75,72854.15,26.63
C0377,2021,22328.08,72954.45,25.82
C0377,2022,38694.96,34265.19,53.04
C0377,2023,41385.60,33901.19,70.17
C0377,2024,39587.21,35460.99,74.19
C0378,2015,22917.11,89747.62,70.43
C0378,2016,37748.24,91403.52,83.89
C0378,2017,36220.05,6408.61,23.64
C0378,2018,16377.14,35876.56,79.87
C0378,2019,9267.31,42243.38,66.25
C0378,2020,31449.52,98326.62,32.29
C0378,2021,34177.23,94695.94,67.77
C0378,2022,28830.56,64690.89,55.82
C0378,2023,11445.80,9351.50,45.13
C0378,2024,14556.99,23165.62,37.36
C0379,2015,35715.83,46249.59,52.49
C0379,2016,48168.50,96108.38,36.74
C0379,2017,47296.94,13996.92,25.80
C0379,2018,26463.25,80178.47,79.23
C0379,2019,44441.41,23163.22,61.50
C0379,2020,2443.11,53245.86,45.46
C0379,2021,43196.45,77862.23,51.27
C0379,2022,24331.39,70787.06,80.54
C0379,2023,39294.84,78696.04,42.39
C0379,2024,1273.56,82291.31,46.61
C0380,2015,43559.48,34045.53,73.63
C0380,2016,30154.00,39582.91,34.04
C0380,2017,12771.29,82495.55,66.15
C0380,2018,18026.67,8671.10,50.40
C0380,2019,10832.64,53873.20,55.01
C0380,2020,21795.88,92438.44,75.08
C0380,2021,17170.30,89075.38,89.52
C0380,2022,27190.66,81408.87,78.21
C0380,2023,40924.44,7047.14,31.24
C0380,2024,49131.49,89330.27,35.72
C0381,2015,13321.42,91608.08,48.70
C0381,2016,6218.90,68048.66,70.35
C0381,2017,20387.70,33396.82,55.66
C0381,2018,8034.16,51543.10,83.13
C0381,2019,41877.77,77448.84,23.41
C0381,2020,25555.12,82237.72,38.10
C0381,2021,31378.16,37617.68,35.35
C0381,2022,8380.02,35976.38,72.09
C0381,2023,37730.83,74937.22,52.53
C0381,2024,48705.51,70203.81,21.05
C0382,2015,24636.88,53753.73,74.14
C0382,2016,48160.41,44924.74,45.33
C0382,2017,2701.09,67430.18,38.23
C0382,2018,2750.41,8081.17,32.79
C0382,2019,48040.63,12190.51,86.22
C0382,2020,35313.01,59443.24,85.94
C0382,2021,10245.80,24976.48,25.36
C0382,2022,18829.87,78604.48,36.29
C0382,2023,25879.90,78374.58,65.23
C0382,2024,35429.25,72446.40,66.93
C0383,2015,42259.30,90842.26,49.24
C0383,2016,5050.16,18379.32,59.80
C0383,2017,33172.13,29627.83,69.18
C0383,2018,24358.86,28968.43,86.54
C0383,2019,30283.49,79326.92,70.76
C0383,2020,25918.05,54527.74,27.72
C0383,2021,23083.96,29004.20,70.25
C0383,2022,11070.13,17960.58,24.74
C0383,2023,24144.46,89836.55,55.18
C0383,2024,10293.10,70752.26,56.88
C0384,2015,3185.96,55209.87,74.48
C0384,2016,19317.40,96719.73,20.81
C0384,2017,2222.83,85711.14,81.23
C0384,2018,28564.70,21921.53,66.47
C0384,2019,4547.23,53272.41,22.18
C0384,2020,22440.13,51177.47,31.20
C0384,2021,49027.00,85207.21,22.77
C0384,2022,1484.19,19163.37,73.62
C0384,2023,18975.87,47919.69,31.96
C0384,2024,33989.88,65471.35,23.19
C0385,2015,8786.93,94799.19,29.66
C0385,2016,28475.95,90430.17,59.17
C0385,2017,13651.33,55715.55,54.68
C0385,2018,11915.67,62638.48,37.24
C0385,2019,44854.19,85978.13,86.01
C0385,2020,10960.74,75716.89,79.84
C0385,2021,19451.03,88536.88,42.01
C0385,2022,9310.28,90113.41,53.22
C0385,2023,14910.50,84095.67,56.18
C0385,2024,15362.23,5890.93,72.93
C0386,2015,17011.88,34538.72,49.96
C0386,2016,32412.28,43334.11,58.25
C0386,2017,37387.04,69401.95,48.88
C0386,2018,26022.82,34151.79,73.40
C0386,2019,30913.32,35738.02,58.92
C0386,2020,40850.17,43019.29,77.94
C0386,2021,49978.47,95756.69,23.76
C0386,2022,23368.79,46530.00,83.30
C0386,2023,46885.29,18363.86,77.36
C0386,2024,25028.13,5603.80,77.30
C0387,2015,39317.99,27478.20,29.82
C0387,2016,29087.93,94187.03,38.44
C0387,2017,44317.92,95724.29,88.62
C0387,2018,22986.46,55255.13,86.52
C0387,2019,35094.94,66404.52,35.86
C0387,2020,23849.45,80612.21,50.30
C0387,2021,42994.34,10309.32,30.92
C0387,2022,49724.07,40559.19,38.38
C0387,2023,12922.43,66013.49,32.93
C0387,2024,24242.61,90334.08,25.67
C0388,2015,4981.58,74048.81,60.56
C0388,2016,7908.78,38255.84,36.85
C0388,2017,46528.36,91448.32,89.46
C0388,2018,27637.08,68138.85,56.08
C0388,2019,20360.68,83872.35,45.14
C0388,2020,33902.64,41623.22,83.92
C0388,2021,28447.90,5205.09,63.45
C0388,2022,15147.17,20786.02,28.90
C0388,2023,12104.11,93081.85,54.85
C0388,2024,29921.75,8146.78,50.88
C0389,2015,10225.01,61623.73,73.56
C0389,2016,7819.43,43867.11,68.56
C0389,2017,16600.99,45809.97,45.96
C0389,2018,43205.71,43077.74,52.86
C0389,2019,2804.15,11405.45,56.32
C0389,2020,41830.05,16621.40,49.57
C0389,2021,31427.72,10979.24,27.54
C0389,2022,2978.27,10121.25,83.38
C0389,2023,30499.91,13133.01,67.08
C0389,2024,21874.95,71178.63,52.88
C0390,2015,42215.25,15849.49,59.87
C0390,2016,45452.74,29841.84,34.92
C0390,2017,15038.16,67410.17,57.14
C0390,2018,39424.33,15665.24,72.22
C0390,2019,16180.34,91474.34,57.36
C0390,2020,15486.14,50361.00,53.65
C0390,2021,10439.28,96490.46,52.37
C0390,2022,34245.96,23288.52,73.31
C0390,2023,13822.59,7909.32,72.73
C0390,2024,23778.06,61076.73,72.50
C0391,2015,40794.28,36230.15,37.23
C0391,2016,39803.73,59377.10,63.25
C0391,2017,42916.69,49996.77,74.52
C0391,2018,8892.16,48429.84,59.33
C0391,2019,29757.75,85861.88,74.53
C0391,2020,45827.15,23224.23,79.81
C0391,2021,3060.45,52465.32,32.17
C0391,2022,39931.81,44520.40,41.44
C0391,2023,13065.62,69008.10,62.09
C0391,2024,33813.03,9762.60,40.28
C0392,2015,36152.85,55294.94,85.90
C0392,2016,46353.67,50461.36,33.59
C0392,2017,25931.17,97490.16,44.99
C0392,2018,42563.32,76803.07,89.60
C0392,2019,3220.58,19722.97,33.24
C0392,2020,21606.60,53375.37,51.42
C0392,2021,22536.43,79455.01,41.96
C0392,2022,27375.65,54834.09,76.69
C0392,2023,24585.68,38886.57,41.29
C0392,2024,48430.11,40782.26,31.30
C0393,2015,4848.44,39865.37,85.32
C0393,2016,13985.82,6895.68,42.22
C0393,2017,48462.81,74406.63,71.92
C0393,2018,22819.82,63033.96,40.34
C0393,2019,28986.72,30524.36,32.50
C0393,2020,4970.25,64852.22,76.17
C0393,2021,14918.49,34329.29,23.89
C0393,2022,2942.93,28121.23,43.24
C0393,2023,7737.74,75409.52,74.61
C0393,2024,32032.43,81865.41,55.85
C0394,2015,38417.50,64442.32,68.27
C0394,2016,43634.16,79493.93,24.68
C0394,2017,13321.75,39741.51,72.49
C0394,2018,17310.33,11821.36,32.04
C0394,2019,28900.52,62464.13,76.61
C0394,2020,5100.61,29317.74,59.49
C0394,2021,40529.19,78860.54,71.74
C0394,2022,24681.31,39020.22,34.90
C0394,2023,48309.87,68713.94,47.68
C0394,2024,6748.48,57522.28,76.14
C0395,2015,7531.23,82661.05,83.76
C0395,2016,18080.29,84069.02,35.86
C0395,2017,11131.35,11488.29,75.54
C0395,2018,35132.92,33035.99,27.60
C0395,2019,47393.71,87733.52,49.80
C0395,2020,5405.32,43379.01,85.71
C0395,2021,12869.58,53912.59,86.16
C0395,2022,12657.01,22417.66,40.77
C0395,2023,25944.58,57505.20,33.50
C0395,2024,23149.25,30138.42,30.46
C0396,2015,36616.44,83777.19,53.66
C0396,2016,36898.93,24023.25,26.45
C0396,2017,29064.97,39186.24,44.98
C0396,2018,29960.09,14032.03,21.19
C0396,2019,42273.50,60858.30,38.16
C0396,2020,20449.89,94487.35,83.02
C0396,2021,1604.80,21449.81,51.29
C0396,2022,11438.48,6875.03,25.16
C0396,2023,2732.74,45134.00,65.28
C0396,2024,20281.31,76099.44,86.89
C0397,2015,18533.95,97634.56,52.44
C0397,2016,5832.87,9871.51,63.70
C0397,2017,37996.25,79666.38,84.36
C0397,2018,28099.98,40024.04,49.34
C0397,2019,12059.38,19604.49,66.52
C0397,2020,38197.18,23268.99,50.85
C0397,2021,33728.63,92768.96,87.35
C0397,2022,10388.16,81888.97,55.27
C0397,2023,49161.53,34614.26,82.00
C0397,2024,9693.88,94318.08,55.50
C0398,2015,38813.31,14999.06,66.79
C0398,2016,48446.04,35640.96,47.03
C0398,2017,36549.61,67027.51,84.23
C0398,2018,33623.08,99944.81,65.29
C0398,2019,45262.75,49235.96,21.39
C0398,2020,14187.48,82017.91,21.09
C0398,2021,14580.63,92007.26,67.33
C0398,2022,32416.86,5914.70,28.00
C0398,2023,44224.75,32449.37,70.13
C0398,2024,31251.33,14534.18,42.54
C0399,2015,48875.39,78725.72,57.72
C0399,2016,11922.21,58869.79,32.21
C0399,2017,41468.10,14078.19,37.24
C0399,2018,46435.92,44968.82,50.58
C0399,2019,21923.12,53827.09,66.58
C0399,2020,48137.14,71286.39,30.90
C0399,2021,10905.23,79051.00,39.69
C0399,2022,47688.86,13347.86,34.49
C0399,2023,45237.59,51326.33,80.39
C0399,2024,4241.15,20306.73,65.36
C0400,2015,26545.25,76559.28,52.79
C0400,2016,26913.11,67478.54,86.29
C0400,2017,3791.70,73685.09,71.51
C0400,2018,2937.03,12124.45,85.26
C0400,2019,1249.74,53480.84,61.83
C0400,2020,26700.93,84855.16,29.66
C0400,2021,23726.96,72767.43,67.28
C0400,2022,47082.55,86866.06,34.10
C0400,2023,17773.01,24579.93,44.22
C0400,2024,33253.14,32255.56,55.67
C0401,2015,1370.61,46921.51,31.02
C0401,2016,33513.38,54709.43,21.45
C0401,2017,45759.54,28955.47,42.90
C0401,2018,18383.63,41217.55,77.70
C0401,2019,16388.80,70269.06,21.08
C0401,2020,31675.46,66311.23,27.66
C0401,2021,17099.05,15494.94,76.48
C0401,2022,20718.50,98641.75,41.41
C0401,2023,14382.71,58460.80,85.67
C0401,2024,17899.57,50938.43,46.62
C0402,2015,34291.12,96888.48,75.77
C0402,2016,46196.38,18331.30,38.12
C0402,2017,29572.66,56648.97,24.33
C0402,2018,1491.64,81482.37,81.71
C0402,2019,13930.74,42895.85,84.91
C0402,2020,47659.69,74948.95,69.57
C0402,2021,45605.77,90420.48,73.90
C0402,2022,6666.71,29857.04,20.50
C0402,2023,45512.44,27938.70,72.77
C0402,2024,48261.92,39265.13,53.05
C0403,2015,16904.02,44751.94,51.70
C0403,2016,35349.33,15549.22,57.80
C0403,2017,28439.14,26972.46,38.98
C0403,2018,17515.43,87956.66,68.74
C0403,2019,8513.45,58826.15,40.69
C0403,2020,18979.09,30442.93,59.10
C0403,2021,46462.03,94641.50,29.58
C0403,2022,40751.17,78559.55,67.26
C0403,2023,17203.05,39430.88,33.27
C0403,2024,27836.09,77717.07,31.93
C0404,2015,20892.12,61624.97,21.70
C0404,2016,23845.65,69962.75,28.53
C0404,2017,38299.32,35537.68,36.28
C0404,2018,27607.30,24902.07,35.56
C0404,2019,9871.18,29090.16,42.94
C0404,2020,14182.75,12954.77,23.81
C0404,2021,28821.90,49748.57,85.46
C0404,2022,34948.16,43592.16,28.34
C0404,2023,25897.90,5241.27,69.14
C0404,2024,31390.32,86354.83,57.46
C0405,2015,39679.47,69777.58,58.70
C0405,2016,27724.20,47440.41,27.39
C0405,2017,48882.38,96867.02,37.03
C0405,2018,12542.86,94351.45,74.59
C0405,2019,46064.72,14034.21,52.46
C0405,2020,13135.33,63438.23,51.99
C0405,2021,27050.58,82617.14,58.21
C0405,2022,23339.43,21430.43,50.37
C0405,2023,19271.28,17156.40,76.43
C0405,2024,48174.00,29678.89,72.41
C0406,2015,14342.78,31568.76,42.19
C0406,2016,34068.59,96673.54,76.85
C0406,2017,40399.36,79145.35,56.30
C0406,2018,10653.34,10675.10,63.94
C0406,2019,48684.49,79715.73,80.63
C0406,2020,27785.38,21115.75,53.32
C0406,2021,45810.04,38937.99,72.94
C0406,2022,33530.17,35259.36,63.97
C0406,2023,32821.92,30876.25,49.87
C0406,2024,17933.72,34332.01,75.23
C0407,2015,38758.92,76649.15,27.36
C0407,2016,2459.53,30322.62,60.69
C0407,2017,28235.20,81068.79,23.25
C0407,2018,2574.81,13646.61,30.93
C0407,2019,16036.72,61541.14,61.92
C0407,2020,5718.49,86985.08,41.53
C0407,2021,45667.96,12533.23,38.37
C0407,2022,31784.76,65314.33,86.91
C0407,2023,33757.02,53603.59,45.61
C0407,2024,42705.29,36534.41,59.53
C0408,2015,36918.59,14564.08,57.40
C0408,2016,7085.58,69266.10,24.34
C0408,2017,31259.38,34390.91,67.20
C0408,2018,48930.37,37197.31,55.90
C0408,2019,11491.68,73171.31,46.70
C0408,2020,31365.98,94808.59,24.62
C0408,2021,28617.10,36695.56,40.51
C0408,2022,20190.66,75939.64,81.89
C0408,2023,47777.13,95877.86,32.16
C0408,2024,18463.62,14293.56,35.35
C0409,2015,5590.34,55274.19,34.37
C0409,2016,48164.61,6060.61,82.36
C0409,2017,36731.79,83391.91,69.00
C0409,2018,17780.04,32254.62,81.73
C0409,2019,14745.07,36612.91,83.96
C0409,2020,46473.31,70292.26,84.96
C0409,2021,14403.95,79972.08,54.00
C0409,2022,27320.73,42999.07,53.34
C0409,2023,11532.80,68224.41,78.02
C0409,2024,49765.52,95853.67,43.23
C0410,2015,38705.92,89255.72,21.55
C0410,2016,28814.11,71622.94,43.21
C0410,2017,37545.50,94591.07,70.14
C0410,2018,45902.03,88214.11,28.65
C0410,2019,48193.09,74255.86,74.93
C0410,2020,39514.93,92138.54,77.08
C0410,2021,42604.23,82652.09,27.06
C0410,2022,20491.90,52714.14,26.85
C0410,2023,20199.33,52716.78,33.92
C0410,2024,40606.54,5835.13,44.95
C0411,2015,38221.63,7873.72,57.29
C0411,2016,45148.10,75891.62,53.99
C0411,2017,7517.48,57703.05,79.72
C0411,2018,34849.84,77291.02,29.96
C0411,2019,32734.76,95217.97,68.83
C0411,2020,40127.47,47990.41,58.42
C0411,2021,2203.07,13402.33,71.58
C0411,2022,41486.37,64523.15,43.94
C0411,2023,16994.91,14474.71,53.00
C0411,2024,34668.98,64023.78,22.00
C0412,2015,31211.42,55135.19,28.13
C0412,2016,22569.72,72660.62,46.25
C0412,2017,37555.35,38341.16,53.69
C0412,2018,48099.73,18666.87,26.00
C0412,2019,16850.27,27440.00,77.75
C0412,2020,37673.36,69945.26,86.22
C0412,2021,16412.32,50425.73,61.75
C0412,2022,42437.00,56377.66,23.74
C0412,2023,22426.39,35684.85,71.72
C0412,2024,23014.02,84486.71,35.20
C0413,2015,38822.15,99948.23,71.36
C0413,2016,25312.32,34659.58,50.40
C0413,2017,14065.59,73271.90,23.74
C0413,2018,49781.31,21254.52,39.51
C0413,2019,31391.04,75531.03,49.89
C0413,2020,32612.33,45930.88,71.54
C0413,2021,32682.51,62504.04,29.31
C0413,2022,44284.59,27568.26,40.09
C0413,2023,10009.73,85907.39,25.85
C0413,2024,3898.42,21466.85,63.11
C0414,2015,19948.33,93217.52,53.20
C0414,2016,28680.35,10818.59,85.03
C0414,2017,14999.77,32358.25,71.84
C0414,2018,34771.14,58479.82,74.45
C0414,2019,4621.88,86554.52,31.51
C0414,2020,39744.76,59817.36,38.66
C0414,2021,36186.21,25530.80,55.92
C0414,2022,11483.29,86608.17,20.94
C0414,2023,15624.26,61635.40,80.91
C0414,2024,40543.10,27072.96,74.44
C0415,2015,38893.55,58375.14,24.06
C0415,2016,40874.54,69153.43,79.43
C0415,2017,16789.90,69650.11,20.31
C0415,2018,48508.99,73780.44,28.00
C0415,2019,36051.57,90095.11,23.88
C0415,2020,4194.84,83358.09,53.54
C0415,2021,24409.01,62731.22,74.88
C0415,2022,33562.81,8055.71,32.50
C0415,2023,9263.86,76204.63,74.00
C0415,2024,45186.68,97621.15,32.94
C0416,2015,37951.33,34028.83,89.34
C0416,2016,4990.16,62655.37,79.74
C0416,2017,45746.71,78023.33,71.60
C0416,2018,20814.11,65713.45,61.42
C0416,2019,23171.00,92642.14,36.98
C0416,2020,39372.30,49967.30,28.35
C0416,2021,32555.89,55525.44,52.22
C0416,2022,22438.91,8633.12,48.19
C0416,2023,13721.61,90521.02,67.21
C0416,2024,26327.89,29916.87,31.91
C0417,2015,29379.81,97950.00,59.35
C0417,2016,31915.69,24200.10,68.53
C0417,2017,30648.10,29078.29,40.93
C0417,2018,31247.87,51039.44,74.60
C0417,2019,24311.14,67747.51,50.23
C0417,2020,28532.50,46863.14,31.38
C0417,2021,15143.27,38422.57,33.63
C0417,2022,8760.37,56308.26,39.52
C0417,2023,30739.85,96038.34,31.07
C0417,2024,3302.94,96385.44,59.40
C0418,2015,4195.14,36164.25,86.44
C0418,2016,13118.48,69615.07,82.73
C0418,2017,10522.02,73581.67,42.66
C0418,2018,19331.54,67074.63,80.53
C0418,2019,19193.15,15735.97,86.78
C0418,2020,6725.92,56250.19,40.59
C0418,2021,13078.65,77508.90,83.37
C0418,2022,1223.89,24076.91,89.82
C0418,2023,18197.23,38079.84,75.84
C0418,2024,40025.32,24361.04,47.32
C0419,2015,14041.84,89258.21,62.60
C0419,2016,32524.06,86560.50,45.49
C0419,2017,5814.50,21074.30,89.72
C0419,2018,1601.95,77252.27,24.75
C0419,2019,25421.43,39577.73,82.52
C0419,2020,23612.72,70186.24,25.22
C0419,2021,10384.44,51869.97,22.95
C0419,2022,15042.66,49838.00,85.80
C0419,2023,2502.90,88722.06,80.71
C0419,2024,40092.19,65511.61,45.31
C0420,2015,15762.85,27397.95,87.03
C0420,2016,11753.36,15522.10,80.33
C0420,2017,40428.23,93673.65,83.14
C0420,2018,2924.41,19571.67,61.66
C0420,2019,14941.77,74737.26,87.08
C0420,2020,13874.87,52105.70,76.67
C0420,2021,13885.66,18306.21,85.80
C0420,2022,1563.29,78782.28,39.71
C0420,2023,46798.91,90926.03,57.25
C0420,2024,43343.11,16543.13,80.74
C0421,2015,21310.16,11373.44,60.58
C0421,2016,22826.31,85735.75,76.08
C0421,2017,26683.56,52590.58,88.12
C0421,2018,24437.48,69080.85,76.32
C0421,2019,39177.55,46940.63,42.08
C0421,2020,24932.58,44180.68,28.31
C0421,2021,10252.41,33467.62,39.09
C0421,2022,6731.62,58478.17,66.40
C0421,2023,45995.30,20181.75,20.77
C0421,2024,3370.75,73136.92,33.28
C0422,2015,44980.47,57195.83,42.88
C0422,2016,34833.48,85514.48,81.27
C0422,2017,20830.53,92496.34,23.57
C0422,2018,10171.74,90555.74,23.50
C0422,2019,16213.63,62116.94,58.62
C0422,2020,26963.81,35279.76,32.44
C0422,2021,33185.70,38931.12,36.96
C0422,2022,34882.15,66990.93,32.90
C0422,2023,22917.39,72636.87,60.71
C0422,2024,19324.73,20322.13,23.89
C0423,2015,38647.56,99805.19,85.80
C0423,2016,46345.26,15212.79,28.62
C0423,2017,45808.79,62673.76,86.61
C0423,2018,28029.42,55447.25,74.47
C0423,2019,4872.00,61143.88,77.96
C0423,2020,4591.20,55707.66,32.10
C0423,2021,20735.03,10501.46,66.88
C0423,2022,36909.82,99612.91,77.20
C0423,2023,25369.86,98221.32,59.06
C0423,2024,31740.75,54813.43,58.58
C0424,2015,42322.63,24793.15,31.16
C0424,2016,2976.44,22379.50,49.00
C0424,2017,46267.01,10419.61,30.54
C0424,2018,17213.97,63126.60,88.10
C0424,2019,3292.58,50432.47,67.94
C0424,2020,41936.00,44549.62,23.39
C0424,2021,46773.55,54895.27,53.37
C0424,2022,38662.48,87921.03,64.66
C0424,2023,40421.26,11718.27,26.69
C0424,2024,43694.11,56688.48,66.55
C0425,2015,26595.81,71596.61,32.41
C0425,2016,34342.68,97215.44,48.55
C0425,2017,15036.13,75270.75,63.79
C0425,2018,13235.33,57070.88,45.55
C0425,2019,30838.19,77843.03,46.66
C0425,2020,36995.78,99720.53,79.05
C0425,2021,20459.89,89429.76,41.65
C0425,2022,20614.26,13464.15,65.86
C0425,2023,47757.44,59608.66,79.44
C0425,2024,26404.56,79715.04,30.69
C0426,2015,49327.93,68828.17,23.21
C0426,2016,43279.29,44611.95,77.79
C0426,2017,32343.22,35632.22,58.58
C0426,2018,1447.64,64565.47,77.94
C0426,2019,15500.33,44175.03,34.91
C0426,2020,21464.55,42239.77,78.28
C0426,2021,32987.93,84490.47,26.67
C0426,2022,20380.63,34987.27,81.82
C0426,2023,41563.37,66267.77,77.58
C0426,2024,33482.36,87976.18,59.71
C0427,2015,18010.84,64068.33,62.58
C0427,2016,39437.27,51814.80,44.21
C0427,2017,15851.43,8353.76,34.11
C0427,2018,4076.54,69749.39,51.88
C0427,2019,9455.26,99764.97,66.02
C0427,2020,1134.28,81800.90,89.89
C0427,2021,41785.16,65274.29,77.21
C0427,2022,31728.32,49568.73,50.40
C0427,2023,28957.90,26310.80,72.03
C0427,2024,33440.36,70750.37,27.56
C0428,2015,33026.32,21843.68,49.05
C0428,2016,28709.50,89269.60,49.74
C0428,2017,42278.09,38628.92,89.92
C0428,2018,22606.40,42980.66,47.37
C0428,2019,40435.66,25523.95,25.83
C0428,2020,39545.05,50757.92,24.71
C0428,2021,10775.74,69643.18,68.89
C0428,2022,23234.41,33764.02,40.24
C0428,2023,41911.68,71674.57,80.82
C0428,2024,41711.90,63955.31,53.81
C0429,2015,2176.32,40376.89,43.13
C0429,2016,11929.46,34716.40,73.14
C0429,2017,21769.85,86826.29,49.23
C0429,2018,3310.56,6133.83,71.62
C0429,2019,13770.61,73011.04,69.99
C0429,2020,13656.69,44639.12,70.62
C0429,2021,11513.85,73180.72,80.00
C0429,2022,20436.29,53213.74,79.39
C0429,2023,40837.53,12966.76,66.52
C0429,2024,12961.57,98294.97,86.99
C0430,2015,29521.30,13174.33,21.45
C0430,2016,28321.32,20051.31,85.13
C0430,2017,41078.28,44931.85,30.38
C0430,2018,20305.97,94739.22,34.82
C0430,2019,11954.86,32841.86,77.22
C0430,2020,44684.51,59022.90,48.03
C0430,2021,41814.41,54536.46,49.77
C0430,2022,31453.68,36364.01,38.29
C0430,2023,5568.73,71151.58,35.71
C0430,2024,1789.77,52638.92,27.44
C0431,2015,9948.61,59937.23,33.77
C0431,2016,10635.29,24964.77,59.67
C0431,2017,7676.12,93022.16,69.46
C0431,2018,13846.89,15504.25,71.72
C0431,2019,17556.54,70575.58,45.91
C0431,2020,37967.48,89160.13,84.54
C0431,2021,35766.58,12981.96,43.01
C0431,2022,6114.59,7731.44,27.78
C0431,2023,48878.24,36649.61,86.17
C0431,2024,37854.82,80045.05,57.85
C0432,2015,9008.23,73149.82,88.00
C0432,2016,7100.33,83104.92,47.56
C0432,2017,5289.80,42762.36,73.02
C0432,2018,36857.64,99407.11,27.70
C0432,2019,12578.04,39780.08,79.79
C0432,2020,4575.43,81511.40,31.95
C0432,2021,21669.55,38326.61,24.81
C0432,2022,35726.22,25752.16,26.84
C0432,2023,15923.26,36983.56,59.02
C0432,2024,24649.63,23304.39,40.43
C0433,2015,10441.07,17265.51,87.27
C0433,2016,22028.28,39576.57,79.69
C0433,2017,18588.17,18945.45,76.23
C0433,2018,22262.00,52721.23,76.67
C0433,2019,23819.87,8364.16,82.35
C0433,2020,5522.64,45976.14,80.56
C0433,2021,5575.05,96010.52,84.97
C0433,2022,13769.92,39090.27,85.41
C0433,2023,6672.16,18075.93,40.88
C0433,2024,13386.43,33993.69,35.37
C0434,2015,2202.66,80171.40,65.02
C0434,2016,18186.23,34797.61,28.63
C0434,2017,11457.10,41432.11,34.78
C0434,2018,44715.17,79934.72,74.11
C0434,2019,43049.72,29753.25,65.45
C0434,2020,15720.52,50437.61,65.56
C0434,2021,24298.77,11001.00,86.54
C0434,2022,47833.81,21536.71,66.73
C0434,2023,26680.72,24897.49,50.16
C0434,2024,42573.23,49040.25,39.62
C0435,2015,41492.36,82993.14,43.70
C0435,2016,47123.16,38678.47,39.45
C0435,2017,15979.33,41146.34,22.45
C0435,2018,3128.84,33595.50,38.31
C0435,2019,6093.73,35446.65,78.48
C0435,2020,28993.58,43332.92,70.98
C0435,2021,26983.62,90443.31,63.53
C0435,2022,15624.20,7315.73,83.15
C0435,2023,13186.95,64335.61,38.49
C0435,2024,35759.69,89329.88,60.44
C0436,2015,17684.64,44611.21,22.19
C0436,2016,30593.64,66836.79,82.44
C0436,2017,35902.39,60642.89,51.34
C0436,2018,22092.80,37169.99,32.45
C0436,2019,10476.91,18054.70,36.75
C0436,2020,43178.23,25863.64,79.38
C0436,2021,5583.02,10457.29,27.62
C0436,2022,41644.06,77649.11,84.76
C0436,2023,41997.30,55616.68,46.14
C0436,2024,28978.96,79635.19,37.58
C0437,2015,31844.33,32568.68,43.23
C0437,2016,18542.84,81443.85,48.63
C0437,2017,42237.63,34374.42,58.37
C0437,2018,13921.48,16526.73,61.08
C0437,2019,28429.03,55712.02,51.35
C0437,2020,1087.95,94803.08,51.25
C0437,2021,47052.31,44367.43,39.97
C0437,2022,47466.53,53961.92,46.87
C0437,2023,35810.42,47872.49,52.70
C0437,2024,21738.75,48456.31,61.83
C0438,2015,9751.94,25363.75,29.15
C0438,2016,25130.68,45135.83,73.48
C0438,2017,39779.11,52205.59,67.64
C0438,2018,30658.41,75761.55,40.91
C0438,2019,26847.33,18284.02,52.15
C0438,2020,42622.77,59303.32,86.29
C0438,2021,16343.56,67908.35,21.43
C0438,2022,43138.23,41365.30,76.79
C0438,2023,22533.22,57170.62,55.82
C0438,2024,1118.28,72520.49,63.32
C0439,2015,36865.16,49184.62,67.92
C0439,2016,44014.33,36668.34,51.92
C0439,2017,24733.68,83346.81,33.43
C0439,2018,23282.65,98937.60,83.67
C0439,2019,40466.97,25580.38,71.81
C0439,2020,44353.96,89492.50,59.17
C0439,2021,48746.59,56815.74,51.39
C0439,2022,17936.86,47552.71,54.95
C0439,2023,30139.75,89850.50,77.65
C0439,2024,41323.00,91482.19,20.88
C0440,2015,27060.74,30902.39,80.57
C0440,2016,23630.81,39045.37,23.27
C0440,2017,29024.67,85932.80,63.11
C0440,2018,18486.48,51628.33,43.32
C0440,2019,10411.73,32362.73,67.48
C0440,2020,4264.92,96406.71,25.99
C0440,2021,30889.06,25618.62,58.94
C0440,2022,19577.58,62982.04,79.87
C0440,2023,44264.70,45652.06,54.62
C0440,2024,11925.00,47873.65,25.90
C0441,2015,16224.87,15068.88,22.62
C0441,2016,48554.81,29428.14,63.48
C0441,2017,28258.27,20864.72,24.87
C0441,2018,17990.90,76214.36,24.99
C0441,2019,43183.82,71285.72,49.78
C0441,2020,37425.38,80439.87,34.67
C0441,2021,29084.00,71429.97,34.29
C0441,2022,44565.88,17227.49,53.67
C0441,2023,5604.11,97966.24,39.66
C0441,2024,20330.20,22909.10,35.35
C0442,2015,40716.96,38292.72,56.01
C0442,2016,19911.21,72153.34,40.36
C0442,2017,46410.09,18342.65,25.62
C0442,2018,8473.54,21198.09,67.79
C0442,2019,17495.23,88274.64,60.99
C0442,2020,21861.39,36541.42,34.85
C0442,2021,34661.14,68230.50,60.76
C0442,2022,10572.12,86581.11,86.89
C0442,2023,1483.33,97454.07,86.95
C0442,2024,48848.96,24977.14,57.24
C0443,2015,45039.10,16678.17,26.86
C0443,2016,15710.88,75370.01,52.07
C0443,2017,24690.56,22879.17,21.89
C0443,2018,24957.09,60118.07,49.06
C0443,2019,43592.05,55601.29,83.66
C0443,2020,30255.95,58192.71,52.72
C0443,2021,41495.12,66730.32,58.53
C0443,2022,45687.71,85834.75,31.06
C0443,2023,28731.70,30822.72,21.10
C0443,2024,14988.64,57748.12,89.54
C0444,2015,25436.68,36985.08,43.68
C0444,2016,42692.61,35279.73,39.55
C0444,2017,29597.34,6939.86,59.99
C0444,2018,44890.37,61943.23,72.17
C0444,2019,44876.36,97388.03,37.60
C0444,2020,19294.62,77319.35,56.69
C0444,2021,22957.58,28065.39,43.28
C0444,2022,34217.77,73031.86,53.67
C0444,2023,6442.16,33244.02,31.29
C0444,2024,23812.30,76596.69,55.71
C0445,2015,8319.89,86218.57,23.31
C0445,2016,42549.85,36761.30,78.80
C0445,2017,47196.44,5207.75,63.94
C0445,2018,7935.89,33976.66,85.90
C0445,2019,33699.73,24556.36,61.98
C0445,2020,32190.62,63768.39,32.75
C0445,2021,38243.67,32556.92,53.88
C0445,2022,35093.20,8424.40,66.53
C0445,2023,11639.32,55476.79,46.20
C0445,2024,15269.42,88095.14,58.69
C0446,2015,9096.38,47877.21,31.39
C0446,2016,46136.06,40748.26,74.40
C0446,2017,26569.35,21959.05,83.67
C0446,2018,48831.90,41801.31,42.04
C0446,2019,23016.77,36437.30,75.53
C0446,2020,28083.44,99517.68,26.44
C0446,2021,39675.40,7894.60,37.27
C0446,2022,40063.96,27690.60,52.33
C0446,2023,12326.33,11519.75,47.05
C0446,2024,15125.86,86454.74,63.37
C0447,2015,5792.54,44644.39,59.41
C0447,2016,40467.76,80645.63,26.11
C0447,2017,39899.21,70754.64,29.22
C0447,2018,4981.68,93163.00,23.62
C0447,2019,13614.20,7257.60,86.68
C0447,2020,23043.48,24697.76,65.17
C0447,2021,27547.17,71693.12,79.89
C0447,2022,26604.67,60596.26,57.89
C0447,2023,49170.69,70992.72,33.57
C0447,2024,38442.15,59670.57,63.86
C0448,2015,6546.20,60197.02,55.37
C0448,2016,15381.62,93594.53,48.57
C0448,2017,17925.93,92522.76,46.03
C0448,2018,16442.26,8609.68,65.51
C0448,2019,39511.34,44298.51,63.24
C0448,2020,18667.50,53504.21,30.61
C0448,2021,25128.91,39000.93,77.14
C0448,2022,27139.25,9708.05,64.53
C0448,2023,14250.76,49868.34,57.51
C0448,2024,16812.09,97691.16,72.42
C0449,2015,39219.88,11860.07,30.76
C0449,2016,43467.47,82584.45,84.38
C0449,2017,2816.93,23586.99,38.94
C0449,2018,30652.57,59795.52,38.39
C0449,2019,32038.34,41767.92,77.04
C0449,2020,37128.15,38155.78,43.38
C0449,2021,34998.49,87689.29,78.15
C0449,2022,43993.80,97480.10,42.96
C0449,2023,4845.14,41733.38,58.55
C0449,2024,20030.24,65842.12,36.16
C0450,2015,39322.38,57859.31,71.21
C0450,2016,42482.42,12307.55,31.69
C0450,2017,13973.65,8910.28,82.96
C0450,2018,29678.92,78473.47,46.02
C0450,2019,9857.49,42480.75,53.01
C0450,2020,42693.82,34219.54,21.68
C0450,2021,36791.08,98630.36,88.31
C0450,2022,11881.19,13096.85,76.92
C0450,2023,31564.88,30560.94,51.29
C0450,2024,25956.70,86396.16,84.42
C0451,2015,13682.51,44424.88,85.17
C0451,2016,44763.01,60503.47,57.31
C0451,2017,8244.13,9596.31,36.37
C0451,2018,23905.53,92427.73,54.10
C0451,2019,29557.12,18007.28,42.74
C0451,2020,41353.74,25269.78,51.36
C0451,2021,8358.82,19895.64,83.80
C0451,2022,30849.56,52262.55,39.73
C0451,2023,1321.43,82601.12,78.73
C0451,2024,41306.48,30357.67,85.47
C0452,2015,12501.89,18520.44,76.35
C0452,2016,36324.85,43942.56,56.91
C0452,2017,30492.01,98257.23,59.48
C0452,2018,3456.24,6050.52,77.37
C0452,2019,9978.27,52879.81,23.12
C0452,2020,14119.29,68589.97,71.52
C0452,2021,44449.66,81638.47,57.02
C0452,2022,24559.37,75888.13,47.80
C0452,2023,45761.66,12070.63,73.68
C0452,2024,3325.05,48877.69,38.64
C0453,2015,1321.63,12481.21,82.69
C0453,2016,47464.08,63886.26,68.19
C0453,2017,36471.93,12318.00,62.71
C0453,2018,39382.52,9599.41,56.62
C0453,2019,45874.48,34072.67,34.89
C0453,2020,49242.40,94189.02,63.19
C0453,2021,5787.90,72449.67,70.74
C0453,2022,8756.28,5382.47,20.82
C0453,2023,10240.10,32049.16,45.65
C0453,2024,41102.47,6662.30,78.27
C0454,2015,18421.95,32959.54,64.25
C0454,2016,30070.30,70121.76,63.07
C0454,2017,42905.87,77178.97,36.00
C0454,2018,34474.83,81390.24,64.25
C0454,2019,4205.35,91449.06,75.03
C0454,2020,22838.02,39750.36,48.12
C0454,2021,4307.50,86946.78,32.75
C0454,2022,24463.33,74128.53,25.41
C0454,2023,11745.83,56086.81,55.40
C0454,2024,1064.10,95689.92,67.87
C0455,2015,40844.44,95035.39,31.38
C0455,2016,48499.76,90272.41,49.50
C0455,2017,48242.50,24211.60,59.81
C0455,2018,15660.07,24749.24,30.91
C0455,2019,41609.91,90595.28,38.89
C0455,2020,34260.07,42801.75,62.59
C0455,2021,40203.74,80757.20,70.75
C0455,2022,42465.66,70259.36,64.52
C0455,2023,49033.66,77423.90,69.95
C0455,2024,8434.75,7496.01,60.71
C0456,2015,38717.56,45845.93,78.51
C0456,2016,36973.53,86423.88,77.87
C0456,2017,15099.06,51542.94,75.74
C0456,2018,20236.79,70562.72,60.28
C0456,2019,9661.14,76815.43,89.59
C0456,2020,45750.39,16472.05,22.74
C0456,2021,44087.45,19795.83,33.70
C0456,2022,31087.72,73832.59,76.62
C0456,2023,26069.87,10184.20,77.84
C0456,2024,12411.53,37480.06,77.31
C0457,2015,39690.57,92217.94,81.09
C0457,2016,1402.04,59563.81,49.58
C0457,2017,23676.55,91495.46,85.23
C0457,2018,43167.01,34394.56,34.64
C0457,2019,31305.78,65479.51,85.59
C0457,2020,32121.02,32240.56,58.97
C0457,2021,4464.66,15556.57,31.47
C0457,2022,15048.53,99116.05,71.53
C0457,2023,34019.25,21742.05,40.71
C0457,2024,3431.25,22905.84,35.43
C0458,2015,17215.85,84982.25,32.05
C0458,2016,18343.28,81212.51,22.06
C0458,2017,25437.20,97893.84,73.53
C0458,2018,18756.39,11815.68,54.06
C0458,2019,23251.76,13941.93,88.51
C0458,2020,27802.87,47627.83,50.75
C0458,2021,7289.04,61216.01,79.03
C0458,2022,9843.30,8612.77,87.77
C0458,2023,41793.04,20047.03,21.57
C0458,2024,23528.63,71816.87,27.37
C0459,2015,18402.45,68511.28,44.35
C0459,2016,22260.19,13520.19,80.91
C0459,2017,9566.11,93508.29,78.66
C0459,2018,12752.52,29202.56,45.67
C0459,2019,26260.65,89286.91,33.99
C0459,2020,18587.40,92683.88,76.16
C0459,2021,24297.35,51556.62,61.78
C0459,2022,8335.53,44136.82,22.21
C0459,2023,8666.95,31423.02,76.30
C0459,2024,19813.21,81701.29,86.99
C0460,2015,19564.02,23675.91,22.95
C0460,2016,44283.28,64101.83,40.01
C0460,2017,2639.12,58877.73,77.36
C0460,2018,49649.92,28645.02,60.93
C0460,2019,47869.63,98389.48,89.25
C0460,2020,27570.30,85400.80,84.09
C0460,2021,36219.13,6950.20,32.48
C0460,2022,46827.48,45113.98,67.18
C0460,2023,13308.50,39102.33,65.73
C0460,2024,16465.90,88866.88,27.76
C0461,2015,6435.31,30127.07,26.27
C0461,2016,28628.46,99852.81,59.86
C0461,2017,8812.97,24007.56,48.21
C0461,2018,46612.66,28169.04,58.18
C0461,2019,22146.78,68277.75,36.72
C0461,2020,46064.65,20300.40,58.97
C0461,2021,11049.90,89436.21,46.84
C0461,2022,35007.79,15443.27,82.13
C0461,2023,32732.01,98415.15,41.43
C0461,2024,20584.11,88091.10,80.96
C0462,2015,45018.81,84767.37,47.30
C0462,2016,22305.30,43685.65,60.47
C0462,2017,10723.10,53795.96,40.05
C0462,2018,48872.28,48354.00,76.64
C0462,2019,22632.59,98805.56,79.06
C0462,2020,11195.58,8308.46,76.63
C0462,2021,18818.00,41262.35,64.79
C0462,2022,31061.96,96996.89,41.33
C0462,2023,26089.35,40092.07,64.55
C0462,2024,32120.73,42846.42,87.17
C0463,2015,33431.01,64973.57,65.39
C0463,2016,7045.67,91190.54,86.95
C0463,2017,16429.36,32979.61,41.32
C0463,2018,37686.35,95022.51,79.22
C0463,2019,32868.00,31843.36,70.29
C0463,2020,5329.07,82462.47,77.34
C0463,2021,16442.23,31204.62,69.75
C0463,2022,46634.79,11933.45,53.63
C0463,2023,43238.62,82168.74,68.06
C0463,2024,33861.50,47757.26,85.25
C0464,2015,4570.33,42121.15,49.23
C0464,2016,30745.70,45838.88,86.62
C0464,2017,1597.22,63099.75,23.46
C0464,2018,33395.19,29955.88,20.99
C0464,2019,36829.37,27541.08,54.57
C0464,2020,25364.94,50926.73,79.40
C0464,2021,1186.53,8385.17,37.35
C0464,2022,33663.90,66070.69,68.54
C0464,2023,41167.26,83170.19,58.28
C0464,2024,29707.51,74104.60,40.36
C0465,2015,35750.68,49583.74,40.01
C0465,2016,5425.75,58712.08,25.13
C0465,2017,36050.77,7487.17,57.53
C0465,2018,31095.46,91673.61,51.51
C0465,2019,17219.97,58015.94,40.26
C0465,2020,34581.37,35058.87,87.93
C0465,2021,32633.56,32890.32,77.29
C0465,2022,30373.55,67667.52,56.75
C0465,2023,9964.32,60511.25,56.52
C0465,2024,15514.86,22845.04,33.55
C0466,2015,49577.76,43942.32,65.44
C0466,2016,22222.35,69237.23,86.75
C0466,2017,3911.90,33277.20,82.88
C0466,2018,45051.26,53381.27,25.93
C0466,2019,9473.67,29213.53,23.72
C0466,2020,20772.47,11809.74,87.29
C0466,2021,14621.95,41883.35,33.99
C0466,2022,48229.90,74547.34,58.53
C0466,2023,19526.83,25315.79,25.23
C0466,2024,35727.13,76677.82,79.03
C0467,2015,30320.77,68601.77,28.25
C0467,2016,3105.78,53200.19,65.06
C0467,2017,19831.42,97288.29,23.96
C0467,2018,20111.08,88924.38,30.97
C0467,2019,49501.83,58501.74,55.85
C0467,2020,40784.51,57989.09,23.20
C0467,2021,42976.06,31388.27,33.69
C0467,2022,16362.54,92418.85,29.53
C0467,2023,17123.68,90113.21,22.84
C0467,2024,26264.68,75495.41,87.97
C0468,2015,31919.74,17148.80,51.51
C0468,2016,36686.38,71846.37,80.13
C0468,2017,41219.29,29045.83,45.08
C0468,2018,43786.91,22936.93,22.98
C0468,2019,2206.67,77125.11,68.70
C0468,2020,40008.70,96174.63,22.71
C0468,2021,30931.01,15346.04,58.69
C0468,2022,27072.15,20577.73,29.74
C0468,2023,31794.85,25827.28,66.96
C0468,2024,44214.97,96476.55,82.49
C0469,2015,27719.25,71157.84,86.90
C0469,2016,8947.21,69437.36,56.94
C0469,2017,22402.08,52977.55,57.29
C0469,2018,46298.52,56071.60,22.68
C0469,2019,40909.70,32566.46,73.89
C0469,2020,10949.23,19682.06,86.93
C0469,2021,35993.04,79126.17,50.68
C0469,2022,13555.11,49715.81,75.56
C0469,2023,18078.31,29320.83,75.82
C0469,2024,23976.95,65114.20,75.00
C0470,2015,22602.61,24898.63,73.11
C0470,2016,2434.71,51433.75,35.06
C0470,2017,38926.45,23070.91,72.60
C0470,2018,42472.91,77168.78,30.11
C0470,2019,27016.22,35476.18,69.88
C0470,2020,9474.60,46961.40,20.25
C0470,2021,13148.96,76713.72,84.32
C0470,2022,7190.38,67661.65,77.92
C0470,2023,9305.81,42971.81,67.81
C0470,2024,43943.47,11747.66,26.61
C0471,2015,24527.98,92552.66,77.75
C0471,2016,6439.66,5752.89,81.26
C0471,2017,13482.52,74786.44,68.16
C0471,2018,47525.57,94813.38,88.31
C0471,2019,25954.02,34133.75,26.50
C0471,2020,26266.08,12167.02,69.61
C0471,2021,26756.60,28706.78,56.74
C0471,2022,6469.22,34774.74,30.19
C0471,2023,48545.37,47875.43,66.09
C0471,2024,5139.80,54897.71,75.97
C0472,2015,35301.88,73906.37,31.53
C0472,2016,3830.48,90586.94,75.54
C0472,2017,22736.00,49155.39,26.51
C0472,2018,45084.24,75901.20,61.40
C0472,2019,38653.78,17083.90,75.89
C0472,2020,17399.13,36234.40,30.22
C0472,2021,28016.04,16217.53,60.01
C0472,2022,9098.46,70715.41,49.74
C0472,2023,47849.89,91226.31,62.51
C0472,2024,35725.19,89460.52,49.70
C0473,2015,19340.39,36012.59,37.56
C0473,2016,16578.80,27250.85,37.77
C0473,2017,12693.30,31034.78,80.53
C0473,2018,39539.46,32296.79,30.95
C0473,2019,22296.10,12813.35,28.62
C0473,2020,17180.64,17667.69,26.80
C0473,2021,45355.87,25375.95,25.19
C0473,2022,8360.68,5776.06,21.01
C0473,2023,13927.94,9486.85,31.23
C0473,2024,17893.52,71362.28,33.49
C0474,2015,13732.72,63835.76,38.88
C0474,2016,29684.75,94815.11,28.68
C0474,2017,30450.52,43166.93,26.59
C0474,2018,3682.70,47211.51,57.90
C0474,2019,8081.92,11434.84,70.31
C0474,2020,10727.91,19463.81,64.11
C0474,2021,4446.08,70702.70,58.97
C0474,2022,7113.34,27328.77,50.84
C0474,2023,12742.92,78461.35,64.38
C0474,2024,17935.41,72039.61,83.13
C0475,2015,39774.14,75989.93,63.92
C0475,2016,11677.35,70605.35,24.26
C0475,2017,33831.27,72227.96,59.93
C0475,2018,3836.17,56945.95,56.70
C0475,2019,33253.81,69432.52,51.64
C0475,2020,39941.24,54987.04,59.82
C0475,2021,30635.59,24578.41,67.08
C0475,2022,10868.22,25672.72,22.61
C0475,2023,17189.99,43503.76,53.61
C0475,2024,40453.89,6322.15,77.21
C0476,2015,22166.62,89483.20,57.15
C0476,2016,13506.50,30485.29,24.75
C0476,2017,46701.89,9896.12,74.25
C0476,2018,32230.39,45320.43,85.89
C0476,2019,40480.02,82481.80,79.63
C0476,2020,2200.59,42748.51,45.38
C0476,2021,17627.49,29954.89,57.44
C0476,2022,23485.95,56765.73,61.39
C0476,2023,29783.66,59566.15,70.11
C0476,2024,10308.62,77123.02,66.62
C0477,2015,25399.72,80976.59,33.94
C0477,2016,34595.64,72089.74,79.01
C0477,2017,17947.93,5431.17,79.44
C0477,2018,34880.67,5197.45,48.30
C0477,2019,20093.05,97857.75,29.16
C0477,2020,24003.71,30099.48,62.60
C0477,2021,7580.35,31823.29,45.01
C0477,2022,32912.45,74562.90,71.90
C0477,2023,11989.51,60250.64,42.10
C0477,2024,41613.66,49038.62,38.41
C0478,2015,28118.73,16061.77,80.74
C0478,2016,28452.58,12741.33,63.11
C0478,2017,45711.35,71844.20,26.02
C0478,2018,9202.73,16837.43,68.26
C0478,2019,26981.50,46401.97,72.69
C0478,2020,19728.05,74931.98,36.46
C0478,2021,48349.88,92703.90,87.74
C0478,2022,39842.99,87990.68,46.10
C0478,2023,38117.54,87083.20,85.84
C0478,2024,11001.95,39057.29,40.55
C0479,2015,12628.84,93081.23,62.64
C0479,2016,2429.86,69947.92,56.23
C0479,2017,32288.23,89216.33,89.45
C0479,2018,19170.93,13447.83,48.58
C0479,2019,16289.99,8758.03,32.55
C0479,2020,32214.53,45816.41,78.32
C0479,2021,41605.69,83661.44,22.94
C0479,2022,7518.45,43810.61,81.95
C0479,2023,46014.41,89041.48,27.74
C0479,2024,2679.29,27303.47,60.04
C0480,2015,5660.21,8737.69,69.94
C0480,2016,42068.28,77322.20,43.54
C0480,2017,25142.49,64486.00,79.13
C0480,2018,47023.49,46808.60,61.56
C0480,2019,23621.00,85299.48,47.66
C0480,2020,46380.03,83296.69,42.78
C0480,2021,12741.85,35830.75,27.84
C0480,2022,31206.03,84607.52,64.83
C0480,2023,49728.93,37790.05,45.48
C0480,2024,19427.08,64080.77,42.44
C0481,2015,1071.28,23287.27,86.50
C0481,2016,4138.56,30098.26,39.10
C0481,2017,43093.92,47548.42,81.36
C0481,2018,25102.40,34886.62,88.24
C0481,2019,27299.19,17268.53,77.59
C0481,2020,40171.88,50820.67,21.37
C0481,2021,40767.37,53578.95,80.80
C0481,2022,24393.64,20077.06,34.94
C0481,2023,43044.98,21559.76,44.73
C0481,2024,23952.82,7787.97,89.41
C0482,2015,34076.05,7883.31,48.35
C0482,2016,2634.73,39069.96,65.84
C0482,2017,7761.97,18931.97,41.75
C0482,2018,42719.58,92313.71,45.86
C0482,2019,16342.80,23944.35,61.83
C0482,2020,17402.45,11266.35,86.38
C0482,2021,33486.57,43396.14,39.77
C0482,2022,30034.37,23284.26,37.32
C0482,2023,5027.24,10868.09,21.84
C0482,2024,38522.49,76509.11,34.15
C0483,2015,31243.90,57924.36,38.37
C0483,2016,42911.26,10416.03,24.40
C0483,2017,27239.35,49461.80,59.45
C0483,2018,21301.92,8689.13,28.87
C0483,2019,19195.68,38659.85,55.78
C0483,2020,1216.53,39512.24,33.23
C0483,2021,2949.43,83183.39,85.50
C0483,2022,7429.36,74852.07,41.50
C0483,2023,46547.33,90209.66,26.50
C0483,2024,44151.88,18349.17,78.53
C0484,2015,25362.62,55707.61,48.14
C0484,2016,9829.62,6918.09,77.41
C0484,2017,8159.46,83424.59,41.87
C0484,2018,13550.40,39825.13,55.00
C0484,2019,45527.42,11584.13,51.18
C0484,2020,26551.93,35842.44,59.05
C0484,2021,40398.05,32256.68,48.12
C0484,2022,25830.96,77770.11,54.78
C0484,2023,30862.92,17028.09,67.55
C0484,2024,30895.03,57798.66,49.03
C0485,2015,2535.55,80422.32,67.91
C0485,2016,22818.16,75256.12,70.00
C0485,2017,43338.40,93910.99,72.42
C0485,2018,24965.83,5059.83,52.97
C0485,2019,22331.44,38611.15,20.27
C0485,2020,26800.73,40110.44,72.75
C0485,2021,19657.58,8164.30,83.64
C0485,2022,26254.60,82640.33,65.68
C0485,2023,7631.90,70444.61,56.72
C0485,2024,48429.39,55167.83,59.17
C0486,2015,2672.37,43476.80,64.86
C0486,2016,24677.16,90064.49,89.90
C0486,2017,11289.63,30124.20,24.34
C0486,2018,3859.43,36781.44,21.48
C0486,2019,32933.56,95499.99,87.49
C0486,2020,49273.88,11139.38,50.83
C0486,2021,37730.64,79158.17,62.86
C0486,2022,13447.01,73215.68,72.74
C0486,2023,25176.06,90679.40,71.95
C0486,2024,3439.30,13603.52,65.30
C0487,2015,27051.84,97192.18,53.03
C0487,2016,5873.70,7739.60,60.33
C0487,2017,39935.77,37081.83,71.08
C0487,2018,3778.61,13058.52,79.56
C0487,2019,1458.69,9861.74,28.91
C0487,2020,43216.29,96648.50,39.46
C0487,2021,47184.57,73368.48,47.83
C0487,2022,5241.15,53040.54,66.58
C0487,2023,14666.92,15277.96,47.70
C0487,2024,37343.17,54972.22,36.72
C0488,2015,27443.02,35404.96,22.32
C0488,2016,47512.60,30800.79,78.98
C0488,2017,20069.82,63719.84,49.33
C0488,2018,1162.82,80137.90,43.05
C0488,2019,1967.54,47109.59,57.16
C0488,2020,28677.87,51863.36,28.60
C0488,2021,37853.16,66885.73,47.82
C0488,2022,39740.23,16840.61,72.63
C0488,2023,45664.33,83717.64,71.53
C0488,2024,12224.65,84509.17,74.03
C0489,2015,37181.89,56399.43,52.72
C0489,2016,41527.81,22818.21,45.82
C0489,2017,41977.49,52572.54,78.20
C0489,2018,21165.63,15064.23,32.13
C0489,2019,31673.17,77512.50,70.76
C0489,2020,28026.70,34559.62,82.16
C0489,2021,30276.81,34553.99,40.03
C0489,2022,14819.53,94779.64,33.85
C0489,2023,34478.49,45076.57,55.88
C0489,2024,35790.85,80009.65,35.15
C0490,2015,10601.47,65530.45,80.95
C0490,2016,22737.99,35036.69,37.11
C0490,2017,21683.17,16760.12,41.98
C0490,2018,37698.58,80785.52,82.19
C0490,2019,33658.65,77437.85,34.39
C0490,2020,24333.60,21070.59,81.93
C0490,2021,32974.03,28666.01,34.69
C0490,2022,13880.22,77792.54,83.83
C0490,2023,12385.05,98444.94,42.23
C0490,2024,12756.06,85145.92,37.24
C0491,2015,2445.39,69994.40,53.40
C0491,2016,34862.74,91965.46,45.85
C0491,2017,49306.56,32097.39,34.12
C0491,2018,16142.57,5916.96,43.68
C0491,2019,46561.83,35491.97,69.93
C0491,2020,30720.59,97333.76,78.23
C0491,2021,12021.78,88787.18,77.45
C0491,2022,1581.37,9783.84,72.98
C0491,2023,36462.84,52686.05,20.38
C0491,2024,35132.14,12505.94,49.86
C0492,2015,12233.41,79957.98,31.83
C0492,2016,17302.55,40398.48,25.14
C0492,2017,45004.29,91634.78,71.51
C0492,2018,8704.43,10172.99,75.54
C0492,2019,41936.75,74729.66,77.02
C0492,2020,9291.95,42939.75,82.32
C0492,2021,24604.63,30481.51,61.30
C0492,2022,25449.30,54157.67,89.87
C0492,2023,24132.39,51121.24,53.86
C0492,2024,15108.55,38137.04,81.84
C0493,2015,13414.87,66641.37,27.91
C0493,2016,36924.58,67825.04,30.42
C0493,2017,14508.17,12328.13,61.32
C0493,2018,30885.85,61564.43,28.69
C0493,2019,42485.34,72519.84,25.27
C0493,2020,42014.69,12209.40,33.72
C0493,2021,9190.42,67617.41,75.13
C0493,2022,33082.14,81377.84,84.92
C0493,2023,30511.68,84034.68,43.34
C0493,2024,14817.24,8956.50,88.23
C0494,2015,20181.25,71254.66,76.67
C0494,2016,14970.54,80712.77,35.83
C0494,2017,27316.19,42698.17,61.03
C0494,2018,40377.74,56569.87,88.73
C0494,2019,43997.66,30185.98,79.42
C0494,2020,36418.36,34472.92,45.44
C0494,2021,24689.07,52653.86,41.44
C0494,2022,47946.67,19358.14,77.35
C0494,2023,28630.07,40199.10,58.44
C0494,2024,24448.79,33636.39,31.44
C0495,2015,42981.91,27633.71,42.95
C0495,2016,10046.54,50969.43,66.33
C0495,2017,8736.04,84674.34,30.72
C0495,2018,39344.58,28014.90,68.91
C0495,2019,43657.97,67674.36,69.70
C0495,2020,4565.96,29148.30,38.95
C0495,2021,38440.22,18497.93,47.86
C0495,2022,21798.62,94615.58,85.48
C0495,2023,35482.61,65157.39,72.44
C0495,2024,7613.50,14936.64,75.15
C0496,2015,48677.62,65101.18,56.14
C0496,2016,44182.73,21752.97,34.92
C0496,2017,20892.65,89340.67,61.39
C0496,2018,44774.58,28509.73,74.05
C0496,2019,44851.36,81645.80,20.27
C0496,2020,23601.40,23923.55,27.96
C0496,2021,47397.39,58037.58,53.20
C0496,2022,48866.00,91671.22,50.60
C0496,2023,11643.42,33120.25,88.76
C0496,2024,4266.67,12732.75,26.45
C0497,2015,17226.34,57496.24,42.66
C0497,2016,24952.93,21371.40,77.06
C0497,2017,5541.14,74192.75,62.87
C0497,2018,7892.32,61128.01,59.31
C0497,2019,48613.26,37905.64,71.88
C0497,2020,37127.73,72037.06,22.80
C0497,2021,43871.97,27660.16,86.32
C0497,2022,48586.57,92118.47,33.39
C0497,2023,19529.07,37954.36,25.73
C0497,2024,34705.33,77481.97,43.73
C0498,2015,10017.08,29559.34,69.16
C0498,2016,28031.69,72908.41,36.20
C0498,2017,11284.05,7995.29,23.49
C0498,2018,8861.12,33074.20,24.02
C0498,2019,5823.74,13824.58,37.96
C0498,2020,29407.09,47865.95,29.47
C0498,2021,47542.71,46335.26,46.07
C0498,2022,6988.87,39105.78,32.12
C0498,2023,25613.41,98210.94,44.10
C0498,2024,34666.34,28188.60,51.11
C0499,2015,25297.22,80149.86,71.98
C0499,2016,45677.02,47507.48,35.92
C0499,2017,9148.49,36807.00,53.25
C0499,2018,2184.00,24329.34,77.07
C0499,2019,19772.79,65173.37,89.05
C0499,2020,28218.95,36699.42,59.01
C0499,2021,13470.85,82227.28,50.26
C0499,2022,9253.24,97004.16,64.21
C0499,2023,40437.05,26577.50,54.04
C0499,2024,10240.18,17223.69,31.53
C0500,2015,22691.43,34974.19,52.16
C0500,2016,47769.57,49375.62,88.54
C0500,2017,31022.54,33591.85,64.83
C0500,2018,25388.45,97194.35,39.84
C0500,2019,18652.26,79024.16,86.30
C0500,2020,26498.89,96783.37,47.20
C0500,2021,36981.05,40457.80,47.31
C0500,2022,41303.83,33944.11,63.16
C0500,2023,32842.54,43699.44,59.83
C0500,2024,39725.54,54669.17,40.33
