Company_ID,Year,Environmental_Score,Social_Score,Governance_Score,ESG_Score
C0001,2015,58.73,59.68,58.68,59.03
C0001,2016,87.54,63.67,56.65,69.28
C0001,2017,76.60,82.73,48.81,69.38
C0001,2018,69.93,57.00,70.36,65.77
C0001,2019,47.80,83.48,63.83,65.04
C0001,2020,47.80,44.41,83.29,58.50
C0001,2021,42.90,78.84,41.61,54.45
C0001,2022,83.31,82.38,72.19,79.29
C0001,2023,70.06,49.09,78.15,65.76
C0001,2024,75.40,61.52,77.97,71.63
C0002,2015,41.03,48.27,84.30,57.87
C0002,2016,88.50,75.33,76.45,80.09
C0002,2017,81.62,66.77,86.39,78.26
C0002,2018,50.62,71.77,56.63,59.67
C0002,2019,49.09,49.82,65.16,54.69
C0002,2020,49.17,50.59,40.70,46.82
C0002,2021,55.21,42.07,40.35,45.88
C0002,2022,66.24,56.10,52.01,58.12
C0002,2023,61.60,67.99,45.04,58.21
C0002,2024,54.56,82.90,53.01,63.49
C0003,2015,70.59,73.35,48.85,64.26
C0003,2016,46.97,61.77,41.43,50.06
C0003,2017,54.61,87.66,85.47,75.91
C0003,2018,58.32,75.96,40.41,58.23
C0003,2019,62.80,86.51,76.80,75.37
C0003,2020,79.26,66.38,47.61,64.42
C0003,2021,49.98,52.95,85.61,62.85
C0003,2022,65.71,42.64,84.64,64.33
C0003,2023,69.62,76.30,72.70,72.87
C0003,2024,42.32,46.07,73.61,54.00
C0004,2015,70.38,55.14,40.27,55.26
C0004,2016,48.53,66.62,89.24,68.13
C0004,2017,43.25,68.22,83.89,65.12
C0004,2018,87.44,70.03,84.76,80.74
C0004,2019,88.28,48.31,72.96,69.85
C0004,2020,80.42,58.99,57.24,65.55
C0004,2021,55.23,70.86,84.68,70.26
C0004,2022,44.88,88.49,54.58,62.65
C0004,2023,74.21,76.38,68.14,72.91
C0004,2024,62.01,86.13,44.99,64.37
C0005,2015,46.10,78.11,86.10,70.10
C0005,2016,64.76,69.59,47.04,60.46
C0005,2017,41.72,49.60,51.24,47.52
C0005,2018,85.47,73.33,67.91,75.57
C0005,2019,52.94,71.17,78.20,67.44
C0005,2020,73.13,70.12,70.97,71.41
C0005,2021,55.59,64.49,51.61,57.23
C0005,2022,66.00,66.43,40.05,57.49
C0005,2023,67.34,56.72,77.86,67.31
C0005,2024,49.24,65.97,89.26,68.16
C0006,2015,88.48,49.88,80.50,72.95
C0006,2016,78.76,80.26,63.01,74.01
C0006,2017,86.97,49.29,85.19,73.82
C0006,2018,84.74,44.25,60.49,63.16
C0006,2019,69.89,61.81,66.25,65.98
C0006,2020,86.09,72.92,63.86,74.29
C0006,2021,44.42,61.89,62.38,56.23
C0006,2022,49.80,53.84,78.76,60.80
C0006,2023,42.26,67.91,66.34,58.84
C0006,2024,56.27,57.35,55.84,56.48
C0007,2015,59.43,86.64,52.91,66.33
C0007,2016,53.57,86.13,41.89,60.53
C0007,2017,81.44,65.12,69.16,71.91
C0007,2018,57.84,56.39,51.50,55.24
C0007,2019,54.05,76.86,47.41,59.44
C0007,2020,67.13,41.84,72.69,60.55
C0007,2021,47.05,63.74,74.06,61.62
C0007,2022,80.11,56.82,77.61,71.51
C0007,2023,43.73,86.03,65.18,64.98
C0007,2024,89.34,40.60,84.70,71.55
C0008,2015,78.61,67.64,86.82,77.69
C0008,2016,49.94,77.03,80.37,69.11
C0008,2017,40.28,64.25,71.78,58.77
C0008,2018,80.77,44.27,55.19,60.08
C0008,2019,75.34,88.62,89.15,84.37
C0008,2020,76.45,65.90,53.71,65.35
C0008,2021,78.56,70.71,50.13,66.47
C0008,2022,43.70,51.83,62.11,52.55
C0008,2023,57.92,64.17,42.84,54.98
C0008,2024,45.79,61.46,88.92,65.39
C0009,2015,83.16,43.74,69.42,65.44
C0009,2016,71.16,45.31,67.85,61.44
C0009,2017,56.54,81.87,72.79,70.40
C0009,2018,43.18,51.99,64.85,53.34
C0009,2019,55.55,49.75,41.60,48.97
C0009,2020,56.26,65.25,70.62,64.04
C0009,2021,76.48,78.44,75.81,76.91
C0009,2022,71.88,43.10,60.84,58.60
C0009,2023,84.36,68.84,77.86,77.02
C0009,2024,63.61,45.96,51.35,53.64
C0010,2015,45.98,41.82,51.06,46.29
C0010,2016,75.66,42.64,48.07,55.46
C0010,2017,78.04,81.71,58.60,72.78
C0010,2018,68.06,45.90,82.35,65.44
C0010,2019,78.55,42.26,81.40,67.40
C0010,2020,64.69,61.89,59.14,61.91
C0010,2021,66.14,82.20,69.46,72.60
C0010,2022,61.38,53.12,76.04,63.51
C0010,2023,41.27,61.09,52.06,51.47
C0010,2024,45.39,42.00,48.41,45.27
C0011,2015,41.57,62.45,88.60,64.21
C0011,2016,71.82,68.88,70.88,70.53
C0011,2017,55.72,68.55,89.07,71.11
C0011,2018,65.43,56.62,56.89,59.65
C0011,2019,85.38,55.78,75.15,72.10
C0011,2020,52.46,45.33,51.13,49.64
C0011,2021,60.52,58.34,53.06,57.31
C0011,2022,77.78,44.97,65.60,62.78
C0011,2023,51.44,78.33,55.98,61.92
C0011,2024,43.85,88.31,48.38,60.18
C0012,2015,54.49,88.50,53.14,65.38
C0012,2016,48.06,83.25,41.79,57.70
C0012,2017,86.48,70.04,75.22,77.25
C0012,2018,80.41,75.04,64.61,73.35
C0012,2019,71.67,54.26,44.71,56.88
C0012,2020,83.57,71.54,48.58,67.90
C0012,2021,80.18,62.78,45.13,62.70
C0012,2022,49.33,64.10,70.63,61.35
C0012,2023,84.63,77.89,44.71,69.08
C0012,2024,66.97,54.10,77.71,66.26
C0013,2015,80.37,55.90,41.03,59.10
C0013,2016,84.80,86.23,52.47,74.50
C0013,2017,55.90,42.81,84.53,61.08
C0013,2018,45.50,64.28,75.93,61.90
C0013,2019,51.40,85.64,43.65,60.23
C0013,2020,61.36,70.52,81.06,70.98
C0013,2021,80.90,67.32,64.65,70.96
C0013,2022,83.04,52.49,82.34,72.62
C0013,2023,40.35,57.16,70.04,55.85
C0013,2024,65.54,82.60,74.09,74.08
C0014,2015,60.87,67.96,89.68,72.84
C0014,2016,51.11,65.74,51.62,56.15
C0014,2017,45.99,44.98,71.20,54.06
C0014,2018,56.88,40.80,63.02,53.57
C0014,2019,87.15,88.18,41.97,72.43
C0014,2020,56.16,58.85,40.72,51.91
C0014,2021,65.94,70.16,45.96,60.69
C0014,2022,75.15,43.99,72.45,63.86
C0014,2023,58.18,74.16,68.36,66.90
C0014,2024,88.59,86.63,67.67,80.96
C0015,2015,88.12,68.78,41.59,66.17
C0015,2016,52.59,46.31,63.47,54.12
C0015,2017,64.86,69.09,86.23,73.39
C0015,2018,55.04,78.32,59.88,64.41
C0015,2019,54.24,60.32,71.25,61.94
C0015,2020,41.84,83.99,78.99,68.28
C0015,2021,70.48,72.43,79.20,74.04
C0015,2022,65.13,84.96,65.96,72.02
C0015,2023,42.57,71.18,82.90,65.55
C0015,2024,53.93,46.56,59.57,53.36
C0016,2015,85.41,55.48,84.43,75.11
C0016,2016,51.98,50.09,52.01,51.36
C0016,2017,47.24,85.44,54.01,62.23
C0016,2018,64.47,78.02,42.66,61.72
C0016,2019,89.28,73.82,79.78,80.96
C0016,2020,52.10,55.05,60.85,56.00
C0016,2021,73.61,49.20,51.46,58.09
C0016,2022,78.08,77.82,51.59,69.16
C0016,2023,51.88,63.71,85.07,66.89
C0016,2024,76.41,51.29,81.70,69.80
C0017,2015,58.39,70.83,67.68,65.63
C0017,2016,71.62,42.02,70.81,61.48
C0017,2017,71.68,56.31,63.72,63.90
C0017,2018,66.79,63.43,59.58,63.27
C0017,2019,44.51,47.40,85.77,59.23
C0017,2020,81.77,89.23,46.28,72.43
C0017,2021,56.04,50.45,60.92,55.81
C0017,2022,49.33,46.52,57.23,51.02
C0017,2023,42.04,50.18,64.91,52.37
C0017,2024,69.54,78.45,62.88,70.29
C0018,2015,73.88,61.28,65.94,67.03
C0018,2016,40.83,68.27,47.00,52.03
C0018,2017,65.60,41.05,65.66,57.44
C0018,2018,51.32,41.72,52.12,48.39
C0018,2019,72.26,62.29,49.22,61.26
C0018,2020,48.72,80.83,43.24,57.60
C0018,2021,74.55,84.26,78.13,78.98
C0018,2022,59.34,44.34,61.37,55.01
C0018,2023,86.84,66.92,71.33,75.03
C0018,2024,46.88,85.66,76.38,69.64
C0019,2015,57.05,59.40,73.97,63.47
C0019,2016,45.67,81.48,63.53,63.56
C0019,2017,86.23,46.68,59.39,64.10
C0019,2018,83.87,86.77,58.80,76.48
C0019,2019,52.90,77.57,72.00,67.49
C0019,2020,73.00,87.07,64.74,74.94
C0019,2021,80.86,73.83,82.46,79.05
C0019,2022,67.76,58.17,83.74,69.89
C0019,2023,66.48,86.91,48.53,67.31
C0019,2024,52.09,53.78,46.81,50.89
C0020,2015,44.66,56.61,71.52,57.59
C0020,2016,84.86,75.04,55.06,71.65
C0020,2017,85.02,78.27,40.93,68.07
C0020,2018,71.66,86.47,84.43,80.85
C0020,2019,56.95,50.24,51.35,52.85
C0020,2020,57.46,79.90,86.46,74.61
C0020,2021,76.30,76.93,75.87,76.37
C0020,2022,84.86,43.19,78.13,68.73
C0020,2023,84.35,59.36,50.07,64.60
C0020,2024,78.99,54.14,51.71,61.61
C0021,2015,72.10,55.22,66.06,64.46
C0021,2016,44.21,89.15,48.60,60.65
C0021,2017,48.08,72.14,55.27,58.50
C0021,2018,84.93,75.88,56.07,72.29
C0021,2019,70.32,88.83,47.98,69.04
C0021,2020,40.46,58.86,50.26,49.86
C0021,2021,45.07,80.09,79.43,68.20
C0021,2022,73.18,61.73,48.36,61.09
C0021,2023,40.25,83.48,41.42,55.05
C0021,2024,48.04,49.03,71.47,56.18
C0022,2015,67.44,87.38,88.80,81.21
C0022,2016,74.59,50.94,56.56,60.70
C0022,2017,72.60,56.31,45.93,58.28
C0022,2018,51.21,77.81,68.52,65.85
C0022,2019,75.61,59.69,85.32,73.54
C0022,2020,51.86,70.41,79.20,67.16
C0022,2021,56.27,62.23,71.13,63.21
C0022,2022,77.32,77.12,55.75,70.07
C0022,2023,72.48,51.42,67.09,63.66
C0022,2024,82.46,42.92,44.56,56.65
C0023,2015,72.88,55.00,73.95,67.27
C0023,2016,68.42,63.72,76.25,69.46
C0023,2017,44.68,48.40,88.25,60.45
C0023,2018,58.39,57.74,53.02,56.38
C0023,2019,53.26,60.00,40.92,51.39
C0023,2020,52.20,42.87,67.28,54.12
C0023,2021,88.65,69.17,75.34,77.72
C0023,2022,59.65,84.22,79.52,74.46
C0023,2023,84.60,47.59,49.69,60.63
C0023,2024,71.56,69.89,53.09,64.84
C0024,2015,79.74,73.24,65.63,72.87
C0024,2016,65.13,60.97,56.53,60.88
C0024,2017,68.85,75.05,83.03,75.64
C0024,2018,64.63,60.54,63.69,62.95
C0024,2019,49.76,65.23,79.98,64.99
C0024,2020,76.12,40.37,69.03,61.84
C0024,2021,54.04,74.59,78.65,69.09
C0024,2022,41.22,73.07,56.63,56.97
C0024,2023,72.27,41.92,81.57,65.25
C0024,2024,48.86,58.41,53.73,53.67
C0025,2015,87.02,88.95,67.30,81.09
C0025,2016,87.70,61.04,50.70,66.48
C0025,2017,85.74,65.10,63.78,71.54
C0025,2018,58.51,85.50,55.91,66.64
C0025,2019,40.77,75.86,53.34,56.66
C0025,2020,86.42,69.10,88.35,81.29
C0025,2021,61.41,79.89,48.00,63.10
C0025,2022,88.33,83.22,79.37,83.64
C0025,2023,88.18,62.84,89.21,80.08
C0025,2024,82.65,63.76,41.00,62.47
C0026,2015,54.72,59.30,74.95,62.99
C0026,2016,59.25,88.34,52.65,66.75
C0026,2017,82.56,74.86,42.02,66.48
C0026,2018,55.85,44.16,60.14,53.38
C0026,2019,48.47,83.15,86.76,72.79
C0026,2020,67.84,64.03,40.59,57.49
C0026,2021,86.81,43.44,69.39,66.55
C0026,2022,74.80,67.49,65.07,69.12
C0026,2023,68.50,60.86,83.67,71.01
C0026,2024,44.86,83.89,44.20,57.65
C0027,2015,70.75,50.20,74.08,65.01
C0027,2016,89.50,81.32,74.01,81.61
C0027,2017,47.00,67.88,73.45,62.78
C0027,2018,65.92,42.73,87.12,65.25
C0027,2019,83.87,88.59,81.15,84.54
C0027,2020,77.04,65.63,42.10,61.59
C0027,2021,74.85,54.54,63.55,64.32
C0027,2022,75.12,63.47,59.90,66.16
C0027,2023,57.97,82.89,55.51,65.46
C0027,2024,54.68,55.25,62.57,57.50
C0028,2015,80.47,49.63,59.21,63.10
C0028,2016,80.51,46.45,61.62,62.86
C0028,2017,83.35,54.89,88.96,75.74
C0028,2018,85.66,79.00,44.43,69.70
C0028,2019,65.57,63.58,86.11,71.75
C0028,2020,65.08,51.37,64.01,60.15
C0028,2021,79.91,48.31,71.19,66.47
C0028,2022,72.50,56.64,81.51,70.21
C0028,2023,75.10,87.00,58.02,73.37
C0028,2024,79.79,57.15,61.52,66.15
C0029,2015,84.50,89.41,60.48,78.13
C0029,2016,56.90,64.26,58.74,59.97
C0029,2017,58.78,48.96,86.28,64.67
C0029,2018,44.70,84.56,81.45,70.23
C0029,2019,68.91,63.02,45.45,59.13
C0029,2020,41.80,75.48,45.41,54.23
C0029,2021,63.28,89.19,61.39,71.29
C0029,2022,67.13,42.51,44.93,51.52
C0029,2023,54.33,44.83,70.95,56.71
C0029,2024,69.54,76.02,47.18,64.25
C0030,2015,41.53,54.09,66.12,53.91
C0030,2016,41.87,49.22,40.36,43.81
C0030,2017,81.13,41.97,55.83,59.64
C0030,2018,58.01,41.09,73.86,57.65
C0030,2019,46.35,78.72,64.20,63.09
C0030,2020,66.11,46.72,88.91,67.25
C0030,2021,78.50,63.39,83.71,75.20
C0030,2022,50.79,70.29,57.95,59.68
C0030,2023,71.14,61.42,42.27,58.28
C0030,2024,44.27,41.36,82.28,55.97
C0031,2015,42.58,79.18,85.56,69.11
C0031,2016,66.57,40.53,81.03,62.71
C0031,2017,67.03,78.09,46.40,63.84
C0031,2018,71.87,84.67,89.90,82.14
C0031,2019,76.30,61.64,52.93,63.63
C0031,2020,88.79,66.78,76.21,77.26
C0031,2021,65.82,63.85,85.40,71.69
C0031,2022,56.15,59.46,51.78,55.80
C0031,2023,79.76,84.37,85.41,83.18
C0031,2024,53.54,84.70,55.47,64.57
C0032,2015,61.95,56.79,88.82,69.19
C0032,2016,43.92,70.75,54.06,56.25
C0032,2017,41.27,86.35,87.67,71.76
C0032,2018,88.13,88.10,42.68,72.97
C0032,2019,81.80,65.45,75.46,74.24
C0032,2020,74.80,62.64,66.61,68.02
C0032,2021,60.45,53.93,63.89,59.43
C0032,2022,48.66,87.94,51.17,62.59
C0032,2023,47.82,47.14,75.28,56.75
C0032,2024,52.51,68.99,49.54,57.01
C0033,2015,67.46,54.13,67.64,63.08
C0033,2016,75.73,53.95,52.66,60.78
C0033,2017,73.01,60.25,87.78,73.68
C0033,2018,54.00,89.94,41.43,61.79
C0033,2019,87.74,42.75,49.99,60.16
C0033,2020,76.89,68.93,52.12,65.98
C0033,2021,67.72,44.13,60.70,57.52
C0033,2022,70.59,47.73,51.64,56.65
C0033,2023,60.98,61.98,64.57,62.51
C0033,2024,52.39,65.52,83.62,67.18
C0034,2015,57.80,52.94,75.60,62.11
C0034,2016,77.89,55.82,69.00,67.57
C0034,2017,40.72,44.35,44.45,43.17
C0034,2018,45.80,55.16,74.70,58.55
C0034,2019,42.30,88.33,48.32,59.65
C0034,2020,42.04,87.24,79.32,69.53
C0034,2021,82.77,56.74,52.50,64.01
C0034,2022,75.18,68.54,60.85,68.19
C0034,2023,63.71,85.48,57.52,68.90
C0034,2024,44.89,40.31,82.94,56.05
C0035,2015,64.58,80.53,46.33,63.81
C0035,2016,63.67,87.42,68.28,73.12
C0035,2017,48.66,44.57,47.10,46.78
C0035,2018,61.69,48.07,75.24,61.67
C0035,2019,59.93,88.04,85.25,77.74
C0035,2020,70.79,66.88,61.73,66.47
C0035,2021,71.75,40.71,64.40,58.96
C0035,2022,42.27,52.88,86.37,60.51
C0035,2023,58.73,62.50,66.05,62.43
C0035,2024,71.29,74.65,64.38,70.11
C0036,2015,65.16,76.66,68.92,70.24
C0036,2016,82.82,89.77,74.46,82.35
C0036,2017,72.93,54.38,45.34,57.55
C0036,2018,48.15,66.91,81.06,65.37
C0036,2019,43.53,66.67,61.78,57.32
C0036,2020,72.12,60.28,43.62,58.67
C0036,2021,41.33,48.46,79.31,56.36
C0036,2022,69.29,88.87,58.85,72.34
C0036,2023,87.01,82.67,45.02,71.57
C0036,2024,68.77,64.92,71.69,68.46
C0037,2015,59.41,70.16,84.01,71.19
C0037,2016,72.16,51.36,84.39,69.31
C0037,2017,62.91,67.19,87.88,72.66
C0037,2018,67.28,74.75,83.39,75.14
C0037,2019,87.07,65.76,40.11,64.31
C0037,2020,59.31,89.51,59.01,69.28
C0037,2021,88.06,70.57,80.93,79.85
C0037,2022,85.27,58.55,58.31,67.38
C0037,2023,49.79,78.61,70.08,66.16
C0037,2024,43.47,48.52,70.32,54.10
C0038,2015,45.04,59.23,58.25,54.17
C0038,2016,40.91,57.35,85.22,61.16
C0038,2017,44.72,61.59,65.16,57.16
C0038,2018,74.15,79.09,63.24,72.16
C0038,2019,43.56,64.21,89.88,65.88
C0038,2020,55.95,79.70,64.68,66.77
C0038,2021,82.24,68.82,48.92,66.66
C0038,2022,41.16,57.10,65.65,54.64
C0038,2023,80.72,80.50,80.70,80.64
C0038,2024,54.09,51.91,78.84,61.62
C0039,2015,45.91,51.22,79.43,58.85
C0039,2016,74.84,65.23,75.40,71.82
C0039,2017,71.45,53.04,52.71,59.07
C0039,2018,83.87,40.45,83.10,69.14
C0039,2019,76.75,72.41,84.67,77.95
C0039,2020,80.17,65.55,49.71,65.15
C0039,2021,54.10,62.28,46.52,54.30
C0039,2022,48.87,88.35,88.78,75.33
C0039,2023,77.53,68.56,83.42,76.50
C0039,2024,80.34,83.17,84.66,82.73
C0040,2015,89.53,46.97,84.32,73.61
C0040,2016,60.63,68.46,67.08,65.39
C0040,2017,58.60,83.40,72.32,71.44
C0040,2018,78.82,69.16,67.27,71.75
C0040,2019,57.04,75.90,42.56,58.50
C0040,2020,86.54,58.60,77.28,74.14
C0040,2021,82.92,44.62,65.27,64.27
C0040,2022,61.45,62.90,72.39,65.58
C0040,2023,77.54,59.72,65.13,67.47
C0040,2024,77.73,83.35,64.59,75.22
C0041,2015,45.16,52.20,48.59,48.65
C0041,2016,85.13,88.34,53.94,75.80
C0041,2017,65.26,87.91,47.94,67.04
C0041,2018,81.32,52.38,49.78,61.16
C0041,2019,56.00,57.40,88.65,67.35
C0041,2020,84.78,84.78,47.66,72.40
C0041,2021,59.46,88.33,53.46,67.08
C0041,2022,40.54,62.17,69.53,57.41
C0041,2023,85.27,56.05,70.51,70.61
C0041,2024,44.56,66.30,47.70,52.86
C0042,2015,55.97,74.39,79.69,70.01
C0042,2016,87.50,53.67,79.26,73.48
C0042,2017,87.53,76.82,51.87,72.07
C0042,2018,68.67,42.58,54.43,55.23
C0042,2019,71.59,42.46,86.90,66.99
C0042,2020,62.42,59.31,81.28,67.67
C0042,2021,54.66,57.67,74.89,62.41
C0042,2022,56.43,55.78,44.11,52.11
C0042,2023,73.63,64.55,60.91,66.36
C0042,2024,77.62,56.04,67.97,67.21
C0043,2015,79.58,49.61,49.37,59.52
C0043,2016,79.48,55.47,62.41,65.79
C0043,2017,44.56,88.75,70.05,67.79
C0043,2018,64.72,60.56,56.37,60.55
C0043,2019,42.88,62.24,79.05,61.39
C0043,2020,67.48,68.83,82.02,72.78
C0043,2021,62.08,89.17,56.18,69.14
C0043,2022,84.39,52.08,81.93,72.80
C0043,2023,57.55,74.06,45.18,58.93
C0043,2024,45.85,75.80,81.89,67.85
C0044,2015,47.15,70.37,47.64,55.05
C0044,2016,78.08,44.43,44.15,55.55
C0044,2017,70.91,73.84,72.09,72.28
C0044,2018,45.06,43.20,63.60,50.62
C0044,2019,44.21,69.81,85.39,66.47
C0044,2020,75.05,76.98,58.16,70.06
C0044,2021,43.64,50.55,54.36,49.51
C0044,2022,81.09,82.08,65.04,76.07
C0044,2023,75.31,41.52,62.80,59.88
C0044,2024,44.07,82.19,57.22,61.16
C0045,2015,44.24,63.02,74.69,60.65
C0045,2016,89.33,50.88,77.98,72.73
C0045,2017,58.71,46.69,82.65,62.68
C0045,2018,58.53,87.67,88.64,78.28
C0045,2019,80.64,43.63,53.33,59.20
C0045,2020,87.36,49.95,75.80,71.04
C0045,2021,89.30,57.39,59.71,68.80
C0045,2022,77.67,71.01,73.85,74.18
C0045,2023,58.81,67.24,63.80,63.28
C0045,2024,44.18,46.28,89.69,60.05
C0046,2015,78.86,54.49,76.45,69.93
C0046,2016,67.92,51.94,87.62,69.16
C0046,2017,61.21,50.68,81.75,64.55
C0046,2018,85.32,60.56,85.15,77.01
C0046,2019,45.56,75.20,80.72,67.16
C0046,2020,64.63,50.87,62.96,59.49
C0046,2021,40.57,58.33,52.59,50.50
C0046,2022,63.43,59.55,58.52,60.50
C0046,2023,42.82,88.82,41.01,57.55
C0046,2024,45.94,87.73,66.20,66.62
C0047,2015,45.88,80.01,65.25,63.71
C0047,2016,72.46,52.08,66.26,63.60
C0047,2017,77.30,43.40,88.70,69.80
C0047,2018,69.17,55.85,85.57,70.20
C0047,2019,88.11,53.34,48.09,63.18
C0047,2020,58.74,65.30,58.44,60.83
C0047,2021,54.29,78.89,61.20,64.79
C0047,2022,83.43,82.92,58.03,74.79
C0047,2023,51.18,82.24,79.92,71.12
C0047,2024,88.16,57.98,66.20,70.78
C0048,2015,40.61,74.36,68.60,61.19
C0048,2016,88.49,55.64,82.65,75.60
C0048,2017,42.16,43.05,80.30,55.17
C0048,2018,84.56,75.08,46.61,68.75
C0048,2019,66.39,40.49,75.70,60.86
C0048,2020,89.65,60.46,61.77,70.63
C0048,2021,43.69,56.47,54.73,51.63
C0048,2022,67.69,74.67,42.50,61.62
C0048,2023,88.47,78.31,64.36,77.05
C0048,2024,66.15,55.20,57.77,59.71
C0049,2015,71.47,80.58,52.58,68.21
C0049,2016,74.79,54.70,74.73,68.07
C0049,2017,62.73,62.32,78.47,67.84
C0049,2018,71.38,76.35,52.24,66.66
C0049,2019,69.22,74.65,42.47,62.11
C0049,2020,85.06,89.37,82.44,85.62
C0049,2021,42.27,51.26,40.50,44.68
C0049,2022,54.05,73.12,86.86,71.34
C0049,2023,87.52,70.48,71.38,76.46
C0049,2024,84.51,85.75,56.09,75.45
C0050,2015,62.78,47.82,52.32,54.31
C0050,2016,71.01,77.59,40.45,63.02
C0050,2017,53.87,68.41,51.77,58.02
C0050,2018,49.41,53.73,46.89,50.01
C0050,2019,63.18,63.72,70.61,65.84
C0050,2020,57.67,56.69,48.33,54.23
C0050,2021,69.18,68.97,66.43,68.19
C0050,2022,43.89,84.45,69.51,65.95
C0050,2023,88.72,68.47,54.90,70.70
C0050,2024,89.31,71.59,41.75,67.55
C0051,2015,74.91,65.94,41.86,60.90
C0051,2016,66.80,42.56,41.32,50.23
C0051,2017,55.48,51.64,76.96,61.36
C0051,2018,80.69,64.60,55.90,67.06
C0051,2019,74.24,55.51,79.82,69.85
C0051,2020,48.13,49.09,61.59,52.94
C0051,2021,85.55,65.21,62.65,71.13
C0051,2022,81.13,56.14,65.64,67.64
C0051,2023,87.49,52.91,75.65,72.02
C0051,2024,76.29,63.20,53.68,64.39
C0052,2015,70.67,46.66,46.08,54.47
C0052,2016,60.91,86.39,67.80,71.70
C0052,2017,86.64,83.39,56.35,75.46
C0052,2018,83.30,75.38,62.12,73.60
C0052,2019,42.26,45.31,72.35,53.31
C0052,2020,41.32,78.79,64.71,61.61
C0052,2021,58.82,80.40,71.01,70.08
C0052,2022,80.53,78.39,67.21,75.38
C0052,2023,89.36,45.70,76.99,70.68
C0052,2024,47.52,72.20,75.30,65.00
C0053,2015,69.71,81.72,66.71,72.71
C0053,2016,59.04,68.87,73.95,67.29
C0053,2017,88.50,72.32,83.68,81.50
C0053,2018,82.11,62.92,61.61,68.88
C0053,2019,81.92,66.44,60.64,69.66
C0053,2020,63.43,41.72,78.21,61.12
C0053,2021,60.74,71.95,69.13,67.27
C0053,2022,53.67,44.07,43.55,47.10
C0053,2023,42.82,61.75,84.61,63.06
C0053,2024,83.24,54.63,41.54,59.80
C0054,2015,80.65,67.27,77.42,75.11
C0054,2016,89.99,46.67,77.94,71.53
C0054,2017,89.83,74.58,87.66,84.02
C0054,2018,67.77,79.75,42.71,63.41
C0054,2019,78.45,48.17,69.84,65.49
C0054,2020,87.24,45.22,61.39,64.62
C0054,2021,82.48,47.28,56.53,62.10
C0054,2022,52.37,83.86,44.52,60.25
C0054,2023,62.53,66.41,68.13,65.69
C0054,2024,46.46,63.36,63.95,57.92
C0055,2015,87.70,45.34,45.23,59.42
C0055,2016,70.31,72.48,70.62,71.14
C0055,2017,51.43,83.40,76.90,70.58
C0055,2018,73.59,81.41,78.36,77.79
C0055,2019,70.91,71.30,85.27,75.83
C0055,2020,57.91,43.76,60.47,54.05
C0055,2021,45.68,45.62,87.65,59.65
C0055,2022,73.58,42.47,83.27,66.44
C0055,2023,66.02,52.87,54.83,57.90
C0055,2024,78.62,46.78,47.96,57.79
C0056,2015,66.01,53.00,61.77,60.26
C0056,2016,82.61,59.25,60.09,67.32
C0056,2017,67.60,87.15,68.79,74.51
C0056,2018,68.05,70.52,69.17,69.25
C0056,2019,83.83,81.75,77.50,81.03
C0056,2020,60.17,75.52,65.49,67.06
C0056,2021,46.70,45.63,45.24,45.86
C0056,2022,41.44,76.80,82.91,67.05
C0056,2023,77.76,53.75,55.49,62.33
C0056,2024,71.02,71.96,88.56,77.18
C0057,2015,75.20,57.05,45.89,59.38
C0057,2016,50.65,89.88,87.91,76.15
C0057,2017,46.82,53.18,44.55,48.18
C0057,2018,40.73,53.96,51.55,48.75
C0057,2019,57.53,86.53,42.33,62.13
C0057,2020,69.50,41.23,75.26,61.99
C0057,2021,59.61,74.83,82.51,72.32
C0057,2022,61.87,76.27,61.70,66.61
C0057,2023,85.21,81.82,86.43,84.48
C0057,2024,57.41,88.72,69.51,71.88
C0058,2015,65.70,88.78,71.50,75.33
C0058,2016,79.18,43.26,82.27,68.24
C0058,2017,59.83,81.09,54.84,65.25
C0058,2018,71.10,72.32,57.71,67.04
C0058,2019,83.12,72.37,85.30,80.26
C0058,2020,87.48,46.42,85.05,72.98
C0058,2021,47.35,72.51,88.82,69.56
C0058,2022,86.33,89.12,85.09,86.85
C0058,2023,64.61,85.59,46.37,65.52
C0058,2024,52.91,61.96,81.19,65.35
C0059,2015,62.96,42.00,60.49,55.15
C0059,2016,89.00,58.11,89.54,78.89
C0059,2017,64.63,81.32,63.61,69.85
C0059,2018,56.44,75.07,67.69,66.40
C0059,2019,71.67,62.97,66.49,67.04
C0059,2020,52.01,42.76,56.09,50.28
C0059,2021,43.79,61.34,43.75,49.63
C0059,2022,46.44,63.45,84.78,64.89
C0059,2023,46.40,86.43,80.13,70.99
C0059,2024,47.60,72.05,46.98,55.54
C0060,2015,46.94,55.58,78.84,60.45
C0060,2016,72.04,66.27,71.29,69.87
C0060,2017,49.09,43.30,60.46,50.95
C0060,2018,57.28,88.63,52.70,66.20
C0060,2019,84.84,58.00,82.99,75.28
C0060,2020,63.70,63.89,75.01,67.53
C0060,2021,73.38,57.76,67.39,66.18
C0060,2022,48.62,74.13,70.48,64.41
C0060,2023,49.61,73.11,44.55,55.76
C0060,2024,42.04,75.77,63.70,60.50
C0061,2015,48.45,53.41,49.69,50.51
C0061,2016,53.93,55.78,50.42,53.38
C0061,2017,48.85,46.26,73.07,56.06
C0061,2018,44.44,72.78,85.56,67.59
C0061,2019,46.03,41.99,60.19,49.40
C0061,2020,63.04,69.88,50.39,61.10
C0061,2021,50.32,83.48,72.44,68.75
C0061,2022,58.21,84.54,83.56,75.44
C0061,2023,65.17,62.45,77.42,68.35
C0061,2024,74.52,62.97,83.44,73.64
C0062,2015,41.97,43.85,66.83,50.88
C0062,2016,79.97,73.54,77.59,77.03
C0062,2017,71.40,81.06,47.00,66.49
C0062,2018,44.09,52.23,57.41,51.24
C0062,2019,83.68,61.07,59.48,68.07
C0062,2020,86.04,81.94,65.56,77.85
C0062,2021,43.05,83.86,86.45,71.12
C0062,2022,53.84,52.16,83.71,63.24
C0062,2023,80.31,67.53,46.73,64.85
C0062,2024,77.41,49.62,48.64,58.56
C0063,2015,49.23,45.09,57.88,50.73
C0063,2016,50.47,85.56,54.54,63.52
C0063,2017,58.52,81.03,70.74,70.10
C0063,2018,64.23,78.00,85.14,75.79
C0063,2019,70.91,42.44,88.11,67.16
C0063,2020,58.45,82.19,72.68,71.10
C0063,2021,63.13,61.90,81.91,68.98
C0063,2022,77.37,57.12,66.26,66.92
C0063,2023,41.83,67.32,50.42,53.19
C0063,2024,52.62,44.57,66.23,54.47
C0064,2015,75.67,77.83,67.75,73.75
C0064,2016,84.76,69.12,77.12,77.00
C0064,2017,65.58,49.33,50.99,55.30
C0064,2018,66.61,49.41,58.42,58.14
C0064,2019,45.36,49.21,58.20,50.92
C0064,2020,62.37,42.85,87.97,64.40
C0064,2021,66.63,69.39,62.20,66.07
C0064,2022,52.12,82.02,77.75,70.63
C0064,2023,53.46,40.87,77.54,57.29
C0064,2024,58.86,42.45,53.28,51.53
C0065,2015,41.00,68.64,68.59,59.41
C0065,2016,56.10,80.97,84.72,73.93
C0065,2017,50.57,56.34,63.76,56.89
C0065,2018,56.37,57.48,87.26,67.04
C0065,2019,45.99,69.82,50.72,55.51
C0065,2020,84.53,53.71,43.71,60.65
C0065,2021,69.68,41.33,84.57,65.19
C0065,2022,73.96,76.76,82.38,77.70
C0065,2023,79.46,71.28,89.63,80.12
C0065,2024,64.92,69.04,73.97,69.31
C0066,2015,44.35,77.08,86.83,69.42
C0066,2016,66.86,73.76,81.35,73.99
C0066,2017,69.34,50.29,82.22,67.29
C0066,2018,77.27,57.62,68.46,67.78
C0066,2019,61.58,46.31,59.12,55.67
C0066,2020,46.38,46.49,86.73,59.87
C0066,2021,54.19,73.81,61.61,63.20
C0066,2022,58.15,82.93,66.94,69.34
C0066,2023,72.30,88.14,62.31,74.25
C0066,2024,68.54,71.42,68.24,69.40
C0067,2015,57.80,49.21,63.53,56.85
C0067,2016,89.33,45.28,42.40,59.00
C0067,2017,70.29,80.64,84.10,78.34
C0067,2018,51.86,68.94,62.22,61.01
C0067,2019,45.09,70.91,69.45,61.82
C0067,2020,47.64,79.07,46.96,57.89
C0067,2021,52.30,75.16,40.17,55.88
C0067,2022,48.03,81.72,52.26,60.67
C0067,2023,49.33,42.81,75.23,55.79
C0067,2024,54.25,77.38,44.96,58.86
C0068,2015,48.67,82.54,85.44,72.22
C0068,2016,84.84,54.31,50.75,63.30
C0068,2017,44.01,72.02,50.23,55.42
C0068,2018,66.23,55.71,49.08,57.00
C0068,2019,60.52,87.90,40.70,63.04
C0068,2020,89.12,41.67,78.59,69.79
C0068,2021,45.60,68.99,83.75,66.11
C0068,2022,59.89,48.33,70.71,59.64
C0068,2023,88.47,75.61,49.41,71.16
C0068,2024,83.28,48.79,54.26,62.11
C0069,2015,80.85,51.77,63.80,65.47
C0069,2016,52.90,64.72,87.72,68.44
C0069,2017,48.54,85.74,52.37,62.22
C0069,2018,73.43,50.59,76.58,66.87
C0069,2019,86.47,47.21,61.97,65.22
C0069,2020,67.84,77.95,54.89,66.89
C0069,2021,68.58,65.03,62.80,65.47
C0069,2022,54.00,85.59,43.56,61.05
C0069,2023,78.47,47.33,79.93,68.58
C0069,2024,49.35,72.30,52.17,57.94
C0070,2015,56.18,51.64,76.27,61.37
C0070,2016,61.27,47.84,43.42,50.84
C0070,2017,65.38,74.17,87.75,75.77
C0070,2018,52.12,69.68,49.65,57.15
C0070,2019,45.74,77.74,84.14,69.21
C0070,2020,70.53,55.47,80.47,68.83
C0070,2021,54.43,62.40,88.39,68.41
C0070,2022,69.06,60.27,63.89,64.41
C0070,2023,47.72,89.20,76.37,71.10
C0070,2024,64.06,54.61,58.54,59.07
C0071,2015,66.63,54.74,49.22,56.86
C0071,2016,42.59,57.73,62.15,54.16
C0071,2017,56.83,68.23,48.29,57.78
C0071,2018,46.72,52.62,89.10,62.81
C0071,2019,43.17,85.76,44.81,57.92
C0071,2020,89.50,53.28,69.46,70.75
C0071,2021,56.12,84.79,71.32,70.74
C0071,2022,80.49,45.17,66.90,64.19
C0071,2023,52.73,72.83,73.11,66.22
C0071,2024,74.08,85.35,45.81,68.41
C0072,2015,78.01,48.44,67.75,64.73
C0072,2016,69.78,88.42,54.36,70.85
C0072,2017,63.58,62.64,87.01,71.08
C0072,2018,60.59,87.29,78.10,75.33
C0072,2019,57.44,73.84,88.63,73.30
C0072,2020,86.48,55.08,41.88,61.14
C0072,2021,81.53,49.42,54.26,61.73
C0072,2022,88.25,55.19,49.77,64.40
C0072,2023,46.21,44.65,40.56,43.81
C0072,2024,76.54,47.19,52.12,58.62
C0073,2015,86.92,45.23,73.94,68.70
C0073,2016,49.06,61.15,51.55,53.92
C0073,2017,43.32,79.78,65.45,62.85
C0073,2018,77.06,47.07,84.39,69.51
C0073,2019,68.72,46.52,74.69,63.31
C0073,2020,82.09,72.17,59.73,71.33
C0073,2021,46.99,49.86,58.62,51.82
C0073,2022,79.76,44.88,62.79,62.48
C0073,2023,50.08,48.34,48.85,49.09
C0073,2024,48.18,86.19,71.70,68.69
C0074,2015,48.21,81.07,58.21,62.50
C0074,2016,80.73,57.70,82.62,73.68
C0074,2017,73.26,72.79,77.83,74.63
C0074,2018,66.15,66.86,70.53,67.85
C0074,2019,57.94,73.86,58.21,63.34
C0074,2020,83.86,74.13,50.50,69.50
C0074,2021,59.62,71.44,78.81,69.96
C0074,2022,80.83,53.31,64.32,66.15
C0074,2023,61.96,41.95,51.24,51.71
C0074,2024,58.85,62.78,49.76,57.13
C0075,2015,63.13,84.55,48.27,65.32
C0075,2016,55.07,68.47,78.86,67.47
C0075,2017,77.38,81.62,51.45,70.15
C0075,2018,65.14,89.58,66.33,73.68
C0075,2019,51.61,48.18,62.58,54.12
C0075,2020,84.98,74.59,68.98,76.18
C0075,2021,59.19,73.71,83.86,72.26
C0075,2022,67.18,89.00,83.39,79.85
C0075,2023,85.32,89.28,62.55,79.05
C0075,2024,71.21,74.33,40.77,62.10
C0076,2015,45.84,52.18,61.32,53.12
C0076,2016,86.99,79.93,70.31,79.08
C0076,2017,71.39,45.35,67.89,61.54
C0076,2018,56.75,79.03,72.57,69.45
C0076,2019,46.96,85.51,47.70,60.06
C0076,2020,79.70,59.14,72.33,70.39
C0076,2021,71.00,71.53,49.13,63.89
C0076,2022,66.67,61.51,77.53,68.57
C0076,2023,84.69,61.89,56.95,67.85
C0076,2024,79.43,55.52,75.49,70.15
C0077,2015,47.58,78.11,42.39,56.03
C0077,2016,55.59,86.81,60.39,67.60
C0077,2017,52.42,87.04,75.25,71.57
C0077,2018,77.20,48.74,51.34,59.09
C0077,2019,41.68,83.74,79.76,68.39
C0077,2020,68.49,76.87,71.54,72.30
C0077,2021,78.12,52.64,69.38,66.71
C0077,2022,83.84,43.36,57.68,61.63
C0077,2023,57.10,53.40,64.12,58.21
C0077,2024,81.06,85.61,69.87,78.85
C0078,2015,45.53,71.66,63.62,60.27
C0078,2016,82.32,76.05,74.92,77.76
C0078,2017,46.37,52.86,61.68,53.64
C0078,2018,59.86,75.97,50.11,61.98
C0078,2019,79.86,41.41,50.70,57.32
C0078,2020,47.50,58.77,40.29,48.85
C0078,2021,51.46,71.34,55.05,59.28
C0078,2022,76.11,47.30,77.45,66.95
C0078,2023,76.00,81.15,79.71,78.95
C0078,2024,72.06,51.75,50.12,57.98
C0079,2015,74.70,72.61,87.95,78.42
C0079,2016,67.14,60.26,65.12,64.17
C0079,2017,52.59,69.80,85.85,69.41
C0079,2018,57.28,45.37,75.34,59.33
C0079,2019,49.08,40.85,76.12,55.35
C0079,2020,85.42,85.48,44.25,71.72
C0079,2021,69.17,53.48,51.00,57.88
C0079,2022,60.04,80.98,40.44,60.49
C0079,2023,63.10,89.97,75.81,76.29
C0079,2024,87.36,50.57,57.22,65.05
C0080,2015,47.67,53.26,79.33,60.09
C0080,2016,69.31,73.14,56.95,66.47
C0080,2017,65.29,88.27,80.97,78.18
C0080,2018,70.57,85.79,46.53,67.63
C0080,2019,40.91,65.14,48.67,51.57
C0080,2020,83.61,79.76,57.04,73.47
C0080,2021,86.61,46.79,60.42,64.61
C0080,2022,68.26,88.87,57.44,71.52
C0080,2023,74.83,88.22,78.18,80.41
C0080,2024,86.12,48.19,44.85,59.72
C0081,2015,75.36,54.97,57.56,62.63
C0081,2016,47.63,45.01,81.86,58.17
C0081,2017,68.81,53.59,43.34,55.25
C0081,2018,70.34,80.80,87.12,79.42
C0081,2019,61.21,58.92,89.32,69.81
C0081,2020,76.82,44.42,44.43,55.22
C0081,2021,86.72,57.11,54.56,66.13
C0081,2022,86.28,89.07,58.62,77.99
C0081,2023,62.54,71.48,78.82,70.95
C0081,2024,45.66,60.81,69.80,58.76
C0082,2015,89.24,48.33,72.22,69.93
C0082,2016,81.94,89.31,77.88,83.04
C0082,2017,46.23,81.04,45.90,57.72
C0082,2018,86.04,54.07,81.66,73.93
C0082,2019,83.49,43.50,75.28,67.43
C0082,2020,65.94,42.83,68.87,59.21
C0082,2021,69.56,46.02,84.49,66.69
C0082,2022,59.95,69.04,75.02,68.00
C0082,2023,42.74,86.44,50.08,59.75
C0082,2024,56.76,64.84,61.49,61.03
C0083,2015,80.14,82.15,64.70,75.66
C0083,2016,40.23,62.29,42.76,48.43
C0083,2017,56.67,75.43,87.73,73.28
C0083,2018,59.91,76.59,46.43,60.98
C0083,2019,66.87,48.70,74.87,63.48
C0083,2020,85.99,58.06,65.31,69.79
C0083,2021,57.32,71.87,41.28,56.82
C0083,2022,57.35,43.53,86.24,62.37
C0083,2023,76.88,58.08,82.59,72.51
C0083,2024,62.61,66.74,66.21,65.19
C0084,2015,51.23,89.81,51.45,64.16
C0084,2016,62.62,63.73,46.08,57.48
C0084,2017,47.04,80.80,58.17,62.01
C0084,2018,48.82,61.60,52.77,54.40
C0084,2019,64.92,79.82,65.33,70.02
C0084,2020,60.95,69.77,88.32,73.01
C0084,2021,85.74,84.33,68.75,79.61
C0084,2022,58.12,60.55,84.50,67.72
C0084,2023,69.03,70.22,72.54,70.60
C0084,2024,71.61,71.50,63.76,68.96
C0085,2015,40.65,60.87,82.73,61.42
C0085,2016,73.18,47.22,63.57,61.32
C0085,2017,48.90,44.68,83.43,59.00
C0085,2018,88.05,40.83,54.58,61.16
C0085,2019,47.43,83.68,46.44,59.18
C0085,2020,60.73,51.82,82.77,65.11
C0085,2021,44.27,50.58,69.37,54.74
C0085,2022,89.84,76.80,84.45,83.70
C0085,2023,65.11,56.00,86.89,69.33
C0085,2024,69.77,65.30,42.68,59.25
C0086,2015,43.35,48.13,65.05,52.18
C0086,2016,77.50,87.99,58.75,74.74
C0086,2017,50.50,82.58,71.29,68.12
C0086,2018,84.90,83.19,79.68,82.59
C0086,2019,50.26,60.34,54.03,54.88
C0086,2020,49.53,78.12,67.84,65.16
C0086,2021,41.83,47.19,75.44,54.82
C0086,2022,63.60,40.43,46.72,50.25
C0086,2023,68.24,41.00,80.70,63.31
C0086,2024,43.29,69.33,70.31,60.97
C0087,2015,78.78,62.77,87.48,76.34
C0087,2016,62.66,65.90,56.98,61.85
C0087,2017,66.22,40.37,45.41,50.67
C0087,2018,62.04,61.13,65.33,62.83
C0087,2019,60.04,75.90,44.29,60.08
C0087,2020,67.98,62.13,88.48,72.86
C0087,2021,47.76,76.61,41.93,55.44
C0087,2022,49.10,51.65,77.68,59.47
C0087,2023,83.09,80.66,66.26,76.67
C0087,2024,87.31,69.42,58.43,71.72
C0088,2015,58.67,50.54,43.29,50.83
C0088,2016,53.54,51.84,71.11,58.83
C0088,2017,72.20,71.40,69.26,70.95
C0088,2018,60.44,81.50,54.04,65.33
C0088,2019,41.27,60.78,85.51,62.52
C0088,2020,47.81,52.92,55.21,51.98
C0088,2021,75.80,83.35,62.49,73.88
C0088,2022,72.95,73.46,67.19,71.20
C0088,2023,41.35,62.40,45.01,49.59
C0088,2024,51.10,64.40,86.61,67.37
C0089,2015,51.55,50.21,58.73,53.50
C0089,2016,73.59,71.34,44.04,62.99
C0089,2017,40.99,57.94,59.36,52.76
C0089,2018,45.21,89.78,70.01,68.33
C0089,2019,80.00,64.01,65.68,69.90
C0089,2020,48.93,64.29,74.73,62.65
C0089,2021,72.64,68.29,42.77,61.23
C0089,2022,51.91,85.84,54.23,63.99
C0089,2023,44.97,80.04,80.96,68.66
C0089,2024,52.16,62.56,43.99,52.90
C0090,2015,76.11,75.93,82.77,78.27
C0090,2016,82.78,69.31,44.59,65.56
C0090,2017,81.51,64.62,81.72,75.95
C0090,2018,59.86,49.62,58.04,55.84
C0090,2019,73.40,63.20,70.61,69.07
C0090,2020,50.25,52.29,47.64,50.06
C0090,2021,54.66,85.74,43.31,61.24
C0090,2022,84.82,56.77,50.80,64.13
C0090,2023,40.65,87.61,46.39,58.22
C0090,2024,44.28,66.65,55.62,55.52
C0091,2015,50.39,71.58,65.72,62.56
C0091,2016,41.33,67.15,69.44,59.30
C0091,2017,49.07,46.47,79.49,58.34
C0091,2018,69.15,58.79,72.81,66.92
C0091,2019,61.07,44.96,70.44,58.82
C0091,2020,84.63,71.15,60.59,72.12
C0091,2021,80.87,62.34,63.69,68.97
C0091,2022,57.09,78.90,60.73,65.57
C0091,2023,52.97,51.02,82.11,62.03
C0091,2024,58.98,48.23,51.50,52.90
C0092,2015,69.51,60.32,40.29,56.71
C0092,2016,53.40,86.33,72.57,70.77
C0092,2017,71.21,75.52,50.12,65.62
C0092,2018,60.47,60.95,84.51,68.64
C0092,2019,67.60,65.86,82.95,72.14
C0092,2020,61.81,44.21,43.84,49.95
C0092,2021,54.72,89.23,45.32,63.09
C0092,2022,87.42,73.32,64.76,75.17
C0092,2023,78.18,54.27,70.46,67.64
C0092,2024,47.01,69.29,53.75,56.68
C0093,2015,83.42,45.47,75.84,68.25
C0093,2016,64.37,88.29,69.75,74.14
C0093,2017,84.73,48.74,56.24,63.24
C0093,2018,79.99,72.40,41.27,64.55
C0093,2019,61.26,52.27,77.51,63.68
C0093,2020,41.12,75.88,50.74,55.91
C0093,2021,53.43,78.84,81.72,71.33
C0093,2022,67.08,73.67,61.01,67.26
C0093,2023,71.67,70.72,68.85,70.42
C0093,2024,52.89,84.62,83.65,73.72
C0094,2015,46.97,43.93,83.18,58.03
C0094,2016,81.75,56.55,58.58,65.62
C0094,2017,89.22,52.41,50.44,64.03
C0094,2018,66.28,89.40,78.76,78.15
C0094,2019,48.58,59.47,61.65,56.57
C0094,2020,53.62,76.63,49.60,59.95
C0094,2021,40.92,74.24,85.22,66.79
C0094,2022,85.71,50.60,49.91,62.07
C0094,2023,45.89,51.95,41.29,46.38
C0094,2024,68.83,54.06,41.01,54.63
C0095,2015,53.70,60.56,71.12,61.79
C0095,2016,67.71,51.72,73.08,64.17
C0095,2017,72.57,40.98,55.55,56.37
C0095,2018,81.49,83.97,56.00,73.82
C0095,2019,50.32,88.28,56.97,65.19
C0095,2020,40.55,57.08,74.01,57.21
C0095,2021,46.84,56.93,42.91,48.89
C0095,2022,85.00,40.35,86.46,70.60
C0095,2023,83.69,74.01,51.13,69.61
C0095,2024,69.87,81.27,89.98,80.38
C0096,2015,70.03,47.33,48.58,55.31
C0096,2016,73.25,47.98,78.58,66.60
C0096,2017,48.77,79.50,51.17,59.81
C0096,2018,85.72,70.81,44.04,66.86
C0096,2019,60.94,42.24,83.75,62.31
C0096,2020,59.16,71.13,82.94,71.07
C0096,2021,65.95,55.45,60.18,60.52
C0096,2022,42.35,58.44,75.12,58.63
C0096,2023,48.31,78.49,67.85,64.88
C0096,2024,76.90,80.55,82.65,80.03
C0097,2015,44.14,60.02,55.75,53.30
C0097,2016,70.16,87.36,66.18,74.57
C0097,2017,52.27,60.32,64.27,58.95
C0097,2018,59.46,78.59,57.70,65.25
C0097,2019,54.43,64.19,84.57,67.73
C0097,2020,57.78,84.88,48.29,63.65
C0097,2021,75.95,85.39,47.48,69.61
C0097,2022,54.86,44.37,68.85,56.02
C0097,2023,68.32,86.82,72.87,76.01
C0097,2024,63.80,81.28,49.73,64.94
C0098,2015,73.18,79.57,59.54,70.76
C0098,2016,86.84,50.05,87.33,74.74
C0098,2017,76.63,80.26,52.33,69.74
C0098,2018,50.75,82.51,73.42,68.89
C0098,2019,41.56,54.46,77.01,57.67
C0098,2020,53.11,87.61,62.41,67.71
C0098,2021,69.75,42.49,86.88,66.37
C0098,2022,42.57,47.50,76.83,55.63
C0098,2023,64.82,66.88,62.90,64.86
C0098,2024,69.84,68.79,68.47,69.03
C0099,2015,56.71,72.26,74.63,67.87
C0099,2016,78.55,40.85,69.61,63.00
C0099,2017,45.33,88.02,83.93,72.43
C0099,2018,43.76,42.23,57.84,47.94
C0099,2019,76.41,47.15,54.99,59.52
C0099,2020,64.77,40.70,50.69,52.06
C0099,2021,74.42,68.34,41.89,61.55
C0099,2022,61.74,86.61,42.15,63.50
C0099,2023,52.32,73.30,83.50,69.71
C0099,2024,80.96,81.13,73.92,78.67
C0100,2015,79.97,40.66,73.03,64.55
C0100,2016,74.73,67.10,70.73,70.86
C0100,2017,53.61,62.98,82.46,66.35
C0100,2018,69.51,64.95,64.01,66.16
C0100,2019,58.05,43.61,83.52,61.73
C0100,2020,44.58,74.22,57.97,58.92
C0100,2021,85.87,65.16,86.34,79.12
C0100,2022,46.84,78.26,74.93,66.68
C0100,2023,87.51,64.26,52.86,68.21
C0100,2024,62.30,47.47,68.20,59.32
C0101,2015,49.26,72.41,66.65,62.77
C0101,2016,67.10,48.62,46.89,54.20
C0101,2017,83.65,83.62,69.56,78.94
C0101,2018,76.61,70.66,55.74,67.67
C0101,2019,80.33,47.86,42.62,56.94
C0101,2020,72.94,88.12,87.43,82.83
C0101,2021,74.61,65.92,72.07,70.87
C0101,2022,82.46,43.64,83.85,69.98
C0101,2023,52.48,71.34,73.80,65.88
C0101,2024,64.47,52.66,57.85,58.33
C0102,2015,51.06,80.18,65.63,65.63
C0102,2016,89.38,80.89,73.79,81.35
C0102,2017,87.20,88.95,88.01,88.05
C0102,2018,41.97,65.09,52.68,53.25
C0102,2019,75.28,62.75,83.75,73.93
C0102,2020,86.26,77.67,86.20,83.38
C0102,2021,49.03,46.62,73.52,56.39
C0102,2022,68.40,67.35,86.56,74.10
C0102,2023,85.77,67.31,59.89,70.99
C0102,2024,41.70,44.47,87.65,57.94
C0103,2015,74.87,60.90,75.14,70.30
C0103,2016,54.87,82.66,42.10,59.88
C0103,2017,86.22,82.81,85.34,84.79
C0103,2018,88.55,44.96,64.22,65.91
C0103,2019,87.21,44.54,63.02,64.92
C0103,2020,63.71,53.13,68.32,61.72
C0103,2021,83.10,83.74,47.47,71.44
C0103,2022,82.23,46.45,63.46,64.04
C0103,2023,55.96,76.00,81.56,71.17
C0103,2024,81.45,45.06,40.77,55.76
C0104,2015,41.85,71.16,53.65,55.55
C0104,2016,69.81,57.80,40.12,55.91
C0104,2017,51.50,79.45,60.79,63.91
C0104,2018,46.03,51.68,76.42,58.04
C0104,2019,43.85,71.96,79.94,65.25
C0104,2020,74.81,51.78,87.26,71.29
C0104,2021,56.99,75.68,70.43,67.70
C0104,2022,76.24,83.68,52.73,70.88
C0104,2023,43.27,46.34,86.21,58.61
C0104,2024,55.76,83.33,78.77,72.62
C0105,2015,66.97,69.68,68.72,68.46
C0105,2016,79.54,46.36,74.78,66.89
C0105,2017,55.94,61.38,86.22,67.84
C0105,2018,71.29,48.04,75.62,64.99
C0105,2019,84.30,75.02,58.42,72.58
C0105,2020,70.79,77.94,75.65,74.80
C0105,2021,51.65,45.29,42.01,46.32
C0105,2022,41.22,65.31,59.32,55.28
C0105,2023,83.50,80.73,60.32,74.85
C0105,2024,41.06,86.81,48.34,58.74
C0106,2015,83.74,65.68,41.15,63.52
C0106,2016,66.45,87.51,46.67,66.88
C0106,2017,86.95,66.78,72.73,75.49
C0106,2018,79.94,59.71,80.11,73.25
C0106,2019,89.90,82.41,89.41,87.24
C0106,2020,57.54,64.65,57.32,59.83
C0106,2021,78.36,63.60,69.97,70.64
C0106,2022,60.10,64.52,86.86,70.49
C0106,2023,63.99,82.34,48.35,64.90
C0106,2024,71.38,81.60,75.88,76.28
C0107,2015,83.68,60.18,77.75,73.87
C0107,2016,89.20,56.66,44.45,63.44
C0107,2017,78.41,64.60,83.06,75.36
C0107,2018,60.89,68.64,80.66,70.06
C0107,2019,61.07,51.92,41.67,51.55
C0107,2020,76.88,79.70,44.55,67.04
C0107,2021,51.94,64.32,42.46,52.91
C0107,2022,45.52,56.70,56.74,52.99
C0107,2023,57.73,45.34,65.46,56.18
C0107,2024,54.36,51.94,66.62,57.64
C0108,2015,54.82,87.46,53.38,65.22
C0108,2016,51.68,55.25,85.58,64.17
C0108,2017,42.10,48.44,58.41,49.65
C0108,2018,40.89,63.03,42.28,48.73
C0108,2019,89.39,55.35,55.01,66.58
C0108,2020,61.39,41.76,66.56,56.57
C0108,2021,59.22,56.16,60.41,58.59
C0108,2022,73.98,67.21,53.69,64.96
C0108,2023,50.91,67.59,46.57,55.02
C0108,2024,87.50,57.83,80.96,75.43
C0109,2015,79.32,62.37,89.81,77.16
C0109,2016,44.47,88.28,56.48,63.07
C0109,2017,60.88,58.87,59.08,59.61
C0109,2018,83.96,52.91,70.90,69.26
C0109,2019,87.24,52.17,75.92,71.78
C0109,2020,63.37,62.89,59.60,61.95
C0109,2021,70.67,77.98,85.25,77.96
C0109,2022,48.35,50.30,68.00,55.55
C0109,2023,89.56,75.46,62.52,75.85
C0109,2024,51.58,41.06,72.33,54.99
C0110,2015,87.14,60.95,87.64,78.57
C0110,2016,72.48,78.79,79.73,77.00
C0110,2017,70.39,56.94,42.00,56.44
C0110,2018,65.63,68.19,56.62,63.48
C0110,2019,51.53,50.25,63.53,55.10
C0110,2020,48.83,77.10,55.73,60.55
C0110,2021,51.02,42.61,75.01,56.22
C0110,2022,49.32,82.63,81.31,71.09
C0110,2023,78.98,49.91,76.57,68.49
C0110,2024,57.51,83.72,89.47,76.90
C0111,2015,42.89,57.63,53.63,51.38
C0111,2016,88.46,76.13,83.75,82.78
C0111,2017,84.19,55.96,78.33,72.83
C0111,2018,86.39,85.30,58.11,76.60
C0111,2019,89.75,46.33,76.71,70.93
C0111,2020,48.69,48.93,45.20,47.61
C0111,2021,59.81,64.65,79.47,67.98
C0111,2022,77.91,44.10,66.62,62.88
C0111,2023,74.80,49.80,54.61,59.74
C0111,2024,47.69,87.19,72.79,69.22
C0112,2015,80.79,88.82,72.08,80.57
C0112,2016,51.22,58.81,50.47,53.50
C0112,2017,51.19,86.16,41.52,59.63
C0112,2018,66.85,67.24,61.68,65.26
C0112,2019,69.65,53.49,68.48,63.87
C0112,2020,69.00,75.12,83.83,75.98
C0112,2021,44.57,72.95,86.41,67.98
C0112,2022,83.87,89.46,66.44,79.92
C0112,2023,53.28,53.25,77.69,61.41
C0112,2024,46.48,73.60,61.97,60.68
C0113,2015,84.44,42.60,77.30,68.11
C0113,2016,87.78,45.68,50.24,61.23
C0113,2017,83.11,40.20,58.55,60.62
C0113,2018,80.48,89.97,71.71,80.72
C0113,2019,72.76,80.11,40.91,64.59
C0113,2020,67.54,79.34,76.12,74.33
C0113,2021,44.35,65.49,81.78,63.87
C0113,2022,60.42,55.00,59.96,58.46
C0113,2023,58.63,47.56,62.40,56.20
C0113,2024,52.99,54.23,82.56,63.26
C0114,2015,76.17,58.80,78.78,71.25
C0114,2016,64.79,77.82,54.41,65.67
C0114,2017,44.05,66.98,56.20,55.74
C0114,2018,51.01,43.87,73.94,56.28
C0114,2019,74.16,40.90,68.16,61.07
C0114,2020,43.81,45.12,48.11,45.68
C0114,2021,82.56,60.52,55.50,66.19
C0114,2022,64.76,86.66,85.00,78.81
C0114,2023,64.03,71.87,74.41,70.10
C0114,2024,69.62,80.09,89.30,79.67
C0115,2015,81.23,63.32,78.35,74.30
C0115,2016,57.39,58.08,87.10,67.52
C0115,2017,73.90,45.42,50.81,56.71
C0115,2018,68.29,83.80,78.57,76.89
C0115,2019,53.35,79.16,41.01,57.84
C0115,2020,83.93,48.41,73.54,68.63
C0115,2021,79.87,65.61,63.46,69.65
C0115,2022,72.92,64.37,57.34,64.88
C0115,2023,82.53,71.25,83.12,78.97
C0115,2024,83.36,87.31,82.71,84.46
C0116,2015,75.42,68.99,41.12,61.84
C0116,2016,81.85,67.01,70.48,73.11
C0116,2017,74.87,42.52,58.39,58.59
C0116,2018,74.01,43.15,60.78,59.31
C0116,2019,70.93,49.37,81.60,67.30
C0116,2020,77.64,41.62,55.49,58.25
C0116,2021,47.93,77.17,87.15,70.75
C0116,2022,84.04,76.17,48.98,69.73
C0116,2023,83.59,46.80,73.14,67.84
C0116,2024,41.46,81.80,73.61,65.62
C0117,2015,81.29,47.74,52.61,60.55
C0117,2016,46.44,55.06,56.24,52.58
C0117,2017,56.76,52.45,81.74,63.65
C0117,2018,77.18,58.62,78.09,71.29
C0117,2019,48.04,52.73,56.45,52.41
C0117,2020,80.90,64.45,66.70,70.68
C0117,2021,81.61,60.37,43.08,61.69
C0117,2022,65.37,89.33,50.44,68.38
C0117,2023,40.32,42.80,64.29,49.14
C0117,2024,54.35,47.11,44.30,48.59
C0118,2015,70.85,42.64,82.17,65.22
C0118,2016,89.06,71.29,75.90,78.75
C0118,2017,71.59,42.73,87.18,67.17
C0118,2018,52.99,81.82,74.67,69.83
C0118,2019,71.70,65.60,87.02,74.77
C0118,2020,67.00,66.35,67.73,67.03
C0118,2021,78.99,68.08,70.01,72.36
C0118,2022,45.35,48.54,88.85,60.91
C0118,2023,78.05,49.88,72.11,66.68
C0118,2024,67.06,55.94,41.54,54.85
C0119,2015,88.15,69.67,76.19,78.00
C0119,2016,57.09,50.51,85.27,64.29
C0119,2017,71.63,45.82,79.78,65.74
C0119,2018,86.60,88.51,69.19,81.43
C0119,2019,45.13,41.10,73.57,53.26
C0119,2020,86.86,80.13,89.51,85.50
C0119,2021,74.39,79.40,44.53,66.11
C0119,2022,43.39,54.86,73.36,57.20
C0119,2023,55.05,46.78,54.17,52.00
C0119,2024,75.41,47.28,72.00,64.90
C0120,2015,43.37,74.87,70.38,62.87
C0120,2016,69.11,72.14,47.67,62.97
C0120,2017,57.29,79.14,50.34,62.26
C0120,2018,71.05,86.87,71.08,76.33
C0120,2019,42.29,74.60,46.41,54.43
C0120,2020,83.58,47.79,53.26,61.54
C0120,2021,88.67,52.17,81.76,74.20
C0120,2022,88.44,82.11,56.35,75.64
C0120,2023,77.48,50.47,64.40,64.12
C0120,2024,46.50,43.63,87.06,59.06
C0121,2015,77.91,75.16,51.36,68.14
C0121,2016,41.23,60.13,59.48,53.61
C0121,2017,41.11,86.00,70.32,65.81
C0121,2018,56.18,72.51,77.77,68.82
C0121,2019,64.43,44.52,85.08,64.68
C0121,2020,78.52,87.39,85.77,83.90
C0121,2021,74.16,52.93,78.83,68.64
C0121,2022,62.30,56.86,51.42,56.86
C0121,2023,53.68,60.11,41.24,51.68
C0121,2024,89.86,42.56,59.19,63.87
C0122,2015,61.31,64.83,47.08,57.74
C0122,2016,62.57,46.17,75.52,61.42
C0122,2017,48.18,60.05,73.06,60.43
C0122,2018,79.74,57.54,42.20,59.82
C0122,2019,74.68,78.64,81.83,78.39
C0122,2020,51.04,80.16,52.44,61.21
C0122,2021,44.12,47.67,61.61,51.13
C0122,2022,74.02,58.33,73.40,68.58
C0122,2023,72.73,58.67,61.47,64.29
C0122,2024,53.66,47.57,62.06,54.43
C0123,2015,87.54,79.92,43.28,70.25
C0123,2016,47.55,75.36,60.07,61.00
C0123,2017,61.62,49.52,78.24,63.13
C0123,2018,87.18,58.34,85.76,77.09
C0123,2019,60.99,45.29,60.67,55.65
C0123,2020,71.93,71.41,61.18,68.17
C0123,2021,59.88,46.07,75.13,60.36
C0123,2022,53.71,89.30,87.14,76.72
C0123,2023,89.20,79.03,53.35,73.86
C0123,2024,60.47,59.51,62.01,60.66
C0124,2015,84.70,68.93,79.80,77.81
C0124,2016,51.50,85.57,70.48,69.18
C0124,2017,50.66,67.70,45.53,54.63
C0124,2018,41.56,48.72,71.39,53.89
C0124,2019,72.58,58.94,49.34,60.29
C0124,2020,58.43,82.16,65.51,68.70
C0124,2021,83.22,72.21,66.46,73.96
C0124,2022,63.66,72.54,83.81,73.34
C0124,2023,88.41,83.34,63.12,78.29
C0124,2024,49.28,84.70,53.97,62.65
C0125,2015,83.43,85.99,51.55,73.66
C0125,2016,78.83,44.74,83.71,69.09
C0125,2017,78.55,67.21,48.55,64.77
C0125,2018,82.24,77.03,61.29,73.52
C0125,2019,78.05,77.85,49.36,68.42
C0125,2020,71.31,70.34,78.67,73.44
C0125,2021,46.56,48.34,63.72,52.87
C0125,2022,41.63,79.87,57.56,59.68
C0125,2023,86.04,76.01,58.05,73.37
C0125,2024,70.83,44.31,82.61,65.92
C0126,2015,79.83,63.19,67.69,70.24
C0126,2016,64.08,48.70,75.89,62.89
C0126,2017,45.87,56.87,84.85,62.53
C0126,2018,46.26,40.90,85.09,57.42
C0126,2019,74.28,60.02,56.43,63.57
C0126,2020,61.52,67.49,87.62,72.21
C0126,2021,50.03,70.98,41.24,54.08
C0126,2022,64.58,73.17,58.84,65.53
C0126,2023,43.21,81.81,84.79,69.94
C0126,2024,69.10,50.77,53.73,57.87
C0127,2015,53.45,46.02,53.65,51.04
C0127,2016,79.88,82.58,55.13,72.53
C0127,2017,55.52,47.83,70.62,57.99
C0127,2018,62.76,88.74,61.92,71.14
C0127,2019,40.58,82.13,76.34,66.35
C0127,2020,43.62,65.04,84.75,64.47
C0127,2021,59.62,89.07,73.71,74.14
C0127,2022,64.00,44.87,50.22,53.03
C0127,2023,70.00,55.15,86.63,70.60
C0127,2024,54.58,71.91,53.22,59.91
C0128,2015,74.75,57.50,47.49,59.91
C0128,2016,83.01,86.42,44.50,71.31
C0128,2017,78.99,43.28,68.17,63.48
C0128,2018,41.98,67.47,45.69,51.71
C0128,2019,64.03,69.54,46.94,60.17
C0128,2020,45.25,72.64,55.00,57.63
C0128,2021,52.10,52.78,54.08,52.99
C0128,2022,89.33,58.23,70.21,72.59
C0128,2023,47.12,82.18,80.84,70.05
C0128,2024,64.94,49.75,78.07,64.25
C0129,2015,70.91,81.34,53.12,68.46
C0129,2016,75.12,68.13,52.27,65.17
C0129,2017,67.98,78.11,88.29,78.13
C0129,2018,40.49,75.68,40.41,52.19
C0129,2019,56.32,50.38,83.99,63.56
C0129,2020,65.89,68.44,49.99,61.44
C0129,2021,44.39,83.39,87.36,71.71
C0129,2022,57.53,61.61,57.12,58.75
C0129,2023,41.66,88.33,62.02,64.00
C0129,2024,43.93,62.61,75.36,60.63
C0130,2015,59.85,47.14,69.38,58.79
C0130,2016,46.64,59.47,55.90,54.00
C0130,2017,68.38,87.59,67.69,74.55
C0130,2018,74.47,55.99,76.54,69.00
C0130,2019,80.03,83.40,42.12,68.52
C0130,2020,50.01,84.06,40.56,58.21
C0130,2021,48.37,57.51,62.90,56.26
C0130,2022,45.23,44.16,46.59,45.33
C0130,2023,71.82,76.23,73.22,73.76
C0130,2024,75.32,55.58,50.70,60.53
C0131,2015,41.58,79.15,61.64,60.79
C0131,2016,86.81,62.13,49.88,66.28
C0131,2017,42.60,64.26,67.42,58.10
C0131,2018,67.06,78.90,45.80,63.92
C0131,2019,75.45,59.12,41.16,58.58
C0131,2020,83.55,62.16,42.56,62.75
C0131,2021,75.70,58.81,87.71,74.08
C0131,2022,80.09,58.37,47.11,61.86
C0131,2023,56.97,66.30,75.42,66.23
C0131,2024,80.74,80.44,43.40,68.19
C0132,2015,44.01,58.09,45.41,49.17
C0132,2016,84.74,66.21,65.44,72.13
C0132,2017,67.38,73.54,63.24,68.05
C0132,2018,80.86,53.47,87.58,73.97
C0132,2019,62.62,53.88,87.24,67.91
C0132,2020,72.18,86.67,78.98,79.28
C0132,2021,66.32,76.18,70.11,70.87
C0132,2022,76.58,68.86,62.75,69.40
C0132,2023,44.08,72.39,57.81,58.09
C0132,2024,43.02,41.46,87.35,57.28
C0133,2015,52.36,70.91,70.15,64.47
C0133,2016,47.98,65.48,68.95,60.80
C0133,2017,83.59,67.29,51.60,67.49
C0133,2018,50.96,57.97,42.33,50.42
C0133,2019,88.79,44.07,87.26,73.38
C0133,2020,56.84,49.67,55.69,54.07
C0133,2021,49.11,87.54,62.13,66.26
C0133,2022,79.48,60.43,45.73,61.88
C0133,2023,72.94,63.33,81.85,72.71
C0133,2024,64.91,42.64,41.38,49.64
C0134,2015,67.77,41.88,81.70,63.78
C0134,2016,75.96,75.86,47.01,66.28
C0134,2017,51.42,66.90,84.33,67.55
C0134,2018,89.82,65.44,76.49,77.25
C0134,2019,88.74,52.16,48.23,63.04
C0134,2020,72.52,77.24,68.29,72.68
C0134,2021,49.98,48.41,55.63,51.34
C0134,2022,74.01,49.50,48.91,57.47
C0134,2023,43.61,63.04,82.96,63.20
C0134,2024,41.53,54.31,60.18,52.01
C0135,2015,52.88,52.37,59.93,55.06
C0135,2016,63.13,72.26,48.49,61.30
C0135,2017,83.41,72.55,59.15,71.71
C0135,2018,76.36,81.23,83.58,80.39
C0135,2019,77.14,60.89,58.16,65.39
C0135,2020,61.27,43.65,87.58,64.17
C0135,2021,57.30,53.68,87.32,66.10
C0135,2022,58.55,89.00,47.24,64.93
C0135,2023,89.38,69.81,48.87,69.35
C0135,2024,42.01,75.49,83.13,66.88
C0136,2015,83.35,40.37,59.64,61.12
C0136,2016,68.93,65.91,40.22,58.35
C0136,2017,61.93,41.88,53.69,52.50
C0136,2018,76.26,68.46,69.88,71.54
C0136,2019,64.33,86.04,79.96,76.78
C0136,2020,83.67,88.42,46.67,72.92
C0136,2021,85.04,67.03,45.53,65.86
C0136,2022,61.09,62.91,86.10,70.03
C0136,2023,53.84,87.25,77.56,72.88
C0136,2024,69.62,73.68,69.49,70.93
C0137,2015,85.62,43.24,78.46,69.11
C0137,2016,50.53,63.29,61.44,58.42
C0137,2017,71.15,52.01,77.92,67.03
C0137,2018,71.58,63.49,58.59,64.55
C0137,2019,76.66,62.77,52.20,63.88
C0137,2020,46.58,69.11,76.45,64.05
C0137,2021,75.79,57.84,60.98,64.87
C0137,2022,85.45,48.21,89.07,74.24
C0137,2023,48.98,65.19,57.47,57.21
C0137,2024,51.88,81.51,86.09,73.16
C0138,2015,88.57,73.20,86.65,82.81
C0138,2016,49.05,56.92,52.09,52.69
C0138,2017,82.72,86.78,79.91,83.14
C0138,2018,64.61,85.61,61.65,70.63
C0138,2019,52.36,50.47,85.88,62.90
C0138,2020,83.54,41.97,62.51,62.67
C0138,2021,62.27,77.07,77.22,72.18
C0138,2022,65.74,81.38,63.35,70.16
C0138,2023,57.96,88.39,51.39,65.91
C0138,2024,69.65,84.49,49.97,68.04
C0139,2015,48.18,70.03,61.27,59.82
C0139,2016,59.55,66.50,77.77,67.94
C0139,2017,88.47,41.39,70.25,66.71
C0139,2018,52.91,52.33,74.43,59.89
C0139,2019,72.84,62.98,54.12,63.31
C0139,2020,56.26,71.43,64.07,63.92
C0139,2021,78.67,67.86,42.22,62.92
C0139,2022,46.54,77.13,80.88,68.18
C0139,2023,88.49,53.99,89.49,77.32
C0139,2024,62.69,68.25,60.34,63.76
C0140,2015,51.80,44.41,40.55,45.59
C0140,2016,43.67,60.68,48.49,50.95
C0140,2017,48.49,77.51,72.63,66.21
C0140,2018,65.99,74.67,70.60,70.42
C0140,2019,56.85,89.53,79.39,75.26
C0140,2020,81.44,53.89,52.69,62.68
C0140,2021,61.54,64.91,78.18,68.21
C0140,2022,52.44,56.48,74.40,61.10
C0140,2023,70.86,62.03,56.14,63.01
C0140,2024,75.34,82.85,67.27,75.15
C0141,2015,48.35,74.21,47.36,56.64
C0141,2016,48.38,84.12,62.63,65.04
C0141,2017,41.83,50.18,84.06,58.69
C0141,2018,76.82,83.67,61.06,73.85
C0141,2019,73.19,42.99,81.98,66.05
C0141,2020,63.73,84.43,69.51,72.56
C0141,2021,82.21,56.45,49.59,62.75
C0141,2022,80.28,55.73,69.06,68.36
C0141,2023,69.27,65.60,65.30,66.72
C0141,2024,83.41,87.03,59.93,76.79
C0142,2015,50.29,42.39,45.98,46.22
C0142,2016,45.60,57.61,60.84,54.68
C0142,2017,53.49,82.83,43.64,59.98
C0142,2018,42.85,59.80,44.94,49.20
C0142,2019,66.56,49.96,60.80,59.10
C0142,2020,86.83,61.24,55.27,67.78
C0142,2021,41.97,59.28,86.28,62.51
C0142,2022,46.11,85.77,58.79,63.55
C0142,2023,62.61,78.10,77.89,72.87
C0142,2024,86.69,65.26,66.51,72.82
C0143,2015,55.81,89.42,75.20,73.48
C0143,2016,65.36,63.26,53.01,60.54
C0143,2017,42.08,42.91,87.10,57.36
C0143,2018,47.42,53.11,66.50,55.68
C0143,2019,89.33,61.80,81.57,77.57
C0143,2020,88.26,47.85,58.25,64.78
C0143,2021,40.25,87.38,45.01,57.55
C0143,2022,87.59,78.34,73.69,79.87
C0143,2023,71.96,53.41,40.39,55.25
C0143,2024,83.40,69.54,63.76,72.23
C0144,2015,62.74,76.07,49.64,62.82
C0144,2016,65.78,87.06,71.37,74.74
C0144,2017,64.44,84.08,88.97,79.17
C0144,2018,73.34,65.76,63.22,67.44
C0144,2019,46.98,78.73,80.87,68.86
C0144,2020,41.50,68.11,65.39,58.33
C0144,2021,55.40,67.64,64.79,62.61
C0144,2022,75.23,45.74,86.52,69.16
C0144,2023,50.09,46.31,84.50,60.30
C0144,2024,73.67,66.48,79.29,73.15
C0145,2015,88.50,53.44,54.81,65.58
C0145,2016,44.70,41.05,67.25,51.00
C0145,2017,73.63,76.14,51.19,66.99
C0145,2018,62.19,41.62,62.20,55.34
C0145,2019,83.41,69.76,64.21,72.46
C0145,2020,48.86,66.96,81.58,65.80
C0145,2021,74.63,88.44,84.80,82.62
C0145,2022,81.91,64.21,60.73,68.95
C0145,2023,87.23,43.18,40.89,57.10
C0145,2024,74.16,67.58,83.09,74.95
C0146,2015,64.86,82.05,48.71,65.21
C0146,2016,70.89,89.84,71.09,77.28
C0146,2017,83.45,61.52,41.25,62.07
C0146,2018,68.53,56.01,59.98,61.51
C0146,2019,41.52,85.33,89.30,72.05
C0146,2020,86.55,49.56,45.03,60.38
C0146,2021,74.48,70.77,61.18,68.81
C0146,2022,73.83,60.29,55.36,63.16
C0146,2023,50.78,42.05,85.25,59.36
C0146,2024,72.94,57.36,83.47,71.26
C0147,2015,59.69,53.26,51.88,54.95
C0147,2016,72.56,74.30,44.06,63.64
C0147,2017,45.33,87.44,71.36,68.04
C0147,2018,72.89,53.40,56.82,61.04
C0147,2019,89.97,80.57,73.60,81.38
C0147,2020,42.41,42.77,41.61,42.26
C0147,2021,88.86,66.91,46.67,67.48
C0147,2022,60.35,43.53,74.32,59.40
C0147,2023,83.54,86.70,50.62,73.62
C0147,2024,79.12,78.32,82.88,80.11
C0148,2015,68.35,72.90,42.93,61.39
C0148,2016,76.92,81.19,50.77,69.63
C0148,2017,83.93,72.38,89.93,82.08
C0148,2018,60.21,88.45,61.65,70.10
C0148,2019,56.35,75.70,75.15,69.07
C0148,2020,73.38,86.23,49.13,69.58
C0148,2021,80.39,65.86,70.49,72.25
C0148,2022,78.11,45.85,76.31,66.76
C0148,2023,79.89,66.41,55.72,67.34
C0148,2024,61.78,46.34,81.44,63.19
C0149,2015,80.89,69.62,70.17,73.56
C0149,2016,46.01,64.12,59.46,56.53
C0149,2017,67.22,71.13,67.88,68.75
C0149,2018,40.29,40.50,68.84,49.88
C0149,2019,56.23,49.74,48.28,51.42
C0149,2020,58.32,64.57,60.14,61.01
C0149,2021,59.81,87.53,57.17,68.17
C0149,2022,74.77,59.18,60.05,64.67
C0149,2023,59.43,61.22,78.06,66.23
C0149,2024,62.43,75.73,64.13,67.43
C0150,2015,51.88,70.19,87.02,69.69
C0150,2016,58.66,54.95,54.68,56.10
C0150,2017,51.36,60.54,60.79,57.56
C0150,2018,43.66,50.88,79.35,57.96
C0150,2019,70.17,88.30,67.30,75.26
C0150,2020,73.41,46.53,67.35,62.43
C0150,2021,70.97,58.59,42.67,57.41
C0150,2022,63.17,41.29,59.93,54.80
C0150,2023,58.99,51.09,53.54,54.54
C0150,2024,83.17,79.02,89.97,84.05
C0151,2015,65.95,50.06,55.42,57.14
C0151,2016,63.96,44.00,84.22,64.06
C0151,2017,41.28,63.72,73.81,59.61
C0151,2018,57.06,40.50,57.05,51.54
C0151,2019,59.01,44.24,67.18,56.81
C0151,2020,59.94,80.38,82.03,74.12
C0151,2021,69.01,78.57,84.17,77.25
C0151,2022,66.68,85.76,48.02,66.82
C0151,2023,70.40,82.73,56.98,70.03
C0151,2024,78.24,74.16,56.76,69.72
C0152,2015,80.65,42.62,42.10,55.12
C0152,2016,75.91,79.14,69.91,74.99
C0152,2017,87.78,82.28,82.74,84.26
C0152,2018,40.91,79.95,59.08,59.98
C0152,2019,49.79,65.42,77.00,64.07
C0152,2020,40.38,51.65,71.39,54.47
C0152,2021,72.37,82.27,58.78,71.14
C0152,2022,84.90,76.36,47.05,69.44
C0152,2023,52.17,89.04,75.47,72.23
C0152,2024,86.35,47.78,82.73,72.29
C0153,2015,43.01,51.28,74.29,56.20
C0153,2016,86.72,50.59,40.89,59.40
C0153,2017,57.58,79.63,50.81,62.67
C0153,2018,45.07,49.35,43.47,45.96
C0153,2019,64.29,43.33,68.52,58.72
C0153,2020,52.84,89.93,77.82,73.53
C0153,2021,54.24,41.24,45.53,47.00
C0153,2022,55.36,81.76,81.92,73.01
C0153,2023,80.15,58.27,67.78,68.73
C0153,2024,66.96,82.08,74.50,74.51
C0154,2015,55.57,67.73,88.57,70.62
C0154,2016,70.52,85.08,44.18,66.59
C0154,2017,75.81,86.31,85.06,82.39
C0154,2018,53.63,40.45,46.31,46.80
C0154,2019,60.68,43.77,59.65,54.70
C0154,2020,46.09,52.52,82.57,60.39
C0154,2021,49.06,73.47,85.31,69.28
C0154,2022,74.06,84.41,65.32,74.60
C0154,2023,49.07,63.00,69.71,60.59
C0154,2024,66.26,70.35,75.41,70.67
C0155,2015,75.45,49.42,81.64,68.84
C0155,2016,45.34,80.25,46.08,57.22
C0155,2017,68.37,88.37,80.50,79.08
C0155,2018,52.83,53.43,64.06,56.77
C0155,2019,88.15,64.74,62.53,71.81
C0155,2020,64.18,44.31,61.19,56.56
C0155,2021,80.30,67.96,65.46,71.24
C0155,2022,67.51,65.14,87.25,73.30
C0155,2023,42.17,47.22,67.41,52.27
C0155,2024,71.66,62.10,87.66,73.81
C0156,2015,87.57,56.71,49.01,64.43
C0156,2016,70.08,66.09,76.21,70.79
C0156,2017,80.96,69.28,80.61,76.95
C0156,2018,84.21,40.42,73.96,66.20
C0156,2019,51.40,78.05,70.35,66.60
C0156,2020,50.60,75.65,68.24,64.83
C0156,2021,70.55,58.31,83.05,70.64
C0156,2022,60.55,42.65,81.08,61.43
C0156,2023,81.99,77.75,46.11,68.62
C0156,2024,85.00,87.76,82.43,85.06
C0157,2015,57.67,52.01,60.70,56.79
C0157,2016,51.84,56.18,52.68,53.57
C0157,2017,79.03,49.19,83.49,70.57
C0157,2018,53.74,68.85,61.60,61.40
C0157,2019,81.13,47.74,80.42,69.76
C0157,2020,61.19,57.81,53.17,57.39
C0157,2021,73.38,74.85,40.20,62.81
C0157,2022,44.78,68.01,64.77,59.19
C0157,2023,71.19,59.32,45.01,58.51
C0157,2024,62.59,61.01,77.72,67.11
C0158,2015,69.33,68.11,53.80,63.75
C0158,2016,48.40,40.29,62.18,50.29
C0158,2017,76.84,43.93,44.35,55.04
C0158,2018,83.14,84.06,54.33,73.85
C0158,2019,50.84,43.89,79.07,57.94
C0158,2020,44.79,75.34,47.58,55.90
C0158,2021,41.18,86.00,72.36,66.51
C0158,2022,72.10,53.53,85.87,70.50
C0158,2023,70.35,58.52,73.99,67.62
C0158,2024,67.33,68.45,80.55,72.11
C0159,2015,51.60,84.09,45.45,60.38
C0159,2016,59.55,87.10,52.54,66.39
C0159,2017,69.72,76.98,84.73,77.14
C0159,2018,64.84,44.33,75.76,61.64
C0159,2019,89.39,73.46,71.98,78.27
C0159,2020,46.82,60.52,73.19,60.18
C0159,2021,74.76,63.54,60.71,66.33
C0159,2022,60.22,42.46,42.23,48.30
C0159,2023,61.41,49.55,79.22,63.40
C0159,2024,75.88,79.53,73.94,76.45
C0160,2015,74.62,62.70,63.64,66.99
C0160,2016,89.56,55.08,84.99,76.54
C0160,2017,46.42,59.20,56.81,54.14
C0160,2018,45.21,82.72,54.72,60.88
C0160,2019,76.22,77.45,83.64,79.10
C0160,2020,68.92,53.62,79.85,67.46
C0160,2021,53.71,45.88,65.75,55.11
C0160,2022,43.97,52.60,46.54,47.70
C0160,2023,44.28,86.04,50.75,60.36
C0160,2024,84.71,69.08,72.81,75.53
C0161,2015,49.59,66.67,59.25,58.51
C0161,2016,56.17,69.82,81.82,69.27
C0161,2017,51.33,58.30,87.50,65.71
C0161,2018,57.75,80.36,80.28,72.80
C0161,2019,43.47,66.16,58.88,56.17
C0161,2020,65.95,45.84,79.43,63.74
C0161,2021,43.38,46.45,57.57,49.14
C0161,2022,80.02,66.84,48.36,65.07
C0161,2023,51.69,86.83,41.67,60.06
C0161,2024,67.00,55.42,59.29,60.57
C0162,2015,84.00,83.48,85.18,84.22
C0162,2016,72.54,78.20,51.95,67.57
C0162,2017,66.65,52.39,50.33,56.45
C0162,2018,56.22,41.82,88.49,62.17
C0162,2019,56.65,45.09,41.25,47.66
C0162,2020,73.47,76.42,79.29,76.40
C0162,2021,89.71,49.98,56.07,65.25
C0162,2022,73.09,58.56,41.87,57.84
C0162,2023,67.89,65.08,85.89,72.95
C0162,2024,76.53,76.27,46.98,66.60
C0163,2015,63.26,45.66,67.59,58.84
C0163,2016,43.01,60.32,53.70,52.34
C0163,2017,68.11,64.25,43.26,58.54
C0163,2018,87.88,67.04,42.50,65.81
C0163,2019,48.77,80.92,45.78,58.49
C0163,2020,74.50,48.58,43.57,55.55
C0163,2021,50.05,80.39,78.03,69.49
C0163,2022,66.79,74.64,64.28,68.57
C0163,2023,44.83,67.79,57.14,56.59
C0163,2024,62.52,74.98,60.92,66.14
C0164,2015,77.81,60.60,86.45,74.95
C0164,2016,57.38,46.92,85.54,63.28
C0164,2017,73.25,73.29,75.78,74.11
C0164,2018,79.77,66.23,84.23,76.75
C0164,2019,86.36,71.97,55.98,71.44
C0164,2020,51.73,56.90,59.06,55.90
C0164,2021,59.97,85.34,70.69,72.00
C0164,2022,47.62,69.37,71.18,62.72
C0164,2023,89.62,44.27,64.08,65.99
C0164,2024,86.35,62.49,60.03,69.62
C0165,2015,67.00,77.82,89.31,78.04
C0165,2016,82.10,79.71,81.06,80.95
C0165,2017,66.05,64.73,61.75,64.18
C0165,2018,71.18,84.74,76.36,77.43
C0165,2019,44.46,53.38,53.48,50.44
C0165,2020,77.76,60.53,45.01,61.10
C0165,2021,46.39,84.93,57.62,62.98
C0165,2022,81.30,84.81,60.15,75.42
C0165,2023,79.10,74.29,40.83,64.74
C0165,2024,75.44,82.95,80.74,79.71
C0166,2015,41.81,44.44,57.96,48.07
C0166,2016,55.16,83.25,69.02,69.14
C0166,2017,53.16,56.03,43.70,50.96
C0166,2018,58.01,48.92,48.75,51.89
C0166,2019,44.38,51.97,84.48,60.28
C0166,2020,86.85,60.90,70.43,72.73
C0166,2021,67.69,52.56,87.51,69.25
C0166,2022,55.28,56.03,89.94,67.08
C0166,2023,59.85,46.75,58.59,55.06
C0166,2024,62.36,54.81,54.94,57.37
C0167,2015,70.03,68.61,82.92,73.85
C0167,2016,65.78,62.09,89.93,72.60
C0167,2017,85.97,57.34,71.48,71.60
C0167,2018,64.85,77.32,79.76,73.98
C0167,2019,89.61,84.68,79.09,84.46
C0167,2020,82.57,77.84,57.77,72.73
C0167,2021,50.43,56.60,68.71,58.58
C0167,2022,86.53,77.22,81.65,81.80
C0167,2023,45.82,47.60,74.41,55.94
C0167,2024,80.87,46.52,41.06,56.15
C0168,2015,59.03,57.28,56.84,57.72
C0168,2016,83.90,80.39,47.22,70.50
C0168,2017,83.40,52.32,51.65,62.46
C0168,2018,80.30,43.16,85.27,69.58
C0168,2019,79.50,46.59,41.84,55.98
C0168,2020,55.23,82.94,50.99,63.05
C0168,2021,44.05,71.69,55.48,57.07
C0168,2022,60.15,52.66,70.84,61.22
C0168,2023,48.68,67.76,66.71,61.05
C0168,2024,74.75,66.38,50.91,64.01
C0169,2015,57.30,72.77,48.21,59.43
C0169,2016,88.78,51.66,51.84,64.09
C0169,2017,72.05,83.22,65.13,73.47
C0169,2018,81.12,55.47,53.56,63.38
C0169,2019,46.63,74.71,87.38,69.57
C0169,2020,83.10,40.81,63.19,62.37
C0169,2021,86.14,58.63,42.94,62.57
C0169,2022,64.35,57.59,76.46,66.13
C0169,2023,70.31,67.17,56.44,64.64
C0169,2024,78.24,43.64,72.67,64.85
C0170,2015,48.74,79.51,53.98,60.74
C0170,2016,65.13,50.89,68.54,61.52
C0170,2017,59.93,73.85,78.61,70.80
C0170,2018,47.32,80.16,86.40,71.29
C0170,2019,58.38,68.09,53.06,59.84
C0170,2020,43.41,77.04,56.74,59.07
C0170,2021,41.29,73.09,63.21,59.20
C0170,2022,46.76,57.78,86.36,63.63
C0170,2023,88.16,80.44,85.07,84.56
C0170,2024,67.48,54.74,44.49,55.57
C0171,2015,88.29,68.56,46.60,67.82
C0171,2016,61.62,77.27,64.78,67.89
C0171,2017,55.59,58.95,45.33,53.29
C0171,2018,65.31,55.14,57.28,59.24
C0171,2019,61.98,62.97,47.42,57.45
C0171,2020,45.28,80.90,71.80,65.99
C0171,2021,72.04,86.50,87.47,82.00
C0171,2022,50.80,67.25,89.84,69.30
C0171,2023,70.98,73.07,58.76,67.60
C0171,2024,72.51,85.16,69.95,75.87
C0172,2015,47.60,44.93,82.81,58.45
C0172,2016,43.07,51.60,45.87,46.85
C0172,2017,79.04,75.45,74.48,76.32
C0172,2018,62.99,81.19,60.44,68.21
C0172,2019,42.91,82.85,50.31,58.69
C0172,2020,89.74,60.76,60.14,70.21
C0172,2021,42.89,44.47,43.80,43.72
C0172,2022,74.75,61.89,74.77,70.47
C0172,2023,89.18,51.54,52.64,64.45
C0172,2024,51.96,54.56,55.57,54.03
C0173,2015,47.11,78.61,46.05,57.26
C0173,2016,46.07,43.78,83.23,57.69
C0173,2017,55.16,81.38,64.67,67.07
C0173,2018,45.05,61.38,68.61,58.35
C0173,2019,74.61,69.80,68.47,70.96
C0173,2020,43.11,44.48,60.52,49.37
C0173,2021,65.47,56.87,49.63,57.32
C0173,2022,89.83,44.49,77.26,70.53
C0173,2023,80.70,88.08,46.35,71.71
C0173,2024,70.76,80.36,45.19,65.44
C0174,2015,55.31,62.98,75.51,64.60
C0174,2016,71.19,51.18,50.44,57.61
C0174,2017,66.35,86.67,55.34,69.45
C0174,2018,61.30,57.23,63.76,60.77
C0174,2019,46.54,48.05,62.47,52.35
C0174,2020,84.33,68.16,75.43,75.97
C0174,2021,62.49,87.19,71.17,73.62
C0174,2022,49.73,40.19,72.22,54.05
C0174,2023,58.39,51.91,75.70,62.00
C0174,2024,60.71,86.92,54.63,67.42
C0175,2015,81.38,48.55,56.12,62.02
C0175,2016,76.68,45.66,61.90,61.41
C0175,2017,78.47,68.51,55.37,67.45
C0175,2018,40.55,83.09,89.25,70.96
C0175,2019,60.81,63.86,80.70,68.46
C0175,2020,64.07,89.73,48.23,67.34
C0175,2021,40.96,73.96,40.28,51.73
C0175,2022,52.99,43.70,42.14,46.28
C0175,2023,78.01,89.64,52.20,73.29
C0175,2024,46.86,60.39,45.71,50.99
C0176,2015,66.77,54.37,66.67,62.60
C0176,2016,50.76,67.89,82.90,67.18
C0176,2017,40.61,55.22,76.84,57.55
C0176,2018,52.06,44.32,50.78,49.05
C0176,2019,88.79,40.07,59.96,62.94
C0176,2020,80.08,62.48,65.39,69.32
C0176,2021,87.98,81.84,80.51,83.44
C0176,2022,64.39,68.62,81.96,71.65
C0176,2023,45.49,89.96,85.49,73.64
C0176,2024,67.40,54.34,65.46,62.40
C0177,2015,62.72,54.02,74.71,63.82
C0177,2016,82.22,47.99,45.59,58.60
C0177,2017,44.90,48.20,68.26,53.79
C0177,2018,64.41,54.26,52.43,57.04
C0177,2019,47.50,79.64,61.59,62.91
C0177,2020,56.23,85.29,71.70,71.07
C0177,2021,76.87,88.75,52.85,72.82
C0177,2022,63.80,51.61,42.61,52.67
C0177,2023,58.79,84.06,40.51,61.12
C0177,2024,59.72,56.41,41.11,52.41
C0178,2015,62.97,45.64,40.42,49.68
C0178,2016,79.25,83.50,45.52,69.42
C0178,2017,84.60,71.81,51.97,69.46
C0178,2018,87.77,48.24,51.06,62.35
C0178,2019,79.35,61.49,89.34,76.73
C0178,2020,55.77,54.36,55.30,55.14
C0178,2021,74.41,76.84,46.37,65.87
C0178,2022,61.88,62.67,67.28,63.94
C0178,2023,52.73,89.46,82.90,75.03
C0178,2024,82.04,42.74,73.90,66.23
C0179,2015,41.92,57.75,54.80,51.49
C0179,2016,85.09,64.10,68.08,72.42
C0179,2017,63.07,65.16,75.74,67.99
C0179,2018,71.86,55.80,76.41,68.02
C0179,2019,72.97,76.46,73.33,74.25
C0179,2020,84.76,83.74,83.54,84.01
C0179,2021,71.83,86.94,83.51,80.76
C0179,2022,70.70,80.25,68.95,73.30
C0179,2023,43.33,82.53,61.49,62.45
C0179,2024,65.92,67.53,72.08,68.51
C0180,2015,47.51,81.29,80.91,69.90
C0180,2016,76.87,55.18,40.28,57.44
C0180,2017,65.61,59.92,89.60,71.71
C0180,2018,74.01,55.85,49.14,59.67
C0180,2019,42.08,63.37,63.51,56.32
C0180,2020,44.24,54.28,83.60,60.71
C0180,2021,75.82,88.08,51.25,71.72
C0180,2022,43.60,55.64,63.84,54.36
C0180,2023,43.56,44.90,46.63,45.03
C0180,2024,40.61,66.34,59.75,55.57
C0181,2015,87.83,42.85,48.86,59.85
C0181,2016,76.88,45.53,58.18,60.19
C0181,2017,57.66,50.97,58.67,55.77
C0181,2018,54.83,63.22,89.66,69.23
C0181,2019,57.49,61.66,89.74,69.63
C0181,2020,78.73,79.98,45.74,68.15
C0181,2021,73.07,76.97,76.30,75.45
C0181,2022,49.26,61.32,42.59,51.05
C0181,2023,48.71,56.69,41.51,48.97
C0181,2024,44.92,55.82,45.27,48.67
C0182,2015,73.02,78.70,88.27,80.00
C0182,2016,78.22,42.60,87.04,69.29
C0182,2017,53.25,40.64,49.70,47.86
C0182,2018,41.05,79.78,48.08,56.30
C0182,2019,44.11,63.86,52.03,53.33
C0182,2020,88.39,46.54,65.78,66.90
C0182,2021,54.77,51.78,68.49,58.35
C0182,2022,78.46,86.63,51.08,72.06
C0182,2023,71.23,82.98,77.83,77.35
C0182,2024,59.10,75.49,55.48,63.35
C0183,2015,50.28,64.11,86.11,66.83
C0183,2016,46.07,66.02,72.84,61.64
C0183,2017,70.75,88.76,61.82,73.78
C0183,2018,78.73,88.29,79.50,82.17
C0183,2019,72.20,50.76,80.90,67.95
C0183,2020,66.52,80.56,54.52,67.20
C0183,2021,42.10,49.86,56.99,49.65
C0183,2022,88.42,50.68,86.80,75.30
C0183,2023,79.94,73.80,48.24,67.33
C0183,2024,54.64,60.25,42.11,52.33
C0184,2015,89.00,86.58,62.70,79.43
C0184,2016,70.09,44.45,80.06,64.87
C0184,2017,69.12,65.58,78.58,71.09
C0184,2018,77.40,85.93,85.98,83.10
C0184,2019,80.59,85.21,66.66,77.48
C0184,2020,72.82,47.83,45.00,55.22
C0184,2021,46.40,58.33,69.43,58.06
C0184,2022,56.91,70.96,78.92,68.93
C0184,2023,86.40,47.97,44.67,59.68
C0184,2024,51.23,88.40,48.63,62.75
C0185,2015,58.61,85.74,40.61,61.65
C0185,2016,61.60,48.35,69.68,59.88
C0185,2017,61.97,46.06,84.34,64.12
C0185,2018,70.65,44.27,73.53,62.82
C0185,2019,87.15,85.47,89.10,87.24
C0185,2020,52.03,49.68,43.15,48.29
C0185,2021,46.08,60.81,85.15,64.01
C0185,2022,49.87,62.44,80.70,64.34
C0185,2023,84.35,69.95,55.71,70.00
C0185,2024,72.29,43.59,88.68,68.18
C0186,2015,54.30,51.34,54.40,53.34
C0186,2016,80.80,86.57,84.47,83.95
C0186,2017,83.07,85.42,84.04,84.18
C0186,2018,82.33,79.06,77.88,79.76
C0186,2019,85.95,40.97,68.17,65.03
C0186,2020,52.61,56.35,46.00,51.65
C0186,2021,77.75,71.40,66.60,71.92
C0186,2022,63.03,53.76,57.84,58.21
C0186,2023,82.10,85.48,79.61,82.40
C0186,2024,76.42,71.69,77.91,75.34
C0187,2015,78.82,43.60,85.53,69.32
C0187,2016,72.81,85.45,40.74,66.33
C0187,2017,48.87,87.89,80.46,72.40
C0187,2018,67.25,43.89,86.92,66.02
C0187,2019,89.23,66.62,79.47,78.44
C0187,2020,86.87,55.17,46.51,62.85
C0187,2021,42.16,59.64,44.06,48.62
C0187,2022,48.24,48.98,41.04,46.09
C0187,2023,46.59,68.90,71.44,62.31
C0187,2024,76.30,87.90,71.48,78.56
C0188,2015,80.89,65.15,89.35,78.46
C0188,2016,50.68,44.15,59.90,51.57
C0188,2017,65.29,71.00,56.60,64.30
C0188,2018,82.04,57.01,71.22,70.09
C0188,2019,76.64,82.80,81.28,80.24
C0188,2020,67.11,61.73,86.84,71.89
C0188,2021,69.52,49.64,80.16,66.44
C0188,2022,65.42,49.56,61.33,58.77
C0188,2023,54.88,78.44,71.75,68.35
C0188,2024,68.25,53.28,82.81,68.12
C0189,2015,74.44,78.36,64.53,72.45
C0189,2016,83.67,50.29,50.83,61.60
C0189,2017,71.81,56.08,48.49,58.80
C0189,2018,78.06,63.27,40.01,60.45
C0189,2019,48.00,87.16,75.91,70.36
C0189,2020,63.08,86.59,45.55,65.07
C0189,2021,40.47,50.34,52.19,47.67
C0189,2022,52.33,57.91,54.89,55.05
C0189,2023,76.32,47.47,68.02,63.94
C0189,2024,89.59,65.50,59.90,71.66
C0190,2015,44.96,63.03,73.73,60.57
C0190,2016,60.07,85.04,42.78,62.63
C0190,2017,80.00,86.50,46.20,70.90
C0190,2018,50.20,59.18,64.96,58.11
C0190,2019,67.75,64.59,56.85,63.06
C0190,2020,76.65,84.81,54.79,72.09
C0190,2021,70.80,80.34,43.35,64.83
C0190,2022,49.40,40.18,84.79,58.12
C0190,2023,57.77,56.00,74.59,62.79
C0190,2024,79.19,61.09,46.08,62.12
C0191,2015,67.71,51.49,43.25,54.15
C0191,2016,40.26,49.98,88.74,59.66
C0191,2017,78.05,41.89,74.06,64.67
C0191,2018,41.77,72.17,60.87,58.27
C0191,2019,77.29,53.13,75.09,68.50
C0191,2020,50.12,42.62,77.82,56.85
C0191,2021,87.90,51.55,79.00,72.82
C0191,2022,58.40,80.10,63.89,67.46
C0191,2023,56.35,82.57,61.49,66.81
C0191,2024,47.44,64.15,40.55,50.72
C0192,2015,55.28,60.80,86.33,67.47
C0192,2016,83.83,88.89,70.17,80.96
C0192,2017,89.82,50.03,50.16,63.33
C0192,2018,58.42,50.77,85.98,65.05
C0192,2019,62.43,54.59,85.75,67.59
C0192,2020,76.10,48.64,89.46,71.40
C0192,2021,84.31,58.97,83.70,75.66
C0192,2022,69.65,85.54,89.89,81.69
C0192,2023,59.58,70.77,52.23,60.86
C0192,2024,60.63,60.60,82.11,67.78
C0193,2015,74.78,86.72,81.15,80.88
C0193,2016,40.16,42.42,51.55,44.71
C0193,2017,70.98,50.51,44.92,55.47
C0193,2018,57.77,68.29,88.97,71.68
C0193,2019,79.71,70.78,54.80,68.43
C0193,2020,44.65,41.98,83.54,56.72
C0193,2021,69.41,60.15,40.21,56.59
C0193,2022,64.05,72.46,41.05,59.19
C0193,2023,72.12,74.90,63.29,70.10
C0193,2024,43.24,71.91,51.94,55.70
C0194,2015,69.00,56.03,74.49,66.51
C0194,2016,68.07,44.68,68.28,60.34
C0194,2017,68.03,61.36,43.87,57.75
C0194,2018,70.17,46.44,48.13,54.91
C0194,2019,73.82,87.38,59.40,73.54
C0194,2020,80.25,63.76,49.28,64.43
C0194,2021,53.49,55.86,79.61,62.99
C0194,2022,81.25,78.32,60.80,73.46
C0194,2023,64.91,64.90,44.67,58.16
C0194,2024,43.85,55.50,64.22,54.52
C0195,2015,42.93,80.60,44.54,56.02
C0195,2016,56.71,83.36,46.45,62.17
C0195,2017,79.24,73.65,51.98,68.29
C0195,2018,75.38,42.35,82.98,66.90
C0195,2019,79.43,68.32,86.23,77.99
C0195,2020,65.86,78.16,81.31,75.11
C0195,2021,62.01,46.83,56.70,55.18
C0195,2022,47.37,51.43,53.62,50.81
C0195,2023,56.41,84.12,67.46,69.33
C0195,2024,61.70,41.01,76.09,59.60
C0196,2015,44.43,77.64,89.67,70.58
C0196,2016,51.03,63.69,46.58,53.77
C0196,2017,69.91,62.34,42.46,58.24
C0196,2018,76.78,40.35,74.72,63.95
C0196,2019,89.92,80.97,81.61,84.17
C0196,2020,86.66,57.99,82.32,75.65
C0196,2021,72.13,67.04,73.92,71.03
C0196,2022,61.06,73.87,87.70,74.21
C0196,2023,71.81,75.13,65.55,70.83
C0196,2024,79.28,87.80,85.69,84.26
C0197,2015,45.92,66.57,88.39,66.96
C0197,2016,60.50,59.99,82.36,67.61
C0197,2017,81.99,87.69,55.49,75.05
C0197,2018,59.19,72.11,49.81,60.37
C0197,2019,68.59,54.91,67.41,63.64
C0197,2020,69.39,46.32,62.65,59.45
C0197,2021,49.22,82.13,83.89,71.75
C0197,2022,58.11,58.11,45.00,53.74
C0197,2023,56.73,73.02,52.89,60.88
C0197,2024,41.31,63.54,77.59,60.81
C0198,2015,41.21,49.95,44.75,45.30
C0198,2016,81.58,70.08,56.04,69.24
C0198,2017,53.65,43.03,59.36,52.02
C0198,2018,65.90,60.67,71.13,65.90
C0198,2019,54.94,67.33,47.91,56.72
C0198,2020,87.03,61.80,83.03,77.29
C0198,2021,52.96,77.43,62.38,64.26
C0198,2022,61.48,81.40,85.85,76.24
C0198,2023,83.64,78.56,63.39,75.20
C0198,2024,82.10,41.94,53.75,59.26
C0199,2015,49.31,49.71,47.09,48.70
C0199,2016,80.13,66.83,40.19,62.38
C0199,2017,62.91,86.74,66.61,72.09
C0199,2018,64.15,81.75,45.36,63.75
C0199,2019,46.67,82.13,59.59,62.80
C0199,2020,44.03,55.16,69.46,56.22
C0199,2021,76.40,61.47,53.78,63.88
C0199,2022,64.82,63.54,48.76,59.04
C0199,2023,61.84,47.87,78.74,62.82
C0199,2024,76.48,41.55,87.34,68.46
C0200,2015,78.28,87.35,45.02,70.21
C0200,2016,47.95,52.04,47.78,49.25
C0200,2017,70.51,52.00,88.00,70.17
C0200,2018,46.77,44.17,41.89,44.28
C0200,2019,77.57,86.43,88.88,84.29
C0200,2020,72.85,68.99,40.23,60.69
C0200,2021,87.83,73.35,83.68,81.62
C0200,2022,43.45,85.58,55.37,61.46
C0200,2023,42.85,57.28,86.93,62.35
C0200,2024,54.11,71.08,55.85,60.34
C0201,2015,53.09,41.94,72.72,55.91
C0201,2016,52.35,49.34,44.00,48.56
C0201,2017,85.31,81.56,52.12,73.00
C0201,2018,52.48,78.34,78.68,69.83
C0201,2019,53.60,57.53,66.43,59.19
C0201,2020,77.97,58.84,86.40,74.40
C0201,2021,62.49,66.68,61.44,63.53
C0201,2022,78.84,40.01,83.49,67.45
C0201,2023,43.27,52.06,62.45,52.59
C0201,2024,64.38,50.41,88.96,67.92
C0202,2015,41.68,52.52,87.99,60.73
C0202,2016,43.13,80.30,56.46,59.96
C0202,2017,85.32,53.98,84.30,74.53
C0202,2018,46.96,49.58,82.38,59.64
C0202,2019,66.62,65.21,50.53,60.79
C0202,2020,60.55,83.28,71.21,71.68
C0202,2021,57.37,52.07,43.63,51.02
C0202,2022,84.99,43.93,81.84,70.25
C0202,2023,41.09,57.82,48.73,49.21
C0202,2024,73.19,77.38,43.54,64.70
C0203,2015,88.17,67.53,60.01,71.91
C0203,2016,68.01,80.84,68.85,72.56
C0203,2017,86.84,87.98,82.75,85.86
C0203,2018,42.61,79.63,88.71,70.32
C0203,2019,60.94,70.19,61.97,64.37
C0203,2020,53.01,64.67,43.02,53.57
C0203,2021,76.54,42.00,77.46,65.33
C0203,2022,89.06,89.22,68.26,82.18
C0203,2023,52.83,59.17,62.39,58.13
C0203,2024,72.71,47.61,55.46,58.59
C0204,2015,49.90,73.34,65.12,62.79
C0204,2016,68.27,54.21,56.93,59.80
C0204,2017,63.20,69.29,77.85,70.11
C0204,2018,88.60,69.34,67.19,75.04
C0204,2019,70.43,62.29,83.84,72.19
C0204,2020,57.48,81.81,67.18,68.82
C0204,2021,45.70,53.25,51.91,50.29
C0204,2022,47.56,62.43,82.55,64.18
C0204,2023,51.27,66.88,67.86,62.00
C0204,2024,52.55,73.18,50.34,58.69
C0205,2015,82.53,79.20,71.18,77.63
C0205,2016,68.06,59.74,57.89,61.90
C0205,2017,66.17,72.30,82.22,73.56
C0205,2018,45.74,47.53,62.66,51.98
C0205,2019,83.01,86.63,76.32,81.99
C0205,2020,76.14,59.15,44.78,60.02
C0205,2021,43.38,76.48,59.80,59.89
C0205,2022,75.39,41.02,89.16,68.52
C0205,2023,67.18,50.26,80.42,65.95
C0205,2024,44.09,64.35,48.00,52.15
C0206,2015,62.92,83.91,53.89,66.91
C0206,2016,64.23,66.36,56.49,62.36
C0206,2017,48.29,86.49,72.52,69.10
C0206,2018,87.28,64.19,77.85,76.44
C0206,2019,82.50,64.52,77.48,74.83
C0206,2020,73.45,45.99,65.49,61.64
C0206,2021,63.11,80.13,80.54,74.60
C0206,2022,60.59,52.35,61.85,58.26
C0206,2023,72.55,84.98,46.19,67.91
C0206,2024,67.27,85.54,68.22,73.68
C0207,2015,43.11,87.17,87.62,72.63
C0207,2016,65.63,66.01,79.65,70.43
C0207,2017,80.32,73.85,68.94,74.37
C0207,2018,62.96,78.93,72.34,71.41
C0207,2019,42.60,46.55,86.53,58.56
C0207,2020,79.31,70.05,61.42,70.26
C0207,2021,50.07,41.71,56.57,49.45
C0207,2022,52.93,64.88,88.86,68.89
C0207,2023,48.24,47.74,83.17,59.72
C0207,2024,56.51,49.15,56.15,53.94
C0208,2015,77.84,58.25,63.19,66.43
C0208,2016,65.97,61.62,60.75,62.78
C0208,2017,50.24,71.16,47.45,56.29
C0208,2018,83.89,43.72,87.89,71.83
C0208,2019,83.98,65.18,60.22,69.79
C0208,2020,83.53,49.13,83.77,72.14
C0208,2021,51.94,68.70,49.47,56.70
C0208,2022,62.56,71.87,67.39,67.28
C0208,2023,89.25,67.84,41.20,66.09
C0208,2024,78.60,76.91,78.21,77.91
C0209,2015,41.36,56.78,69.05,55.73
C0209,2016,43.26,78.26,71.28,64.27
C0209,2017,63.20,61.64,42.59,55.81
C0209,2018,85.46,64.21,50.55,66.74
C0209,2019,66.94,72.41,43.72,61.02
C0209,2020,64.89,40.92,54.45,53.42
C0209,2021,45.27,72.70,71.37,63.12
C0209,2022,72.84,70.93,68.31,70.69
C0209,2023,81.11,55.49,70.61,69.07
C0209,2024,59.02,44.29,67.46,56.92
C0210,2015,78.78,44.55,53.65,58.99
C0210,2016,88.22,86.16,52.23,75.54
C0210,2017,50.19,74.46,46.85,57.17
C0210,2018,66.17,46.36,82.45,64.99
C0210,2019,54.36,57.84,70.82,61.01
C0210,2020,79.64,69.62,49.33,66.20
C0210,2021,68.88,81.78,48.86,66.51
C0210,2022,71.73,42.18,83.65,65.85
C0210,2023,79.90,51.83,77.14,69.62
C0210,2024,59.80,84.49,72.97,72.42
C0211,2015,85.75,40.46,60.34,62.19
C0211,2016,66.65,50.07,53.10,56.61
C0211,2017,47.90,87.95,88.97,74.94
C0211,2018,74.79,70.67,79.86,75.11
C0211,2019,79.66,53.08,55.09,62.61
C0211,2020,55.84,43.35,82.38,60.52
C0211,2021,82.86,41.41,77.95,67.41
C0211,2022,85.31,52.24,54.85,64.13
C0211,2023,53.85,84.07,61.33,66.42
C0211,2024,89.18,60.80,49.30,66.42
C0212,2015,47.04,76.02,45.55,56.20
C0212,2016,50.10,85.91,76.14,70.72
C0212,2017,49.21,60.40,53.38,54.33
C0212,2018,84.70,49.56,81.00,71.76
C0212,2019,72.71,65.86,89.78,76.12
C0212,2020,47.61,85.40,43.83,58.95
C0212,2021,62.02,80.22,63.65,68.63
C0212,2022,70.76,43.29,80.10,64.72
C0212,2023,44.17,74.63,79.45,66.08
C0212,2024,84.12,68.59,78.00,76.91
C0213,2015,80.18,85.37,57.45,74.33
C0213,2016,65.26,46.12,62.69,58.03
C0213,2017,88.36,66.70,69.75,74.94
C0213,2018,60.89,83.97,88.70,77.85
C0213,2019,89.21,60.50,56.38,68.69
C0213,2020,73.40,64.10,86.16,74.55
C0213,2021,71.73,43.52,53.47,56.24
C0213,2022,48.30,53.91,89.45,63.89
C0213,2023,84.10,56.23,73.51,71.28
C0213,2024,61.37,87.26,63.18,70.60
C0214,2015,48.11,54.13,70.67,57.64
C0214,2016,40.63,63.04,53.63,52.43
C0214,2017,67.99,73.57,53.71,65.09
C0214,2018,66.37,48.11,45.68,53.39
C0214,2019,75.97,64.32,45.70,62.00
C0214,2020,84.51,76.93,57.38,72.94
C0214,2021,43.97,83.34,78.14,68.49
C0214,2022,76.57,71.31,70.40,72.76
C0214,2023,49.37,73.45,45.13,55.98
C0214,2024,82.91,46.31,82.61,70.61
C0215,2015,80.95,87.29,70.07,79.44
C0215,2016,67.04,46.63,88.04,67.24
C0215,2017,75.51,78.73,73.51,75.92
C0215,2018,55.72,53.24,48.76,52.57
C0215,2019,63.56,86.68,63.69,71.31
C0215,2020,81.08,76.00,72.42,76.50
C0215,2021,62.96,77.69,41.41,60.69
C0215,2022,57.89,50.95,40.75,49.86
C0215,2023,64.71,62.15,46.47,57.78
C0215,2024,81.41,70.89,52.58,68.30
C0216,2015,56.76,78.50,61.48,65.58
C0216,2016,48.69,45.20,64.37,52.75
C0216,2017,75.60,88.12,46.90,70.21
C0216,2018,81.30,84.51,73.67,79.83
C0216,2019,45.03,53.52,69.81,56.12
C0216,2020,51.99,81.14,54.72,62.62
C0216,2021,47.10,65.92,40.68,51.23
C0216,2022,57.40,63.09,43.88,54.79
C0216,2023,62.52,55.72,59.58,59.27
C0216,2024,77.44,69.05,47.70,64.73
C0217,2015,72.56,76.49,58.84,69.30
C0217,2016,71.05,60.55,71.41,67.67
C0217,2017,57.62,71.46,67.36,65.48
C0217,2018,82.07,74.97,51.56,69.53
C0217,2019,63.56,75.56,57.19,65.44
C0217,2020,88.96,42.60,70.70,67.42
C0217,2021,71.71,82.99,83.04,79.25
C0217,2022,46.31,62.91,77.66,62.30
C0217,2023,73.81,53.12,67.67,64.87
C0217,2024,56.26,52.09,58.11,55.49
C0218,2015,74.32,64.15,58.25,65.57
C0218,2016,43.48,84.34,83.97,70.60
C0218,2017,48.74,58.92,41.96,49.87
C0218,2018,82.79,77.49,89.40,83.22
C0218,2019,51.36,44.84,73.22,56.47
C0218,2020,81.85,63.80,74.06,73.24
C0218,2021,53.96,89.58,41.90,61.82
C0218,2022,72.14,78.52,70.28,73.65
C0218,2023,74.71,50.53,64.24,63.16
C0218,2024,65.63,65.07,45.29,58.66
C0219,2015,55.27,51.68,53.90,53.61
C0219,2016,50.63,60.48,84.52,65.21
C0219,2017,41.66,79.00,67.50,62.72
C0219,2018,55.20,78.56,60.67,64.81
C0219,2019,72.66,51.41,43.63,55.90
C0219,2020,86.92,86.11,75.71,82.91
C0219,2021,83.56,69.63,75.14,76.11
C0219,2022,78.30,59.00,70.70,69.33
C0219,2023,79.42,65.10,65.51,70.01
C0219,2024,73.25,70.25,61.69,68.40
C0220,2015,53.01,67.99,69.66,63.56
C0220,2016,85.36,64.32,51.67,67.12
C0220,2017,73.54,65.25,87.06,75.28
C0220,2018,68.02,48.82,69.44,62.09
C0220,2019,45.55,80.64,55.56,60.58
C0220,2020,62.35,67.09,62.48,63.97
C0220,2021,63.02,46.55,80.28,63.29
C0220,2022,83.23,78.31,48.08,69.87
C0220,2023,67.33,86.62,54.64,69.53
C0220,2024,59.02,87.37,73.98,73.45
C0221,2015,88.84,58.45,55.77,67.69
C0221,2016,45.54,46.78,79.63,57.31
C0221,2017,61.13,65.92,46.52,57.86
C0221,2018,42.10,45.63,78.13,55.29
C0221,2019,77.00,86.70,43.42,69.04
C0221,2020,85.90,49.18,40.63,58.57
C0221,2021,54.00,52.64,84.91,63.85
C0221,2022,82.92,60.33,69.07,70.77
C0221,2023,54.61,59.16,57.59,57.12
C0221,2024,85.54,79.73,51.63,72.30
C0222,2015,77.70,62.82,70.84,70.45
C0222,2016,80.25,48.54,65.45,64.74
C0222,2017,40.90,53.36,89.58,61.28
C0222,2018,88.14,65.46,89.16,80.92
C0222,2019,76.33,47.37,71.75,65.15
C0222,2020,55.24,70.58,62.14,62.65
C0222,2021,81.47,68.29,64.56,71.44
C0222,2022,54.08,75.74,74.12,67.98
C0222,2023,83.64,86.89,45.08,71.87
C0222,2024,45.63,85.61,56.42,62.55
C0223,2015,75.18,87.30,43.76,68.75
C0223,2016,67.03,52.24,43.67,54.31
C0223,2017,44.83,46.58,49.79,47.07
C0223,2018,52.09,55.11,64.26,57.16
C0223,2019,40.62,84.75,79.24,68.20
C0223,2020,63.44,88.60,64.27,72.11
C0223,2021,55.06,82.97,56.77,64.93
C0223,2022,69.92,45.50,44.12,53.18
C0223,2023,54.86,87.37,67.51,69.92
C0223,2024,55.00,61.17,53.56,56.58
C0224,2015,77.16,40.47,70.75,62.79
C0224,2016,42.41,62.12,88.86,64.46
C0224,2017,85.14,42.30,45.57,57.67
C0224,2018,82.61,67.19,50.61,66.80
C0224,2019,73.39,56.93,63.65,64.66
C0224,2020,69.66,63.67,88.43,73.92
C0224,2021,84.62,70.66,78.59,77.95
C0224,2022,49.27,83.44,84.91,72.54
C0224,2023,43.95,73.10,56.69,57.91
C0224,2024,51.98,61.70,89.60,67.76
C0225,2015,79.73,80.97,45.14,68.61
C0225,2016,41.73,85.28,42.65,56.55
C0225,2017,69.14,45.99,82.78,65.97
C0225,2018,89.77,66.60,86.36,80.91
C0225,2019,82.78,54.23,44.53,60.51
C0225,2020,66.07,42.35,45.67,51.37
C0225,2021,43.18,73.43,41.66,52.76
C0225,2022,81.57,83.14,45.23,69.98
C0225,2023,69.95,48.15,50.47,56.19
C0225,2024,45.75,80.62,88.50,71.62
C0226,2015,44.69,82.67,73.39,66.92
C0226,2016,85.48,85.72,78.93,83.38
C0226,2017,73.46,53.26,78.81,68.51
C0226,2018,81.46,85.20,66.75,77.81
C0226,2019,83.95,56.03,79.87,73.29
C0226,2020,68.59,67.62,69.79,68.67
C0226,2021,65.87,42.53,55.73,54.71
C0226,2022,61.52,42.19,68.06,57.26
C0226,2023,55.85,76.02,66.68,66.18
C0226,2024,61.73,62.22,81.17,68.38
C0227,2015,78.69,52.81,89.09,73.53
C0227,2016,70.10,49.52,60.55,60.06
C0227,2017,84.63,73.50,78.17,78.76
C0227,2018,62.17,40.02,44.99,49.06
C0227,2019,70.35,80.29,78.84,76.50
C0227,2020,71.57,43.96,58.57,58.03
C0227,2021,69.58,49.57,41.97,53.71
C0227,2022,75.13,59.31,58.16,64.20
C0227,2023,51.87,64.24,70.53,62.22
C0227,2024,65.62,57.75,45.96,56.44
C0228,2015,45.21,56.04,86.20,62.48
C0228,2016,59.23,88.20,43.88,63.77
C0228,2017,64.38,72.08,86.50,74.32
C0228,2018,72.61,41.17,75.36,63.05
C0228,2019,87.53,61.51,56.49,68.51
C0228,2020,70.03,83.75,59.54,71.11
C0228,2021,77.18,55.07,77.04,69.76
C0228,2022,65.31,44.73,70.07,60.04
C0228,2023,71.71,77.92,73.58,74.40
C0228,2024,43.55,70.30,59.46,57.77
C0229,2015,52.72,68.52,64.39,61.88
C0229,2016,58.09,42.68,89.49,63.42
C0229,2017,63.62,47.02,50.70,53.78
C0229,2018,42.28,71.13,60.89,58.10
C0229,2019,47.00,50.39,54.59,50.66
C0229,2020,53.84,65.20,78.26,65.77
C0229,2021,88.58,67.24,78.20,78.01
C0229,2022,56.57,54.18,54.62,55.12
C0229,2023,64.10,87.42,44.07,65.20
C0229,2024,49.80,82.12,40.57,57.50
C0230,2015,70.54,76.12,61.37,69.34
C0230,2016,54.03,43.90,60.52,52.82
C0230,2017,50.35,45.31,89.42,61.69
C0230,2018,65.83,64.64,63.49,64.65
C0230,2019,40.28,48.04,52.82,47.04
C0230,2020,40.38,88.91,84.56,71.29
C0230,2021,50.95,47.93,64.55,54.48
C0230,2022,41.84,64.37,69.96,58.72
C0230,2023,45.40,58.21,44.78,49.46
C0230,2024,56.94,71.97,59.15,62.69
C0231,2015,80.13,46.45,87.21,71.26
C0231,2016,68.60,61.52,69.48,66.53
C0231,2017,65.63,53.74,57.23,58.86
C0231,2018,54.67,84.39,71.28,70.12
C0231,2019,86.59,42.03,85.52,71.38
C0231,2020,59.85,85.69,53.70,66.41
C0231,2021,44.35,81.65,65.26,63.75
C0231,2022,70.85,54.88,87.93,71.22
C0231,2023,45.69,79.46,48.62,57.93
C0231,2024,57.26,41.56,75.98,58.27
C0232,2015,65.37,88.34,70.72,74.81
C0232,2016,83.71,66.33,73.98,74.67
C0232,2017,64.68,55.16,57.56,59.13
C0232,2018,75.11,58.13,55.69,62.98
C0232,2019,89.64,43.32,74.21,69.06
C0232,2020,46.57,89.47,50.78,62.27
C0232,2021,53.74,41.96,60.98,52.23
C0232,2022,59.73,72.75,49.41,60.63
C0232,2023,61.09,62.14,40.42,54.55
C0232,2024,60.55,87.45,88.50,78.83
C0233,2015,85.38,52.30,61.59,66.42
C0233,2016,75.70,66.60,88.47,76.92
C0233,2017,70.40,64.12,47.02,60.51
C0233,2018,55.47,75.14,69.37,66.66
C0233,2019,81.19,43.40,50.05,58.21
C0233,2020,87.75,49.69,79.50,72.32
C0233,2021,81.06,50.73,79.19,70.32
C0233,2022,40.08,76.91,45.63,54.21
C0233,2023,71.82,49.46,85.60,68.96
C0233,2024,42.56,68.67,49.73,53.65
C0234,2015,52.88,50.76,70.65,58.10
C0234,2016,42.98,83.08,89.28,71.78
C0234,2017,70.19,87.11,84.12,80.47
C0234,2018,74.33,65.92,87.83,76.03
C0234,2019,45.72,57.62,57.13,53.49
C0234,2020,59.19,51.70,45.28,52.06
C0234,2021,62.81,42.49,49.42,51.57
C0234,2022,58.45,53.43,65.02,58.97
C0234,2023,46.05,72.71,79.66,66.14
C0234,2024,60.95,66.68,47.51,58.38
C0235,2015,77.56,87.20,72.99,79.25
C0235,2016,43.55,59.81,56.18,53.18
C0235,2017,44.01,74.69,57.06,58.59
C0235,2018,57.74,64.47,73.10,65.10
C0235,2019,87.09,65.63,63.35,72.02
C0235,2020,73.43,53.39,80.60,69.14
C0235,2021,73.93,62.75,47.80,61.49
C0235,2022,58.10,63.54,79.50,67.04
C0235,2023,69.68,75.33,43.21,62.74
C0235,2024,40.51,87.03,49.70,59.08
C0236,2015,71.80,56.47,72.81,67.03
C0236,2016,85.66,42.11,82.75,70.17
C0236,2017,70.63,64.81,52.63,62.69
C0236,2018,83.68,67.22,56.36,69.09
C0236,2019,76.20,48.42,66.86,63.83
C0236,2020,46.03,78.02,50.58,58.21
C0236,2021,85.12,89.25,80.56,84.98
C0236,2022,43.32,87.29,78.68,69.76
C0236,2023,66.70,49.86,47.26,54.61
C0236,2024,47.11,83.77,63.19,64.69
C0237,2015,40.59,75.22,78.74,64.85
C0237,2016,61.10,62.69,56.87,60.22
C0237,2017,54.75,67.03,71.66,64.48
C0237,2018,64.30,82.48,42.51,63.10
C0237,2019,68.86,64.01,70.43,67.77
C0237,2020,42.19,58.66,47.63,49.49
C0237,2021,46.15,64.66,81.53,64.11
C0237,2022,67.93,68.96,57.77,64.89
C0237,2023,57.16,49.45,54.08,53.56
C0237,2024,76.46,85.05,82.04,81.18
C0238,2015,72.61,73.71,42.51,62.94
C0238,2016,82.28,71.66,59.83,71.26
C0238,2017,74.62,44.97,58.50,59.37
C0238,2018,61.50,70.21,54.24,61.98
C0238,2019,73.65,46.05,85.59,68.43
C0238,2020,53.77,43.93,77.55,58.42
C0238,2021,55.32,66.37,43.20,54.96
C0238,2022,79.45,60.14,75.73,71.77
C0238,2023,62.32,69.44,66.36,66.04
C0238,2024,79.92,44.46,85.04,69.81
C0239,2015,81.12,61.55,55.65,66.11
C0239,2016,82.88,48.74,68.71,66.78
C0239,2017,85.83,89.36,65.04,80.07
C0239,2018,61.55,68.06,64.48,64.69
C0239,2019,55.94,74.37,62.81,64.37
C0239,2020,69.11,56.27,50.28,58.55
C0239,2021,58.56,44.74,77.79,60.36
C0239,2022,70.05,88.79,62.57,73.80
C0239,2023,75.28,54.31,87.93,72.51
C0239,2024,74.42,61.19,53.04,62.88
C0240,2015,58.73,72.49,74.14,68.45
C0240,2016,48.34,41.23,87.04,58.87
C0240,2017,61.53,80.51,73.17,71.74
C0240,2018,47.13,66.83,83.56,65.84
C0240,2019,84.50,53.91,81.37,73.26
C0240,2020,57.29,43.08,58.01,52.79
C0240,2021,47.72,48.12,70.01,55.28
C0240,2022,41.27,84.75,47.81,57.95
C0240,2023,72.29,74.30,66.78,71.12
C0240,2024,71.85,52.50,51.52,58.62
C0241,2015,57.03,43.28,77.19,59.17
C0241,2016,43.59,74.53,66.40,61.51
C0241,2017,60.48,68.62,60.56,63.22
C0241,2018,55.56,60.23,53.44,56.41
C0241,2019,73.86,58.18,89.93,73.99
C0241,2020,70.29,50.84,43.59,54.91
C0241,2021,58.23,73.48,42.18,57.96
C0241,2022,50.89,88.53,50.86,63.43
C0241,2023,89.40,48.79,88.55,75.58
C0241,2024,62.70,69.86,88.96,73.84
C0242,2015,74.41,61.21,72.75,69.46
C0242,2016,47.03,62.33,84.01,64.46
C0242,2017,64.28,52.71,50.70,55.89
C0242,2018,41.38,81.26,88.60,70.41
C0242,2019,65.27,64.26,47.14,58.89
C0242,2020,88.20,67.17,45.06,66.81
C0242,2021,59.21,55.24,45.61,53.35
C0242,2022,41.95,49.09,68.66,53.23
C0242,2023,41.55,44.30,79.05,54.96
C0242,2024,59.40,75.71,58.33,64.48
C0243,2015,48.00,49.81,88.89,62.24
C0243,2016,41.17,74.50,61.72,59.13
C0243,2017,77.81,59.52,47.52,61.62
C0243,2018,62.93,60.79,63.30,62.34
C0243,2019,54.46,63.46,73.95,63.96
C0243,2020,85.00,58.39,81.61,75.00
C0243,2021,45.81,45.03,62.94,51.26
C0243,2022,87.80,55.48,69.68,70.99
C0243,2023,55.70,73.19,53.37,60.75
C0243,2024,84.42,73.29,72.30,76.67
C0244,2015,70.15,54.31,89.30,71.25
C0244,2016,81.34,63.01,42.45,62.26
C0244,2017,89.20,49.67,84.33,74.40
C0244,2018,54.42,50.52,68.11,57.68
C0244,2019,88.06,41.15,52.60,60.60
C0244,2020,59.47,84.84,87.74,77.35
C0244,2021,59.28,50.54,64.17,57.99
C0244,2022,57.02,51.38,56.58,54.99
C0244,2023,67.07,53.98,49.07,56.71
C0244,2024,47.71,46.37,52.22,48.77
C0245,2015,67.69,71.96,81.64,73.76
C0245,2016,67.09,43.76,70.72,60.52
C0245,2017,78.10,46.71,85.66,70.16
C0245,2018,81.68,72.24,51.60,68.51
C0245,2019,62.02,56.98,46.06,55.02
C0245,2020,55.12,75.40,40.30,56.94
C0245,2021,52.97,67.87,65.39,62.08
C0245,2022,49.73,52.80,89.92,64.15
C0245,2023,42.88,72.54,74.75,63.39
C0245,2024,57.12,45.81,55.42,52.79
C0246,2015,53.51,66.82,83.84,68.06
C0246,2016,88.32,61.86,79.09,76.42
C0246,2017,67.89,53.39,40.77,54.02
C0246,2018,57.36,70.20,80.84,69.47
C0246,2019,69.02,83.57,55.03,69.21
C0246,2020,46.96,89.95,47.48,61.46
C0246,2021,62.20,70.39,51.32,61.30
C0246,2022,71.31,60.24,63.43,64.99
C0246,2023,64.44,51.26,61.24,58.98
C0246,2024,60.09,52.85,54.44,55.80
C0247,2015,89.69,63.97,48.61,67.43
C0247,2016,84.02,58.36,78.11,73.50
C0247,2017,71.17,85.69,89.51,82.12
C0247,2018,68.47,58.41,78.89,68.59
C0247,2019,71.03,58.67,54.80,61.50
C0247,2020,50.07,59.18,52.24,53.83
C0247,2021,59.76,81.83,50.88,64.16
C0247,2022,41.97,72.54,46.83,53.78
C0247,2023,63.78,70.71,67.57,67.35
C0247,2024,67.15,56.71,70.27,64.71
C0248,2015,51.39,80.90,75.28,69.19
C0248,2016,88.20,41.92,74.01,68.04
C0248,2017,85.47,83.54,54.62,74.54
C0248,2018,76.11,65.64,56.52,66.09
C0248,2019,66.67,59.91,74.08,66.89
C0248,2020,83.50,64.86,57.47,68.61
C0248,2021,46.53,73.37,50.63,56.84
C0248,2022,79.53,40.64,58.72,59.63
C0248,2023,46.24,83.58,53.60,61.14
C0248,2024,79.71,62.34,44.42,62.15
C0249,2015,53.79,57.15,81.51,64.15
C0249,2016,83.85,46.91,82.66,71.14
C0249,2017,87.20,61.97,50.99,66.72
C0249,2018,47.44,64.82,43.24,51.83
C0249,2019,63.13,60.18,76.94,66.75
C0249,2020,89.05,73.93,50.58,71.19
C0249,2021,64.17,61.04,59.67,61.63
C0249,2022,83.18,88.07,43.21,71.49
C0249,2023,69.44,69.96,51.31,63.57
C0249,2024,58.77,80.37,79.65,72.93
C0250,2015,54.29,45.47,80.22,59.99
C0250,2016,50.16,59.86,50.35,53.46
C0250,2017,78.09,56.84,56.80,63.91
C0250,2018,59.33,68.47,46.71,58.17
C0250,2019,65.56,83.06,43.71,64.11
C0250,2020,64.62,43.92,89.61,66.05
C0250,2021,68.86,43.63,72.78,61.76
C0250,2022,83.28,82.52,67.10,77.63
C0250,2023,89.04,50.64,78.27,72.65
C0250,2024,60.38,73.44,82.00,71.94
C0251,2015,81.38,67.14,80.34,76.29
C0251,2016,78.23,81.64,40.83,66.90
C0251,2017,68.68,46.25,49.34,54.76
C0251,2018,87.80,46.49,72.75,69.01
C0251,2019,50.02,67.84,58.79,58.88
C0251,2020,45.46,87.32,89.12,73.97
C0251,2021,82.70,60.75,73.27,72.24
C0251,2022,61.96,56.35,87.83,68.71
C0251,2023,82.35,70.33,50.07,67.59
C0251,2024,84.65,86.52,83.20,84.79
C0252,2015,43.12,81.85,56.07,60.35
C0252,2016,84.17,89.77,89.48,87.81
C0252,2017,62.42,41.13,47.88,50.48
C0252,2018,65.52,45.64,65.82,58.99
C0252,2019,71.33,70.47,79.64,73.82
C0252,2020,86.32,81.03,61.63,76.33
C0252,2021,40.96,54.26,63.40,52.87
C0252,2022,63.84,51.96,89.32,68.37
C0252,2023,74.39,79.35,61.27,71.67
C0252,2024,76.14,42.82,70.20,63.05
C0253,2015,74.63,58.47,42.73,58.61
C0253,2016,46.72,65.29,82.11,64.71
C0253,2017,54.97,68.02,72.41,65.13
C0253,2018,57.94,76.43,60.20,64.86
C0253,2019,80.22,57.74,40.81,59.59
C0253,2020,53.94,70.63,69.58,64.72
C0253,2021,50.54,69.27,40.63,53.48
C0253,2022,87.87,67.38,40.06,65.10
C0253,2023,40.44,72.02,70.80,61.09
C0253,2024,89.89,52.97,49.45,64.10
C0254,2015,73.84,44.23,49.59,55.89
C0254,2016,81.42,45.96,72.66,66.68
C0254,2017,54.73,51.23,42.68,49.55
C0254,2018,40.72,65.01,55.67,53.80
C0254,2019,76.89,82.02,47.47,68.80
C0254,2020,81.71,75.06,69.01,75.26
C0254,2021,77.02,79.45,73.09,76.52
C0254,2022,47.14,57.55,76.06,60.25
C0254,2023,77.67,60.23,52.76,63.56
C0254,2024,78.45,59.68,44.46,60.86
C0255,2015,72.93,49.59,43.93,55.48
C0255,2016,78.31,43.06,61.31,60.89
C0255,2017,82.30,69.55,87.29,79.71
C0255,2018,70.68,89.46,50.89,70.34
C0255,2019,44.43,48.34,52.84,48.54
C0255,2020,64.38,42.33,45.04,50.59
C0255,2021,43.88,78.98,70.28,64.38
C0255,2022,60.38,52.63,73.99,62.33
C0255,2023,60.36,81.48,72.15,71.33
C0255,2024,43.30,75.20,83.06,67.18
C0256,2015,57.44,87.28,64.32,69.68
C0256,2016,45.55,60.45,46.72,50.91
C0256,2017,80.41,73.10,54.47,69.33
C0256,2018,87.38,63.24,73.12,74.58
C0256,2019,43.62,71.53,70.66,61.93
C0256,2020,87.76,62.48,66.55,72.26
C0256,2021,66.13,49.43,74.15,63.24
C0256,2022,54.98,65.39,71.87,64.08
C0256,2023,43.84,66.43,84.07,64.78
C0256,2024,65.03,80.53,69.30,71.62
C0257,2015,79.73,76.78,78.93,78.48
C0257,2016,75.35,73.19,52.44,66.99
C0257,2017,42.51,45.67,73.91,54.03
C0257,2018,43.65,76.03,85.11,68.26
C0257,2019,60.14,65.02,59.29,61.48
C0257,2020,54.76,84.70,78.96,72.81
C0257,2021,51.62,85.99,76.24,71.28
C0257,2022,54.05,42.76,42.98,46.59
C0257,2023,80.17,81.03,69.08,76.76
C0257,2024,86.46,41.88,46.51,58.29
C0258,2015,60.26,58.36,88.37,68.99
C0258,2016,85.31,67.11,80.57,77.66
C0258,2017,56.07,47.41,45.49,49.66
C0258,2018,63.82,77.32,46.09,62.41
C0258,2019,51.30,40.42,69.72,53.81
C0258,2020,72.02,48.43,57.24,59.23
C0258,2021,88.95,69.04,41.75,66.58
C0258,2022,70.17,75.72,67.08,70.99
C0258,2023,57.89,85.83,59.39,67.71
C0258,2024,72.39,75.27,45.05,64.24
C0259,2015,46.15,73.59,80.10,66.61
C0259,2016,84.43,59.72,85.75,76.63
C0259,2017,65.15,40.06,77.83,61.02
C0259,2018,62.47,46.01,81.12,63.20
C0259,2019,69.29,66.73,50.82,62.28
C0259,2020,71.24,73.76,53.18,66.06
C0259,2021,43.59,60.87,50.43,51.63
C0259,2022,74.13,76.53,78.25,76.31
C0259,2023,52.10,66.09,87.40,68.53
C0259,2024,75.70,43.71,75.84,65.08
C0260,2015,81.13,49.60,84.07,71.60
C0260,2016,80.20,82.00,71.93,78.04
C0260,2017,67.63,76.25,59.38,67.75
C0260,2018,66.01,84.74,61.29,70.68
C0260,2019,47.14,45.88,43.77,45.60
C0260,2020,78.77,89.51,41.57,69.95
C0260,2021,53.57,50.47,74.77,59.60
C0260,2022,64.83,40.59,61.92,55.78
C0260,2023,54.21,89.87,67.61,70.57
C0260,2024,46.69,54.05,67.88,56.21
C0261,2015,71.48,73.40,53.87,66.25
C0261,2016,42.72,48.83,63.79,51.78
C0261,2017,77.43,69.01,63.54,69.99
C0261,2018,55.88,85.20,59.42,66.83
C0261,2019,40.01,56.01,81.03,59.02
C0261,2020,65.56,73.51,62.56,67.21
C0261,2021,42.34,49.40,70.18,53.97
C0261,2022,53.81,71.24,84.78,69.94
C0261,2023,75.35,56.82,83.31,71.83
C0261,2024,43.13,50.56,84.52,59.41
C0262,2015,81.97,55.66,53.50,63.71
C0262,2016,40.19,48.94,41.75,43.63
C0262,2017,52.34,85.10,53.05,63.50
C0262,2018,77.05,59.86,53.94,63.61
C0262,2019,55.81,52.26,85.47,64.52
C0262,2020,45.09,62.42,72.46,59.99
C0262,2021,58.01,56.03,44.09,52.71
C0262,2022,53.52,77.22,46.77,59.17
C0262,2023,82.14,88.56,47.78,72.83
C0262,2024,55.67,61.90,71.52,63.03
C0263,2015,79.45,83.05,76.77,79.76
C0263,2016,84.59,68.29,82.98,78.62
C0263,2017,61.69,47.86,87.03,65.53
C0263,2018,85.50,74.53,50.09,70.04
C0263,2019,58.87,65.67,55.49,60.01
C0263,2020,88.20,72.53,52.02,70.92
C0263,2021,44.46,84.48,57.94,62.30
C0263,2022,74.35,62.02,85.73,74.04
C0263,2023,64.69,85.06,68.76,72.84
C0263,2024,59.38,77.53,76.91,71.28
C0264,2015,71.64,64.43,64.51,66.86
C0264,2016,75.19,70.16,41.44,62.27
C0264,2017,40.22,56.28,43.21,46.57
C0264,2018,48.35,89.18,66.90,68.14
C0264,2019,75.65,73.37,75.94,74.99
C0264,2020,73.32,42.19,50.77,55.43
C0264,2021,88.30,56.33,76.10,73.58
C0264,2022,78.05,71.17,80.53,76.58
C0264,2023,87.54,42.82,60.59,63.65
C0264,2024,75.13,41.19,77.32,64.55
C0265,2015,54.90,62.50,60.20,59.20
C0265,2016,45.27,56.63,73.92,58.61
C0265,2017,79.09,61.91,78.20,73.07
C0265,2018,72.21,53.13,89.60,71.65
C0265,2019,42.41,48.24,57.27,49.31
C0265,2020,58.00,74.46,60.55,64.34
C0265,2021,87.84,65.73,48.28,67.28
C0265,2022,65.02,50.01,50.20,55.08
C0265,2023,61.64,55.98,74.67,64.10
C0265,2024,62.88,69.59,85.85,72.78
C0266,2015,50.44,43.61,59.73,51.26
C0266,2016,58.44,47.37,48.99,51.60
C0266,2017,58.49,43.66,54.25,52.14
C0266,2018,42.62,80.62,62.75,62.00
C0266,2019,78.38,77.62,54.53,70.18
C0266,2020,60.83,77.67,51.68,63.39
C0266,2021,81.11,75.82,76.80,77.91
C0266,2022,82.52,73.47,40.39,65.46
C0266,2023,50.60,63.85,66.96,60.47
C0266,2024,72.87,72.11,79.69,74.89
C0267,2015,63.61,41.92,53.31,52.95
C0267,2016,84.01,71.07,70.16,75.08
C0267,2017,50.79,78.89,73.45,67.71
C0267,2018,73.89,65.02,72.75,70.55
C0267,2019,70.39,57.88,62.29,63.52
C0267,2020,54.77,53.87,57.33,55.32
C0267,2021,46.83,72.14,81.80,66.92
C0267,2022,72.58,74.64,77.92,75.05
C0267,2023,76.93,83.55,56.06,72.18
C0267,2024,55.78,57.12,45.15,52.68
C0268,2015,72.24,78.49,43.59,64.77
C0268,2016,59.76,68.07,44.71,57.51
C0268,2017,75.66,84.14,69.14,76.32
C0268,2018,49.96,66.39,42.58,52.98
C0268,2019,84.51,65.88,56.85,69.08
C0268,2020,54.37,68.89,77.66,66.97
C0268,2021,58.39,77.47,54.72,63.52
C0268,2022,42.90,88.23,78.17,69.77
C0268,2023,45.58,43.68,77.27,55.51
C0268,2024,65.79,42.67,52.29,53.59
C0269,2015,53.38,86.88,76.44,72.23
C0269,2016,81.77,66.49,77.39,75.22
C0269,2017,40.73,70.75,59.87,57.12
C0269,2018,58.95,64.12,50.52,57.87
C0269,2019,56.87,44.68,66.06,55.87
C0269,2020,40.97,78.40,86.07,68.48
C0269,2021,46.22,77.36,71.98,65.19
C0269,2022,60.68,55.59,48.65,54.97
C0269,2023,64.64,55.31,74.14,64.70
C0269,2024,60.21,81.89,61.36,67.82
C0270,2015,66.55,43.62,69.58,59.91
C0270,2016,69.76,84.06,76.70,76.84
C0270,2017,40.50,52.83,65.75,53.03
C0270,2018,63.20,69.65,80.70,71.18
C0270,2019,88.17,86.80,76.11,83.69
C0270,2020,65.95,73.91,70.75,70.20
C0270,2021,73.88,60.72,47.54,60.71
C0270,2022,55.59,74.48,81.80,70.62
C0270,2023,78.70,57.20,86.80,74.23
C0270,2024,78.65,53.86,46.85,59.79
C0271,2015,66.06,89.83,64.41,73.44
C0271,2016,88.80,77.54,52.94,73.09
C0271,2017,46.28,72.24,77.73,65.41
C0271,2018,40.85,57.76,76.08,58.23
C0271,2019,78.51,42.46,47.04,56.00
C0271,2020,80.36,41.55,83.85,68.59
C0271,2021,46.01,67.71,49.05,54.26
C0271,2022,53.28,78.10,79.86,70.41
C0271,2023,40.88,66.87,62.85,56.87
C0271,2024,54.67,82.04,56.41,64.37
C0272,2015,78.66,41.67,47.91,56.08
C0272,2016,65.90,58.34,48.38,57.54
C0272,2017,57.40,51.85,73.09,60.78
C0272,2018,58.59,62.36,67.52,62.82
C0272,2019,40.07,43.62,46.10,43.26
C0272,2020,54.99,87.71,45.63,62.78
C0272,2021,72.32,51.16,43.62,55.70
C0272,2022,88.71,86.12,77.19,84.00
C0272,2023,82.35,61.29,75.59,73.08
C0272,2024,41.18,89.28,42.92,57.79
C0273,2015,84.93,67.70,68.01,73.55
C0273,2016,79.16,86.54,44.23,69.98
C0273,2017,79.02,40.27,85.19,68.16
C0273,2018,62.90,77.41,85.36,75.22
C0273,2019,59.90,85.15,74.91,73.32
C0273,2020,55.15,46.99,86.31,62.81
C0273,2021,43.28,44.81,80.57,56.22
C0273,2022,51.41,61.23,81.43,64.69
C0273,2023,52.33,86.68,68.49,69.17
C0273,2024,64.20,67.12,55.30,62.21
C0274,2015,77.37,66.37,50.89,64.88
C0274,2016,63.69,47.06,56.36,55.70
C0274,2017,42.89,40.04,71.42,51.45
C0274,2018,87.89,80.51,48.63,72.34
C0274,2019,87.14,44.38,52.93,61.48
C0274,2020,79.26,71.69,63.40,71.45
C0274,2021,89.57,85.73,51.65,75.65
C0274,2022,67.22,50.43,69.43,62.36
C0274,2023,88.14,73.26,86.16,82.52
C0274,2024,43.78,43.93,77.40,55.04
C0275,2015,58.28,70.19,73.32,67.26
C0275,2016,51.27,48.20,69.14,56.20
C0275,2017,49.79,76.80,64.40,63.66
C0275,2018,47.04,55.06,49.33,50.48
C0275,2019,71.12,63.17,84.74,73.01
C0275,2020,79.07,69.97,52.43,67.15
C0275,2021,68.91,48.56,44.57,54.01
C0275,2022,47.35,77.08,77.50,67.31
C0275,2023,80.56,55.13,48.78,61.49
C0275,2024,71.80,73.12,58.59,67.84
C0276,2015,59.41,47.91,41.41,49.58
C0276,2016,73.71,74.41,46.85,64.99
C0276,2017,53.00,46.41,48.66,49.35
C0276,2018,57.26,61.27,42.72,53.75
C0276,2019,85.87,52.36,72.83,70.36
C0276,2020,54.53,77.42,81.85,71.26
C0276,2021,63.50,53.10,58.67,58.42
C0276,2022,84.51,84.09,83.73,84.11
C0276,2023,75.39,84.59,50.67,70.21
C0276,2024,43.11,49.82,56.27,49.73
C0277,2015,47.37,70.69,47.54,55.20
C0277,2016,40.39,44.39,71.03,51.94
C0277,2017,71.55,59.58,60.99,64.04
C0277,2018,62.38,75.67,70.66,69.57
C0277,2019,46.71,72.97,78.08,65.92
C0277,2020,87.90,71.24,67.29,75.47
C0277,2021,66.48,54.13,71.38,64.00
C0277,2022,52.09,58.90,86.76,65.92
C0277,2023,65.03,45.15,54.95,55.04
C0277,2024,73.98,75.95,57.96,69.30
C0278,2015,43.81,65.19,75.89,61.63
C0278,2016,53.74,75.44,70.57,66.58
C0278,2017,80.35,52.45,48.93,60.57
C0278,2018,62.98,56.22,58.81,59.34
C0278,2019,67.33,56.71,63.39,62.48
C0278,2020,61.64,41.29,60.97,54.63
C0278,2021,42.19,57.05,48.91,49.39
C0278,2022,48.29,80.17,86.22,71.56
C0278,2023,62.28,84.86,78.12,75.09
C0278,2024,50.46,65.91,64.07,60.15
C0279,2015,42.50,62.78,74.00,59.76
C0279,2016,82.18,41.54,84.86,69.53
C0279,2017,89.06,83.96,46.81,73.28
C0279,2018,79.66,40.65,52.52,57.61
C0279,2019,82.69,87.24,67.14,79.02
C0279,2020,52.10,64.46,79.95,65.50
C0279,2021,88.03,57.10,41.81,62.31
C0279,2022,49.85,86.21,89.20,75.09
C0279,2023,87.57,41.22,62.75,63.85
C0279,2024,89.74,69.07,57.96,72.26
C0280,2015,75.59,67.45,54.64,65.89
C0280,2016,89.06,50.97,48.72,62.91
C0280,2017,68.48,61.44,79.58,69.83
C0280,2018,52.98,72.61,87.77,71.12
C0280,2019,61.85,76.36,60.68,66.30
C0280,2020,69.68,40.04,87.62,65.78
C0280,2021,43.65,86.84,81.19,70.56
C0280,2022,71.12,48.23,64.05,61.13
C0280,2023,89.06,51.68,73.70,71.48
C0280,2024,49.51,53.17,61.75,54.81
C0281,2015,79.63,41.89,67.94,63.15
C0281,2016,85.39,46.15,42.90,58.15
C0281,2017,87.19,89.32,74.81,83.77
C0281,2018,88.01,55.76,42.64,62.14
C0281,2019,66.07,45.77,80.85,64.23
C0281,2020,88.87,45.35,81.25,71.82
C0281,2021,77.87,75.97,51.85,68.56
C0281,2022,48.08,82.73,56.18,62.33
C0281,2023,63.85,52.85,64.07,60.25
C0281,2024,75.92,41.05,69.83,62.27
C0282,2015,52.37,51.15,54.37,52.63
C0282,2016,72.03,42.83,69.62,61.49
C0282,2017,73.33,45.17,54.89,57.80
C0282,2018,48.13,61.58,42.77,50.83
C0282,2019,68.25,51.50,40.13,53.29
C0282,2020,78.58,65.80,45.06,63.15
C0282,2021,64.94,52.67,79.61,65.74
C0282,2022,40.61,87.03,88.07,71.90
C0282,2023,40.45,85.30,61.35,62.37
C0282,2024,57.85,68.34,65.63,63.94
C0283,2015,86.31,57.72,47.34,63.79
C0283,2016,51.43,59.06,67.55,59.35
C0283,2017,71.72,60.59,47.23,59.85
C0283,2018,51.10,76.38,70.56,66.01
C0283,2019,56.08,62.58,86.66,68.44
C0283,2020,82.40,82.84,49.78,71.67
C0283,2021,76.44,87.20,78.23,80.63
C0283,2022,44.77,56.80,41.18,47.58
C0283,2023,61.44,68.03,58.77,62.75
C0283,2024,41.46,44.75,45.54,43.92
C0284,2015,64.04,50.02,57.62,57.23
C0284,2016,73.12,60.67,48.68,60.82
C0284,2017,45.93,50.31,58.67,51.63
C0284,2018,54.44,83.83,60.88,66.38
C0284,2019,59.89,47.91,55.03,54.28
C0284,2020,85.98,62.78,72.83,73.86
C0284,2021,89.66,70.28,85.94,81.96
C0284,2022,42.25,74.59,60.03,58.96
C0284,2023,78.05,59.15,49.62,62.27
C0284,2024,58.59,83.45,53.54,65.19
C0285,2015,59.62,68.42,82.70,70.25
C0285,2016,77.71,61.98,68.58,69.42
C0285,2017,85.92,43.36,62.75,64.01
C0285,2018,87.55,63.23,47.48,66.09
C0285,2019,68.86,81.04,62.49,70.79
C0285,2020,57.86,70.73,53.92,60.84
C0285,2021,79.38,81.61,87.16,82.71
C0285,2022,52.55,64.70,84.20,67.15
C0285,2023,68.20,45.92,44.20,52.77
C0285,2024,57.93,40.68,65.83,54.81
C0286,2015,72.83,55.16,51.25,59.75
C0286,2016,52.02,74.90,60.54,62.49
C0286,2017,49.58,79.51,83.84,70.98
C0286,2018,85.91,54.79,66.38,69.03
C0286,2019,45.09,64.78,56.71,55.53
C0286,2020,65.30,61.06,50.39,58.92
C0286,2021,51.04,60.53,80.02,63.86
C0286,2022,41.95,51.57,71.23,54.91
C0286,2023,41.80,46.82,63.40,50.67
C0286,2024,48.76,49.83,50.87,49.82
C0287,2015,83.34,42.77,56.71,60.94
C0287,2016,54.12,49.91,87.99,64.01
C0287,2017,87.52,40.46,66.00,64.66
C0287,2018,69.08,71.36,60.03,66.83
C0287,2019,61.83,55.82,66.07,61.24
C0287,2020,69.00,88.66,78.95,78.87
C0287,2021,65.83,49.69,57.01,57.51
C0287,2022,77.94,57.29,48.94,61.39
C0287,2023,54.12,57.89,69.25,60.42
C0287,2024,57.65,40.42,73.26,57.11
C0288,2015,84.70,81.96,75.64,80.77
C0288,2016,87.32,41.60,84.10,71.01
C0288,2017,84.63,87.01,58.56,76.73
C0288,2018,60.97,84.60,43.77,63.11
C0288,2019,79.02,66.78,87.92,77.90
C0288,2020,63.82,67.18,61.75,64.25
C0288,2021,64.88,72.69,71.16,69.58
C0288,2022,50.23,59.35,73.32,60.97
C0288,2023,69.56,72.36,67.33,69.75
C0288,2024,49.31,42.24,50.26,47.27
C0289,2015,56.58,42.70,77.76,59.01
C0289,2016,82.75,62.86,80.19,75.27
C0289,2017,50.35,67.48,67.65,61.83
C0289,2018,43.56,84.39,64.43,64.13
C0289,2019,43.45,45.23,45.70,44.79
C0289,2020,87.04,81.13,44.20,70.79
C0289,2021,65.35,50.50,56.98,57.61
C0289,2022,60.47,59.70,55.54,58.57
C0289,2023,80.54,55.83,87.68,74.69
C0289,2024,81.79,60.01,79.18,73.66
C0290,2015,56.61,47.52,73.00,59.04
C0290,2016,74.68,65.18,65.88,68.58
C0290,2017,78.56,80.08,48.37,69.00
C0290,2018,72.73,62.08,88.92,74.58
C0290,2019,47.58,64.53,58.75,56.95
C0290,2020,83.79,82.44,45.35,70.53
C0290,2021,66.95,75.30,64.69,68.98
C0290,2022,54.12,64.52,83.70,67.45
C0290,2023,61.26,52.88,84.36,66.17
C0290,2024,41.88,84.25,40.55,55.56
C0291,2015,46.39,68.85,84.31,66.52
C0291,2016,78.28,51.06,53.57,60.97
C0291,2017,40.00,53.46,41.95,45.14
C0291,2018,60.83,80.16,82.39,74.46
C0291,2019,66.13,42.21,83.19,63.84
C0291,2020,42.73,89.60,69.81,67.38
C0291,2021,88.65,46.52,68.72,67.96
C0291,2022,51.31,79.80,80.66,70.59
C0291,2023,55.21,59.74,79.32,64.75
C0291,2024,55.20,64.61,84.51,68.10
C0292,2015,51.52,84.03,67.64,67.73
C0292,2016,40.07,60.65,88.38,63.03
C0292,2017,76.47,66.87,89.81,77.72
C0292,2018,88.34,42.46,45.83,58.88
C0292,2019,51.21,40.12,82.48,57.94
C0292,2020,73.15,52.24,64.99,63.46
C0292,2021,77.09,74.03,59.38,70.17
C0292,2022,82.42,46.06,70.65,66.38
C0292,2023,61.13,45.69,42.80,49.87
C0292,2024,55.15,60.55,65.32,60.34
C0293,2015,56.26,72.39,83.54,70.73
C0293,2016,75.63,75.60,50.67,67.30
C0293,2017,80.84,48.92,61.32,63.69
C0293,2018,49.08,43.98,86.97,60.01
C0293,2019,58.55,87.02,61.43,69.00
C0293,2020,85.10,53.03,57.92,65.35
C0293,2021,80.33,82.67,62.03,75.01
C0293,2022,89.24,83.17,65.97,79.46
C0293,2023,77.71,78.63,71.60,75.98
C0293,2024,59.66,48.44,80.03,62.71
C0294,2015,69.53,81.09,62.61,71.08
C0294,2016,73.05,78.46,80.87,77.46
C0294,2017,43.92,69.84,66.69,60.15
C0294,2018,67.22,56.86,56.92,60.34
C0294,2019,75.47,53.13,72.90,67.16
C0294,2020,48.37,46.09,75.89,56.78
C0294,2021,79.03,65.49,67.90,70.81
C0294,2022,69.19,69.26,42.83,60.43
C0294,2023,87.61,57.97,48.49,64.69
C0294,2024,42.12,63.77,54.26,53.38
C0295,2015,53.27,58.18,54.13,55.19
C0295,2016,70.08,72.05,73.67,71.93
C0295,2017,54.83,85.06,40.92,60.27
C0295,2018,75.72,48.20,77.78,67.23
C0295,2019,77.95,59.07,53.27,63.43
C0295,2020,45.13,47.04,55.50,49.22
C0295,2021,65.69,71.25,66.40,67.78
C0295,2022,65.44,76.44,50.80,64.23
C0295,2023,58.46,86.60,84.22,76.43
C0295,2024,86.65,53.94,44.27,61.62
C0296,2015,81.38,87.51,62.22,77.03
C0296,2016,74.86,43.16,82.47,66.83
C0296,2017,75.72,70.15,70.79,72.22
C0296,2018,63.09,42.86,54.62,53.52
C0296,2019,86.05,84.69,61.04,77.26
C0296,2020,74.73,66.49,75.33,72.18
C0296,2021,76.45,73.47,88.66,79.53
C0296,2022,83.08,81.58,84.66,83.11
C0296,2023,53.70,47.52,57.12,52.78
C0296,2024,80.35,41.93,89.91,70.73
C0297,2015,49.76,83.94,40.18,57.96
C0297,2016,57.27,55.75,41.38,51.47
C0297,2017,56.78,46.45,81.19,61.47
C0297,2018,88.93,63.42,49.97,67.44
C0297,2019,82.83,69.92,43.04,65.26
C0297,2020,75.06,41.55,51.86,56.15
C0297,2021,76.35,53.74,61.31,63.80
C0297,2022,68.10,41.64,76.53,62.09
C0297,2023,87.35,61.02,71.22,73.20
C0297,2024,64.81,84.76,51.88,67.15
C0298,2015,59.03,89.13,65.16,71.11
C0298,2016,48.15,71.85,86.31,68.77
C0298,2017,79.31,48.08,80.75,69.38
C0298,2018,76.72,85.29,56.16,72.72
C0298,2019,59.22,65.81,89.11,71.38
C0298,2020,41.26,47.69,75.43,54.79
C0298,2021,81.95,86.09,43.12,70.39
C0298,2022,40.57,77.87,41.76,53.40
C0298,2023,75.18,76.59,48.42,66.73
C0298,2024,88.51,75.46,76.39,80.12
C0299,2015,61.88,50.02,49.19,53.70
C0299,2016,51.75,50.55,65.57,55.96
C0299,2017,75.24,74.41,44.66,64.77
C0299,2018,80.86,50.99,86.04,72.63
C0299,2019,67.32,61.93,57.20,62.15
C0299,2020,88.35,79.10,85.41,84.29
C0299,2021,42.58,79.20,87.24,69.67
C0299,2022,65.24,62.66,40.31,56.07
C0299,2023,75.92,79.61,63.21,72.91
C0299,2024,83.13,81.93,41.23,68.77
C0300,2015,48.96,72.74,85.43,69.05
C0300,2016,80.00,51.42,65.92,65.78
C0300,2017,67.64,53.70,43.75,55.03
C0300,2018,59.83,55.74,45.51,53.69
C0300,2019,46.59,45.84,59.18,50.53
C0300,2020,83.26,53.66,87.01,74.64
C0300,2021,47.86,50.48,74.65,57.66
C0300,2022,55.49,62.77,83.38,67.21
C0300,2023,54.50,85.42,58.32,66.08
C0300,2024,83.57,45.22,42.16,56.99
C0301,2015,73.64,76.01,88.72,79.45
C0301,2016,79.83,74.36,40.86,65.02
C0301,2017,52.52,44.79,87.38,61.56
C0301,2018,71.24,86.13,58.43,71.94
C0301,2019,68.59,68.42,40.50,59.17
C0301,2020,81.64,58.19,74.46,71.43
C0301,2021,85.30,77.83,89.03,84.05
C0301,2022,40.61,52.87,88.28,60.59
C0301,2023,73.70,74.68,48.05,65.47
C0301,2024,42.59,41.99,49.06,44.55
C0302,2015,67.44,81.97,68.28,72.56
C0302,2016,54.38,62.41,71.87,62.89
C0302,2017,55.34,71.83,76.97,68.05
C0302,2018,57.65,51.06,49.05,52.59
C0302,2019,71.06,73.85,87.95,77.62
C0302,2020,56.70,78.61,71.94,69.08
C0302,2021,76.63,63.66,82.35,74.22
C0302,2022,60.23,70.89,67.00,66.04
C0302,2023,43.42,62.82,60.71,55.65
C0302,2024,79.19,84.70,88.86,84.25
C0303,2015,54.29,64.89,69.11,62.76
C0303,2016,61.64,82.09,83.34,75.69
C0303,2017,74.27,80.07,87.66,80.67
C0303,2018,56.62,60.53,73.77,63.64
C0303,2019,42.83,51.50,67.45,53.93
C0303,2020,58.70,60.30,40.18,53.06
C0303,2021,87.22,81.31,42.00,70.18
C0303,2022,72.09,51.38,50.04,57.84
C0303,2023,73.57,66.22,49.30,63.03
C0303,2024,71.61,80.30,52.74,68.22
C0304,2015,49.95,57.67,55.25,54.29
C0304,2016,60.92,72.11,58.00,63.68
C0304,2017,77.55,52.28,61.03,63.62
C0304,2018,45.07,45.46,44.94,45.16
C0304,2019,53.89,79.72,42.12,58.58
C0304,2020,53.82,44.95,73.70,57.49
C0304,2021,61.60,53.57,66.87,60.68
C0304,2022,89.02,82.76,62.21,77.99
C0304,2023,43.38,57.32,71.72,57.47
C0304,2024,65.94,88.65,81.38,78.66
C0305,2015,48.97,88.99,61.38,66.45
C0305,2016,88.53,53.41,72.06,71.33
C0305,2017,45.67,42.05,87.68,58.46
C0305,2018,60.18,75.25,81.98,72.47
C0305,2019,76.89,62.55,61.30,66.91
C0305,2020,75.23,45.04,72.24,64.17
C0305,2021,61.14,75.38,48.85,61.79
C0305,2022,57.33,41.56,68.03,55.64
C0305,2023,59.88,83.51,89.07,77.49
C0305,2024,53.21,46.93,65.92,55.35
C0306,2015,50.27,46.37,86.38,61.00
C0306,2016,64.15,48.78,60.37,57.77
C0306,2017,53.43,88.01,89.94,77.13
C0306,2018,54.37,74.66,68.96,66.00
C0306,2019,72.84,80.07,42.11,65.01
C0306,2020,88.43,59.88,69.34,72.55
C0306,2021,70.18,56.82,53.73,60.24
C0306,2022,43.85,51.72,41.62,45.73
C0306,2023,43.78,64.03,81.04,62.95
C0306,2024,87.57,67.59,53.79,69.65
C0307,2015,54.86,71.59,79.83,68.76
C0307,2016,44.60,52.86,54.41,50.62
C0307,2017,69.95,87.43,49.72,69.03
C0307,2018,71.18,48.49,88.70,69.46
C0307,2019,72.43,88.28,58.08,72.93
C0307,2020,53.37,40.74,70.07,54.73
C0307,2021,40.76,64.06,70.50,58.44
C0307,2022,88.25,56.67,68.02,70.98
C0307,2023,52.54,62.46,85.73,66.91
C0307,2024,73.80,68.53,73.72,72.02
C0308,2015,75.33,61.78,60.19,65.77
C0308,2016,70.50,60.74,83.12,71.45
C0308,2017,55.65,76.64,49.05,60.44
C0308,2018,53.55,74.29,67.21,65.02
C0308,2019,69.88,81.66,87.53,79.69
C0308,2020,83.30,52.50,71.27,69.02
C0308,2021,87.34,70.48,80.85,79.55
C0308,2022,45.30,69.26,72.68,62.41
C0308,2023,47.74,58.49,81.97,62.73
C0308,2024,87.24,64.30,87.22,79.59
C0309,2015,76.83,55.69,53.65,62.05
C0309,2016,84.15,47.09,48.48,59.91
C0309,2017,50.13,50.69,64.20,55.01
C0309,2018,69.38,45.28,75.09,63.25
C0309,2019,75.06,74.15,51.36,66.86
C0309,2020,74.01,73.04,40.21,62.42
C0309,2021,60.41,87.53,57.15,68.36
C0309,2022,40.77,76.48,88.44,68.57
C0309,2023,69.15,42.60,74.75,62.17
C0309,2024,52.66,84.21,60.07,65.64
C0310,2015,62.51,83.13,49.63,65.09
C0310,2016,87.88,62.17,57.80,69.28
C0310,2017,59.95,69.29,48.49,59.25
C0310,2018,81.99,88.80,45.32,72.04
C0310,2019,49.43,66.62,85.34,67.13
C0310,2020,73.62,85.27,89.88,82.92
C0310,2021,88.85,44.15,48.21,60.40
C0310,2022,45.09,49.55,42.73,45.79
C0310,2023,40.42,62.04,56.49,52.98
C0310,2024,61.68,69.24,63.08,64.67
C0311,2015,44.63,80.81,50.24,58.56
C0311,2016,77.42,89.41,55.07,73.97
C0311,2017,85.73,59.44,50.04,65.07
C0311,2018,61.70,42.37,78.71,60.93
C0311,2019,52.94,80.06,75.63,69.54
C0311,2020,61.72,70.22,71.75,67.90
C0311,2021,76.17,49.93,59.36,61.82
C0311,2022,40.45,64.74,85.45,63.55
C0311,2023,69.47,77.12,88.48,78.35
C0311,2024,70.66,78.52,48.68,65.96
C0312,2015,71.88,64.98,51.15,62.67
C0312,2016,52.10,55.26,66.28,57.88
C0312,2017,75.70,88.69,44.56,69.65
C0312,2018,44.57,73.17,61.82,59.85
C0312,2019,49.96,60.41,69.09,59.82
C0312,2020,83.87,54.02,66.10,68.00
C0312,2021,76.94,76.56,56.55,70.01
C0312,2022,40.69,52.11,67.12,53.31
C0312,2023,52.42,48.59,87.94,62.98
C0312,2024,50.72,66.49,50.30,55.84
C0313,2015,53.54,54.50,72.74,60.26
C0313,2016,52.38,71.45,42.17,55.33
C0313,2017,43.13,45.90,43.32,44.11
C0313,2018,62.95,72.75,67.59,67.76
C0313,2019,76.64,54.16,45.25,58.68
C0313,2020,70.34,40.01,41.12,50.49
C0313,2021,73.64,46.35,48.58,56.19
C0313,2022,44.06,86.68,68.24,66.33
C0313,2023,87.57,83.37,75.17,82.04
C0313,2024,81.92,51.68,50.12,61.24
C0314,2015,80.25,78.92,73.41,77.53
C0314,2016,81.15,70.43,49.12,66.90
C0314,2017,86.64,88.55,70.67,81.95
C0314,2018,67.21,58.68,60.60,62.16
C0314,2019,50.01,74.07,72.69,65.59
C0314,2020,70.84,43.18,89.75,67.92
C0314,2021,77.14,59.81,86.89,74.62
C0314,2022,76.90,88.19,40.21,68.43
C0314,2023,66.07,66.95,84.27,72.43
C0314,2024,43.42,54.39,43.32,47.05
C0315,2015,58.56,46.01,87.65,64.07
C0315,2016,86.04,75.18,54.09,71.77
C0315,2017,69.22,72.24,59.10,66.86
C0315,2018,66.92,58.70,44.58,56.73
C0315,2019,53.44,87.55,45.61,62.20
C0315,2020,58.42,41.11,76.34,58.62
C0315,2021,84.77,55.19,87.22,75.72
C0315,2022,73.32,86.05,70.54,76.64
C0315,2023,79.37,56.05,75.79,70.40
C0315,2024,62.72,52.61,78.10,64.48
C0316,2015,71.51,66.71,53.14,63.79
C0316,2016,52.42,81.19,42.26,58.62
C0316,2017,75.27,45.16,40.09,53.51
C0316,2018,61.38,87.15,57.53,68.69
C0316,2019,62.13,79.75,52.07,64.65
C0316,2020,72.47,49.06,43.12,54.88
C0316,2021,86.81,75.60,48.98,70.46
C0316,2022,43.20,59.25,46.22,49.56
C0316,2023,81.24,60.11,85.74,75.70
C0316,2024,54.62,79.16,47.01,60.27
C0317,2015,62.20,88.14,66.88,72.41
C0317,2016,41.10,46.33,69.66,52.36
C0317,2017,55.05,61.03,67.17,61.09
C0317,2018,65.13,64.05,44.95,58.04
C0317,2019,42.81,58.82,55.94,52.52
C0317,2020,64.55,58.16,42.56,55.09
C0317,2021,86.36,42.61,59.78,62.92
C0317,2022,45.27,74.28,49.43,56.33
C0317,2023,78.22,61.81,68.08,69.37
C0317,2024,60.48,49.74,74.64,61.62
C0318,2015,72.76,80.80,66.61,73.39
C0318,2016,53.01,80.13,61.71,64.95
C0318,2017,47.97,64.32,59.37,57.22
C0318,2018,48.02,54.92,82.08,61.68
C0318,2019,43.52,71.90,50.97,55.47
C0318,2020,49.28,54.41,76.71,60.13
C0318,2021,73.21,51.80,77.87,67.63
C0318,2022,84.08,76.53,60.96,73.86
C0318,2023,80.71,42.02,54.87,59.20
C0318,2024,74.26,44.74,63.53,60.84
C0319,2015,45.52,40.34,44.66,43.51
C0319,2016,54.46,47.65,42.30,48.13
C0319,2017,55.49,43.45,45.58,48.17
C0319,2018,52.50,89.79,49.36,63.88
C0319,2019,65.75,54.44,65.21,61.80
C0319,2020,66.78,47.46,82.46,65.57
C0319,2021,57.84,52.05,51.78,53.89
C0319,2022,57.69,86.81,86.76,77.08
C0319,2023,81.43,66.01,87.75,78.39
C0319,2024,79.46,58.24,87.95,75.22
C0320,2015,55.39,83.67,81.88,73.65
C0320,2016,85.69,59.75,58.19,67.88
C0320,2017,87.64,56.75,43.63,62.68
C0320,2018,56.34,50.36,68.44,58.38
C0320,2019,57.72,58.89,67.93,61.52
C0320,2020,65.28,55.83,82.50,67.87
C0320,2021,87.06,73.87,89.80,83.57
C0320,2022,83.82,54.48,65.41,67.90
C0320,2023,45.13,68.86,57.26,57.08
C0320,2024,59.64,43.29,49.30,50.74
C0321,2015,67.67,49.56,40.24,52.49
C0321,2016,65.16,60.37,65.46,63.66
C0321,2017,49.69,86.85,67.78,68.11
C0321,2018,82.94,58.86,81.25,74.35
C0321,2019,73.85,73.20,65.23,70.76
C0321,2020,81.90,52.75,85.82,73.49
C0321,2021,82.94,46.35,71.40,66.90
C0321,2022,77.42,42.93,82.02,67.45
C0321,2023,61.96,55.27,47.42,54.88
C0321,2024,70.53,47.88,82.77,67.06
C0322,2015,48.02,48.70,73.76,56.83
C0322,2016,73.68,78.04,48.51,66.74
C0322,2017,48.96,40.79,49.49,46.41
C0322,2018,74.70,67.89,86.33,76.30
C0322,2019,51.48,58.97,41.61,50.69
C0322,2020,45.88,65.33,63.13,58.11
C0322,2021,48.26,68.14,55.67,57.36
C0322,2022,40.10,55.67,73.25,56.34
C0322,2023,75.94,54.76,81.98,70.89
C0322,2024,76.62,76.67,58.02,70.44
C0323,2015,65.75,83.56,61.35,70.22
C0323,2016,48.07,49.63,89.10,62.26
C0323,2017,44.18,44.88,79.20,56.08
C0323,2018,40.96,84.89,84.86,70.24
C0323,2019,48.29,57.49,61.94,55.91
C0323,2020,84.54,67.57,51.70,67.94
C0323,2021,52.08,57.98,60.59,56.88
C0323,2022,57.71,46.29,75.80,59.94
C0323,2023,45.27,69.47,45.47,53.40
C0323,2024,51.12,66.26,53.52,56.97
C0324,2015,65.96,50.15,42.33,52.81
C0324,2016,70.39,62.59,61.62,64.87
C0324,2017,52.27,79.85,81.37,71.16
C0324,2018,42.89,69.52,41.23,51.21
C0324,2019,59.55,44.85,73.77,59.39
C0324,2020,51.71,67.40,86.62,68.58
C0324,2021,50.98,75.14,51.85,59.32
C0324,2022,87.99,79.64,74.68,80.77
C0324,2023,70.82,71.46,88.76,77.01
C0324,2024,67.84,47.63,88.11,67.86
C0325,2015,60.79,75.51,51.75,62.68
C0325,2016,61.45,73.87,45.02,60.11
C0325,2017,67.05,41.22,47.41,51.89
C0325,2018,74.82,60.59,75.10,70.17
C0325,2019,75.11,56.65,76.29,69.35
C0325,2020,48.58,73.47,73.71,65.26
C0325,2021,65.01,50.81,56.80,57.54
C0325,2022,60.60,69.54,48.49,59.54
C0325,2023,83.53,85.66,69.04,79.41
C0325,2024,71.57,79.89,64.18,71.88
C0326,2015,66.63,86.07,76.44,76.38
C0326,2016,45.77,88.93,62.07,65.59
C0326,2017,70.28,40.53,56.93,55.92
C0326,2018,45.86,71.14,54.67,57.22
C0326,2019,56.86,60.64,50.57,56.03
C0326,2020,47.14,82.99,53.29,61.14
C0326,2021,74.60,52.59,44.74,57.31
C0326,2022,50.31,89.05,57.34,65.57
C0326,2023,59.59,70.69,41.83,57.37
C0326,2024,84.78,79.68,49.32,71.26
C0327,2015,50.22,44.28,77.34,57.28
C0327,2016,65.39,49.17,56.27,56.95
C0327,2017,60.96,77.92,73.41,70.77
C0327,2018,40.91,41.10,75.84,52.62
C0327,2019,79.64,80.84,69.06,76.51
C0327,2020,43.45,40.70,87.93,57.36
C0327,2021,63.71,72.86,41.07,59.21
C0327,2022,68.03,58.25,76.93,67.74
C0327,2023,71.42,70.57,87.94,76.65
C0327,2024,74.43,74.80,83.11,77.45
C0328,2015,52.66,57.12,48.39,52.73
C0328,2016,40.50,45.40,56.34,47.41
C0328,2017,76.17,43.48,48.62,56.09
C0328,2018,66.78,69.45,70.07,68.77
C0328,2019,81.81,66.03,75.61,74.48
C0328,2020,81.07,77.11,55.85,71.34
C0328,2021,82.17,65.49,66.98,71.54
C0328,2022,64.25,61.12,74.55,66.64
C0328,2023,56.68,59.90,61.07,59.22
C0328,2024,79.58,41.32,82.70,67.87
C0329,2015,62.56,56.78,78.58,65.97
C0329,2016,49.17,88.80,43.23,60.40
C0329,2017,82.75,83.68,71.06,79.16
C0329,2018,84.13,56.47,51.77,64.12
C0329,2019,63.32,69.39,67.88,66.86
C0329,2020,43.78,82.36,87.84,71.33
C0329,2021,59.39,62.06,83.95,68.47
C0329,2022,80.18,40.90,60.23,60.43
C0329,2023,85.09,43.73,54.58,61.13
C0329,2024,50.17,65.52,51.72,55.80
C0330,2015,43.35,88.47,66.63,66.15
C0330,2016,83.87,74.66,45.71,68.08
C0330,2017,59.47,43.55,67.46,56.83
C0330,2018,67.09,49.47,40.07,52.21
C0330,2019,88.40,78.57,56.19,74.39
C0330,2020,43.33,82.07,51.00,58.80
C0330,2021,72.42,70.88,88.56,77.29
C0330,2022,43.71,72.22,76.36,64.10
C0330,2023,58.77,41.42,57.48,52.56
C0330,2024,80.19,81.43,44.64,68.75
C0331,2015,61.67,79.41,65.84,68.98
C0331,2016,89.86,52.95,50.67,64.49
C0331,2017,67.95,75.43,66.82,70.07
C0331,2018,56.06,50.74,81.77,62.86
C0331,2019,51.01,42.02,70.79,54.60
C0331,2020,57.53,50.06,71.69,59.76
C0331,2021,58.63,48.93,67.05,58.20
C0331,2022,43.44,56.89,86.36,62.23
C0331,2023,58.48,60.92,86.60,68.67
C0331,2024,63.21,65.43,65.64,64.76
C0332,2015,76.14,63.84,55.29,65.09
C0332,2016,72.84,53.53,62.98,63.12
C0332,2017,75.44,41.46,49.33,55.41
C0332,2018,40.42,70.26,71.82,60.83
C0332,2019,50.88,59.79,65.00,58.56
C0332,2020,73.08,54.93,45.17,57.73
C0332,2021,64.20,83.35,49.88,65.81
C0332,2022,40.27,77.34,63.98,60.53
C0332,2023,80.22,82.89,84.38,82.50
C0332,2024,78.64,64.75,68.32,70.57
C0333,2015,67.42,46.55,74.08,62.68
C0333,2016,43.32,74.81,56.95,58.36
C0333,2017,78.33,50.30,68.57,65.73
C0333,2018,69.19,62.06,62.37,64.54
C0333,2019,79.10,43.25,72.96,65.10
C0333,2020,77.59,81.27,42.53,67.13
C0333,2021,80.15,46.30,64.67,63.70
C0333,2022,65.90,85.15,54.80,68.62
C0333,2023,47.02,83.21,56.31,62.18
C0333,2024,73.56,63.23,88.05,74.94
C0334,2015,71.02,77.22,49.13,65.79
C0334,2016,77.11,70.97,55.56,67.88
C0334,2017,48.49,80.15,65.49,64.71
C0334,2018,49.75,61.59,83.15,64.83
C0334,2019,84.52,79.29,60.83,74.88
C0334,2020,77.50,63.12,77.19,72.60
C0334,2021,85.41,87.05,82.82,85.09
C0334,2022,77.94,64.32,55.50,65.92
C0334,2023,69.86,63.13,59.64,64.21
C0334,2024,72.71,79.25,57.83,69.93
C0335,2015,84.46,81.08,81.64,82.39
C0335,2016,68.94,67.72,42.22,59.63
C0335,2017,71.62,48.99,55.42,58.68
C0335,2018,47.82,63.39,73.97,61.73
C0335,2019,63.70,88.40,68.27,73.46
C0335,2020,75.82,77.65,61.81,71.76
C0335,2021,53.55,80.56,67.00,67.03
C0335,2022,50.11,41.64,49.88,47.21
C0335,2023,55.69,63.39,61.54,60.21
C0335,2024,52.08,72.33,65.09,63.16
C0336,2015,50.75,81.50,85.06,72.44
C0336,2016,61.24,42.46,53.04,52.25
C0336,2017,85.39,82.62,83.39,83.80
C0336,2018,65.35,67.42,72.21,68.33
C0336,2019,49.40,49.87,41.02,46.76
C0336,2020,43.85,55.86,76.23,58.65
C0336,2021,74.81,54.10,41.78,56.89
C0336,2022,59.14,66.54,89.87,71.85
C0336,2023,81.09,42.58,83.63,69.10
C0336,2024,72.98,47.93,54.87,58.59
C0337,2015,79.81,80.63,52.87,71.11
C0337,2016,53.60,46.63,59.07,53.10
C0337,2017,74.62,51.67,57.81,61.37
C0337,2018,53.20,62.67,58.62,58.16
C0337,2019,86.95,65.86,55.91,69.57
C0337,2020,71.82,78.18,71.06,73.69
C0337,2021,56.23,62.37,48.21,55.60
C0337,2022,53.48,79.49,82.30,71.76
C0337,2023,49.55,70.92,80.62,67.03
C0337,2024,74.73,45.65,63.82,61.40
C0338,2015,50.94,47.82,82.64,60.46
C0338,2016,69.77,61.85,52.36,61.32
C0338,2017,53.23,59.84,40.88,51.32
C0338,2018,73.10,77.18,70.96,73.75
C0338,2019,80.75,69.04,62.90,70.89
C0338,2020,78.90,59.41,68.36,68.89
C0338,2021,78.04,48.54,84.97,70.52
C0338,2022,49.39,51.34,88.50,63.07
C0338,2023,44.42,68.78,71.72,61.64
C0338,2024,74.95,61.17,78.20,71.44
C0339,2015,58.42,65.75,44.19,56.12
C0339,2016,61.62,48.53,48.04,52.73
C0339,2017,41.56,73.15,76.66,63.79
C0339,2018,52.98,82.63,61.57,65.72
C0339,2019,41.68,52.90,62.30,52.29
C0339,2020,83.96,64.58,55.43,67.99
C0339,2021,52.17,88.78,70.37,70.44
C0339,2022,67.87,56.66,49.26,57.93
C0339,2023,41.95,69.75,71.35,61.02
C0339,2024,73.34,44.51,48.69,55.51
C0340,2015,56.15,70.30,43.19,56.55
C0340,2016,84.90,44.48,56.52,61.97
C0340,2017,84.41,87.96,51.56,74.64
C0340,2018,56.26,75.78,84.45,72.17
C0340,2019,85.05,79.41,42.75,69.07
C0340,2020,89.81,75.21,48.83,71.28
C0340,2021,81.27,69.49,67.44,72.73
C0340,2022,82.24,62.50,64.05,69.60
C0340,2023,52.45,82.92,42.29,59.22
C0340,2024,68.84,87.84,40.36,65.68
C0341,2015,43.36,64.95,89.40,65.91
C0341,2016,44.75,86.58,72.94,68.09
C0341,2017,89.94,69.17,58.27,72.46
C0341,2018,56.33,66.92,63.52,62.26
C0341,2019,77.41,62.72,53.33,64.49
C0341,2020,80.33,50.46,57.24,62.68
C0341,2021,82.90,40.19,72.45,65.18
C0341,2022,89.88,52.08,84.14,75.37
C0341,2023,52.07,65.49,49.21,55.59
C0341,2024,42.02,59.00,82.02,61.01
C0342,2015,60.56,62.42,46.08,56.35
C0342,2016,46.50,89.03,50.75,62.10
C0342,2017,41.12,57.51,41.86,46.83
C0342,2018,58.02,62.61,47.04,55.89
C0342,2019,79.19,46.68,85.87,70.58
C0342,2020,68.31,42.40,62.97,57.89
C0342,2021,55.64,78.77,43.88,59.43
C0342,2022,72.72,68.53,87.99,76.41
C0342,2023,51.60,78.04,83.95,71.20
C0342,2024,40.72,47.49,77.73,55.32
C0343,2015,78.22,68.59,86.67,77.83
C0343,2016,71.19,52.68,51.01,58.29
C0343,2017,78.12,51.40,81.82,70.45
C0343,2018,41.95,40.58,74.50,52.34
C0343,2019,81.86,46.52,83.49,70.62
C0343,2020,70.98,55.46,79.85,68.76
C0343,2021,68.17,45.84,57.32,57.11
C0343,2022,71.23,89.29,78.72,79.75
C0343,2023,83.22,55.43,53.12,63.93
C0343,2024,69.35,46.52,56.43,57.43
C0344,2015,69.05,49.95,45.40,54.80
C0344,2016,89.53,69.39,86.75,81.89
C0344,2017,77.84,43.20,54.55,58.53
C0344,2018,62.11,83.12,66.03,70.42
C0344,2019,75.37,88.07,59.57,74.34
C0344,2020,59.46,52.34,88.00,66.60
C0344,2021,51.44,62.50,56.75,56.90
C0344,2022,69.84,41.11,78.93,63.29
C0344,2023,86.41,72.04,82.77,80.41
C0344,2024,86.46,60.70,61.78,69.64
C0345,2015,57.10,53.50,58.91,56.50
C0345,2016,66.38,50.34,77.39,64.70
C0345,2017,50.58,72.70,85.64,69.64
C0345,2018,89.78,60.81,77.75,76.11
C0345,2019,89.06,48.98,51.36,63.13
C0345,2020,72.48,74.46,84.42,77.12
C0345,2021,80.22,68.25,59.38,69.28
C0345,2022,75.76,82.93,68.81,75.83
C0345,2023,69.66,45.87,81.57,65.70
C0345,2024,42.67,79.28,49.42,57.12
C0346,2015,62.74,73.68,79.23,71.88
C0346,2016,73.74,45.75,69.81,63.10
C0346,2017,73.88,74.74,84.67,77.76
C0346,2018,58.66,62.08,48.60,56.44
C0346,2019,87.08,87.25,61.03,78.46
C0346,2020,48.37,47.08,81.64,59.03
C0346,2021,65.02,72.14,40.96,59.37
C0346,2022,74.54,59.10,45.61,59.75
C0346,2023,74.86,87.84,89.53,84.08
C0346,2024,72.43,56.50,54.02,60.98
C0347,2015,53.76,88.11,88.78,76.88
C0347,2016,47.81,85.07,49.13,60.67
C0347,2017,71.80,53.52,58.05,61.12
C0347,2018,69.97,80.18,77.64,75.93
C0347,2019,48.97,89.78,72.89,70.55
C0347,2020,75.26,52.63,69.06,65.65
C0347,2021,62.76,61.84,66.49,63.70
C0347,2022,73.39,66.01,82.17,73.86
C0347,2023,81.87,54.75,51.75,62.79
C0347,2024,48.49,40.76,62.12,50.46
C0348,2015,40.96,51.01,47.77,46.58
C0348,2016,78.96,54.10,69.80,67.62
C0348,2017,70.48,62.18,52.53,61.73
C0348,2018,74.98,48.56,56.69,60.08
C0348,2019,81.91,83.66,63.56,76.38
C0348,2020,80.14,75.25,41.34,65.57
C0348,2021,88.05,44.26,44.60,58.97
C0348,2022,66.80,72.50,74.30,71.20
C0348,2023,64.42,72.68,61.45,66.19
C0348,2024,60.09,87.81,83.24,77.05
C0349,2015,47.68,40.15,74.73,54.19
C0349,2016,68.63,52.40,40.41,53.81
C0349,2017,53.85,86.39,70.84,70.36
C0349,2018,86.07,86.61,44.69,72.45
C0349,2019,69.16,76.03,79.05,74.75
C0349,2020,69.64,78.29,89.58,79.17
C0349,2021,57.75,44.57,66.56,56.29
C0349,2022,42.60,65.69,74.14,60.81
C0349,2023,41.59,51.58,51.87,48.34
C0349,2024,61.17,49.06,61.88,57.37
C0350,2015,44.23,80.52,82.80,69.18
C0350,2016,70.34,46.75,48.37,55.16
C0350,2017,84.05,63.43,53.28,66.92
C0350,2018,84.15,86.93,62.27,77.78
C0350,2019,72.95,49.29,75.61,65.95
C0350,2020,50.56,88.90,58.79,66.09
C0350,2021,83.15,89.71,86.39,86.42
C0350,2022,84.30,67.78,44.72,65.60
C0350,2023,49.83,48.51,58.54,52.29
C0350,2024,76.87,55.81,75.45,69.37
C0351,2015,54.33,61.22,51.30,55.62
C0351,2016,80.13,55.47,72.82,69.47
C0351,2017,89.86,54.03,48.21,64.03
C0351,2018,41.50,88.61,42.80,57.64
C0351,2019,84.87,47.67,46.05,59.53
C0351,2020,71.13,76.67,86.50,78.10
C0351,2021,88.67,40.02,67.59,65.43
C0351,2022,63.25,69.81,79.82,70.96
C0351,2023,82.37,85.80,56.63,74.93
C0351,2024,43.12,54.40,69.63,55.72
C0352,2015,56.76,49.28,64.75,56.93
C0352,2016,43.35,72.58,87.29,67.74
C0352,2017,88.77,75.63,77.38,80.59
C0352,2018,80.85,74.40,76.53,77.26
C0352,2019,82.63,55.97,42.32,60.30
C0352,2020,86.90,52.61,67.48,69.00
C0352,2021,44.26,87.80,63.35,65.13
C0352,2022,59.28,86.16,86.39,77.28
C0352,2023,43.55,62.87,52.87,53.09
C0352,2024,50.54,82.31,53.49,62.11
C0353,2015,51.47,62.62,60.57,58.22
C0353,2016,63.46,61.22,52.17,58.95
C0353,2017,53.43,47.84,46.46,49.24
C0353,2018,45.05,61.32,82.87,63.08
C0353,2019,48.37,66.87,67.91,61.05
C0353,2020,47.36,41.13,83.07,57.19
C0353,2021,88.65,62.21,81.56,77.47
C0353,2022,77.96,79.07,54.10,70.38
C0353,2023,88.39,74.00,67.39,76.59
C0353,2024,61.99,71.76,44.16,59.30
C0354,2015,53.92,85.48,85.76,75.05
C0354,2016,79.91,40.90,60.21,60.34
C0354,2017,56.31,67.85,59.68,61.28
C0354,2018,54.97,79.37,55.14,63.16
C0354,2019,51.63,67.07,63.03,60.58
C0354,2020,46.48,56.19,52.59,51.76
C0354,2021,52.82,46.81,58.74,52.79
C0354,2022,57.77,84.38,80.00,74.05
C0354,2023,73.70,63.54,81.71,72.98
C0354,2024,43.13,83.91,55.21,60.75
C0355,2015,50.53,69.29,63.45,61.09
C0355,2016,80.45,73.71,83.69,79.28
C0355,2017,47.35,80.21,42.63,56.73
C0355,2018,57.13,72.96,84.46,71.52
C0355,2019,83.23,59.90,50.96,64.70
C0355,2020,47.75,65.68,73.93,62.45
C0355,2021,44.14,80.15,69.13,64.47
C0355,2022,64.23,58.68,67.65,63.52
C0355,2023,55.12,59.41,82.97,65.83
C0355,2024,68.17,44.78,45.08,52.68
C0356,2015,80.19,85.73,57.35,74.42
C0356,2016,46.86,44.55,66.91,52.77
C0356,2017,69.03,72.41,80.56,74.00
C0356,2018,65.28,60.66,50.82,58.92
C0356,2019,47.20,60.28,80.15,62.54
C0356,2020,71.20,73.98,59.98,68.39
C0356,2021,53.68,43.35,49.45,48.83
C0356,2022,64.39,69.69,77.95,70.68
C0356,2023,44.11,78.60,44.54,55.75
C0356,2024,62.98,81.41,65.74,70.04
C0357,2015,55.32,48.53,43.19,49.01
C0357,2016,81.12,84.87,57.82,74.60
C0357,2017,42.85,72.81,70.05,61.90
C0357,2018,60.93,84.09,67.81,70.94
C0357,2019,62.92,64.26,60.23,62.47
C0357,2020,76.25,67.10,61.45,68.27
C0357,2021,68.71,85.95,51.34,68.67
C0357,2022,73.36,85.00,62.79,73.72
C0357,2023,78.85,62.41,87.66,76.31
C0357,2024,83.11,53.72,82.52,73.12
C0358,2015,55.69,59.66,47.26,54.20
C0358,2016,66.90,59.39,41.49,55.93
C0358,2017,82.01,54.34,86.68,74.34
C0358,2018,89.47,53.43,66.34,69.75
C0358,2019,84.48,83.05,66.89,78.14
C0358,2020,58.57,43.49,79.04,60.37
C0358,2021,49.76,73.88,55.73,59.79
C0358,2022,64.47,48.64,64.10,59.07
C0358,2023,77.08,57.23,88.43,74.25
C0358,2024,64.63,43.08,73.61,60.44
C0359,2015,64.16,53.50,47.69,55.11
C0359,2016,81.91,78.42,46.66,69.00
C0359,2017,58.07,84.25,50.21,64.18
C0359,2018,82.99,51.08,78.34,70.80
C0359,2019,60.34,63.18,54.77,59.43
C0359,2020,56.41,63.52,41.07,53.67
C0359,2021,62.70,83.68,87.21,77.86
C0359,2022,78.12,78.14,48.49,68.25
C0359,2023,46.30,65.65,40.48,50.81
C0359,2024,49.82,73.54,51.86,58.40
C0360,2015,87.57,82.37,51.75,73.90
C0360,2016,48.77,40.48,61.10,50.12
C0360,2017,68.39,60.14,86.02,71.52
C0360,2018,68.97,85.36,83.96,79.43
C0360,2019,64.48,77.02,62.84,68.11
C0360,2020,72.24,67.14,60.54,66.64
C0360,2021,51.49,66.48,67.75,61.91
C0360,2022,67.63,57.39,52.17,59.06
C0360,2023,58.61,66.03,42.61,55.75
C0360,2024,73.08,72.77,86.96,77.60
C0361,2015,47.06,60.92,49.33,52.44
C0361,2016,68.54,75.71,49.92,64.72
C0361,2017,49.26,83.06,63.62,65.32
C0361,2018,53.93,47.73,64.58,55.42
C0361,2019,50.94,62.58,40.92,51.48
C0361,2020,49.14,60.40,47.40,52.31
C0361,2021,81.29,74.37,58.91,71.52
C0361,2022,54.29,52.49,74.19,60.32
C0361,2023,86.36,72.01,51.42,69.93
C0361,2024,88.50,83.87,61.15,77.84
C0362,2015,68.56,60.91,67.87,65.78
C0362,2016,47.15,85.55,84.43,72.38
C0362,2017,58.73,89.66,56.30,68.23
C0362,2018,79.89,45.30,46.68,57.29
C0362,2019,58.37,51.65,64.46,58.16
C0362,2020,44.35,87.52,77.34,69.74
C0362,2021,67.84,87.92,45.49,67.08
C0362,2022,82.26,44.89,61.23,62.79
C0362,2023,79.80,40.75,40.89,53.81
C0362,2024,48.76,48.06,41.68,46.16
C0363,2015,73.64,89.80,64.15,75.86
C0363,2016,51.03,49.00,54.91,51.65
C0363,2017,50.91,65.13,82.26,66.10
C0363,2018,83.70,82.42,70.11,78.74
C0363,2019,52.48,41.02,62.70,52.07
C0363,2020,53.16,70.22,60.40,61.26
C0363,2021,40.03,53.85,64.86,52.92
C0363,2022,83.53,83.12,42.02,69.56
C0363,2023,79.63,54.17,84.64,72.81
C0363,2024,71.37,74.34,89.92,78.54
C0364,2015,77.51,73.71,49.07,66.77
C0364,2016,47.60,51.07,46.02,48.23
C0364,2017,62.92,41.74,47.18,50.61
C0364,2018,57.56,60.46,73.05,63.69
C0364,2019,44.69,54.46,73.07,57.41
C0364,2020,64.31,80.45,82.40,75.72
C0364,2021,86.04,80.02,77.59,81.22
C0364,2022,42.00,62.85,62.48,55.78
C0364,2023,54.57,70.33,70.64,65.18
C0364,2024,50.38,70.21,74.41,65.00
C0365,2015,51.91,81.36,65.64,66.30
C0365,2016,85.42,61.25,63.78,70.15
C0365,2017,63.40,53.77,72.25,63.14
C0365,2018,63.31,53.25,67.87,61.48
C0365,2019,78.03,66.81,72.20,72.35
C0365,2020,47.72,62.46,70.64,60.27
C0365,2021,64.36,62.01,75.96,67.44
C0365,2022,61.50,44.56,72.14,59.40
C0365,2023,69.85,75.93,65.99,70.59
C0365,2024,89.98,50.69,74.09,71.58
C0366,2015,78.47,49.85,62.47,63.60
C0366,2016,59.89,60.64,52.08,57.54
C0366,2017,81.38,51.39,40.07,57.61
C0366,2018,48.54,69.19,68.00,61.91
C0366,2019,41.52,58.57,69.53,56.54
C0366,2020,50.22,62.45,88.60,67.09
C0366,2021,57.02,66.86,58.07,60.65
C0366,2022,65.53,50.18,59.71,58.47
C0366,2023,70.76,47.79,50.09,56.21
C0366,2024,85.53,84.02,43.53,71.03
C0367,2015,65.49,61.69,78.64,68.61
C0367,2016,65.06,60.60,52.48,59.38
C0367,2017,42.51,41.78,70.45,51.58
C0367,2018,41.75,64.90,74.39,60.34
C0367,2019,67.56,67.71,63.56,66.28
C0367,2020,61.91,67.94,83.82,71.22
C0367,2021,81.96,75.35,62.19,73.17
C0367,2022,48.03,48.87,54.25,50.38
C0367,2023,41.25,52.61,84.80,59.55
C0367,2024,62.45,80.54,83.08,75.36
C0368,2015,51.87,87.36,48.20,62.48
C0368,2016,42.48,46.80,41.30,43.53
C0368,2017,76.23,64.88,44.50,61.87
C0368,2018,45.58,50.71,54.33,50.21
C0368,2019,70.42,43.00,88.61,67.34
C0368,2020,54.05,56.28,67.93,59.42
C0368,2021,48.67,47.18,58.66,51.51
C0368,2022,58.99,75.50,84.44,72.97
C0368,2023,80.07,66.69,62.66,69.81
C0368,2024,59.60,47.19,55.76,54.19
C0369,2015,77.54,40.46,87.06,68.35
C0369,2016,46.27,80.41,82.48,69.72
C0369,2017,78.64,48.81,82.18,69.88
C0369,2018,51.85,70.31,65.61,62.59
C0369,2019,73.87,56.85,79.47,70.06
C0369,2020,68.29,69.27,48.97,62.18
C0369,2021,86.46,55.78,68.66,70.30
C0369,2022,59.37,44.35,89.19,64.30
C0369,2023,43.31,51.15,54.55,49.67
C0369,2024,40.96,49.40,79.72,56.69
C0370,2015,81.34,61.40,64.52,69.09
C0370,2016,66.24,72.91,41.99,60.38
C0370,2017,78.76,53.19,78.15,70.03
C0370,2018,51.72,40.60,48.43,46.92
C0370,2019,57.25,65.95,71.57,64.92
C0370,2020,41.51,70.29,44.28,52.03
C0370,2021,88.07,88.14,87.34,87.85
C0370,2022,73.39,69.47,54.59,65.82
C0370,2023,86.66,63.56,51.32,67.18
C0370,2024,53.27,68.67,46.46,56.13
C0371,2015,70.57,86.40,87.30,81.42
C0371,2016,73.92,81.42,75.60,76.98
C0371,2017,55.88,56.15,77.08,63.04
C0371,2018,82.41,51.86,64.97,66.41
C0371,2019,87.36,53.13,63.74,68.08
C0371,2020,84.24,65.22,45.50,64.99
C0371,2021,76.95,77.20,67.99,74.05
C0371,2022,53.87,65.16,52.35,57.13
C0371,2023,54.08,43.39,88.86,62.11
C0371,2024,88.17,76.18,79.83,81.39
C0372,2015,40.51,80.30,60.65,60.49
C0372,2016,75.80,54.47,47.57,59.28
C0372,2017,75.31,73.21,79.27,75.93
C0372,2018,71.13,61.33,46.10,59.52
C0372,2019,89.51,84.46,49.47,74.48
C0372,2020,55.59,82.26,50.58,62.81
C0372,2021,57.00,66.27,67.84,63.70
C0372,2022,43.95,74.58,79.35,65.96
C0372,2023,62.14,84.17,55.72,67.34
C0372,2024,53.05,64.79,44.23,54.02
C0373,2015,57.17,55.66,63.23,58.69
C0373,2016,81.73,77.68,77.41,78.94
C0373,2017,86.77,51.00,51.08,62.95
C0373,2018,49.29,59.43,51.00,53.24
C0373,2019,58.63,83.29,87.36,76.42
C0373,2020,86.43,76.22,87.71,83.45
C0373,2021,43.09,60.19,89.52,64.27
C0373,2022,44.62,50.74,80.38,58.58
C0373,2023,48.14,57.80,49.41,51.78
C0373,2024,69.76,54.21,50.60,58.19
C0374,2015,47.52,48.80,57.01,51.11
C0374,2016,88.40,77.17,55.91,73.83
C0374,2017,62.34,52.60,87.83,67.59
C0374,2018,65.08,62.71,79.45,69.08
C0374,2019,52.33,59.29,76.20,62.61
C0374,2020,63.55,89.10,49.30,67.32
C0374,2021,73.10,59.55,85.48,72.71
C0374,2022,77.56,44.00,81.39,67.65
C0374,2023,77.69,44.49,48.18,56.79
C0374,2024,68.89,69.54,83.56,74.00
C0375,2015,85.22,69.97,53.61,69.60
C0375,2016,80.87,60.94,44.04,61.95
C0375,2017,77.85,61.59,72.84,70.76
C0375,2018,42.78,42.70,72.69,52.72
C0375,2019,40.34,65.83,44.75,50.31
C0375,2020,50.62,65.24,55.94,57.27
C0375,2021,73.18,47.48,89.64,70.10
C0375,2022,60.56,45.19,73.92,59.89
C0375,2023,60.12,46.18,76.50,60.93
C0375,2024,84.23,45.05,50.65,59.98
C0376,2015,84.78,70.49,43.94,66.40
C0376,2016,85.46,49.82,53.85,63.04
C0376,2017,55.69,52.57,52.44,53.57
C0376,2018,74.55,48.68,51.73,58.32
C0376,2019,53.58,87.89,49.64,63.70
C0376,2020,49.53,82.73,68.74,67.00
C0376,2021,49.23,51.52,56.41,52.39
C0376,2022,57.11,56.38,81.02,64.83
C0376,2023,61.50,50.49,49.20,53.73
C0376,2024,81.55,64.59,63.23,69.79
C0377,2015,45.99,40.98,40.68,42.55
C0377,2016,76.75,73.57,64.08,71.47
C0377,2017,66.57,66.16,42.79,58.51
C0377,2018,54.40,84.93,88.89,76.07
C0377,2019,64.64,48.22,79.53,64.13
C0377,2020,55.00,80.21,64.51,66.57
C0377,2021,69.80,79.60,44.33,64.58
C0377,2022,61.69,46.36,69.62,59.22
C0377,2023,48.22,59.93,77.94,62.03
C0377,2024,45.83,48.51,49.54,47.96
C0378,2015,67.33,52.74,68.41,62.83
C0378,2016,85.12,53.16,80.71,73.00
C0378,2017,57.20,67.81,78.41,67.81
C0378,2018,76.65,60.57,80.15,72.46
C0378,2019,72.93,87.39,83.97,81.43
C0378,2020,86.58,46.32,86.88,73.26
C0378,2021,81.05,88.68,60.28,76.67
C0378,2022,68.33,51.53,68.44,62.77
C0378,2023,72.85,78.64,79.53,77.01
C0378,2024,84.92,56.95,74.86,72.24
C0379,2015,59.98,47.15,89.78,65.64
C0379,2016,56.34,82.89,40.68,59.97
C0379,2017,40.54,55.44,57.76,51.25
C0379,2018,81.33,72.94,54.05,69.44
C0379,2019,80.05,68.32,53.12,67.16
C0379,2020,45.22,63.59,51.13,53.31
C0379,2021,68.84,64.79,75.46,69.70
C0379,2022,63.20,76.61,44.24,61.35
C0379,2023,45.94,44.39,77.08,55.80
C0379,2024,89.03,73.41,74.67,79.04
C0380,2015,50.73,84.79,52.54,62.69
C0380,2016,43.36,42.89,52.64,46.30
C0380,2017,69.74,47.03,71.44,62.74
C0380,2018,76.94,75.83,78.11,76.96
C0380,2019,41.62,61.86,83.82,62.44
C0380,2020,72.94,60.18,82.61,71.91
C0380,2021,66.61,46.85,88.24,67.24
C0380,2022,45.16,65.34,69.07,59.86
C0380,2023,48.63,46.33,85.43,60.13
C0380,2024,68.40,63.83,80.43,70.89
C0381,2015,54.82,78.18,84.73,72.58
C0381,2016,86.92,52.91,40.58,60.14
C0381,2017,80.94,64.04,88.30,77.76
C0381,2018,89.18,89.60,63.68,80.82
C0381,2019,52.98,74.33,79.91,69.08
C0381,2020,88.49,82.07,46.36,72.30
C0381,2021,61.56,60.74,59.80,60.70
C0381,2022,57.38,78.39,53.57,63.11
C0381,2023,42.52,42.03,54.58,46.38
C0381,2024,42.64,46.15,46.16,44.98
C0382,2015,74.60,50.15,80.29,68.35
C0382,2016,62.90,60.10,40.46,54.49
C0382,2017,51.33,82.29,55.63,63.08
C0382,2018,70.70,57.31,48.72,58.91
C0382,2019,52.64,72.73,69.45,64.94
C0382,2020,68.88,75.47,52.71,65.69
C0382,2021,57.96,69.31,52.95,60.07
C0382,2022,81.18,57.86,64.42,67.82
C0382,2023,81.03,68.85,72.63,74.17
C0382,2024,63.87,57.11,46.07,55.68
C0383,2015,57.54,44.19,48.78,50.17
C0383,2016,58.13,89.64,52.36,66.71
C0383,2017,80.29,46.36,88.69,71.78
C0383,2018,56.41,43.62,59.86,53.29
C0383,2019,50.45,83.93,69.95,68.11
C0383,2020,44.23,55.09,52.08,50.47
C0383,2021,63.33,72.51,64.52,66.79
C0383,2022,64.11,56.45,43.71,54.75
C0383,2023,82.05,59.57,41.74,61.12
C0383,2024,51.06,53.11,63.44,55.87
C0384,2015,59.05,57.15,59.93,58.71
C0384,2016,80.42,60.54,46.84,62.60
C0384,2017,81.18,76.02,74.38,77.19
C0384,2018,59.23,65.58,89.65,71.48
C0384,2019,62.96,87.18,59.78,69.97
C0384,2020,55.16,42.09,71.23,56.16
C0384,2021,86.63,65.15,88.15,79.98
C0384,2022,45.93,69.21,81.58,65.57
C0384,2023,86.69,86.01,63.18,78.62
C0384,2024,74.19,42.46,76.87,64.51
C0385,2015,66.58,68.67,46.41,60.55
C0385,2016,41.63,82.68,65.61,63.31
C0385,2017,63.78,52.10,53.95,56.61
C0385,2018,60.39,83.81,48.06,64.09
C0385,2019,48.06,40.95,61.31,50.11
C0385,2020,72.82,76.62,46.55,65.33
C0385,2021,88.56,86.66,74.95,83.39
C0385,2022,68.11,72.86,62.81,67.93
C0385,2023,75.74,61.95,66.56,68.08
C0385,2024,43.42,42.24,47.32,44.33
C0386,2015,60.88,86.01,46.99,64.63
C0386,2016,45.82,63.51,69.17,59.50
C0386,2017,70.64,41.45,89.25,67.11
C0386,2018,86.92,74.49,44.81,68.74
C0386,2019,73.09,64.09,54.29,63.82
C0386,2020,43.84,46.22,83.47,57.84
C0386,2021,57.73,50.71,43.61,50.69
C0386,2022,67.53,43.22,83.79,64.85
C0386,2023,60.16,68.71,66.21,65.03
C0386,2024,81.68,71.10,60.41,71.07
C0387,2015,80.73,65.29,55.48,67.17
C0387,2016,70.59,80.86,54.86,68.77
C0387,2017,58.67,83.05,55.29,65.67
C0387,2018,52.77,70.78,84.24,69.26
C0387,2019,45.29,40.64,76.19,54.04
C0387,2020,57.74,74.76,73.49,68.66
C0387,2021,60.66,60.90,79.94,67.17
C0387,2022,73.79,68.28,52.86,64.97
C0387,2023,72.91,72.45,70.90,72.09
C0387,2024,43.51,57.51,63.00,54.67
C0388,2015,59.76,85.85,79.12,74.91
C0388,2016,49.09,46.70,55.46,50.42
C0388,2017,47.84,73.58,72.16,64.53
C0388,2018,81.37,40.22,84.11,68.56
C0388,2019,42.10,86.23,60.11,62.81
C0388,2020,60.96,45.63,43.33,49.97
C0388,2021,48.41,44.74,65.80,52.99
C0388,2022,83.97,56.65,57.30,65.97
C0388,2023,67.85,58.68,73.61,66.71
C0388,2024,51.57,50.72,87.55,63.28
C0389,2015,65.12,69.26,64.28,66.22
C0389,2016,76.57,62.15,63.31,67.34
C0389,2017,87.91,41.71,72.73,67.45
C0389,2018,51.02,55.98,45.17,50.73
C0389,2019,84.31,80.52,52.68,72.50
C0389,2020,86.72,74.49,85.95,82.38
C0389,2021,85.82,76.24,73.50,78.52
C0389,2022,71.77,74.91,40.67,62.45
C0389,2023,71.49,55.55,50.23,59.09
C0389,2024,60.16,44.98,74.14,59.76
C0390,2015,77.62,53.62,78.22,69.82
C0390,2016,66.56,81.59,81.99,76.72
C0390,2017,73.87,89.02,54.61,72.50
C0390,2018,61.42,64.69,86.55,70.89
C0390,2019,76.57,40.49,67.65,61.57
C0390,2020,81.22,47.00,74.83,67.68
C0390,2021,47.32,56.10,69.84,57.75
C0390,2022,81.65,68.93,46.14,65.57
C0390,2023,67.01,43.75,88.16,66.31
C0390,2024,82.23,87.17,46.14,71.85
C0391,2015,61.57,58.25,52.74,57.52
C0391,2016,58.95,85.63,80.68,75.09
C0391,2017,85.75,79.03,70.93,78.57
C0391,2018,52.56,77.77,81.91,70.75
C0391,2019,82.21,70.34,65.79,72.78
C0391,2020,64.20,71.34,58.85,64.80
C0391,2021,65.70,71.90,86.09,74.57
C0391,2022,55.42,71.44,41.81,56.22
C0391,2023,68.65,67.69,82.81,73.05
C0391,2024,56.26,89.32,51.54,65.71
C0392,2015,41.96,76.61,82.44,67.00
C0392,2016,53.60,78.85,46.96,59.80
C0392,2017,40.32,83.62,69.01,64.32
C0392,2018,88.92,50.78,84.41,74.70
C0392,2019,88.29,44.19,63.68,65.38
C0392,2020,59.76,64.14,77.33,67.08
C0392,2021,76.42,65.70,80.23,74.12
C0392,2022,57.29,81.46,76.82,71.86
C0392,2023,73.55,62.19,86.27,74.00
C0392,2024,80.27,68.54,62.34,70.39
C0393,2015,87.34,66.35,48.66,67.45
C0393,2016,60.01,41.91,42.39,48.10
C0393,2017,79.16,70.76,52.32,67.42
C0393,2018,53.30,81.40,47.16,60.62
C0393,2019,89.52,47.88,67.90,68.43
C0393,2020,41.29,69.72,49.25,53.42
C0393,2021,70.18,69.68,41.95,60.60
C0393,2022,72.98,48.21,41.80,54.33
C0393,2023,74.40,46.17,81.58,67.38
C0393,2024,46.02,89.00,69.57,68.20
C0394,2015,86.93,59.69,57.90,68.17
C0394,2016,49.06,51.37,84.71,61.71
C0394,2017,71.14,48.57,43.51,54.40
C0394,2018,51.13,73.38,89.02,71.18
C0394,2019,55.36,70.47,70.81,65.55
C0394,2020,67.32,72.18,49.17,62.89
C0394,2021,60.86,44.40,73.95,59.74
C0394,2022,48.01,84.68,78.17,70.29
C0394,2023,48.55,59.46,61.47,56.49
C0394,2024,60.91,55.67,83.08,66.55
C0395,2015,77.86,63.12,47.54,62.84
C0395,2016,84.90,59.50,53.94,66.11
C0395,2017,44.21,83.18,44.67,57.35
C0395,2018,59.66,86.46,50.54,65.55
C0395,2019,45.01,55.17,51.94,50.71
C0395,2020,40.83,83.20,85.88,69.97
C0395,2021,73.09,79.08,43.91,65.36
C0395,2022,70.12,86.54,61.37,72.68
C0395,2023,48.15,52.29,66.62,55.69
C0395,2024,51.69,68.85,84.93,68.49
C0396,2015,41.19,53.73,89.88,61.60
C0396,2016,81.75,81.20,77.67,80.21
C0396,2017,88.73,40.27,88.54,72.51
C0396,2018,46.77,68.24,79.36,64.79
C0396,2019,51.57,56.96,88.16,65.56
C0396,2020,83.42,56.13,75.36,71.64
C0396,2021,86.32,72.25,43.99,67.52
C0396,2022,60.98,82.57,60.10,67.88
C0396,2023,42.53,70.46,72.33,61.77
C0396,2024,41.97,82.66,57.54,60.72
C0397,2015,68.70,53.23,53.67,58.53
C0397,2016,59.64,65.98,68.87,64.83
C0397,2017,41.43,62.53,86.68,63.54
C0397,2018,69.16,40.58,41.75,50.50
C0397,2019,40.57,67.84,78.46,62.29
C0397,2020,79.37,73.08,76.14,76.19
C0397,2021,55.32,69.60,88.20,71.04
C0397,2022,42.01,76.81,86.54,68.45
C0397,2023,69.42,68.57,78.11,72.03
C0397,2024,59.88,43.34,66.02,56.41
C0398,2015,88.69,45.82,50.21,61.58
C0398,2016,67.21,69.82,67.26,68.10
C0398,2017,53.76,53.75,78.27,61.93
C0398,2018,75.47,43.98,84.78,68.08
C0398,2019,53.57,61.48,79.49,64.85
C0398,2020,85.21,67.72,49.76,67.56
C0398,2021,58.74,56.44,69.98,61.72
C0398,2022,67.49,76.02,56.61,66.71
C0398,2023,42.53,72.19,40.46,51.73
C0398,2024,61.31,56.64,50.01,55.99
C0399,2015,81.62,77.74,45.66,68.34
C0399,2016,80.28,72.43,82.14,78.28
C0399,2017,51.22,71.87,52.93,58.67
C0399,2018,51.30,67.67,54.23,57.74
C0399,2019,80.87,40.57,88.00,69.81
C0399,2020,86.52,74.83,58.95,73.43
C0399,2021,44.77,58.80,40.48,48.02
C0399,2022,62.50,87.13,54.19,67.94
C0399,2023,56.87,80.90,45.96,61.25
C0399,2024,83.53,69.38,45.14,66.02
C0400,2015,44.18,52.61,43.87,46.89
C0400,2016,50.56,50.19,69.66,56.80
C0400,2017,77.62,57.02,49.47,61.37
C0400,2018,42.56,63.83,58.06,54.82
C0400,2019,64.63,54.80,83.10,67.51
C0400,2020,62.11,65.75,61.22,63.02
C0400,2021,56.72,48.27,85.78,63.59
C0400,2022,59.73,88.89,64.90,71.17
C0400,2023,66.50,45.40,59.94,57.28
C0400,2024,48.07,86.60,77.52,70.73
C0401,2015,68.60,85.68,43.66,65.98
C0401,2016,80.27,66.27,44.47,63.67
C0401,2017,78.01,76.25,72.60,75.62
C0401,2018,47.69,61.80,64.35,57.95
C0401,2019,47.46,71.50,79.52,66.16
C0401,2020,53.41,57.03,85.81,65.42
C0401,2021,58.05,55.06,59.42,57.51
C0401,2022,60.42,68.91,69.82,66.38
C0401,2023,73.98,64.91,65.03,67.98
C0401,2024,42.83,68.98,89.08,66.96
C0402,2015,41.73,54.33,81.55,59.21
C0402,2016,59.60,58.35,85.59,67.84
C0402,2017,74.86,44.19,52.72,57.26
C0402,2018,49.67,42.61,78.63,56.97
C0402,2019,72.08,52.67,53.27,59.34
C0402,2020,52.99,43.71,50.44,49.05
C0402,2021,84.30,45.19,87.21,72.24
C0402,2022,84.78,80.65,40.97,68.80
C0402,2023,54.86,41.94,88.27,61.69
C0402,2024,51.50,72.95,47.46,57.30
C0403,2015,60.57,53.63,80.97,65.05
C0403,2016,52.03,83.58,53.80,63.13
C0403,2017,73.62,64.25,57.54,65.13
C0403,2018,81.30,55.28,50.84,62.47
C0403,2019,73.65,65.88,69.28,69.60
C0403,2020,81.22,59.10,57.40,65.91
C0403,2021,59.85,68.22,72.87,66.98
C0403,2022,47.82,45.73,40.78,44.77
C0403,2023,76.90,89.85,43.22,69.99
C0403,2024,58.02,61.28,44.98,54.76
C0404,2015,73.56,57.41,60.95,63.97
C0404,2016,53.53,75.51,80.74,69.93
C0404,2017,44.06,58.19,84.41,62.22
C0404,2018,89.63,81.66,52.24,74.51
C0404,2019,47.81,62.71,68.72,59.75
C0404,2020,89.42,75.98,78.42,81.27
C0404,2021,88.86,45.37,54.44,62.89
C0404,2022,79.69,82.31,60.45,74.15
C0404,2023,72.97,76.79,66.20,71.99
C0404,2024,68.89,50.59,46.74,55.41
C0405,2015,83.31,47.26,41.30,57.29
C0405,2016,54.47,55.81,47.64,52.64
C0405,2017,63.38,88.80,71.34,74.51
C0405,2018,70.97,52.84,43.68,55.83
C0405,2019,60.56,62.81,49.48,57.62
C0405,2020,61.37,41.50,56.89,53.26
C0405,2021,56.51,59.86,43.89,53.42
C0405,2022,68.21,68.57,49.58,62.12
C0405,2023,82.53,87.66,85.56,85.25
C0405,2024,50.08,65.84,40.96,52.29
C0406,2015,86.72,80.96,72.67,80.12
C0406,2016,74.45,67.36,59.22,67.01
C0406,2017,81.16,42.04,73.63,65.61
C0406,2018,67.81,55.75,69.43,64.33
C0406,2019,78.98,68.78,51.17,66.31
C0406,2020,40.81,87.53,82.36,70.23
C0406,2021,80.92,82.96,64.60,76.16
C0406,2022,42.01,51.42,81.13,58.18
C0406,2023,84.50,51.01,60.30,65.27
C0406,2024,89.60,50.06,89.23,76.30
C0407,2015,54.70,86.12,78.52,73.12
C0407,2016,50.52,82.63,88.30,73.82
C0407,2017,78.27,78.74,65.72,74.24
C0407,2018,52.65,59.64,63.68,58.66
C0407,2019,83.28,65.22,77.77,75.42
C0407,2020,45.14,63.22,84.01,64.12
C0407,2021,46.30,52.67,88.21,62.39
C0407,2022,88.96,65.25,56.23,70.15
C0407,2023,73.69,41.52,79.94,65.05
C0407,2024,82.34,46.59,50.53,59.82
C0408,2015,56.22,84.33,67.28,69.27
C0408,2016,73.82,77.58,48.99,66.80
C0408,2017,69.71,61.14,57.37,62.74
C0408,2018,70.16,65.86,86.57,74.19
C0408,2019,74.13,58.50,47.30,59.98
C0408,2020,68.77,77.04,71.62,72.48
C0408,2021,61.45,79.21,69.65,70.10
C0408,2022,53.80,78.16,46.04,59.33
C0408,2023,78.43,76.13,56.30,70.29
C0408,2024,51.31,50.23,68.15,56.56
C0409,2015,74.62,56.90,49.36,60.29
C0409,2016,51.67,63.49,80.03,65.06
C0409,2017,71.27,56.54,88.61,72.14
C0409,2018,77.35,77.75,50.74,68.61
C0409,2019,50.94,56.47,49.35,52.25
C0409,2020,43.00,46.91,62.75,50.89
C0409,2021,46.55,59.95,77.39,61.30
C0409,2022,70.30,89.00,54.08,71.13
C0409,2023,82.47,51.29,40.99,58.25
C0409,2024,42.25,70.61,67.06,59.97
C0410,2015,76.71,61.65,87.83,75.40
C0410,2016,57.07,43.55,59.56,53.39
C0410,2017,63.93,64.39,61.01,63.11
C0410,2018,86.44,75.11,88.45,83.33
C0410,2019,56.60,65.66,74.73,65.66
C0410,2020,63.27,83.61,75.96,74.28
C0410,2021,40.68,54.45,68.14,54.42
C0410,2022,44.08,44.31,88.73,59.04
C0410,2023,52.93,86.83,74.44,71.40
C0410,2024,41.39,58.91,84.75,61.68
C0411,2015,71.57,68.82,74.97,71.79
C0411,2016,61.32,79.60,76.76,72.56
C0411,2017,67.41,56.22,54.52,59.38
C0411,2018,48.73,75.81,55.17,59.90
C0411,2019,54.80,46.77,79.15,60.24
C0411,2020,73.19,54.56,54.84,60.86
C0411,2021,88.27,47.24,68.14,67.88
C0411,2022,42.52,80.56,52.47,58.52
C0411,2023,84.52,51.13,80.85,72.17
C0411,2024,68.84,75.87,45.53,63.41
C0412,2015,68.20,87.16,81.47,78.94
C0412,2016,65.01,66.39,70.14,67.18
C0412,2017,43.47,67.00,49.35,53.27
C0412,2018,44.49,63.05,67.10,58.22
C0412,2019,70.05,56.29,54.12,60.16
C0412,2020,57.05,63.78,56.17,59.00
C0412,2021,85.86,70.14,57.58,71.19
C0412,2022,60.33,89.30,43.17,64.27
C0412,2023,47.16,86.89,89.30,74.45
C0412,2024,75.74,83.11,41.58,66.81
C0413,2015,54.67,84.46,73.12,70.75
C0413,2016,66.27,63.39,58.56,62.74
C0413,2017,74.89,72.87,72.30,73.35
C0413,2018,85.01,84.75,57.81,75.86
C0413,2019,79.61,59.65,73.69,70.98
C0413,2020,73.82,88.09,76.46,79.46
C0413,2021,73.98,60.79,74.53,69.77
C0413,2022,87.30,70.05,45.70,67.68
C0413,2023,54.79,75.49,72.84,67.71
C0413,2024,40.06,87.53,54.00,60.53
C0414,2015,53.60,52.23,41.44,49.09
C0414,2016,50.89,77.31,60.74,62.98
C0414,2017,73.09,66.04,61.68,66.94
C0414,2018,71.69,53.43,63.36,62.82
C0414,2019,69.67,78.83,75.24,74.58
C0414,2020,40.81,67.61,55.44,54.62
C0414,2021,76.44,73.05,55.76,68.42
C0414,2022,56.18,56.15,43.03,51.78
C0414,2023,73.25,64.06,74.34,70.55
C0414,2024,67.83,70.87,68.39,69.03
C0415,2015,57.14,60.25,57.47,58.28
C0415,2016,46.73,49.92,75.26,57.30
C0415,2017,44.72,88.08,66.87,66.56
C0415,2018,81.58,65.57,63.46,70.20
C0415,2019,85.92,76.70,65.57,76.06
C0415,2020,72.49,60.55,71.82,68.29
C0415,2021,45.17,57.76,73.00,58.64
C0415,2022,60.10,60.36,54.45,58.30
C0415,2023,76.45,60.46,47.04,61.31
C0415,2024,78.99,67.21,47.83,64.68
C0416,2015,45.91,67.17,71.97,61.68
C0416,2016,40.00,64.86,83.64,62.83
C0416,2017,75.61,46.74,60.47,60.94
C0416,2018,57.83,64.80,48.48,57.04
C0416,2019,52.72,48.46,77.83,59.67
C0416,2020,40.64,46.31,81.62,56.19
C0416,2021,67.01,86.63,84.03,79.23
C0416,2022,82.56,70.25,70.34,74.38
C0416,2023,87.88,72.97,83.04,81.30
C0416,2024,68.29,60.09,40.77,56.38
C0417,2015,65.72,85.45,45.36,65.51
C0417,2016,44.25,71.90,44.63,53.59
C0417,2017,67.44,78.46,75.63,73.84
C0417,2018,59.00,58.43,43.48,53.64
C0417,2019,70.36,88.00,64.82,74.39
C0417,2020,59.44,81.02,63.64,68.03
C0417,2021,52.01,82.70,55.54,63.42
C0417,2022,44.75,48.61,83.52,58.96
C0417,2023,55.75,53.55,48.52,52.61
C0417,2024,44.83,54.28,57.62,52.25
C0418,2015,48.84,53.55,78.71,60.37
C0418,2016,89.37,82.77,41.52,71.22
C0418,2017,62.21,41.59,73.65,59.15
C0418,2018,66.59,43.80,80.82,63.74
C0418,2019,83.68,53.70,86.61,74.66
C0418,2020,89.78,49.99,83.81,74.53
C0418,2021,69.14,51.59,55.97,58.90
C0418,2022,80.62,79.90,69.32,76.61
C0418,2023,56.35,68.16,43.86,56.12
C0418,2024,55.29,40.29,52.89,49.49
C0419,2015,60.14,61.47,44.71,55.44
C0419,2016,73.63,60.39,55.76,63.26
C0419,2017,74.11,45.70,83.76,67.86
C0419,2018,55.76,73.81,57.36,62.31
C0419,2019,46.66,75.10,68.09,63.29
C0419,2020,71.62,76.04,61.67,69.78
C0419,2021,46.42,76.42,62.95,61.93
C0419,2022,68.92,40.00,88.48,65.80
C0419,2023,74.67,87.70,54.81,72.39
C0419,2024,75.03,80.71,71.37,75.70
C0420,2015,77.67,85.20,61.00,74.63
C0420,2016,83.64,40.78,43.06,55.83
C0420,2017,65.00,86.69,64.47,72.05
C0420,2018,76.51,80.49,80.67,79.22
C0420,2019,70.96,81.86,44.94,65.92
C0420,2020,49.33,44.66,43.48,45.83
C0420,2021,41.28,76.94,47.68,55.30
C0420,2022,54.23,88.00,78.22,73.48
C0420,2023,62.15,73.93,76.20,70.76
C0420,2024,70.86,68.53,68.25,69.21
C0421,2015,82.50,87.28,63.41,77.73
C0421,2016,49.81,62.15,84.42,65.46
C0421,2017,46.28,69.96,78.33,64.86
C0421,2018,88.17,63.82,80.60,77.53
C0421,2019,45.40,86.64,80.66,70.90
C0421,2020,63.92,43.80,72.14,59.95
C0421,2021,69.28,65.06,62.90,65.74
C0421,2022,67.07,74.35,83.23,74.88
C0421,2023,44.30,79.60,86.30,70.07
C0421,2024,42.85,69.15,41.19,51.06
C0422,2015,45.27,85.45,42.58,57.77
C0422,2016,69.28,87.10,87.94,81.44
C0422,2017,67.22,43.22,53.86,54.76
C0422,2018,51.69,60.12,83.67,65.16
C0422,2019,71.89,41.17,59.44,57.50
C0422,2020,81.00,56.47,45.96,61.14
C0422,2021,42.08,66.84,44.02,50.98
C0422,2022,64.91,85.54,47.83,66.09
C0422,2023,74.47,82.33,52.49,69.76
C0422,2024,52.62,46.37,64.43,54.47
C0423,2015,55.39,44.65,75.07,58.37
C0423,2016,70.68,69.46,89.32,76.49
C0423,2017,84.90,66.61,62.08,71.19
C0423,2018,80.50,53.32,65.91,66.57
C0423,2019,69.16,84.97,66.09,73.41
C0423,2020,76.51,86.37,66.97,76.62
C0423,2021,58.24,60.13,65.89,61.42
C0423,2022,72.05,84.52,40.44,65.67
C0423,2023,63.31,59.20,40.09,54.20
C0423,2024,49.50,76.84,44.88,57.07
C0424,2015,75.09,63.80,45.08,61.32
C0424,2016,67.82,46.13,75.24,63.07
C0424,2017,57.93,86.40,50.25,64.86
C0424,2018,85.57,62.70,84.74,77.67
C0424,2019,41.05,76.72,86.43,68.07
C0424,2020,55.79,58.36,88.79,67.65
C0424,2021,42.84,40.94,86.95,56.91
C0424,2022,78.33,45.03,53.59,58.98
C0424,2023,75.11,64.81,65.49,68.47
C0424,2024,56.57,74.50,48.77,59.95
C0425,2015,73.78,56.74,80.31,70.28
C0425,2016,59.80,74.77,84.42,73.00
C0425,2017,77.81,74.93,82.56,78.44
C0425,2018,62.71,75.20,61.67,66.52
C0425,2019,60.61,64.63,77.93,67.72
C0425,2020,86.74,85.74,44.88,72.45
C0425,2021,52.54,64.46,42.01,53.01
C0425,2022,46.02,62.51,77.66,62.07
C0425,2023,69.23,49.97,61.27,60.15
C0425,2024,88.47,55.38,89.78,77.88
C0426,2015,58.89,42.12,44.86,48.62
C0426,2016,43.10,71.68,82.78,65.85
C0426,2017,56.97,52.43,64.00,57.80
C0426,2018,65.30,55.21,81.36,67.29
C0426,2019,48.10,78.54,80.86,69.16
C0426,2020,72.91,56.36,85.80,71.69
C0426,2021,89.89,52.11,54.89,65.63
C0426,2022,62.59,48.45,87.49,66.18
C0426,2023,57.74,78.74,47.58,61.35
C0426,2024,60.04,46.49,44.10,50.21
C0427,2015,45.76,62.69,61.58,56.68
C0427,2016,84.16,65.35,81.42,76.98
C0427,2017,60.74,74.37,63.67,66.26
C0427,2018,59.36,71.66,81.46,70.83
C0427,2019,72.98,80.54,76.48,76.67
C0427,2020,62.10,42.24,50.47,51.60
C0427,2021,72.41,54.82,87.44,71.56
C0427,2022,43.07,54.01,43.04,46.71
C0427,2023,80.69,47.30,84.91,70.97
C0427,2024,87.03,54.46,55.22,65.57
C0428,2015,72.44,55.49,65.01,64.31
C0428,2016,87.73,66.09,61.12,71.65
C0428,2017,47.57,73.19,48.59,56.45
C0428,2018,63.87,59.06,57.91,60.28
C0428,2019,70.09,75.97,49.65,65.24
C0428,2020,69.09,56.81,50.19,58.70
C0428,2021,60.07,54.51,49.35,54.65
C0428,2022,56.90,67.06,64.45,62.80
C0428,2023,46.34,41.19,79.90,55.81
C0428,2024,59.59,43.99,68.45,57.34
C0429,2015,48.13,60.90,84.66,64.56
C0429,2016,76.72,87.15,71.83,78.56
C0429,2017,50.44,76.08,74.47,66.99
C0429,2018,42.93,44.41,73.38,53.57
C0429,2019,67.62,82.32,62.47,70.80
C0429,2020,69.76,76.62,74.47,73.61
C0429,2021,83.60,70.55,43.49,65.88
C0429,2022,68.85,81.01,82.99,77.62
C0429,2023,57.27,60.21,78.89,65.46
C0429,2024,80.15,51.08,52.26,61.16
C0430,2015,67.01,65.60,78.40,70.34
C0430,2016,43.96,67.44,40.63,50.68
C0430,2017,68.29,66.92,50.86,62.02
C0430,2018,85.40,68.25,43.26,65.64
C0430,2019,59.82,87.44,79.01,75.42
C0430,2020,54.82,85.11,77.79,72.57
C0430,2021,47.17,83.79,80.68,70.55
C0430,2022,47.57,80.07,40.22,55.96
C0430,2023,61.64,87.17,65.06,71.29
C0430,2024,69.78,44.92,75.24,63.32
C0431,2015,44.03,53.26,47.77,48.35
C0431,2016,86.98,64.75,72.49,74.74
C0431,2017,77.76,82.33,44.21,68.10
C0431,2018,69.33,65.26,49.07,61.22
C0431,2019,81.42,77.40,63.79,74.20
C0431,2020,44.01,46.95,72.68,54.55
C0431,2021,63.84,52.62,47.29,54.59
C0431,2022,71.50,76.59,49.26,65.78
C0431,2023,81.43,48.24,50.22,59.96
C0431,2024,79.17,57.57,51.94,62.89
C0432,2015,53.85,53.24,51.33,52.81
C0432,2016,87.04,57.49,59.76,68.10
C0432,2017,46.22,75.42,72.69,64.77
C0432,2018,83.76,58.39,61.90,68.02
C0432,2019,88.55,67.76,78.80,78.37
C0432,2020,48.86,45.00,75.96,56.61
C0432,2021,76.10,80.25,46.33,67.56
C0432,2022,42.01,58.49,42.44,47.65
C0432,2023,60.27,72.43,83.90,72.20
C0432,2024,65.81,76.27,43.99,62.03
C0433,2015,69.03,50.48,47.42,55.64
C0433,2016,86.80,84.23,41.11,70.71
C0433,2017,73.61,70.81,71.42,71.95
C0433,2018,64.06,61.44,69.12,64.87
C0433,2019,80.48,49.12,89.35,72.98
C0433,2020,87.53,87.12,84.35,86.33
C0433,2021,41.10,77.75,60.54,59.80
C0433,2022,89.13,50.40,58.58,66.04
C0433,2023,44.31,56.89,54.84,52.01
C0433,2024,80.72,80.48,47.62,69.61
C0434,2015,54.02,74.78,46.90,58.57
C0434,2016,46.61,78.29,46.61,57.17
C0434,2017,61.99,62.06,45.71,56.59
C0434,2018,72.20,75.82,52.03,66.68
C0434,2019,59.05,59.32,55.33,57.90
C0434,2020,42.73,50.56,88.08,60.46
C0434,2021,69.97,71.63,68.92,70.18
C0434,2022,85.12,88.80,89.38,87.77
C0434,2023,59.16,55.53,58.62,57.77
C0434,2024,50.82,63.05,62.88,58.92
C0435,2015,62.13,73.70,56.23,64.02
C0435,2016,42.42,67.08,49.14,52.88
C0435,2017,81.02,82.17,47.16,70.12
C0435,2018,81.32,78.09,87.25,82.22
C0435,2019,69.40,42.91,89.34,67.22
C0435,2020,57.66,89.92,42.25,63.27
C0435,2021,79.99,77.62,47.52,68.38
C0435,2022,67.73,83.20,61.18,70.70
C0435,2023,81.30,72.56,49.32,67.72
C0435,2024,71.57,82.81,58.19,70.86
C0436,2015,79.22,45.62,46.45,57.10
C0436,2016,69.93,57.39,62.83,63.38
C0436,2017,60.71,83.82,53.58,66.04
C0436,2018,87.90,50.08,57.60,65.19
C0436,2019,67.06,43.91,44.72,51.89
C0436,2020,70.25,79.41,61.41,70.36
C0436,2021,51.02,81.77,89.16,73.99
C0436,2022,71.28,48.13,56.44,58.62
C0436,2023,68.58,82.72,83.82,78.37
C0436,2024,49.24,74.34,82.16,68.58
C0437,2015,42.98,66.00,87.60,65.53
C0437,2016,70.22,81.51,79.51,77.08
C0437,2017,78.18,60.96,72.98,70.71
C0437,2018,66.17,49.70,82.83,66.23
C0437,2019,51.34,54.24,43.78,49.79
C0437,2020,73.33,65.26,63.14,67.24
C0437,2021,44.01,66.57,89.46,66.68
C0437,2022,62.09,80.28,78.48,73.62
C0437,2023,48.17,79.57,88.10,71.95
C0437,2024,49.22,69.07,78.98,65.76
C0438,2015,50.11,79.04,83.74,70.97
C0438,2016,59.34,49.59,75.33,61.42
C0438,2017,42.56,42.50,78.03,54.36
C0438,2018,59.89,83.68,66.16,69.91
C0438,2019,65.59,43.78,86.21,65.19
C0438,2020,64.16,52.33,81.25,65.92
C0438,2021,59.14,74.77,82.19,72.03
C0438,2022,81.96,60.47,73.65,72.03
C0438,2023,47.27,83.82,55.23,62.10
C0438,2024,65.28,54.90,41.78,53.99
C0439,2015,43.10,40.59,86.78,56.83
C0439,2016,43.56,55.03,69.31,55.97
C0439,2017,68.69,68.90,54.91,64.17
C0439,2018,68.30,58.80,47.46,58.18
C0439,2019,83.90,66.74,81.48,77.37
C0439,2020,67.89,83.83,81.83,77.85
C0439,2021,87.99,85.62,80.73,84.78
C0439,2022,42.43,53.30,72.25,56.00
C0439,2023,44.90,63.11,58.30,55.44
C0439,2024,42.20,67.46,55.20,54.95
C0440,2015,49.26,87.46,40.43,59.05
C0440,2016,67.06,89.93,81.68,79.56
C0440,2017,72.28,51.77,44.37,56.14
C0440,2018,42.28,76.35,71.54,63.39
C0440,2019,87.30,58.90,65.20,70.47
C0440,2020,82.11,40.41,66.33,62.95
C0440,2021,54.83,40.46,86.34,60.54
C0440,2022,43.86,63.03,41.58,49.49
C0440,2023,48.49,64.42,78.67,63.86
C0440,2024,46.35,41.13,42.60,43.36
C0441,2015,46.16,74.35,41.91,54.14
C0441,2016,65.93,54.70,61.49,60.71
C0441,2017,52.29,67.99,43.15,54.48
C0441,2018,57.91,55.05,79.46,64.14
C0441,2019,89.48,48.36,66.48,68.10
C0441,2020,74.22,60.36,41.45,58.68
C0441,2021,87.45,51.61,42.03,60.36
C0441,2022,47.13,66.74,70.63,61.50
C0441,2023,59.11,49.94,80.31,63.12
C0441,2024,67.74,65.42,61.89,65.02
C0442,2015,43.84,47.87,67.73,53.15
C0442,2016,40.21,73.55,79.99,64.58
C0442,2017,73.52,77.70,70.53,73.91
C0442,2018,72.09,45.52,51.24,56.28
C0442,2019,60.54,63.39,70.65,64.86
C0442,2020,64.48,43.54,71.41,59.81
C0442,2021,60.77,69.91,76.71,69.13
C0442,2022,41.20,53.22,71.04,55.15
C0442,2023,56.77,66.38,88.46,70.54
C0442,2024,48.85,65.87,49.86,54.86
C0443,2015,44.92,86.22,87.55,72.90
C0443,2016,87.84,67.45,66.92,74.07
C0443,2017,69.97,69.15,73.60,70.91
C0443,2018,76.43,60.08,44.97,60.50
C0443,2019,55.77,87.45,59.03,67.42
C0443,2020,59.66,78.86,78.47,72.33
C0443,2021,51.85,54.27,75.35,60.49
C0443,2022,44.85,82.21,42.01,56.36
C0443,2023,48.95,61.62,67.33,59.30
C0443,2024,79.88,81.43,44.41,68.57
C0444,2015,73.88,81.14,89.79,81.60
C0444,2016,67.35,49.44,84.86,67.22
C0444,2017,63.75,75.06,41.05,59.96
C0444,2018,86.12,54.53,82.93,74.53
C0444,2019,43.64,54.87,85.97,61.49
C0444,2020,54.03,54.82,57.68,55.51
C0444,2021,57.50,76.28,75.98,69.92
C0444,2022,79.12,51.49,62.11,64.24
C0444,2023,89.63,40.05,72.76,67.48
C0444,2024,52.03,75.76,57.02,61.60
C0445,2015,83.72,48.56,56.13,62.80
C0445,2016,81.53,45.22,61.22,62.66
C0445,2017,51.23,51.88,47.28,50.13
C0445,2018,59.97,59.00,81.56,66.84
C0445,2019,60.48,63.80,57.43,60.57
C0445,2020,88.91,42.23,60.01,63.72
C0445,2021,49.04,88.53,84.70,74.09
C0445,2022,79.96,75.80,64.83,73.53
C0445,2023,56.71,56.16,67.21,60.03
C0445,2024,76.54,55.93,87.82,73.43
C0446,2015,61.00,62.43,84.34,69.25
C0446,2016,68.92,71.31,48.47,62.90
C0446,2017,81.63,47.32,63.66,64.20
C0446,2018,80.21,49.45,88.56,72.74
C0446,2019,83.32,82.97,58.62,74.97
C0446,2020,42.98,52.81,58.58,51.46
C0446,2021,74.60,59.01,49.75,61.12
C0446,2022,47.00,83.56,45.72,58.76
C0446,2023,60.79,73.16,77.02,70.32
C0446,2024,67.43,57.09,78.50,67.67
C0447,2015,60.14,74.18,88.45,74.26
C0447,2016,65.98,40.98,78.67,61.88
C0447,2017,89.83,76.78,52.17,72.93
C0447,2018,46.76,64.35,42.01,51.04
C0447,2019,73.77,80.66,89.27,81.23
C0447,2020,59.80,87.73,57.02,68.18
C0447,2021,46.65,86.29,55.60,62.85
C0447,2022,47.94,85.46,85.30,72.90
C0447,2023,87.46,65.61,69.25,74.11
C0447,2024,83.98,58.01,50.74,64.24
C0448,2015,85.35,63.25,84.45,77.69
C0448,2016,89.58,74.49,89.67,84.58
C0448,2017,50.42,84.20,44.33,59.65
C0448,2018,57.77,50.35,83.11,63.74
C0448,2019,73.46,85.91,59.53,72.97
C0448,2020,64.19,80.76,66.20,70.38
C0448,2021,60.92,88.94,85.74,78.53
C0448,2022,57.89,84.01,88.67,76.86
C0448,2023,69.69,54.00,53.11,58.93
C0448,2024,68.78,45.30,50.64,54.91
C0449,2015,48.07,45.61,44.03,45.90
C0449,2016,63.59,54.56,68.09,62.08
C0449,2017,67.67,70.71,40.68,59.69
C0449,2018,68.51,80.22,60.59,69.78
C0449,2019,50.51,84.96,43.67,59.71
C0449,2020,77.11,71.19,60.26,69.52
C0449,2021,41.26,40.28,42.00,41.18
C0449,2022,57.74,49.32,81.76,62.94
C0449,2023,79.01,44.99,50.49,58.16
C0449,2024,68.19,58.17,56.42,60.93
C0450,2015,53.06,65.07,83.50,67.21
C0450,2016,74.75,42.17,77.31,64.74
C0450,2017,68.37,57.42,50.95,58.92
C0450,2018,79.81,48.96,43.59,57.46
C0450,2019,76.75,72.35,75.78,74.96
C0450,2020,70.51,63.21,59.54,64.42
C0450,2021,64.41,64.77,78.30,69.16
C0450,2022,46.66,61.38,62.26,56.77
C0450,2023,53.07,87.80,57.30,66.06
C0450,2024,60.95,50.74,62.56,58.08
C0451,2015,69.96,65.83,77.43,71.08
C0451,2016,65.69,76.80,85.11,75.87
C0451,2017,54.41,67.84,42.49,54.91
C0451,2018,40.32,86.45,66.21,64.33
C0451,2019,64.81,58.90,41.64,55.12
C0451,2020,54.28,63.18,63.42,60.30
C0451,2021,76.73,44.43,84.26,68.47
C0451,2022,41.20,70.45,58.08,56.58
C0451,2023,69.24,54.41,86.62,70.09
C0451,2024,87.07,48.02,71.53,68.87
C0452,2015,48.72,67.23,86.71,67.55
C0452,2016,63.58,66.62,77.86,69.35
C0452,2017,44.57,43.79,45.17,44.51
C0452,2018,71.28,74.91,51.56,65.92
C0452,2019,67.53,71.19,59.71,66.14
C0452,2020,60.37,49.45,48.51,52.77
C0452,2021,66.07,63.47,64.75,64.76
C0452,2022,84.83,76.02,63.57,74.80
C0452,2023,49.81,66.47,87.81,68.03
C0452,2024,41.13,59.77,61.69,54.20
C0453,2015,83.08,56.12,79.28,72.83
C0453,2016,68.86,70.52,87.10,75.49
C0453,2017,84.53,86.96,83.85,85.11
C0453,2018,69.85,73.59,50.43,64.62
C0453,2019,80.51,43.74,64.80,63.02
C0453,2020,61.48,63.03,57.39,60.63
C0453,2021,77.49,84.54,59.99,74.01
C0453,2022,85.65,44.72,58.04,62.81
C0453,2023,68.61,89.44,81.32,79.79
C0453,2024,49.04,87.45,62.61,66.37
C0454,2015,53.44,43.91,66.18,54.51
C0454,2016,49.93,86.67,89.12,75.24
C0454,2017,52.34,58.16,43.00,51.17
C0454,2018,55.32,82.24,64.40,67.32
C0454,2019,67.76,60.92,78.70,69.13
C0454,2020,69.40,62.04,47.56,59.67
C0454,2021,61.32,71.71,70.58,67.87
C0454,2022,70.77,78.72,51.97,67.16
C0454,2023,44.08,41.69,83.37,56.38
C0454,2024,44.39,69.66,56.35,56.80
C0455,2015,48.59,49.34,56.45,51.46
C0455,2016,65.90,57.30,69.91,64.37
C0455,2017,50.70,57.40,49.18,52.43
C0455,2018,54.16,63.45,54.24,57.29
C0455,2019,60.02,56.71,60.83,59.18
C0455,2020,80.59,45.37,57.68,61.21
C0455,2021,40.69,47.28,66.24,51.41
C0455,2022,72.47,41.67,69.98,61.37
C0455,2023,73.44,63.51,68.33,68.43
C0455,2024,79.93,87.72,72.71,80.12
C0456,2015,86.64,45.78,55.39,62.60
C0456,2016,41.01,87.31,46.32,58.21
C0456,2017,47.69,76.67,78.04,67.47
C0456,2018,84.31,71.87,82.54,79.57
C0456,2019,62.93,72.26,52.85,62.68
C0456,2020,68.23,81.34,60.35,69.97
C0456,2021,73.15,45.35,64.93,61.14
C0456,2022,73.95,65.24,66.67,68.62
C0456,2023,86.59,74.85,72.97,78.14
C0456,2024,89.85,69.34,42.08,67.09
C0457,2015,76.01,81.64,76.07,77.91
C0457,2016,54.36,43.61,43.10,47.02
C0457,2017,83.99,74.54,63.41,73.98
C0457,2018,42.46,66.70,81.38,63.52
C0457,2019,51.55,58.96,62.56,57.69
C0457,2020,84.87,57.01,47.45,63.11
C0457,2021,52.81,71.04,89.25,71.03
C0457,2022,51.03,84.55,84.46,73.35
C0457,2023,46.91,64.81,78.57,63.43
C0457,2024,82.96,81.24,60.58,74.92
C0458,2015,65.00,60.11,49.19,58.10
C0458,2016,73.74,45.12,87.07,68.64
C0458,2017,51.95,43.08,66.62,53.88
C0458,2018,77.90,42.57,82.62,67.70
C0458,2019,78.00,59.01,57.10,64.70
C0458,2020,55.63,56.86,56.76,56.42
C0458,2021,60.53,75.90,89.28,75.24
C0458,2022,50.48,77.14,66.09,64.57
C0458,2023,88.83,42.54,47.03,59.47
C0458,2024,72.28,51.06,50.98,58.11
C0459,2015,86.73,53.71,64.10,68.18
C0459,2016,55.17,67.38,42.12,54.89
C0459,2017,79.09,47.23,63.13,63.15
C0459,2018,78.29,46.70,60.95,61.98
C0459,2019,74.58,87.19,78.97,80.25
C0459,2020,88.28,80.21,57.75,75.41
C0459,2021,59.68,49.03,89.13,65.95
C0459,2022,46.54,60.33,49.04,51.97
C0459,2023,73.59,57.78,69.55,66.97
C0459,2024,76.47,79.55,44.48,66.83
C0460,2015,68.75,65.51,76.69,70.32
C0460,2016,50.34,46.39,89.74,62.16
C0460,2017,65.22,76.95,80.96,74.38
C0460,2018,55.61,59.84,67.79,61.08
C0460,2019,61.37,53.15,64.24,59.59
C0460,2020,72.26,58.77,81.75,70.93
C0460,2021,77.26,64.89,86.80,76.32
C0460,2022,51.61,57.16,89.46,66.08
C0460,2023,60.27,52.10,59.83,57.40
C0460,2024,53.46,59.93,89.55,67.64
C0461,2015,49.93,40.96,47.80,46.23
C0461,2016,79.17,78.62,52.68,70.16
C0461,2017,85.46,48.55,44.45,59.49
C0461,2018,58.51,42.20,53.59,51.43
C0461,2019,77.56,72.68,78.40,76.22
C0461,2020,84.85,78.70,82.65,82.06
C0461,2021,82.31,80.69,78.94,80.65
C0461,2022,49.14,64.68,71.55,61.79
C0461,2023,87.81,50.27,65.70,67.93
C0461,2024,58.83,76.86,75.44,70.38
C0462,2015,56.96,74.99,59.54,63.83
C0462,2016,43.12,52.31,82.07,59.17
C0462,2017,64.31,85.17,73.86,74.45
C0462,2018,45.45,45.22,74.89,55.19
C0462,2019,52.43,89.13,66.80,69.45
C0462,2020,55.85,83.01,84.26,74.37
C0462,2021,80.44,74.39,52.60,69.15
C0462,2022,83.77,86.94,59.06,76.59
C0462,2023,55.12,76.12,78.88,70.04
C0462,2024,82.93,49.52,64.64,65.70
C0463,2015,82.86,62.11,84.46,76.48
C0463,2016,78.23,43.58,57.32,59.71
C0463,2017,47.33,59.48,58.47,55.09
C0463,2018,74.52,77.08,84.44,78.68
C0463,2019,87.25,59.32,63.22,69.93
C0463,2020,74.13,56.51,65.81,65.48
C0463,2021,56.58,69.77,56.64,61.00
C0463,2022,65.03,83.61,53.83,67.49
C0463,2023,72.29,42.38,72.80,62.49
C0463,2024,65.53,59.27,45.99,56.93
C0464,2015,46.00,47.91,83.96,59.29
C0464,2016,55.60,74.77,78.96,69.78
C0464,2017,80.12,45.29,49.54,58.31
C0464,2018,83.07,73.24,74.70,77.00
C0464,2019,46.87,54.31,70.13,57.10
C0464,2020,87.62,49.95,49.23,62.26
C0464,2021,56.44,86.82,53.66,65.64
C0464,2022,73.12,40.93,60.45,58.16
C0464,2023,77.59,61.89,74.96,71.48
C0464,2024,80.60,41.08,71.94,64.54
C0465,2015,87.29,64.18,66.61,72.69
C0465,2016,55.65,65.05,78.42,66.37
C0465,2017,82.93,56.08,77.90,72.30
C0465,2018,46.58,46.61,70.89,54.70
C0465,2019,75.25,58.82,79.35,71.14
C0465,2020,77.10,73.61,56.71,69.14
C0465,2021,73.89,79.12,84.06,79.02
C0465,2022,52.62,66.54,70.75,63.30
C0465,2023,83.65,69.49,81.12,78.09
C0465,2024,48.44,50.03,67.31,55.26
C0466,2015,42.68,54.37,50.92,49.32
C0466,2016,75.87,48.09,67.12,63.70
C0466,2017,63.77,52.46,58.56,58.26
C0466,2018,82.45,51.24,74.87,69.52
C0466,2019,59.17,65.97,63.79,62.98
C0466,2020,48.41,68.13,81.81,66.12
C0466,2021,81.82,87.25,73.90,80.99
C0466,2022,67.45,49.78,74.23,63.82
C0466,2023,49.46,72.08,50.86,57.47
C0466,2024,76.02,80.86,89.21,82.03
C0467,2015,65.56,68.01,82.08,71.88
C0467,2016,70.22,52.75,79.45,67.47
C0467,2017,63.04,53.13,56.51,57.56
C0467,2018,81.44,41.96,66.78,63.39
C0467,2019,81.48,55.27,46.86,61.20
C0467,2020,75.47,77.23,66.92,73.21
C0467,2021,45.27,42.38,47.29,44.98
C0467,2022,81.94,50.96,67.65,66.85
C0467,2023,73.55,75.31,72.44,73.77
C0467,2024,74.85,79.13,59.51,71.16
C0468,2015,58.15,62.77,64.93,61.95
C0468,2016,83.96,74.90,83.78,80.88
C0468,2017,76.27,59.40,45.43,60.36
C0468,2018,45.63,48.00,79.59,57.74
C0468,2019,60.39,59.91,48.54,56.28
C0468,2020,84.32,69.00,41.84,65.05
C0468,2021,42.36,87.40,49.28,59.68
C0468,2022,88.07,43.44,78.25,69.92
C0468,2023,73.96,65.37,60.26,66.53
C0468,2024,71.57,56.45,83.63,70.55
C0469,2015,53.53,65.42,66.24,61.73
C0469,2016,52.44,41.20,41.11,44.92
C0469,2017,87.10,55.65,75.84,72.86
C0469,2018,54.91,80.99,45.51,60.47
C0469,2019,78.78,67.70,79.47,75.31
C0469,2020,59.66,62.53,48.41,56.86
C0469,2021,46.96,54.28,57.27,52.84
C0469,2022,40.54,54.90,78.06,57.83
C0469,2023,67.21,59.16,87.71,71.36
C0469,2024,88.79,81.78,58.57,76.38
C0470,2015,58.46,88.36,81.47,76.10
C0470,2016,57.86,61.93,49.54,56.44
C0470,2017,57.20,59.67,80.36,65.74
C0470,2018,66.03,82.33,72.87,73.74
C0470,2019,62.03,61.35,49.64,57.67
C0470,2020,84.00,67.60,55.13,68.91
C0470,2021,65.28,51.55,46.59,54.47
C0470,2022,65.39,77.18,59.15,67.24
C0470,2023,46.92,66.60,50.18,54.57
C0470,2024,89.14,80.45,72.20,80.60
C0471,2015,52.50,79.04,89.73,73.75
C0471,2016,43.67,50.75,40.60,45.01
C0471,2017,73.16,75.78,67.05,72.00
C0471,2018,69.77,80.00,68.68,72.82
C0471,2019,60.76,57.31,85.71,67.92
C0471,2020,61.11,48.63,65.30,58.35
C0471,2021,79.25,40.13,67.19,62.19
C0471,2022,49.79,62.55,63.58,58.64
C0471,2023,81.01,57.62,53.45,64.03
C0471,2024,72.44,67.75,42.80,60.99
C0472,2015,60.95,49.40,60.43,56.93
C0472,2016,62.90,82.98,42.63,62.84
C0472,2017,52.83,52.89,67.52,57.75
C0472,2018,77.61,51.32,55.36,61.43
C0472,2019,65.64,64.04,66.68,65.45
C0472,2020,56.04,64.94,46.71,55.90
C0472,2021,69.80,50.75,86.63,69.06
C0472,2022,89.79,53.59,84.73,76.04
C0472,2023,61.76,48.49,49.50,53.25
C0472,2024,86.03,75.92,57.17,73.04
C0473,2015,57.25,78.50,70.67,68.81
C0473,2016,42.74,63.12,44.78,50.21
C0473,2017,50.21,75.70,57.73,61.21
C0473,2018,60.93,76.80,52.56,63.43
C0473,2019,50.98,46.91,85.78,61.22
C0473,2020,40.01,88.31,82.63,70.32
C0473,2021,85.75,81.05,68.99,78.60
C0473,2022,82.19,50.22,66.02,66.15
C0473,2023,77.11,49.31,86.54,70.99
C0473,2024,48.39,46.28,86.62,60.43
C0474,2015,46.02,46.92,88.47,60.47
C0474,2016,43.38,77.41,46.27,55.69
C0474,2017,76.20,63.48,48.03,62.57
C0474,2018,86.44,79.15,73.84,79.81
C0474,2019,61.53,77.31,67.07,68.64
C0474,2020,45.96,70.23,40.92,52.37
C0474,2021,65.62,74.32,43.10,61.01
C0474,2022,57.44,40.92,84.40,60.92
C0474,2023,58.74,55.59,83.44,65.92
C0474,2024,71.07,71.89,57.86,66.94
C0475,2015,75.94,40.47,84.55,66.99
C0475,2016,45.53,41.65,69.68,52.29
C0475,2017,41.78,82.59,80.30,68.22
C0475,2018,89.72,74.20,61.37,75.10
C0475,2019,51.64,53.27,45.67,50.19
C0475,2020,42.69,74.40,61.69,59.59
C0475,2021,49.49,79.62,62.86,63.99
C0475,2022,41.95,55.34,67.55,54.94
C0475,2023,59.59,41.80,45.28,48.89
C0475,2024,80.12,86.64,89.57,85.44
C0476,2015,57.06,57.26,52.21,55.51
C0476,2016,62.21,45.32,49.93,52.49
C0476,2017,73.78,64.59,66.34,68.24
C0476,2018,65.44,78.42,66.86,70.24
C0476,2019,83.07,51.08,61.99,65.38
C0476,2020,83.30,53.47,78.59,71.79
C0476,2021,40.50,52.14,65.83,52.82
C0476,2022,78.90,89.58,70.48,79.66
C0476,2023,63.04,49.87,76.19,63.03
C0476,2024,89.44,68.78,41.25,66.49
C0477,2015,64.16,86.26,68.53,72.99
C0477,2016,89.34,47.34,84.21,73.63
C0477,2017,77.73,88.54,40.87,69.05
C0477,2018,52.43,87.37,60.26,66.69
C0477,2019,66.92,84.23,86.31,79.15
C0477,2020,89.61,50.73,57.66,66.00
C0477,2021,82.88,71.70,62.94,72.51
C0477,2022,44.87,78.04,89.08,70.66
C0477,2023,75.32,89.30,49.97,71.53
C0477,2024,57.28,49.02,43.26,49.85
C0478,2015,40.35,78.30,82.97,67.21
C0478,2016,60.17,56.94,83.42,66.85
C0478,2017,51.74,48.78,63.60,54.71
C0478,2018,80.94,61.07,65.71,69.24
C0478,2019,56.87,79.69,81.79,72.78
C0478,2020,81.38,63.24,76.93,73.85
C0478,2021,40.03,66.88,53.26,53.39
C0478,2022,55.39,89.76,40.84,62.00
C0478,2023,52.06,59.96,63.99,58.67
C0478,2024,51.68,70.77,82.95,68.46
C0479,2015,43.41,58.26,84.79,62.15
C0479,2016,49.36,59.64,87.81,65.60
C0479,2017,67.78,74.78,83.98,75.51
C0479,2018,54.57,86.89,69.00,70.15
C0479,2019,60.87,67.12,62.23,63.41
C0479,2020,58.84,78.42,78.74,72.00
C0479,2021,83.80,44.46,76.99,68.42
C0479,2022,85.26,50.56,66.91,67.58
C0479,2023,64.65,65.11,44.37,58.04
C0479,2024,56.51,41.00,86.30,61.27
C0480,2015,45.34,52.64,62.78,53.59
C0480,2016,87.67,65.87,58.17,70.57
C0480,2017,43.01,40.75,71.48,51.75
C0480,2018,54.88,53.23,73.69,60.60
C0480,2019,54.90,65.70,50.53,57.05
C0480,2020,56.02,68.66,81.85,68.84
C0480,2021,48.21,86.29,54.50,63.00
C0480,2022,79.16,72.27,49.33,66.92
C0480,2023,46.12,60.74,60.32,55.73
C0480,2024,71.75,86.52,76.53,78.26
C0481,2015,46.19,79.24,88.27,71.24
C0481,2016,43.53,50.00,80.46,58.00
C0481,2017,85.47,46.54,87.02,73.01
C0481,2018,49.51,73.79,47.03,56.78
C0481,2019,81.06,67.99,43.56,64.21
C0481,2020,67.23,79.48,67.89,71.53
C0481,2021,43.89,76.94,54.51,58.45
C0481,2022,87.77,71.26,81.40,80.15
C0481,2023,52.35,89.32,73.60,71.76
C0481,2024,82.98,66.68,88.54,79.40
C0482,2015,48.44,45.66,52.74,48.95
C0482,2016,82.70,81.41,64.29,76.13
C0482,2017,40.66,52.59,65.06,52.77
C0482,2018,65.59,78.87,51.96,65.47
C0482,2019,78.47,87.86,69.50,78.61
C0482,2020,86.74,74.84,62.16,74.58
C0482,2021,85.46,69.80,62.34,72.53
C0482,2022,80.98,63.02,58.14,67.38
C0482,2023,84.41,58.22,40.85,61.16
C0482,2024,49.96,57.65,66.10,57.91
C0483,2015,54.21,71.82,56.76,60.93
C0483,2016,54.45,77.56,40.07,57.36
C0483,2017,58.85,73.93,55.40,62.73
C0483,2018,59.67,49.92,53.93,54.51
C0483,2019,67.23,64.70,59.67,63.87
C0483,2020,47.99,79.58,46.59,58.06
C0483,2021,74.56,63.79,65.38,67.91
C0483,2022,48.38,66.83,74.62,63.28
C0483,2023,55.52,78.56,71.51,68.53
C0483,2024,65.17,73.06,80.19,72.81
C0484,2015,79.82,60.47,62.60,67.63
C0484,2016,76.97,84.77,65.95,75.90
C0484,2017,72.28,48.13,80.52,66.98
C0484,2018,47.79,89.78,61.39,66.32
C0484,2019,67.35,45.94,75.08,62.79
C0484,2020,44.37,40.75,61.73,48.95
C0484,2021,58.87,84.50,60.89,68.09
C0484,2022,60.68,52.25,78.01,63.64
C0484,2023,41.99,76.48,48.74,55.74
C0484,2024,53.70,80.55,56.93,63.73
C0485,2015,87.78,82.95,51.21,73.98
C0485,2016,87.68,89.58,57.96,78.41
C0485,2017,57.62,54.70,51.52,54.61
C0485,2018,42.16,75.51,68.97,62.21
C0485,2019,48.95,45.77,79.91,58.21
C0485,2020,59.61,60.34,79.33,66.43
C0485,2021,87.39,82.40,58.23,76.00
C0485,2022,47.06,58.38,89.44,64.96
C0485,2023,78.18,69.55,69.69,72.47
C0485,2024,45.43,65.19,59.97,56.86
C0486,2015,89.06,72.30,81.78,81.05
C0486,2016,59.08,88.64,76.49,74.74
C0486,2017,78.76,42.79,77.46,66.34
C0486,2018,57.13,68.70,49.81,58.54
C0486,2019,71.38,83.15,63.42,72.65
C0486,2020,49.60,64.07,83.09,65.59
C0486,2021,47.30,43.93,65.20,52.14
C0486,2022,86.90,68.03,74.17,76.37
C0486,2023,85.88,56.60,69.40,70.63
C0486,2024,84.37,47.75,82.12,71.41
C0487,2015,71.27,82.45,54.23,69.32
C0487,2016,80.41,66.08,68.77,71.76
C0487,2017,43.45,86.66,46.16,58.76
C0487,2018,56.74,80.30,74.51,70.52
C0487,2019,55.69,74.65,76.60,68.98
C0487,2020,71.78,40.25,42.14,51.39
C0487,2021,57.80,61.39,73.79,64.33
C0487,2022,47.43,49.87,60.73,52.68
C0487,2023,69.82,85.54,46.20,67.19
C0487,2024,80.72,48.73,61.00,63.48
C0488,2015,59.11,54.30,49.71,54.37
C0488,2016,46.61,65.84,60.78,57.74
C0488,2017,49.83,53.17,59.22,54.07
C0488,2018,51.87,50.49,76.92,59.76
C0488,2019,54.99,69.95,78.71,67.89
C0488,2020,72.14,44.45,70.35,62.31
C0488,2021,70.05,42.91,41.13,51.36
C0488,2022,74.80,58.61,86.55,73.32
C0488,2023,58.13,76.03,74.31,69.49
C0488,2024,81.20,67.74,41.71,63.55
C0489,2015,50.20,61.14,80.94,64.10
C0489,2016,63.45,68.29,50.01,60.58
C0489,2017,80.05,58.27,68.96,69.09
C0489,2018,49.01,86.81,63.33,66.38
C0489,2019,45.49,42.75,60.99,49.74
C0489,2020,84.18,73.67,84.49,80.78
C0489,2021,57.15,84.56,61.87,67.86
C0489,2022,74.19,80.19,43.77,66.05
C0489,2023,41.27,49.20,87.33,59.27
C0489,2024,74.50,54.80,86.03,71.78
C0490,2015,55.81,75.85,74.22,68.63
C0490,2016,42.79,44.21,63.39,50.13
C0490,2017,70.49,80.59,44.64,65.24
C0490,2018,52.04,75.95,79.54,69.17
C0490,2019,59.34,76.48,43.77,59.86
C0490,2020,44.03,45.01,43.43,44.16
C0490,2021,47.36,75.89,66.87,63.37
C0490,2022,54.90,73.99,48.01,58.97
C0490,2023,44.49,81.55,40.39,55.47
C0490,2024,85.54,42.08,61.16,62.93
C0491,2015,40.30,41.16,46.86,42.77
C0491,2016,64.19,58.65,48.03,56.96
C0491,2017,46.16,47.44,43.85,45.82
C0491,2018,55.38,67.92,50.25,57.85
C0491,2019,86.30,85.87,75.77,82.65
C0491,2020,48.08,59.57,80.45,62.70
C0491,2021,88.29,82.25,62.63,77.72
C0491,2022,50.29,40.01,65.33,51.88
C0491,2023,77.08,48.43,41.63,55.71
C0491,2024,67.33,41.52,43.47,50.77
C0492,2015,84.22,56.41,52.88,64.50
C0492,2016,67.70,85.41,67.19,73.43
C0492,2017,66.73,44.85,76.98,62.85
C0492,2018,49.77,70.32,70.25,63.45
C0492,2019,48.31,62.57,59.61,56.83
C0492,2020,85.82,86.92,45.92,72.89
C0492,2021,56.39,46.13,79.04,60.52
C0492,2022,58.60,50.60,58.19,55.80
C0492,2023,77.99,41.48,76.80,65.42
C0492,2024,56.94,61.70,65.65,61.43
C0493,2015,87.60,53.89,76.93,72.81
C0493,2016,76.90,83.50,85.36,81.92
C0493,2017,69.87,70.25,86.05,75.39
C0493,2018,84.04,70.70,66.76,73.83
C0493,2019,42.48,66.60,65.58,58.22
C0493,2020,52.85,44.59,53.28,50.24
C0493,2021,63.25,62.25,86.79,70.76
C0493,2022,51.35,89.98,62.90,68.07
C0493,2023,77.20,81.76,46.38,68.45
C0493,2024,85.96,84.67,61.64,77.42
C0494,2015,61.19,81.16,46.35,62.90
C0494,2016,57.11,45.15,65.13,55.80
C0494,2017,88.08,51.37,68.06,69.17
C0494,2018,62.24,40.16,56.89,53.10
C0494,2019,64.45,55.18,43.58,54.40
C0494,2020,57.58,45.43,87.18,63.40
C0494,2021,85.48,63.64,78.67,75.93
C0494,2022,68.45,73.86,81.94,74.75
C0494,2023,78.11,83.73,58.34,73.39
C0494,2024,80.59,77.46,78.04,78.70
C0495,2015,57.09,86.93,64.27,69.43
C0495,2016,61.68,42.69,50.05,51.48
C0495,2017,82.42,40.61,46.22,56.42
C0495,2018,58.16,73.07,57.25,62.83
C0495,2019,79.70,54.47,46.88,60.35
C0495,2020,87.05,52.68,89.91,76.55
C0495,2021,71.16,56.54,42.46,56.72
C0495,2022,77.08,53.49,62.06,64.21
C0495,2023,80.25,65.57,62.60,69.48
C0495,2024,82.25,62.01,55.03,66.43
C0496,2015,59.75,65.62,68.57,64.65
C0496,2016,42.56,73.64,47.50,54.57
C0496,2017,60.09,59.36,79.20,66.22
C0496,2018,73.69,52.57,56.62,60.96
C0496,2019,62.52,48.31,69.57,60.13
C0496,2020,77.45,57.47,75.78,70.23
C0496,2021,57.85,77.09,84.45,73.13
C0496,2022,71.74,77.84,81.79,77.12
C0496,2023,49.32,73.35,70.42,64.36
C0496,2024,77.47,51.70,59.42,62.86
C0497,2015,67.28,69.40,65.16,67.28
C0497,2016,50.20,68.53,78.44,65.72
C0497,2017,54.60,64.21,83.88,67.56
C0497,2018,77.43,67.50,45.19,63.37
C0497,2019,64.13,64.59,59.24,62.65
C0497,2020,50.80,68.27,78.81,65.96
C0497,2021,88.36,75.78,61.58,75.24
C0497,2022,75.76,45.48,56.61,59.28
C0497,2023,87.86,77.48,60.57,75.30
C0497,2024,61.36,46.79,70.14,59.43
C0498,2015,63.76,43.33,89.99,65.69
C0498,2016,84.90,88.80,64.65,79.45
C0498,2017,66.25,87.85,50.42,68.18
C0498,2018,75.36,43.02,48.14,55.51
C0498,2019,52.61,62.16,42.12,52.30
C0498,2020,62.34,49.31,67.94,59.86
C0498,2021,46.17,64.27,67.23,59.22
C0498,2022,50.30,81.51,50.26,60.69
C0498,2023,40.05,87.53,74.77,67.45
C0498,2024,41.96,71.71,77.06,63.58
C0499,2015,88.86,57.70,52.95,66.50
C0499,2016,52.12,70.17,57.20,59.83
C0499,2017,73.17,55.60,89.52,72.76
C0499,2018,81.95,85.49,58.71,75.39
C0499,2019,67.53,83.52,78.04,76.36
C0499,2020,47.66,67.91,62.64,59.40
C0499,2021,76.41,56.24,79.67,70.77
C0499,2022,70.01,54.67,78.45,67.71
C0499,2023,76.56,41.67,73.39,63.87
C0499,2024,78.49,80.79,82.74,80.67
C0500,2015,88.77,62.52,86.96,79.42
C0500,2016,68.68,56.26,69.00,64.64
C0500,2017,57.08,63.56,51.87,57.50
C0500,2018,72.42,80.94,59.93,71.10
C0500,2019,43.42,46.23,77.92,55.86
C0500,2020,84.87,82.88,72.54,80.10
C0500,2021,45.97,84.88,48.89,59.91
C0500,2022,56.39,87.34,42.56,62.10
C0500,2023,80.79,59.87,74.15,71.60
C0500,2024,69.87,50.86,52.55,57.76
