Company_ID,Year,Revenue,Net_Income,ROA,ROE
C0001,2015,5046.74,804.95,3.20,17.76
C0001,2016,7492.79,582.02,2.79,14.19
C0001,2017,5670.40,578.36,9.85,24.29
C0001,2018,924.70,138.23,14.56,9.38
C0001,2019,1937.24,236.95,8.54,16.76
C0001,2020,2271.35,365.20,2.67,19.00
C0001,2021,2652.86,515.13,4.88,21.51
C0001,2022,5697.49,384.48,5.18,13.14
C0001,2023,5089.26,796.14,6.39,18.74
C0001,2024,2111.28,178.51,2.57,11.06
C0002,2015,768.79,86.24,13.76,13.71
C0002,2016,1797.18,98.72,8.70,22.91
C0002,2017,9845.37,692.98,10.72,24.00
C0002,2018,4738.61,464.23,2.87,19.38
C0002,2019,8686.72,879.95,2.70,12.49
C0002,2020,8502.65,1572.46,9.62,21.40
C0002,2021,5164.04,832.82,13.53,5.52
C0002,2022,7096.21,1389.63,8.87,7.05
C0002,2023,2008.24,280.87,13.41,18.23
C0002,2024,6915.13,596.48,12.54,10.82
C0003,2015,2796.61,277.28,2.99,24.03
C0003,2016,8337.41,816.86,4.63,13.72
C0003,2017,928.87,91.93,10.55,13.59
C0003,2018,7754.07,1170.44,7.77,18.56
C0003,2019,1089.38,141.21,5.78,20.35
C0003,2020,8823.77,951.32,7.44,14.51
C0003,2021,3111.62,225.17,7.79,9.28
C0003,2022,6578.49,350.77,13.84,20.47
C0003,2023,4926.27,408.02,3.34,11.41
C0003,2024,3726.40,246.39,5.64,8.50
C0004,2015,6489.87,1089.11,8.99,17.63
C0004,2016,9480.48,634.00,11.08,6.81
C0004,2017,508.57,80.68,10.20,24.43
C0004,2018,9196.64,991.85,14.24,17.65
C0004,2019,6129.91,373.97,12.34,24.72
C0004,2020,8092.41,1391.16,9.24,11.78
C0004,2021,3900.36,534.13,4.79,24.42
C0004,2022,4771.25,407.29,7.86,7.91
C0004,2023,8701.62,1602.86,11.01,5.81
C0004,2024,4206.99,238.91,12.89,5.66
C0005,2015,5393.13,432.92,14.48,14.30
C0005,2016,299.93,48.83,9.87,6.66
C0005,2017,1670.12,261.22,8.85,15.24
C0005,2018,6452.70,602.62,2.23,11.55
C0005,2019,7198.07,426.87,2.94,11.71
C0005,2020,5867.75,1048.64,4.03,17.71
C0005,2021,1518.77,147.40,2.71,8.26
C0005,2022,4509.51,357.86,7.21,20.33
C0005,2023,3615.44,460.64,6.38,16.64
C0005,2024,5007.05,933.98,10.29,23.30
C0006,2015,8716.26,492.75,8.96,12.30
C0006,2016,7781.03,1282.86,9.75,24.65
C0006,2017,931.50,126.56,8.14,16.52
C0006,2018,8914.06,1014.57,5.61,24.47
C0006,2019,4770.49,770.97,14.39,5.54
C0006,2020,7464.24,1454.58,3.12,19.56
C0006,2021,1486.39,125.42,14.21,21.33
C0006,2022,6740.12,482.24,6.05,6.06
C0006,2023,2439.63,456.05,8.66,16.58
C0006,2024,4439.97,667.52,3.41,21.04
C0007,2015,266.94,30.88,2.92,16.22
C0007,2016,1600.95,217.71,7.58,6.28
C0007,2017,1011.60,163.72,11.64,18.87
C0007,2018,2473.47,410.48,5.50,6.21
C0007,2019,1090.18,204.94,9.31,21.35
C0007,2020,6949.91,792.47,5.62,5.86
C0007,2021,387.50,36.43,7.05,7.75
C0007,2022,6215.63,907.17,13.78,10.50
C0007,2023,1493.01,167.75,13.13,17.67
C0007,2024,9457.10,1316.33,8.71,24.53
C0008,2015,9337.63,1055.13,5.10,7.36
C0008,2016,2332.48,170.15,4.51,7.85
C0008,2017,6182.77,744.49,14.40,12.38
C0008,2018,377.25,57.96,4.64,21.72
C0008,2019,9324.71,1584.20,12.51,14.34
C0008,2020,5277.57,654.41,6.80,11.43
C0008,2021,527.91,39.48,14.81,16.22
C0008,2022,3490.75,391.67,6.79,10.21
C0008,2023,860.81,144.57,6.57,13.02
C0008,2024,3990.15,446.61,10.29,11.65
C0009,2015,6732.27,1040.00,14.50,21.08
C0009,2016,4751.91,599.13,14.69,23.49
C0009,2017,3898.85,336.02,11.19,20.19
C0009,2018,1279.65,216.80,11.81,13.78
C0009,2019,2524.90,158.14,9.32,15.09
C0009,2020,1091.42,140.50,11.83,7.50
C0009,2021,8094.24,658.33,13.18,19.94
C0009,2022,1438.87,86.42,8.32,16.93
C0009,2023,5994.20,751.91,10.06,23.05
C0009,2024,3493.13,436.41,8.99,9.01
C0010,2015,2337.19,364.68,9.31,20.19
C0010,2016,6430.74,1039.93,13.57,18.69
C0010,2017,4624.32,736.05,6.62,10.32
C0010,2018,4061.44,452.58,4.71,18.35
C0010,2019,5969.23,864.07,7.93,23.49
C0010,2020,4963.55,677.73,4.71,23.37
C0010,2021,3104.49,351.54,8.48,19.39
C0010,2022,5634.71,786.50,13.75,5.96
C0010,2023,6728.04,1292.37,10.03,22.45
C0010,2024,364.26,28.75,13.12,18.16
C0011,2015,4712.13,875.82,4.16,11.21
C0011,2016,671.06,38.93,13.71,8.75
C0011,2017,1945.41,187.26,9.82,7.32
C0011,2018,5649.04,526.61,2.41,6.00
C0011,2019,8675.27,1248.85,10.23,20.08
C0011,2020,8839.78,615.99,14.37,9.72
C0011,2021,792.45,144.50,3.03,5.49
C0011,2022,4249.14,740.55,9.57,12.95
C0011,2023,5871.76,867.90,13.90,14.65
C0011,2024,1555.99,184.79,2.13,8.38
C0012,2015,7677.78,1458.34,10.20,5.88
C0012,2016,7467.93,1303.99,8.17,8.78
C0012,2017,9043.08,1129.46,6.51,18.58
C0012,2018,184.01,28.57,10.16,6.64
C0012,2019,2245.17,303.19,2.69,16.10
C0012,2020,8289.15,1145.49,11.79,7.93
C0012,2021,6738.74,671.49,2.06,8.91
C0012,2022,8954.46,1068.38,5.99,12.86
C0012,2023,666.08,41.11,8.55,7.02
C0012,2024,6009.94,622.64,6.90,8.46
C0013,2015,5733.56,885.11,6.00,11.98
C0013,2016,453.18,87.46,12.80,11.59
C0013,2017,5183.87,1008.05,14.15,19.99
C0013,2018,6134.25,818.05,13.36,6.50
C0013,2019,1993.80,281.11,8.79,22.21
C0013,2020,2805.96,218.47,13.49,21.32
C0013,2021,6439.44,993.58,13.97,20.32
C0013,2022,4736.18,287.01,7.32,11.19
C0013,2023,8594.34,796.72,5.68,21.46
C0013,2024,3489.58,524.33,3.28,8.66
C0014,2015,2739.93,264.53,8.23,7.49
C0014,2016,9850.17,566.16,14.30,5.90
C0014,2017,9120.24,1594.04,9.29,23.79
C0014,2018,387.03,37.37,10.68,11.16
C0014,2019,7730.21,459.68,3.47,23.35
C0014,2020,1192.31,72.99,3.87,10.45
C0014,2021,372.10,32.66,8.04,23.15
C0014,2022,2809.59,215.50,14.37,23.08
C0014,2023,2766.52,459.64,6.69,23.47
C0014,2024,8211.26,806.78,13.41,14.92
C0015,2015,7135.61,1218.08,3.56,22.32
C0015,2016,9817.93,746.92,10.02,24.02
C0015,2017,7143.98,885.37,9.81,11.49
C0015,2018,4240.73,649.70,13.18,13.38
C0015,2019,7019.38,1037.46,2.04,19.38
C0015,2020,9994.64,1400.94,4.47,11.01
C0015,2021,7130.40,1345.67,4.86,20.08
C0015,2022,7640.65,643.94,14.35,6.48
C0015,2023,9389.81,1164.88,4.00,15.47
C0015,2024,1225.15,223.71,2.48,7.45
C0016,2015,7077.36,436.56,8.95,10.87
C0016,2016,8522.98,497.60,8.87,10.17
C0016,2017,9548.35,811.57,12.97,21.78
C0016,2018,2188.60,317.24,14.34,8.87
C0016,2019,5088.90,452.82,9.00,21.17
C0016,2020,6837.49,536.99,14.09,20.88
C0016,2021,2549.93,302.98,11.43,14.98
C0016,2022,6044.68,858.58,5.44,9.68
C0016,2023,2650.03,231.30,14.07,9.54
C0016,2024,3401.22,323.47,10.68,14.30
C0017,2015,4471.04,635.04,7.38,5.18
C0017,2016,5338.98,1024.34,10.84,15.63
C0017,2017,4548.72,687.82,7.22,24.06
C0017,2018,4982.64,834.27,3.48,8.09
C0017,2019,3056.03,320.95,11.35,16.47
C0017,2020,1673.75,152.04,12.71,24.24
C0017,2021,568.76,67.19,11.47,22.21
C0017,2022,2040.19,349.02,4.98,22.01
C0017,2023,5861.24,694.23,14.44,21.44
C0017,2024,7882.54,1395.28,2.33,11.18
C0018,2015,1775.55,352.12,6.32,22.81
C0018,2016,1174.70,71.43,5.38,23.83
C0018,2017,7517.97,427.11,2.63,14.92
C0018,2018,3121.07,226.09,7.27,12.09
C0018,2019,9519.84,1024.86,10.10,13.28
C0018,2020,7171.75,499.56,13.47,11.68
C0018,2021,3334.88,602.28,14.87,9.25
C0018,2022,2966.47,158.62,12.51,17.37
C0018,2023,5284.61,514.56,8.09,16.25
C0018,2024,883.53,68.65,11.41,14.25
C0019,2015,1265.00,240.01,12.97,6.92
C0019,2016,1840.99,276.93,8.05,20.94
C0019,2017,7769.76,1451.43,12.21,8.50
C0019,2018,5187.19,1015.91,8.27,7.29
C0019,2019,204.61,25.49,7.02,17.46
C0019,2020,6767.81,576.26,8.84,12.97
C0019,2021,4294.53,339.52,10.79,6.20
C0019,2022,5157.44,430.33,11.45,12.11
C0019,2023,2219.75,346.92,6.64,20.44
C0019,2024,5562.64,311.88,9.43,17.30
C0020,2015,9793.62,565.13,13.83,12.26
C0020,2016,827.10,116.80,14.69,8.84
C0020,2017,2910.78,425.87,4.95,17.64
C0020,2018,2505.68,375.32,4.51,22.75
C0020,2019,2560.64,270.87,10.80,17.93
C0020,2020,3849.19,657.80,7.39,21.26
C0020,2021,8199.29,1066.27,2.31,15.43
C0020,2022,9137.30,601.42,6.51,19.36
C0020,2023,2101.93,356.41,12.49,22.92
C0020,2024,5475.20,1056.50,12.37,20.46
C0021,2015,6405.30,377.95,8.43,23.20
C0021,2016,5266.09,572.44,8.14,13.62
C0021,2017,4397.36,541.44,9.53,23.08
C0021,2018,2000.56,143.98,4.85,17.43
C0021,2019,4933.37,888.78,8.84,22.40
C0021,2020,4072.03,377.16,2.14,5.79
C0021,2021,7976.08,1335.60,8.18,18.16
C0021,2022,7659.68,1153.92,6.37,21.96
C0021,2023,1426.59,199.30,10.77,8.48
C0021,2024,976.34,76.96,10.30,18.24
C0022,2015,9090.72,755.49,6.95,21.50
C0022,2016,5401.53,308.44,2.09,10.76
C0022,2017,8592.23,739.85,5.28,13.10
C0022,2018,675.70,68.80,10.23,16.39
C0022,2019,5312.50,929.54,2.94,15.38
C0022,2020,5440.32,571.01,3.40,5.78
C0022,2021,8620.95,1406.88,10.41,6.97
C0022,2022,1066.34,123.61,11.82,7.01
C0022,2023,2480.41,416.04,6.18,10.25
C0022,2024,4124.73,810.26,8.37,9.92
C0023,2015,8671.83,745.57,14.29,19.84
C0023,2016,9394.94,1685.00,14.29,16.45
C0023,2017,9927.97,1422.42,6.00,20.28
C0023,2018,9596.02,1656.22,12.53,6.40
C0023,2019,158.82,23.46,9.72,14.70
C0023,2020,572.31,65.01,14.68,11.48
C0023,2021,1561.31,131.48,8.21,22.00
C0023,2022,3553.73,215.02,12.07,19.16
C0023,2023,8316.19,1083.83,11.99,22.39
C0023,2024,8937.30,1774.49,8.47,5.93
C0024,2015,1949.66,313.32,12.34,19.42
C0024,2016,6234.68,617.87,5.39,15.80
C0024,2017,9181.88,1598.39,3.59,21.50
C0024,2018,4690.94,775.64,7.53,15.14
C0024,2019,1125.08,103.78,14.27,15.80
C0024,2020,4632.36,241.56,8.51,6.04
C0024,2021,3820.37,258.73,10.26,18.37
C0024,2022,5818.81,1056.67,10.11,10.46
C0024,2023,4442.72,779.63,3.72,5.39
C0024,2024,271.72,25.62,7.07,6.33
C0025,2015,9940.58,922.28,11.19,24.15
C0025,2016,5481.05,925.91,14.64,11.92
C0025,2017,4788.94,913.06,4.18,22.36
C0025,2018,9550.71,1593.73,7.34,24.19
C0025,2019,1643.02,231.40,3.24,23.87
C0025,2020,1973.45,170.51,5.15,22.63
C0025,2021,8099.35,1043.70,6.90,22.90
C0025,2022,2682.23,228.06,9.03,10.78
C0025,2023,8012.35,1371.73,5.00,8.03
C0025,2024,2788.18,301.25,4.96,17.79
C0026,2015,428.56,75.02,12.11,14.76
C0026,2016,5218.45,559.63,14.51,6.97
C0026,2017,2047.20,355.44,6.21,18.55
C0026,2018,7602.68,760.25,10.94,16.26
C0026,2019,6447.88,748.08,5.36,22.26
C0026,2020,9243.67,1315.59,14.06,17.18
C0026,2021,7851.58,475.36,10.75,16.48
C0026,2022,1889.68,363.26,12.43,13.82
C0026,2023,8021.57,1091.26,2.64,14.26
C0026,2024,6453.20,814.22,9.78,24.09
C0027,2015,6722.62,1182.57,8.86,7.77
C0027,2016,8339.40,1499.96,5.81,13.92
C0027,2017,5780.86,741.91,5.41,18.12
C0027,2018,4713.43,891.26,9.54,13.66
C0027,2019,6402.75,382.31,11.18,10.66
C0027,2020,3049.78,204.29,2.43,10.75
C0027,2021,1907.71,266.16,9.38,9.67
C0027,2022,6204.22,639.72,4.22,11.88
C0027,2023,2415.10,288.93,3.82,22.43
C0027,2024,891.16,88.41,10.10,15.10
C0028,2015,105.49,11.68,6.04,9.80
C0028,2016,6122.36,1061.60,7.73,12.69
C0028,2017,3685.27,512.33,6.68,7.12
C0028,2018,7547.88,1506.57,10.43,23.08
C0028,2019,3814.25,640.91,8.11,13.16
C0028,2020,4911.43,447.19,14.52,24.61
C0028,2021,4130.14,370.27,6.58,11.95
C0028,2022,6540.69,656.59,11.62,21.73
C0028,2023,3625.78,639.91,5.34,10.13
C0028,2024,9641.30,521.53,8.61,6.52
C0029,2015,9367.86,791.84,9.18,5.63
C0029,2016,8495.48,1577.93,6.28,17.12
C0029,2017,9210.97,1344.66,8.13,11.23
C0029,2018,4546.48,382.03,5.63,13.87
C0029,2019,5410.66,448.39,2.08,21.37
C0029,2020,7446.72,1335.89,4.80,9.96
C0029,2021,6991.84,1286.94,11.10,11.17
C0029,2022,8917.72,788.50,12.02,21.91
C0029,2023,7191.68,813.21,5.64,14.86
C0029,2024,9979.06,1748.22,7.30,21.55
C0030,2015,3550.21,588.10,2.49,12.49
C0030,2016,8346.68,1436.36,5.08,12.97
C0030,2017,7006.58,895.16,12.13,8.34
C0030,2018,6944.73,1296.81,9.88,23.33
C0030,2019,3325.77,328.89,4.68,22.94
C0030,2020,7877.46,579.00,5.35,24.68
C0030,2021,9013.72,1408.93,12.62,13.05
C0030,2022,2263.63,296.32,4.72,21.37
C0030,2023,6292.42,1121.23,6.34,13.30
C0030,2024,3982.13,247.58,10.64,14.09
C0031,2015,9896.53,1747.27,9.29,21.60
C0031,2016,4840.44,454.97,7.99,8.55
C0031,2017,2360.37,349.87,13.70,9.41
C0031,2018,3880.39,217.38,4.86,11.29
C0031,2019,6573.00,929.67,11.64,20.76
C0031,2020,853.28,134.47,4.07,12.45
C0031,2021,6075.66,639.84,10.00,12.16
C0031,2022,9319.13,767.07,13.32,24.98
C0031,2023,8518.59,1112.91,7.95,12.68
C0031,2024,769.97,134.73,11.42,9.96
C0032,2015,9934.56,978.87,12.67,17.46
C0032,2016,7017.40,616.62,3.77,21.04
C0032,2017,1706.58,156.73,11.18,6.39
C0032,2018,222.92,42.88,13.96,17.38
C0032,2019,1795.70,186.56,9.49,5.71
C0032,2020,8397.94,424.44,4.42,15.53
C0032,2021,314.23,52.56,3.65,10.14
C0032,2022,2408.16,373.00,5.38,11.13
C0032,2023,7597.33,526.38,3.35,14.34
C0032,2024,5902.49,1167.13,8.67,23.54
C0033,2015,7849.08,1108.36,2.91,19.21
C0033,2016,7486.89,936.74,4.90,23.74
C0033,2017,600.95,64.50,7.72,18.20
C0033,2018,8935.86,1651.36,8.16,5.14
C0033,2019,2347.62,203.29,9.35,10.31
C0033,2020,5578.59,518.06,11.17,23.12
C0033,2021,6478.45,442.88,2.61,17.87
C0033,2022,1769.42,289.95,3.05,24.63
C0033,2023,9764.69,1360.54,2.79,8.12
C0033,2024,4932.74,697.29,7.50,10.93
C0034,2015,670.66,55.51,2.54,12.25
C0034,2016,9378.89,1385.03,11.70,11.53
C0034,2017,5904.05,973.10,4.90,10.04
C0034,2018,7022.01,728.07,14.21,13.87
C0034,2019,5299.24,901.94,8.32,17.85
C0034,2020,8363.91,855.78,7.80,11.23
C0034,2021,428.02,70.08,12.15,6.59
C0034,2022,2756.95,151.80,11.27,19.17
C0034,2023,4749.52,630.14,9.90,14.18
C0034,2024,858.38,167.75,14.16,16.13
C0035,2015,7088.48,1397.75,7.49,14.11
C0035,2016,3997.27,368.80,12.51,22.81
C0035,2017,2799.41,325.32,6.94,16.17
C0035,2018,133.45,7.93,12.90,23.47
C0035,2019,7226.32,1307.97,5.37,15.21
C0035,2020,8354.71,1130.27,5.76,10.85
C0035,2021,4010.90,432.24,10.81,12.11
C0035,2022,5685.76,380.47,4.77,15.44
C0035,2023,2354.10,452.02,4.98,15.60
C0035,2024,6259.76,810.84,5.97,18.75
C0036,2015,220.16,20.35,10.83,9.49
C0036,2016,4937.57,506.26,13.56,18.18
C0036,2017,6477.63,586.90,10.77,20.57
C0036,2018,9190.10,1289.11,12.76,18.53
C0036,2019,3875.22,734.33,9.07,14.64
C0036,2020,7675.38,1370.09,2.90,24.83
C0036,2021,6017.10,716.38,3.31,13.10
C0036,2022,9277.42,1614.04,9.21,7.13
C0036,2023,4043.94,458.85,6.26,21.43
C0036,2024,3259.04,286.29,4.87,9.24
C0037,2015,8882.71,1754.44,8.06,19.27
C0037,2016,587.52,56.16,10.66,8.58
C0037,2017,1450.22,142.93,7.00,5.34
C0037,2018,915.80,181.74,12.43,8.20
C0037,2019,8446.79,592.03,11.60,12.54
C0037,2020,205.01,33.64,11.55,7.13
C0037,2021,8630.41,1642.99,14.81,8.95
C0037,2022,4567.55,579.03,5.84,20.29
C0037,2023,139.85,7.05,10.38,20.40
C0037,2024,4076.29,433.14,13.12,21.35
C0038,2015,1949.33,130.09,9.53,21.82
C0038,2016,6281.56,706.22,12.26,13.41
C0038,2017,6825.65,1150.15,7.39,22.35
C0038,2018,4926.52,570.52,9.68,15.52
C0038,2019,501.14,57.53,2.72,14.41
C0038,2020,6595.68,880.64,14.81,19.37
C0038,2021,8436.18,1157.90,12.40,9.28
C0038,2022,7231.21,1290.37,13.29,20.79
C0038,2023,8316.58,800.50,11.03,13.59
C0038,2024,2085.04,361.24,4.42,7.55
C0039,2015,8899.99,1200.52,2.40,7.39
C0039,2016,3289.72,312.78,13.24,8.30
C0039,2017,232.71,21.94,7.15,22.81
C0039,2018,8449.58,880.20,5.43,24.82
C0039,2019,9424.03,1351.44,9.30,12.14
C0039,2020,6590.03,557.66,7.47,10.84
C0039,2021,2391.22,449.67,10.47,9.38
C0039,2022,2592.27,353.16,8.29,21.48
C0039,2023,4719.27,887.23,11.06,9.18
C0039,2024,8988.53,511.99,13.09,23.48
C0040,2015,1581.02,160.30,4.54,18.35
C0040,2016,8277.14,442.17,6.28,22.94
C0040,2017,2983.90,271.05,7.68,16.08
C0040,2018,8105.00,1453.23,14.51,18.81
C0040,2019,9210.68,511.11,6.75,17.39
C0040,2020,4332.19,500.03,6.95,21.62
C0040,2021,3714.00,251.20,10.50,21.72
C0040,2022,8041.99,904.93,7.45,16.80
C0040,2023,5341.88,939.25,14.37,17.65
C0040,2024,6876.05,986.44,13.63,23.44
C0041,2015,6266.01,1005.78,8.67,23.60
C0041,2016,1613.60,165.18,10.38,18.28
C0041,2017,8463.42,1622.10,2.75,5.16
C0041,2018,2038.17,318.75,11.04,7.09
C0041,2019,9329.59,1056.76,11.19,22.16
C0041,2020,2580.66,294.12,6.67,6.69
C0041,2021,7365.42,1383.25,4.86,9.27
C0041,2022,2918.09,398.20,13.90,9.61
C0041,2023,3246.08,506.25,7.55,17.00
C0041,2024,3169.02,356.69,10.50,16.53
C0042,2015,7504.13,627.00,2.43,10.79
C0042,2016,5612.47,889.77,7.38,9.15
C0042,2017,8841.23,1248.15,12.62,20.29
C0042,2018,3142.99,393.51,7.04,23.71
C0042,2019,6950.73,998.15,9.84,6.06
C0042,2020,7554.19,613.72,4.73,7.66
C0042,2021,1599.67,270.49,7.41,17.84
C0042,2022,4065.83,781.55,14.06,21.09
C0042,2023,4879.89,896.27,9.36,20.82
C0042,2024,3621.31,355.67,13.73,19.39
C0043,2015,3288.91,364.74,13.73,22.75
C0043,2016,6895.56,1180.94,14.27,9.35
C0043,2017,2237.08,311.55,13.64,7.15
C0043,2018,7122.97,941.57,2.04,17.31
C0043,2019,9356.94,1768.43,14.14,21.45
C0043,2020,5695.46,742.71,3.79,16.64
C0043,2021,6153.20,782.94,2.52,24.26
C0043,2022,782.43,44.05,2.72,20.91
C0043,2023,8658.32,523.07,6.54,19.02
C0043,2024,2925.93,149.55,10.07,6.21
C0044,2015,6189.01,1157.26,7.23,7.15
C0044,2016,9793.21,1089.57,2.33,20.70
C0044,2017,5995.48,721.16,8.19,8.96
C0044,2018,7274.62,1286.21,7.75,5.58
C0044,2019,4508.66,637.47,11.84,23.22
C0044,2020,697.62,98.66,5.63,22.82
C0044,2021,7996.23,755.49,4.83,9.37
C0044,2022,446.49,78.17,5.33,20.60
C0044,2023,7036.51,526.86,5.95,5.96
C0044,2024,326.92,18.95,9.79,10.70
C0045,2015,8636.82,680.07,8.13,17.47
C0045,2016,1660.60,149.72,6.38,20.26
C0045,2017,5191.29,479.40,6.87,5.21
C0045,2018,6011.79,905.24,6.82,11.52
C0045,2019,4629.70,382.75,14.64,9.29
C0045,2020,3473.56,526.24,5.03,24.98
C0045,2021,4731.36,301.24,12.63,18.42
C0045,2022,3183.02,229.43,11.21,13.11
C0045,2023,4437.41,560.55,2.07,6.51
C0045,2024,3653.24,687.85,14.91,16.97
C0046,2015,5705.43,1020.90,11.83,17.83
C0046,2016,2455.45,479.58,10.87,21.33
C0046,2017,9887.70,1459.15,7.27,10.77
C0046,2018,5058.61,765.73,9.22,24.63
C0046,2019,2022.20,290.70,5.29,13.79
C0046,2020,4822.96,691.72,2.46,10.92
C0046,2021,8677.51,625.37,12.87,11.97
C0046,2022,315.89,41.56,13.65,15.39
C0046,2023,6827.59,736.77,4.11,23.73
C0046,2024,5524.88,642.99,12.23,19.70
C0047,2015,1778.62,228.62,11.63,16.54
C0047,2016,8193.02,567.44,4.32,8.26
C0047,2017,3751.96,389.92,7.48,7.99
C0047,2018,3008.64,179.07,7.50,15.04
C0047,2019,8298.44,1634.38,11.88,19.57
C0047,2020,6421.40,435.24,12.89,20.02
C0047,2021,8992.76,798.37,3.23,9.52
C0047,2022,6335.85,1163.86,9.32,7.00
C0047,2023,7434.09,909.98,11.90,12.69
C0047,2024,8380.81,589.55,12.22,23.36
C0048,2015,641.92,69.09,3.92,15.91
C0048,2016,7782.88,524.41,8.83,11.40
C0048,2017,6175.69,494.26,13.15,11.47
C0048,2018,788.13,45.56,6.14,7.64
C0048,2019,5134.92,594.29,7.53,14.46
C0048,2020,916.33,156.69,12.46,20.83
C0048,2021,7385.88,1018.48,3.16,24.37
C0048,2022,5510.37,776.70,13.17,15.03
C0048,2023,9540.38,764.07,6.05,8.34
C0048,2024,1913.04,194.33,2.02,18.66
C0049,2015,6099.73,1078.35,5.04,20.14
C0049,2016,2194.66,138.66,3.16,6.43
C0049,2017,6179.24,1104.17,3.20,22.00
C0049,2018,7254.23,889.03,11.01,21.59
C0049,2019,7250.81,1273.04,4.78,14.45
C0049,2020,8169.23,798.14,14.15,16.21
C0049,2021,8550.15,862.08,8.71,19.27
C0049,2022,864.99,140.77,7.98,18.53
C0049,2023,3498.34,586.85,7.65,5.33
C0049,2024,6902.51,582.89,11.00,7.45
C0050,2015,5036.00,986.71,7.88,8.25
C0050,2016,1987.69,124.58,3.67,20.11
C0050,2017,5571.82,335.84,13.44,13.80
C0050,2018,4133.61,575.92,7.57,15.91
C0050,2019,3961.38,627.53,2.96,20.45
C0050,2020,8116.56,1575.69,8.88,11.82
C0050,2021,4135.22,457.94,10.42,19.98
C0050,2022,361.90,19.47,5.58,13.85
C0050,2023,674.83,94.77,12.40,12.54
C0050,2024,8576.82,801.54,10.71,11.66
C0051,2015,9609.95,1104.59,10.45,24.30
C0051,2016,6915.25,852.45,7.47,20.44
C0051,2017,3707.25,221.24,14.50,5.40
C0051,2018,9392.14,1154.27,5.56,24.15
C0051,2019,6661.75,759.09,9.51,20.51
C0051,2020,8458.90,1327.05,6.02,7.98
C0051,2021,7681.94,1128.09,11.68,6.53
C0051,2022,3853.48,299.73,2.62,11.16
C0051,2023,4839.15,391.59,2.60,17.48
C0051,2024,1942.71,170.28,12.54,17.33
C0052,2015,2990.94,229.83,7.65,10.52
C0052,2016,7803.44,1159.45,6.44,13.91
C0052,2017,8950.39,1782.60,9.90,9.24
C0052,2018,7272.16,1074.94,11.12,6.01
C0052,2019,4705.22,663.45,4.62,15.34
C0052,2020,956.44,106.63,4.41,11.94
C0052,2021,663.78,64.31,14.46,15.86
C0052,2022,3805.82,710.40,9.67,23.93
C0052,2023,4691.84,916.55,7.07,7.87
C0052,2024,6130.29,763.32,12.42,5.04
C0053,2015,164.25,15.36,8.83,6.54
C0053,2016,9898.26,1638.34,5.14,14.25
C0053,2017,3702.99,258.72,4.69,19.14
C0053,2018,8496.14,1400.49,7.16,16.62
C0053,2019,5396.17,932.69,13.18,14.90
C0053,2020,1391.35,95.64,2.80,12.08
C0053,2021,7995.90,1571.43,4.84,11.20
C0053,2022,7127.29,1409.97,13.61,12.53
C0053,2023,5321.62,1013.81,3.58,17.23
C0053,2024,5194.08,646.17,10.19,8.36
C0054,2015,966.05,83.96,4.78,20.43
C0054,2016,6592.90,905.21,9.88,16.51
C0054,2017,9121.33,1030.62,6.98,10.38
C0054,2018,1023.12,82.76,3.32,15.02
C0054,2019,2708.76,307.58,9.57,24.26
C0054,2020,9032.85,1351.16,10.88,5.41
C0054,2021,2915.00,176.76,10.84,8.99
C0054,2022,6574.04,657.49,10.28,13.97
C0054,2023,5394.70,284.13,8.50,17.77
C0054,2024,6003.64,975.14,8.75,9.24
C0055,2015,4216.31,616.02,10.26,23.63
C0055,2016,3069.92,182.36,10.97,17.85
C0055,2017,580.48,113.03,10.51,22.55
C0055,2018,7468.38,398.76,9.63,11.59
C0055,2019,7486.33,1036.81,4.03,21.58
C0055,2020,6740.18,1121.94,4.74,12.56
C0055,2021,6471.97,1088.49,5.38,10.06
C0055,2022,2512.80,138.56,13.96,23.23
C0055,2023,321.21,59.73,11.87,6.84
C0055,2024,8106.28,1522.10,9.19,23.86
C0056,2015,4962.27,665.98,5.28,14.17
C0056,2016,3137.70,383.78,3.44,24.85
C0056,2017,1109.13,62.92,13.68,15.79
C0056,2018,720.94,96.82,13.60,20.15
C0056,2019,3553.78,395.92,3.44,5.14
C0056,2020,8066.90,1338.47,12.36,14.93
C0056,2021,9195.37,1016.85,7.81,19.75
C0056,2022,8977.84,1369.45,6.21,20.66
C0056,2023,9208.01,600.47,11.61,8.16
C0056,2024,9086.48,635.53,9.99,13.38
C0057,2015,5319.53,377.46,12.14,13.38
C0057,2016,2272.21,129.13,2.97,7.07
C0057,2017,8000.66,1049.68,6.14,13.86
C0057,2018,2215.76,374.67,6.15,21.14
C0057,2019,2745.35,388.64,6.29,11.00
C0057,2020,2409.22,328.24,8.53,13.65
C0057,2021,5198.33,790.63,5.68,24.22
C0057,2022,3286.09,331.72,7.78,5.63
C0057,2023,1626.14,169.60,6.78,16.83
C0057,2024,4586.42,445.53,11.56,19.87
C0058,2015,8751.68,1372.41,9.85,20.22
C0058,2016,5748.47,426.80,10.50,19.32
C0058,2017,8795.52,456.96,4.74,19.53
C0058,2018,2039.13,284.32,6.23,6.18
C0058,2019,1753.04,335.46,2.28,15.68
C0058,2020,5798.21,819.93,3.41,20.66
C0058,2021,4686.96,784.78,5.45,6.88
C0058,2022,6635.71,1001.45,2.85,5.24
C0058,2023,7966.81,992.79,9.83,21.29
C0058,2024,7537.94,1189.18,14.98,19.25
C0059,2015,9428.39,1636.92,3.31,13.24
C0059,2016,4042.74,338.42,12.68,23.81
C0059,2017,2143.23,215.22,3.54,20.33
C0059,2018,5554.04,464.09,10.71,24.36
C0059,2019,1196.36,140.96,10.36,23.59
C0059,2020,2959.63,540.90,13.74,14.63
C0059,2021,2158.09,219.65,3.48,20.09
C0059,2022,4025.98,427.44,6.10,18.38
C0059,2023,1201.04,215.05,3.18,21.23
C0059,2024,415.23,52.86,7.30,20.75
C0060,2015,6602.26,860.39,13.85,8.06
C0060,2016,6141.46,1100.06,12.16,9.67
C0060,2017,7112.75,878.99,11.40,10.31
C0060,2018,6637.83,1010.50,8.93,21.37
C0060,2019,1231.52,77.40,13.49,21.21
C0060,2020,2981.68,228.98,7.84,14.91
C0060,2021,1382.31,152.96,3.95,16.62
C0060,2022,8445.43,1049.14,12.89,21.54
C0060,2023,7494.35,1460.35,5.64,11.25
C0060,2024,2095.12,409.80,2.70,6.00
C0061,2015,3478.96,618.14,3.64,14.65
C0061,2016,9669.49,941.23,9.92,23.27
C0061,2017,5982.18,1164.16,9.89,20.81
C0061,2018,8031.44,1232.03,5.38,12.33
C0061,2019,2719.45,296.26,11.45,6.30
C0061,2020,2179.52,338.37,12.06,17.74
C0061,2021,7860.78,412.52,13.97,21.69
C0061,2022,6890.14,495.56,9.60,18.30
C0061,2023,6841.68,1193.55,12.13,13.50
C0061,2024,5571.08,818.04,11.79,7.47
C0062,2015,5679.43,594.23,5.35,23.22
C0062,2016,7383.41,923.66,6.03,10.52
C0062,2017,2773.02,515.15,8.22,9.49
C0062,2018,3592.41,519.95,2.25,21.32
C0062,2019,8729.20,957.79,5.87,24.62
C0062,2020,3157.77,214.88,8.16,18.20
C0062,2021,5508.46,518.14,3.40,17.50
C0062,2022,7056.13,1388.30,3.64,11.39
C0062,2023,9999.26,1155.96,8.02,5.41
C0062,2024,4409.38,532.55,11.50,8.84
C0063,2015,4338.12,541.35,12.84,16.69
C0063,2016,8441.62,1541.57,9.10,8.03
C0063,2017,8074.48,1135.19,8.17,22.68
C0063,2018,7337.65,1130.38,7.00,8.76
C0063,2019,4685.97,508.02,4.51,15.44
C0063,2020,3307.00,179.78,3.91,15.24
C0063,2021,6126.43,1161.85,12.29,17.08
C0063,2022,8774.61,1687.96,8.05,11.55
C0063,2023,8849.40,1702.38,12.27,22.47
C0063,2024,1174.13,224.91,11.15,13.89
C0064,2015,4340.67,747.84,4.52,19.00
C0064,2016,4700.75,717.75,8.63,17.72
C0064,2017,9778.39,1727.61,7.77,7.34
C0064,2018,6812.18,954.26,7.51,17.45
C0064,2019,4131.74,289.86,9.05,16.01
C0064,2020,357.97,38.91,14.77,22.97
C0064,2021,5697.31,1114.93,12.57,22.62
C0064,2022,1051.15,107.92,13.75,8.02
C0064,2023,8361.05,1506.45,2.39,6.63
C0064,2024,7549.93,483.06,3.82,10.89
C0065,2015,4659.04,466.50,3.10,24.73
C0065,2016,4349.19,446.41,5.42,5.43
C0065,2017,8983.66,518.72,7.74,18.46
C0065,2018,2955.74,200.59,10.35,17.17
C0065,2019,2565.30,202.59,8.51,17.93
C0065,2020,9398.05,1650.98,13.74,9.37
C0065,2021,8111.53,482.72,14.22,9.53
C0065,2022,8224.19,779.70,4.13,13.61
C0065,2023,2032.42,104.72,13.09,6.92
C0065,2024,1518.63,234.39,8.26,6.49
C0066,2015,357.69,51.17,7.89,6.77
C0066,2016,2446.71,359.05,12.20,16.46
C0066,2017,7764.49,824.26,3.21,12.95
C0066,2018,2476.38,201.18,13.47,10.87
C0066,2019,7318.12,1156.61,10.72,11.32
C0066,2020,2593.89,445.29,13.38,9.15
C0066,2021,4013.40,284.11,14.93,13.23
C0066,2022,9833.31,1209.74,8.73,9.06
C0066,2023,2523.64,220.33,3.21,18.96
C0066,2024,3826.07,287.78,4.16,7.48
C0067,2015,3080.76,493.38,6.21,23.96
C0067,2016,1185.29,154.93,3.35,6.80
C0067,2017,4949.95,408.01,12.60,23.87
C0067,2018,3849.04,371.43,5.86,21.67
C0067,2019,6979.38,1360.97,14.69,18.61
C0067,2020,8194.19,1452.85,11.13,23.25
C0067,2021,5488.07,998.79,4.25,7.78
C0067,2022,418.74,49.83,8.19,8.53
C0067,2023,6227.33,894.06,8.07,10.04
C0067,2024,648.37,69.06,8.40,9.90
C0068,2015,6201.93,382.39,8.96,11.22
C0068,2016,6881.80,758.10,2.41,16.51
C0068,2017,2057.90,286.25,10.92,5.56
C0068,2018,8211.53,764.26,8.33,12.65
C0068,2019,9119.74,1615.95,12.28,9.93
C0068,2020,8149.56,592.19,12.60,17.13
C0068,2021,3120.58,327.88,5.00,24.70
C0068,2022,5907.77,406.07,2.63,15.35
C0068,2023,9156.67,1013.87,11.14,13.51
C0068,2024,3274.58,183.21,14.71,12.36
C0069,2015,8218.28,746.90,7.81,20.70
C0069,2016,193.80,21.34,5.37,6.44
C0069,2017,136.10,16.57,4.04,24.20
C0069,2018,7621.15,1002.60,5.74,13.36
C0069,2019,7638.33,696.99,6.26,11.27
C0069,2020,7910.87,1016.20,7.51,24.48
C0069,2021,9307.27,1175.98,10.52,23.72
C0069,2022,1267.27,123.47,5.55,17.84
C0069,2023,2396.65,418.29,2.66,5.37
C0069,2024,9046.88,1192.80,6.85,19.97
C0070,2015,1854.64,185.17,13.12,11.71
C0070,2016,6854.07,1316.67,8.48,12.77
C0070,2017,5351.58,945.98,14.54,8.17
C0070,2018,923.62,182.31,8.55,15.47
C0070,2019,2924.11,449.83,5.59,19.89
C0070,2020,5251.68,560.53,4.51,10.46
C0070,2021,8538.27,786.62,11.03,23.77
C0070,2022,7104.63,1062.13,8.97,8.89
C0070,2023,6256.64,1233.33,9.85,6.33
C0070,2024,5010.73,721.58,11.82,17.89
C0071,2015,3056.97,557.11,11.44,21.99
C0071,2016,1280.52,127.24,2.56,24.06
C0071,2017,4149.85,460.81,12.43,20.34
C0071,2018,382.33,71.09,8.93,8.99
C0071,2019,2189.45,358.04,7.09,24.55
C0071,2020,4381.59,864.10,8.99,23.39
C0071,2021,4244.19,705.45,9.96,8.26
C0071,2022,538.52,63.16,3.94,16.18
C0071,2023,5931.70,769.10,7.43,16.11
C0071,2024,5541.87,1025.68,6.36,13.85
C0072,2015,873.23,115.92,6.56,24.69
C0072,2016,9437.31,833.41,3.19,6.19
C0072,2017,1083.89,125.02,4.08,17.54
C0072,2018,8562.86,1091.31,4.10,9.11
C0072,2019,103.07,6.65,6.85,15.55
C0072,2020,8834.58,1427.35,13.63,20.59
C0072,2021,295.23,19.60,4.68,9.93
C0072,2022,7602.34,841.87,7.41,12.87
C0072,2023,3680.74,628.28,6.05,24.02
C0072,2024,7408.35,890.01,12.24,20.23
C0073,2015,4077.28,718.83,2.65,16.45
C0073,2016,801.99,81.23,4.56,9.44
C0073,2017,7698.32,1490.74,4.74,13.51
C0073,2018,805.40,65.58,14.91,20.48
C0073,2019,9228.99,514.42,9.42,21.41
C0073,2020,604.64,109.36,3.81,9.89
C0073,2021,4845.32,788.97,5.54,18.24
C0073,2022,7258.04,615.46,4.18,6.90
C0073,2023,3993.14,789.49,3.62,5.46
C0073,2024,2250.61,282.10,12.36,15.97
C0074,2015,7615.00,1467.10,8.44,9.49
C0074,2016,7864.52,989.00,10.21,6.58
C0074,2017,9234.68,1115.38,6.31,19.60
C0074,2018,3824.03,448.83,9.20,14.96
C0074,2019,5111.89,512.37,5.35,20.93
C0074,2020,3694.97,480.55,6.00,18.28
C0074,2021,2645.11,311.81,10.48,19.60
C0074,2022,7535.23,418.30,3.95,11.15
C0074,2023,3462.55,308.39,10.02,10.27
C0074,2024,4338.68,355.63,13.08,17.02
C0075,2015,4096.37,737.82,3.57,9.00
C0075,2016,7155.35,1000.54,13.67,21.31
C0075,2017,9186.18,1511.61,3.03,15.46
C0075,2018,6700.89,1296.78,6.54,9.54
C0075,2019,4768.67,699.11,9.94,17.50
C0075,2020,7814.13,1542.44,9.27,23.90
C0075,2021,6445.62,623.71,3.25,6.64
C0075,2022,700.04,54.56,12.39,7.19
C0075,2023,1047.07,115.70,14.65,21.88
C0075,2024,475.38,57.34,4.36,7.19
C0076,2015,4622.48,851.94,13.64,5.79
C0076,2016,8275.95,1108.90,9.24,11.96
C0076,2017,3199.52,300.20,14.17,14.33
C0076,2018,3903.19,629.96,4.29,16.39
C0076,2019,9103.82,1145.94,12.30,15.15
C0076,2020,8385.34,623.20,2.78,23.26
C0076,2021,6683.98,912.52,13.48,20.37
C0076,2022,2741.36,511.84,10.76,24.68
C0076,2023,1258.71,222.03,6.81,14.53
C0076,2024,258.98,35.75,4.48,6.69
C0077,2015,1159.41,123.55,12.61,24.11
C0077,2016,2996.70,188.93,9.84,5.08
C0077,2017,5562.72,670.02,6.69,20.52
C0077,2018,733.60,119.44,7.77,5.63
C0077,2019,1448.66,150.72,12.75,20.22
C0077,2020,1892.70,161.48,6.41,23.76
C0077,2021,6356.62,1205.90,3.17,12.79
C0077,2022,6196.32,1073.41,13.85,9.82
C0077,2023,5552.58,809.24,7.04,9.53
C0077,2024,2579.96,181.93,6.53,14.83
C0078,2015,3774.08,270.74,4.66,8.42
C0078,2016,1057.23,69.23,13.67,18.46
C0078,2017,2341.96,333.60,4.83,12.37
C0078,2018,8987.28,605.15,10.28,11.46
C0078,2019,9798.95,1728.48,13.45,14.23
C0078,2020,6511.83,1295.49,2.45,15.85
C0078,2021,9176.55,963.10,12.77,7.84
C0078,2022,6463.14,762.98,7.34,19.16
C0078,2023,428.65,67.19,10.55,22.66
C0078,2024,9967.95,1899.62,6.84,10.56
C0079,2015,1079.63,198.77,11.04,8.61
C0079,2016,6858.15,402.15,5.31,20.21
C0079,2017,2603.08,196.17,2.29,8.67
C0079,2018,3980.61,649.59,14.32,5.83
C0079,2019,6494.75,995.87,2.21,17.38
C0079,2020,4421.22,309.41,12.71,9.80
C0079,2021,2580.41,323.35,4.20,8.44
C0079,2022,3411.02,570.06,7.10,24.63
C0079,2023,3481.33,288.31,12.69,10.84
C0079,2024,9597.31,1734.17,4.68,23.07
C0080,2015,8006.27,463.93,13.25,8.56
C0080,2016,4639.63,776.35,8.47,21.38
C0080,2017,2078.23,295.88,6.76,15.04
C0080,2018,8129.06,790.79,10.61,6.57
C0080,2019,1656.11,261.90,6.44,19.67
C0080,2020,2183.58,365.43,6.51,22.84
C0080,2021,3723.53,707.79,11.54,8.26
C0080,2022,8815.45,927.09,6.03,19.51
C0080,2023,1404.69,214.78,4.61,13.90
C0080,2024,1310.12,183.93,12.50,20.08
C0081,2015,4990.35,642.66,12.47,19.28
C0081,2016,2836.46,520.67,8.47,5.53
C0081,2017,5730.41,289.24,8.85,8.57
C0081,2018,4571.20,422.00,11.05,14.42
C0081,2019,4406.10,576.06,8.62,23.67
C0081,2020,1208.53,92.75,7.42,11.84
C0081,2021,1496.39,278.60,14.93,17.58
C0081,2022,8228.68,1210.76,3.92,5.24
C0081,2023,8870.24,1079.35,9.71,19.22
C0081,2024,2423.37,417.32,13.52,17.06
C0082,2015,1223.26,143.90,10.93,19.31
C0082,2016,628.83,84.14,13.45,23.09
C0082,2017,6122.15,308.63,6.37,7.93
C0082,2018,7182.00,753.07,5.54,10.23
C0082,2019,3790.82,268.46,13.07,24.92
C0082,2020,6828.79,1047.90,7.12,8.13
C0082,2021,7158.29,872.27,11.23,19.41
C0082,2022,9359.89,891.66,3.92,19.50
C0082,2023,742.25,89.20,11.83,18.66
C0082,2024,2003.69,163.19,9.14,9.55
C0083,2015,778.41,146.93,5.49,9.30
C0083,2016,8693.14,505.04,8.43,18.33
C0083,2017,7946.61,1428.90,11.06,8.73
C0083,2018,5788.96,733.48,2.15,18.23
C0083,2019,928.27,132.60,10.29,14.85
C0083,2020,2805.79,267.65,9.04,12.73
C0083,2021,3047.43,594.26,4.86,11.00
C0083,2022,5651.36,521.49,11.79,23.95
C0083,2023,2654.63,367.22,5.94,15.16
C0083,2024,822.30,163.65,5.60,16.23
C0084,2015,7334.55,1336.09,8.13,23.99
C0084,2016,3060.89,399.29,10.79,18.08
C0084,2017,4578.50,909.09,14.07,24.16
C0084,2018,1363.90,211.68,3.84,7.13
C0084,2019,8045.23,654.12,7.15,21.93
C0084,2020,5698.77,631.65,2.87,11.71
C0084,2021,9025.70,904.14,11.86,21.21
C0084,2022,5005.17,508.54,7.82,22.11
C0084,2023,9420.11,1545.54,11.19,10.43
C0084,2024,8929.50,1229.05,6.19,13.18
C0085,2015,5806.95,323.53,12.98,19.52
C0085,2016,9345.55,1697.31,8.95,6.98
C0085,2017,3298.58,311.78,14.27,20.11
C0085,2018,3719.86,742.34,3.02,7.21
C0085,2019,550.23,106.27,8.69,23.29
C0085,2020,5933.09,1133.69,11.96,10.53
C0085,2021,7247.05,1244.09,9.80,16.51
C0085,2022,7757.84,644.61,2.30,7.34
C0085,2023,1583.18,205.65,14.64,10.39
C0085,2024,4497.17,376.17,5.88,13.08
C0086,2015,1850.95,164.64,5.24,14.74
C0086,2016,6655.06,942.64,8.31,5.00
C0086,2017,1663.67,93.37,9.05,22.77
C0086,2018,9051.22,1768.78,11.96,5.15
C0086,2019,2383.28,447.58,7.11,20.47
C0086,2020,2984.88,319.73,7.72,14.41
C0086,2021,8523.97,1085.22,8.95,15.48
C0086,2022,4638.83,556.28,7.13,9.17
C0086,2023,337.56,61.55,13.89,17.15
C0086,2024,4996.40,765.90,13.07,15.74
C0087,2015,936.98,85.94,7.91,8.28
C0087,2016,9854.91,1153.28,2.00,9.76
C0087,2017,5922.30,677.19,13.71,6.34
C0087,2018,2639.67,511.83,3.62,6.33
C0087,2019,5680.81,433.43,5.18,5.28
C0087,2020,860.98,54.62,3.98,9.41
C0087,2021,8018.92,1460.19,4.34,18.59
C0087,2022,9260.75,1708.63,12.44,11.32
C0087,2023,8757.00,1582.92,9.53,11.85
C0087,2024,3483.40,441.16,14.43,7.64
C0088,2015,3325.10,495.31,5.01,16.51
C0088,2016,447.37,60.17,8.31,11.84
C0088,2017,6548.86,395.66,14.71,18.53
C0088,2018,5395.56,752.01,12.74,19.83
C0088,2019,4647.53,241.87,11.47,16.69
C0088,2020,9085.55,897.18,4.46,10.52
C0088,2021,1762.00,334.51,12.00,15.17
C0088,2022,195.70,18.71,6.52,10.04
C0088,2023,825.83,157.71,8.90,23.06
C0088,2024,2311.38,202.29,9.92,20.33
C0089,2015,429.53,41.74,9.92,14.86
C0089,2016,5078.15,732.58,11.44,24.31
C0089,2017,3209.50,527.14,10.60,15.94
C0089,2018,1886.78,236.24,2.89,11.57
C0089,2019,7525.83,1372.09,7.95,6.91
C0089,2020,2124.07,119.02,10.63,15.87
C0089,2021,6907.29,1300.84,5.85,22.21
C0089,2022,3557.72,282.65,6.07,22.33
C0089,2023,5167.09,943.70,3.62,17.09
C0089,2024,9345.28,1029.19,7.44,12.87
C0090,2015,469.78,82.17,14.83,18.01
C0090,2016,5052.62,761.68,5.71,20.24
C0090,2017,8558.79,653.82,8.91,13.23
C0090,2018,5920.95,1111.40,11.66,14.53
C0090,2019,2841.02,246.68,2.18,18.61
C0090,2020,4037.04,349.69,13.71,22.53
C0090,2021,6834.63,1176.42,7.03,20.82
C0090,2022,8919.04,587.60,13.30,5.45
C0090,2023,506.56,42.20,2.51,7.49
C0090,2024,808.23,101.48,3.89,22.06
C0091,2015,3318.01,579.23,6.19,21.68
C0091,2016,2404.52,173.42,6.49,12.78
C0091,2017,2722.82,359.82,13.02,16.69
C0091,2018,2290.57,358.90,2.15,23.12
C0091,2019,2038.67,365.10,10.33,23.23
C0091,2020,1393.18,265.17,3.71,20.66
C0091,2021,9346.15,1567.31,12.70,9.19
C0091,2022,1527.48,225.95,12.12,19.61
C0091,2023,2123.60,244.31,8.50,7.02
C0091,2024,2538.03,169.58,4.76,22.88
C0092,2015,9336.85,1460.85,10.25,7.98
C0092,2016,7581.57,1508.05,4.03,18.25
C0092,2017,7918.02,1270.95,4.47,17.20
C0092,2018,1137.11,59.71,10.15,20.54
C0092,2019,8379.47,1042.73,14.89,16.03
C0092,2020,4141.11,588.85,13.58,6.19
C0092,2021,2701.95,414.62,9.71,19.12
C0092,2022,5799.93,916.15,9.00,12.66
C0092,2023,8239.61,1101.77,14.98,11.41
C0092,2024,7808.66,652.05,9.12,24.83
C0093,2015,8910.98,1704.94,7.46,16.81
C0093,2016,9288.51,1435.07,13.82,19.21
C0093,2017,2457.41,210.17,5.04,15.53
C0093,2018,4296.19,422.52,3.27,20.40
C0093,2019,244.82,46.10,10.24,20.04
C0093,2020,8805.28,1612.45,3.25,18.14
C0093,2021,1630.26,180.59,6.85,24.95
C0093,2022,8628.60,481.01,7.51,14.20
C0093,2023,3360.93,192.50,9.12,19.12
C0093,2024,3744.52,346.70,14.89,20.96
C0094,2015,487.41,70.37,4.87,12.52
C0094,2016,3336.10,459.14,6.88,14.14
C0094,2017,8894.80,1290.41,3.72,24.38
C0094,2018,352.92,55.62,9.90,5.65
C0094,2019,4122.64,217.90,11.46,11.71
C0094,2020,410.86,27.02,8.27,14.72
C0094,2021,3772.14,392.01,5.20,5.03
C0094,2022,1809.14,132.48,10.07,22.98
C0094,2023,2596.96,159.19,9.01,10.72
C0094,2024,8788.22,1284.35,4.23,10.15
C0095,2015,4416.89,761.03,7.27,21.41
C0095,2016,2810.60,457.83,7.66,10.56
C0095,2017,5934.45,1024.02,14.77,18.15
C0095,2018,1506.86,225.85,13.04,21.43
C0095,2019,2667.98,427.68,11.55,20.85
C0095,2020,5507.85,499.93,13.55,20.64
C0095,2021,2451.48,487.72,11.56,6.77
C0095,2022,6823.36,528.64,13.74,6.60
C0095,2023,4965.76,408.06,2.71,11.14
C0095,2024,7742.69,722.69,7.93,5.72
C0096,2015,9487.62,1862.42,11.71,15.01
C0096,2016,1246.47,247.10,9.58,12.90
C0096,2017,3413.18,577.63,4.28,16.14
C0096,2018,3263.54,471.12,6.43,10.98
C0096,2019,1596.71,204.39,6.13,14.72
C0096,2020,8122.00,1588.61,5.40,11.69
C0096,2021,7622.80,1176.53,6.46,8.90
C0096,2022,4895.81,938.57,8.69,17.99
C0096,2023,5423.93,528.74,13.11,18.47
C0096,2024,689.49,68.99,11.65,21.58
C0097,2015,5599.52,997.88,12.86,22.50
C0097,2016,7934.28,575.06,13.49,19.09
C0097,2017,5780.89,1109.29,7.41,18.75
C0097,2018,2726.53,343.87,6.50,6.13
C0097,2019,6708.73,1267.70,2.75,7.20
C0097,2020,3678.74,369.78,14.10,21.25
C0097,2021,5494.25,864.76,2.86,9.66
C0097,2022,4926.90,603.21,11.63,12.11
C0097,2023,3873.63,557.88,6.92,7.91
C0097,2024,7216.89,906.84,14.33,8.90
C0098,2015,8850.37,1726.42,7.45,20.51
C0098,2016,151.60,23.32,12.62,10.24
C0098,2017,9342.80,819.34,5.67,13.98
C0098,2018,5164.00,962.84,5.89,8.03
C0098,2019,7037.25,662.24,9.74,18.56
C0098,2020,8570.68,906.27,14.97,19.57
C0098,2021,4724.33,308.59,8.73,12.23
C0098,2022,8366.24,1547.71,14.17,20.69
C0098,2023,1858.44,172.68,12.22,9.80
C0098,2024,1675.76,148.87,12.35,18.84
C0099,2015,6608.97,1242.75,7.67,19.60
C0099,2016,8714.42,1488.68,7.03,24.37
C0099,2017,8935.02,635.83,4.49,9.65
C0099,2018,6473.03,1070.63,14.53,6.87
C0099,2019,5302.34,991.30,14.47,10.26
C0099,2020,3380.79,208.85,11.71,7.46
C0099,2021,9802.00,1703.41,5.85,8.39
C0099,2022,3264.99,431.35,5.19,11.68
C0099,2023,7467.44,1122.95,14.85,13.28
C0099,2024,5366.62,665.08,2.87,23.07
C0100,2015,6124.27,947.24,12.97,8.91
C0100,2016,3995.46,220.21,6.62,24.44
C0100,2017,9651.75,1586.81,7.45,21.20
C0100,2018,5759.66,316.79,12.82,22.63
C0100,2019,9384.10,1110.09,3.18,23.59
C0100,2020,175.16,12.72,6.60,20.06
C0100,2021,5769.44,1001.21,14.38,20.78
C0100,2022,7200.15,698.77,11.09,13.76
C0100,2023,7476.29,883.06,11.81,15.21
C0100,2024,9059.27,1035.59,11.85,23.65
C0101,2015,143.58,23.82,2.79,12.57
C0101,2016,103.27,12.62,4.64,5.84
C0101,2017,4775.41,803.91,8.39,20.26
C0101,2018,390.01,23.80,6.79,16.46
C0101,2019,9747.87,767.54,7.34,21.30
C0101,2020,2298.45,305.07,12.16,6.51
C0101,2021,4779.38,917.94,2.19,17.42
C0101,2022,705.26,43.17,10.59,9.95
C0101,2023,5268.28,297.46,2.00,23.07
C0101,2024,3861.57,283.76,2.82,7.20
C0102,2015,542.13,79.25,7.31,21.86
C0102,2016,3417.73,375.43,12.93,6.77
C0102,2017,3975.22,691.02,3.88,5.50
C0102,2018,9900.22,601.83,9.21,9.70
C0102,2019,2158.07,171.48,10.82,11.66
C0102,2020,5493.32,521.89,4.98,17.53
C0102,2021,9874.42,1422.01,8.66,7.63
C0102,2022,7940.99,1213.19,13.85,13.75
C0102,2023,9934.34,681.80,8.66,9.09
C0102,2024,9686.15,1855.58,4.05,22.11
C0103,2015,4946.44,500.37,10.16,5.90
C0103,2016,6994.12,1097.90,9.70,12.12
C0103,2017,1193.39,153.51,2.35,17.63
C0103,2018,4467.37,372.64,3.18,23.26
C0103,2019,8109.28,1434.81,4.04,22.36
C0103,2020,5102.82,881.44,3.77,22.90
C0103,2021,7056.72,772.08,5.37,6.26
C0103,2022,7482.94,1034.82,7.90,21.82
C0103,2023,2609.34,231.38,6.83,20.60
C0103,2024,8769.42,1345.91,13.58,23.05
C0104,2015,4652.24,448.26,9.96,11.23
C0104,2016,2180.83,385.16,13.39,23.24
C0104,2017,8667.62,716.01,8.85,13.05
C0104,2018,4236.41,221.23,3.17,17.68
C0104,2019,7528.09,679.61,8.02,13.48
C0104,2020,5525.53,434.63,12.69,13.55
C0104,2021,3880.53,489.89,4.52,15.93
C0104,2022,8117.78,653.93,3.19,12.12
C0104,2023,5886.25,968.16,6.28,20.85
C0104,2024,3966.56,341.94,7.06,17.67
C0105,2015,1185.02,184.92,5.98,18.80
C0105,2016,8964.91,1226.14,3.76,9.62
C0105,2017,451.15,89.30,5.26,24.39
C0105,2018,8645.55,1728.98,10.87,18.20
C0105,2019,3663.62,661.02,7.02,8.94
C0105,2020,6429.45,1054.41,10.22,20.01
C0105,2021,9229.78,996.52,8.97,8.47
C0105,2022,1601.90,261.10,9.14,6.27
C0105,2023,5712.81,1105.44,5.23,15.55
C0105,2024,7667.89,410.28,8.78,16.07
C0106,2015,7600.08,993.23,2.31,8.78
C0106,2016,5303.76,438.62,7.61,11.97
C0106,2017,6284.92,840.18,9.44,23.92
C0106,2018,7599.52,911.69,4.37,10.70
C0106,2019,8426.17,1149.04,5.34,8.11
C0106,2020,7641.95,1013.66,4.85,24.85
C0106,2021,3604.65,699.36,2.92,11.05
C0106,2022,9967.59,1323.97,6.52,18.61
C0106,2023,4401.58,778.79,14.73,9.63
C0106,2024,342.20,33.53,6.60,16.00
C0107,2015,3689.91,426.98,7.99,12.73
C0107,2016,1365.05,164.57,10.49,24.23
C0107,2017,1302.28,119.56,10.43,13.66
C0107,2018,2887.20,308.84,14.35,16.68
C0107,2019,628.42,87.84,13.15,23.90
C0107,2020,6916.27,947.72,12.32,24.78
C0107,2021,832.49,121.10,14.37,7.03
C0107,2022,2112.57,217.11,5.00,21.69
C0107,2023,1019.71,99.29,10.02,12.64
C0107,2024,725.36,102.81,13.53,16.90
C0108,2015,2750.74,192.36,10.11,12.50
C0108,2016,5761.80,506.78,14.71,13.02
C0108,2017,9650.39,543.50,3.30,8.18
C0108,2018,8768.01,533.90,7.71,16.46
C0108,2019,8771.75,758.82,14.71,15.93
C0108,2020,1843.06,97.55,6.93,8.79
C0108,2021,2722.58,236.35,11.61,15.83
C0108,2022,856.29,126.94,2.40,24.46
C0108,2023,7806.84,461.90,11.03,19.29
C0108,2024,791.18,91.39,14.15,14.62
C0109,2015,5611.29,1049.12,6.98,23.32
C0109,2016,2553.97,430.84,2.28,16.51
C0109,2017,2510.11,240.51,2.36,7.70
C0109,2018,9908.18,1869.88,13.60,15.95
C0109,2019,7592.12,755.01,11.39,8.62
C0109,2020,8385.70,510.50,3.39,20.35
C0109,2021,5762.63,1147.39,2.71,24.34
C0109,2022,8723.04,1574.54,12.46,12.22
C0109,2023,6490.36,778.13,12.53,13.70
C0109,2024,9467.12,1419.66,3.57,13.43
C0110,2015,2885.25,434.76,5.92,10.71
C0110,2016,5993.66,474.53,12.14,20.88
C0110,2017,6932.30,554.63,8.83,17.35
C0110,2018,3990.08,480.55,14.44,6.28
C0110,2019,8809.11,1644.98,8.25,21.78
C0110,2020,9800.05,504.69,10.80,8.74
C0110,2021,4988.32,834.92,8.63,24.58
C0110,2022,3967.34,232.60,14.26,12.53
C0110,2023,4772.19,580.93,7.18,17.33
C0110,2024,8542.09,1244.42,4.99,6.56
C0111,2015,6490.14,993.08,6.25,11.89
C0111,2016,543.25,31.93,13.09,21.05
C0111,2017,5467.48,616.68,8.47,14.54
C0111,2018,271.27,37.32,6.61,23.09
C0111,2019,7807.50,467.72,9.08,16.50
C0111,2020,3350.29,235.41,3.73,23.57
C0111,2021,4772.87,713.77,2.07,24.65
C0111,2022,8006.91,1026.85,5.65,14.08
C0111,2023,559.84,41.58,9.87,16.30
C0111,2024,1669.56,217.52,11.25,21.70
C0112,2015,4039.81,755.06,12.75,9.43
C0112,2016,2376.26,124.37,14.05,22.23
C0112,2017,3445.22,504.36,7.36,16.84
C0112,2018,9981.93,609.37,11.63,19.51
C0112,2019,8271.60,421.58,2.97,6.60
C0112,2020,8850.63,642.54,2.75,20.32
C0112,2021,9376.84,1063.67,3.62,11.22
C0112,2022,3475.27,592.02,7.83,21.10
C0112,2023,3041.06,280.59,4.75,15.18
C0112,2024,2417.22,347.72,5.73,10.49
C0113,2015,8318.16,928.92,10.42,24.06
C0113,2016,6827.56,581.37,6.66,20.30
C0113,2017,2438.10,309.97,9.25,24.71
C0113,2018,3832.24,650.02,7.36,12.29
C0113,2019,5116.45,894.73,4.20,17.98
C0113,2020,5328.59,943.04,2.96,17.23
C0113,2021,8898.40,896.81,5.07,18.75
C0113,2022,3867.60,653.70,2.75,5.77
C0113,2023,9094.39,744.16,10.04,10.83
C0113,2024,4469.54,718.54,12.34,23.19
C0114,2015,7489.09,1439.83,6.42,13.48
C0114,2016,9309.52,484.67,7.03,24.21
C0114,2017,9085.00,1054.36,12.61,9.27
C0114,2018,663.83,97.69,4.89,24.95
C0114,2019,2136.47,331.72,3.55,18.95
C0114,2020,4821.36,368.42,8.51,20.53
C0114,2021,4372.39,856.23,10.40,12.94
C0114,2022,6444.83,917.03,9.80,23.14
C0114,2023,9452.62,705.65,11.28,15.91
C0114,2024,1212.81,64.37,2.74,18.62
C0115,2015,4573.40,766.00,7.57,6.90
C0115,2016,2004.87,124.21,5.10,17.63
C0115,2017,8951.67,636.98,11.87,22.58
C0115,2018,9649.34,1314.48,13.35,8.57
C0115,2019,4839.15,680.03,5.66,19.75
C0115,2020,1129.70,172.88,3.24,5.51
C0115,2021,7874.42,858.52,5.29,23.52
C0115,2022,7001.70,1162.88,3.35,24.66
C0115,2023,3611.24,708.36,6.19,12.08
C0115,2024,8885.33,805.58,9.00,7.14
C0116,2015,9760.74,1517.35,14.66,18.17
C0116,2016,5622.75,1064.22,7.19,5.60
C0116,2017,5700.71,871.88,4.86,14.65
C0116,2018,3045.38,463.41,4.17,10.44
C0116,2019,5886.61,491.92,4.25,14.47
C0116,2020,4452.46,580.02,4.50,5.37
C0116,2021,3091.69,415.46,11.91,6.03
C0116,2022,765.13,118.61,2.79,5.32
C0116,2023,2601.81,519.12,14.97,17.38
C0116,2024,2058.76,113.33,8.79,16.20
C0117,2015,5466.22,326.80,9.08,9.66
C0117,2016,6056.53,373.64,6.65,17.93
C0117,2017,6124.86,988.84,10.97,22.68
C0117,2018,3942.99,277.80,8.13,10.55
C0117,2019,4270.17,612.21,6.28,21.64
C0117,2020,8358.96,825.03,5.45,18.25
C0117,2021,4814.70,571.01,14.03,5.68
C0117,2022,9878.96,813.53,5.78,12.50
C0117,2023,4452.21,801.02,7.67,15.16
C0117,2024,6530.85,900.75,6.55,19.63
C0118,2015,598.59,114.74,3.12,10.74
C0118,2016,6568.07,894.50,4.42,24.65
C0118,2017,8529.12,584.98,4.46,18.69
C0118,2018,9430.33,713.22,11.02,12.46
C0118,2019,9973.47,1978.35,7.29,6.94
C0118,2020,2893.57,459.60,12.17,8.63
C0118,2021,5796.16,332.65,11.22,14.75
C0118,2022,4562.11,709.71,4.50,14.89
C0118,2023,5681.79,635.37,9.32,20.35
C0118,2024,1658.78,159.38,11.66,19.52
C0119,2015,8575.88,626.98,10.23,9.03
C0119,2016,9104.73,1602.30,9.80,16.90
C0119,2017,4551.65,271.17,11.61,5.41
C0119,2018,2876.26,268.86,2.74,12.97
C0119,2019,1494.25,143.38,11.51,20.28
C0119,2020,6869.27,509.26,5.54,12.99
C0119,2021,3191.10,402.80,9.43,21.71
C0119,2022,9104.43,471.20,5.15,24.52
C0119,2023,6743.02,641.57,12.90,17.14
C0119,2024,6492.28,1233.82,8.25,7.90
C0120,2015,5638.08,544.52,10.36,12.59
C0120,2016,553.19,57.57,12.32,5.19
C0120,2017,9326.03,1128.21,13.64,17.05
C0120,2018,6316.58,848.03,11.52,21.43
C0120,2019,9941.21,1702.99,3.93,17.60
C0120,2020,5419.83,425.72,13.11,20.72
C0120,2021,7130.10,1288.85,10.04,21.00
C0120,2022,656.47,107.42,9.92,22.02
C0120,2023,6354.19,1006.49,13.98,10.33
C0120,2024,7670.03,483.37,5.23,22.43
C0121,2015,7807.29,415.71,5.11,18.08
C0121,2016,7724.11,1074.44,8.67,10.79
C0121,2017,2340.20,420.00,11.76,24.75
C0121,2018,9756.44,1343.13,7.81,24.00
C0121,2019,9952.30,815.94,10.24,16.49
C0121,2020,848.40,53.94,7.88,21.86
C0121,2021,9370.82,1451.91,9.94,10.23
C0121,2022,2965.55,469.34,12.69,13.32
C0121,2023,6923.91,525.38,4.35,8.68
C0121,2024,3447.30,186.94,11.04,15.40
C0122,2015,9680.77,1076.91,12.24,14.92
C0122,2016,1104.89,151.82,7.81,9.26
C0122,2017,5027.69,783.82,6.20,18.46
C0122,2018,4337.67,743.88,2.18,7.36
C0122,2019,3327.63,471.13,12.36,6.23
C0122,2020,6490.79,432.49,6.26,12.70
C0122,2021,1397.45,212.95,6.65,13.20
C0122,2022,7194.96,1421.91,6.37,11.39
C0122,2023,9807.86,1822.67,8.48,10.16
C0122,2024,8065.13,1457.78,11.13,11.78
C0123,2015,8614.17,821.15,12.03,8.27
C0123,2016,3660.40,595.25,7.10,13.07
C0123,2017,3316.38,589.21,10.62,23.09
C0123,2018,5218.78,791.94,11.37,9.49
C0123,2019,552.69,48.41,5.86,18.69
C0123,2020,9459.05,1826.31,3.26,7.84
C0123,2021,1523.47,179.20,13.63,12.08
C0123,2022,9039.83,628.00,10.80,11.42
C0123,2023,927.46,61.65,10.43,23.74
C0123,2024,8243.99,1212.92,2.77,13.56
C0124,2015,1604.43,185.56,12.63,18.81
C0124,2016,477.50,30.64,9.36,17.05
C0124,2017,7222.95,1163.29,13.02,7.82
C0124,2018,2874.63,488.40,14.67,23.79
C0124,2019,7173.51,1139.24,14.44,11.92
C0124,2020,5595.34,449.53,13.13,5.90
C0124,2021,1177.19,180.66,2.14,11.01
C0124,2022,9328.09,481.41,13.51,11.71
C0124,2023,4577.91,438.41,2.98,6.85
C0124,2024,7371.03,809.51,13.07,17.40
C0125,2015,5060.10,886.97,5.64,11.94
C0125,2016,6083.18,660.38,9.93,17.58
C0125,2017,3097.46,160.11,2.49,5.13
C0125,2018,2083.57,214.30,12.03,24.64
C0125,2019,5471.45,683.05,3.45,8.41
C0125,2020,4458.17,857.53,7.34,18.19
C0125,2021,3962.12,757.38,12.63,19.32
C0125,2022,6758.42,521.28,11.04,8.43
C0125,2023,6936.02,539.43,2.08,7.23
C0125,2024,554.61,41.32,7.24,8.05
C0126,2015,3453.57,581.37,2.55,9.94
C0126,2016,4176.47,212.60,10.76,8.36
C0126,2017,1059.23,73.17,14.60,18.48
C0126,2018,2435.42,318.29,10.52,13.42
C0126,2019,611.25,53.26,4.92,15.76
C0126,2020,9962.80,636.16,6.62,5.95
C0126,2021,7391.92,768.62,14.70,22.22
C0126,2022,965.76,88.01,4.91,8.41
C0126,2023,300.47,38.06,9.30,12.20
C0126,2024,7220.95,1421.70,7.21,6.44
C0127,2015,4448.00,305.34,11.99,7.74
C0127,2016,7889.29,835.55,13.28,18.32
C0127,2017,9242.41,1754.19,6.43,18.85
C0127,2018,6033.07,1095.19,10.59,18.54
C0127,2019,1952.37,213.08,9.14,16.04
C0127,2020,7843.72,1214.55,5.62,24.05
C0127,2021,9562.54,604.15,5.54,15.14
C0127,2022,5844.29,916.86,9.00,13.99
C0127,2023,6851.77,1342.46,4.00,9.95
C0127,2024,3441.00,449.47,12.54,6.98
C0128,2015,3877.12,483.76,2.90,15.96
C0128,2016,7373.08,575.82,3.23,11.30
C0128,2017,9284.93,1346.95,6.45,15.48
C0128,2018,6326.99,876.70,3.54,9.12
C0128,2019,7919.49,1170.42,8.18,21.76
C0128,2020,1799.19,97.00,7.20,24.99
C0128,2021,2198.39,290.87,11.38,11.45
C0128,2022,5367.14,747.32,14.39,21.85
C0128,2023,1847.89,149.92,11.80,22.46
C0128,2024,6386.45,518.90,4.33,24.92
C0129,2015,2987.37,273.14,14.16,11.85
C0129,2016,7936.17,1244.06,7.10,20.12
C0129,2017,8100.29,1141.65,8.16,9.58
C0129,2018,4691.50,829.76,7.48,17.50
C0129,2019,1890.03,178.32,5.65,19.10
C0129,2020,6503.07,1214.84,13.64,19.82
C0129,2021,9928.59,1604.02,6.32,9.14
C0129,2022,6263.65,684.31,9.52,21.97
C0129,2023,454.17,29.20,5.12,13.42
C0129,2024,271.21,24.02,12.37,9.33
C0130,2015,3271.58,633.10,12.06,15.85
C0130,2016,2038.26,196.80,5.85,22.27
C0130,2017,8149.21,810.73,10.86,24.34
C0130,2018,8463.58,663.87,11.15,19.96
C0130,2019,2660.33,454.99,9.31,5.11
C0130,2020,3323.88,303.63,9.81,7.69
C0130,2021,2438.84,242.76,9.47,6.53
C0130,2022,9092.99,1019.80,3.06,7.02
C0130,2023,5076.23,584.07,10.71,12.66
C0130,2024,6595.76,736.75,8.11,11.77
C0131,2015,4213.27,529.03,7.70,7.27
C0131,2016,6347.04,1092.81,13.18,22.64
C0131,2017,3919.97,677.73,2.30,17.31
C0131,2018,3462.82,587.80,5.27,20.93
C0131,2019,6381.35,415.86,3.58,12.43
C0131,2020,5951.51,1011.47,2.46,13.20
C0131,2021,3005.93,204.52,5.58,11.35
C0131,2022,1578.55,108.46,14.85,13.77
C0131,2023,3748.91,720.46,5.51,17.21
C0131,2024,4210.46,728.03,10.63,14.86
C0132,2015,6323.97,840.21,3.54,21.76
C0132,2016,9153.83,1659.09,9.82,23.00
C0132,2017,458.23,90.91,14.80,14.39
C0132,2018,2512.24,355.72,5.79,9.79
C0132,2019,2017.79,286.39,13.02,23.90
C0132,2020,5072.71,827.68,14.97,19.70
C0132,2021,4354.04,369.31,9.65,17.80
C0132,2022,7317.47,549.31,6.02,19.91
C0132,2023,2499.92,409.83,10.76,6.52
C0132,2024,5985.53,608.94,12.98,6.35
C0133,2015,8850.19,621.82,4.23,8.06
C0133,2016,9115.71,886.34,7.88,7.95
C0133,2017,9591.97,995.60,6.15,13.41
C0133,2018,7755.29,1510.61,5.68,8.15
C0133,2019,9069.28,1402.96,13.19,22.09
C0133,2020,2421.86,313.94,7.48,16.56
C0133,2021,2056.05,401.61,6.41,12.37
C0133,2022,164.23,30.46,9.85,6.39
C0133,2023,7097.76,900.00,4.85,16.82
C0133,2024,9380.93,1743.46,4.99,7.33
C0134,2015,1950.66,215.83,8.76,19.86
C0134,2016,6405.74,541.69,7.32,21.06
C0134,2017,7489.95,635.91,5.83,15.88
C0134,2018,9283.38,1386.45,2.70,7.99
C0134,2019,6503.92,814.03,8.77,20.74
C0134,2020,9705.91,1444.65,12.62,11.16
C0134,2021,3512.26,537.07,13.07,9.45
C0134,2022,3564.29,190.15,5.06,14.41
C0134,2023,5475.82,318.18,9.80,23.45
C0134,2024,3896.67,506.18,13.13,10.95
C0135,2015,114.11,8.98,7.31,23.11
C0135,2016,7344.54,1064.08,14.12,6.07
C0135,2017,7542.00,1001.79,13.74,6.67
C0135,2018,7495.05,1033.30,4.71,18.97
C0135,2019,3515.70,335.29,5.37,8.81
C0135,2020,5270.67,769.39,4.35,11.33
C0135,2021,3663.74,639.04,4.55,7.73
C0135,2022,258.76,51.68,13.80,11.64
C0135,2023,5668.24,996.29,14.10,10.61
C0135,2024,1325.23,177.08,2.67,19.73
C0136,2015,892.41,70.51,9.72,19.04
C0136,2016,7579.44,1153.72,9.34,24.10
C0136,2017,194.11,37.01,7.08,19.49
C0136,2018,9594.18,784.61,10.21,18.90
C0136,2019,5201.03,459.77,14.32,18.88
C0136,2020,9831.86,711.35,4.21,22.66
C0136,2021,674.18,108.21,3.57,10.92
C0136,2022,5876.94,652.25,2.43,11.00
C0136,2023,3558.34,211.38,6.73,19.82
C0136,2024,8450.48,1531.59,6.39,9.57
C0137,2015,3676.11,491.31,7.60,23.24
C0137,2016,2678.83,266.98,8.54,15.70
C0137,2017,8589.78,872.70,11.85,11.00
C0137,2018,3809.07,356.29,7.10,20.52
C0137,2019,266.65,31.55,6.30,11.25
C0137,2020,3963.86,398.59,12.75,24.27
C0137,2021,6579.77,869.79,13.05,24.66
C0137,2022,2618.16,434.69,5.03,18.34
C0137,2023,4376.68,661.62,6.09,7.27
C0137,2024,661.48,62.29,12.73,10.26
C0138,2015,5922.12,765.80,3.03,15.31
C0138,2016,7587.32,1335.51,6.24,22.03
C0138,2017,4191.79,252.48,7.83,8.70
C0138,2018,4260.30,263.05,4.43,7.09
C0138,2019,974.00,129.96,4.34,6.49
C0138,2020,2099.21,306.21,7.52,15.14
C0138,2021,1631.29,133.30,11.81,22.69
C0138,2022,4868.71,787.67,12.92,5.85
C0138,2023,5339.63,784.60,14.73,9.25
C0138,2024,9494.51,1789.65,2.96,18.87
C0139,2015,824.99,62.16,4.82,21.52
C0139,2016,6038.69,982.53,11.84,21.15
C0139,2017,5312.34,332.27,9.03,20.70
C0139,2018,5210.71,702.37,6.26,7.60
C0139,2019,8744.28,1161.10,4.67,12.94
C0139,2020,2134.83,231.11,5.65,24.69
C0139,2021,503.66,88.99,7.58,24.78
C0139,2022,6755.49,342.20,4.30,17.05
C0139,2023,3517.06,450.28,14.53,19.19
C0139,2024,274.14,22.64,3.40,24.03
C0140,2015,2588.60,418.12,14.81,14.00
C0140,2016,3162.34,178.55,12.94,7.74
C0140,2017,6206.70,1084.52,7.50,18.38
C0140,2018,1808.60,317.80,11.62,24.20
C0140,2019,4189.24,732.82,10.73,18.94
C0140,2020,4876.51,355.43,4.77,21.07
C0140,2021,4646.45,671.70,6.41,13.45
C0140,2022,9742.01,508.10,8.67,6.93
C0140,2023,550.49,97.54,10.29,8.38
C0140,2024,9514.59,1507.55,9.06,24.65
C0141,2015,5861.18,760.04,8.15,14.86
C0141,2016,7977.70,1273.15,7.76,5.24
C0141,2017,4360.89,279.74,8.48,24.11
C0141,2018,4593.00,593.87,7.65,14.96
C0141,2019,8805.33,824.98,9.04,21.73
C0141,2020,8969.75,1757.11,13.54,15.97
C0141,2021,2463.02,439.82,10.23,7.03
C0141,2022,2072.49,331.58,11.39,17.31
C0141,2023,5012.73,952.73,9.77,24.95
C0141,2024,9012.74,919.54,10.36,5.69
C0142,2015,3291.32,609.33,9.52,21.84
C0142,2016,6554.94,647.54,2.35,9.71
C0142,2017,7110.70,1137.14,14.99,12.88
C0142,2018,7808.88,1253.03,2.44,12.45
C0142,2019,5682.85,299.78,7.14,22.98
C0142,2020,4084.31,425.42,3.37,15.09
C0142,2021,9673.46,511.87,3.26,13.94
C0142,2022,6152.17,1227.75,12.32,21.36
C0142,2023,7312.80,499.68,7.54,5.98
C0142,2024,3515.33,461.99,12.41,6.73
C0143,2015,6732.50,1134.99,5.55,5.43
C0143,2016,2652.20,212.68,5.33,18.76
C0143,2017,2526.46,310.14,5.27,15.51
C0143,2018,7175.75,1012.60,10.01,22.52
C0143,2019,5261.81,389.54,12.59,14.97
C0143,2020,6864.44,1144.87,7.88,9.44
C0143,2021,2767.44,262.63,6.93,21.10
C0143,2022,6027.36,492.15,14.66,10.89
C0143,2023,4494.94,601.17,3.52,23.71
C0143,2024,6009.91,670.39,8.33,10.01
C0144,2015,2979.71,560.31,7.31,8.35
C0144,2016,7182.96,1307.37,3.28,14.87
C0144,2017,8078.70,989.66,5.49,6.01
C0144,2018,2673.17,277.71,2.37,5.73
C0144,2019,3076.14,304.01,13.40,14.92
C0144,2020,6645.43,598.98,9.90,9.30
C0144,2021,6986.29,919.97,12.60,5.19
C0144,2022,7070.59,1207.28,8.78,10.92
C0144,2023,6858.72,662.64,9.79,14.55
C0144,2024,3988.80,313.18,11.11,12.89
C0145,2015,4009.05,486.39,13.80,7.71
C0145,2016,2622.69,158.29,3.19,16.59
C0145,2017,1652.65,256.48,6.30,19.21
C0145,2018,6956.52,888.72,11.22,18.51
C0145,2019,1022.57,127.27,14.46,12.88
C0145,2020,9384.14,892.12,14.75,7.75
C0145,2021,8284.19,1538.38,10.30,14.99
C0145,2022,8589.31,546.05,4.52,22.81
C0145,2023,9076.02,1637.98,3.55,14.37
C0145,2024,4145.19,441.49,14.30,8.91
C0146,2015,8482.34,1544.58,7.64,6.86
C0146,2016,1664.81,265.23,4.53,23.88
C0146,2017,314.25,20.62,14.14,19.86
C0146,2018,7870.42,1375.20,3.36,11.26
C0146,2019,840.49,128.03,11.48,10.91
C0146,2020,9886.39,542.22,10.13,22.90
C0146,2021,6780.48,475.01,3.14,8.55
C0146,2022,7559.15,1098.68,6.40,15.70
C0146,2023,2533.46,378.47,3.95,19.27
C0146,2024,6771.27,1096.93,9.86,12.93
C0147,2015,527.88,83.42,8.20,5.80
C0147,2016,8394.47,1250.17,2.06,9.56
C0147,2017,1779.28,293.47,14.68,23.04
C0147,2018,7003.84,954.36,6.54,15.46
C0147,2019,2322.36,206.97,5.36,21.31
C0147,2020,777.69,145.32,4.89,16.11
C0147,2021,4866.79,256.64,4.06,23.87
C0147,2022,1775.93,186.45,14.99,23.18
C0147,2023,7321.50,1166.54,5.84,14.66
C0147,2024,2451.90,279.70,7.27,11.37
C0148,2015,3490.48,187.53,13.33,17.03
C0148,2016,5717.65,342.47,10.34,18.50
C0148,2017,2921.19,430.28,6.79,14.97
C0148,2018,3842.08,748.17,13.68,21.45
C0148,2019,8174.66,1085.43,11.75,8.67
C0148,2020,1874.18,236.17,4.96,11.69
C0148,2021,913.80,89.32,10.37,18.73
C0148,2022,3350.74,296.55,13.99,9.93
C0148,2023,4301.33,228.61,8.45,13.80
C0148,2024,5472.33,497.67,11.54,24.27
C0149,2015,3786.99,444.47,14.62,17.52
C0149,2016,7920.13,631.17,10.98,23.98
C0149,2017,489.26,30.87,3.33,19.45
C0149,2018,4374.50,689.68,5.18,19.49
C0149,2019,3884.33,715.47,9.74,16.84
C0149,2020,6511.03,1240.45,5.58,7.84
C0149,2021,9666.13,1379.36,14.45,15.39
C0149,2022,5152.72,298.43,7.27,10.05
C0149,2023,9870.08,1590.36,7.94,24.97
C0149,2024,3092.27,205.68,11.12,10.34
C0150,2015,405.59,61.03,8.82,9.61
C0150,2016,1740.07,290.43,6.97,17.48
C0150,2017,4011.74,637.38,3.00,15.22
C0150,2018,3231.71,623.02,9.75,5.43
C0150,2019,1060.84,170.50,13.28,7.59
C0150,2020,4383.34,674.95,10.91,21.22
C0150,2021,3447.35,307.72,6.96,14.67
C0150,2022,1313.93,247.96,3.66,7.92
C0150,2023,3031.56,233.22,12.61,14.30
C0150,2024,8875.72,1648.53,14.24,10.06
C0151,2015,3090.28,299.45,7.05,9.47
C0151,2016,7168.16,498.36,11.47,24.15
C0151,2017,6159.27,1071.73,7.34,12.24
C0151,2018,4329.09,218.08,8.53,5.93
C0151,2019,2466.35,431.15,12.87,24.41
C0151,2020,3753.25,335.34,3.08,20.90
C0151,2021,5961.86,1089.28,8.89,10.09
C0151,2022,3572.46,549.16,4.79,13.18
C0151,2023,2227.47,333.96,6.42,22.25
C0151,2024,1252.98,131.31,10.38,12.15
C0152,2015,8809.69,518.98,2.35,16.35
C0152,2016,4459.10,778.16,9.72,15.70
C0152,2017,6289.56,475.71,5.68,13.03
C0152,2018,4955.06,524.44,10.70,17.79
C0152,2019,8738.41,1223.84,3.84,14.47
C0152,2020,5514.66,674.65,11.57,5.42
C0152,2021,4859.74,387.80,10.39,21.29
C0152,2022,9253.55,657.86,14.63,7.26
C0152,2023,7224.93,494.81,13.85,14.28
C0152,2024,1204.34,216.12,5.68,16.60
C0153,2015,1859.27,101.77,2.36,19.11
C0153,2016,7892.52,1551.29,10.52,13.22
C0153,2017,8374.93,668.15,9.84,19.71
C0153,2018,5497.39,365.84,2.36,7.63
C0153,2019,5589.11,763.17,3.59,18.07
C0153,2020,6356.14,394.07,9.60,21.53
C0153,2021,4447.25,624.25,13.85,22.79
C0153,2022,6833.97,1213.67,13.78,16.59
C0153,2023,1173.96,67.13,3.97,11.26
C0153,2024,9616.66,1634.64,7.00,8.27
C0154,2015,7526.53,821.68,2.56,11.91
C0154,2016,6348.62,469.31,8.10,15.80
C0154,2017,3231.59,246.94,11.79,8.93
C0154,2018,1693.46,318.06,12.27,24.05
C0154,2019,4152.50,276.52,8.49,22.94
C0154,2020,6649.61,1197.05,3.25,5.66
C0154,2021,6373.73,839.02,6.96,16.24
C0154,2022,3888.15,217.19,14.12,20.79
C0154,2023,6171.54,738.56,4.98,9.91
C0154,2024,8156.11,1407.89,6.16,15.48
C0155,2015,360.22,57.25,11.71,13.12
C0155,2016,4561.15,562.47,11.54,8.93
C0155,2017,7609.70,1362.19,13.86,17.29
C0155,2018,5506.83,374.77,7.05,24.87
C0155,2019,6549.61,1221.44,8.69,12.31
C0155,2020,5215.10,922.90,8.08,16.05
C0155,2021,9919.56,1549.85,14.06,11.56
C0155,2022,640.75,110.65,12.00,22.54
C0155,2023,4961.34,652.78,12.81,22.29
C0155,2024,1005.02,152.03,3.73,8.58
C0156,2015,1681.88,225.52,12.29,23.00
C0156,2016,3892.08,402.11,7.63,8.03
C0156,2017,1639.85,221.92,2.30,6.91
C0156,2018,9640.50,854.34,2.78,18.06
C0156,2019,9473.22,1099.29,10.81,12.72
C0156,2020,3427.49,315.73,6.84,15.61
C0156,2021,6433.50,440.26,13.29,18.05
C0156,2022,5384.16,529.15,11.55,6.06
C0156,2023,8174.31,1453.38,2.28,10.86
C0156,2024,6311.71,676.38,10.93,14.22
C0157,2015,102.50,16.63,4.50,10.33
C0157,2016,7655.43,583.95,7.49,5.98
C0157,2017,7493.80,851.77,10.12,6.73
C0157,2018,5146.25,345.97,13.35,21.03
C0157,2019,9038.90,639.89,7.93,23.23
C0157,2020,9093.62,1296.89,12.51,8.04
C0157,2021,5286.73,746.07,12.18,9.99
C0157,2022,6119.08,501.80,7.39,18.04
C0157,2023,9965.57,1207.46,8.51,24.09
C0157,2024,3058.32,548.96,11.11,10.99
C0158,2015,3313.71,252.27,2.40,22.10
C0158,2016,1909.46,100.98,13.58,15.12
C0158,2017,8969.08,1325.62,12.01,24.13
C0158,2018,7470.44,433.47,5.24,7.73
C0158,2019,1145.86,225.72,14.76,24.47
C0158,2020,9819.50,1388.90,4.33,13.82
C0158,2021,7336.52,884.49,13.88,24.06
C0158,2022,8520.17,975.55,6.22,14.17
C0158,2023,576.69,78.41,11.92,15.60
C0158,2024,5099.11,324.27,7.93,21.10
C0159,2015,7016.12,1329.58,11.57,19.45
C0159,2016,5475.17,787.58,4.03,17.39
C0159,2017,6699.81,519.88,5.50,13.34
C0159,2018,8196.95,1101.57,3.30,20.85
C0159,2019,3805.94,266.37,13.25,23.96
C0159,2020,8501.82,447.48,5.85,5.20
C0159,2021,1712.87,247.64,11.03,16.76
C0159,2022,2781.77,409.68,12.66,22.32
C0159,2023,529.12,72.78,13.72,18.06
C0159,2024,3707.83,287.44,3.38,21.02
C0160,2015,3861.10,542.54,13.61,22.90
C0160,2016,8072.18,472.03,4.56,20.02
C0160,2017,6565.99,928.34,11.58,19.34
C0160,2018,4423.55,588.79,11.48,24.29
C0160,2019,6555.93,972.17,2.11,22.27
C0160,2020,622.56,114.75,4.87,21.31
C0160,2021,1884.69,334.63,8.39,6.73
C0160,2022,6306.78,1243.06,7.46,9.78
C0160,2023,6449.53,1266.92,13.94,16.14
C0160,2024,7763.93,1287.63,6.68,19.19
C0161,2015,4089.70,791.20,14.18,11.06
C0161,2016,7253.29,1306.26,7.97,6.87
C0161,2017,6871.41,1093.50,14.54,11.22
C0161,2018,9637.59,590.86,11.59,20.42
C0161,2019,2229.79,127.90,12.78,22.55
C0161,2020,5561.63,976.84,3.36,23.26
C0161,2021,6057.47,747.78,9.62,12.58
C0161,2022,9986.61,1719.61,3.86,12.45
C0161,2023,2091.72,202.77,5.87,13.13
C0161,2024,5279.86,578.92,10.11,12.52
C0162,2015,3527.23,546.82,11.44,18.32
C0162,2016,5306.34,993.87,2.51,12.17
C0162,2017,2398.07,151.47,8.90,5.41
C0162,2018,571.36,102.40,9.35,13.78
C0162,2019,5768.40,974.58,3.02,9.48
C0162,2020,3424.96,333.35,8.51,5.58
C0162,2021,1901.22,196.36,11.28,14.42
C0162,2022,3306.96,188.40,2.69,9.12
C0162,2023,587.87,30.78,11.88,14.05
C0162,2024,9509.38,1155.87,9.49,10.55
C0163,2015,5853.36,376.55,12.83,17.07
C0163,2016,8166.21,645.95,4.83,24.82
C0163,2017,4288.87,759.19,12.83,15.94
C0163,2018,9042.82,1226.70,3.23,17.94
C0163,2019,4884.85,708.52,7.25,23.39
C0163,2020,5782.06,451.71,4.59,12.48
C0163,2021,4968.76,866.05,13.39,8.33
C0163,2022,7359.46,1326.15,11.16,10.66
C0163,2023,5709.90,733.72,2.33,13.06
C0163,2024,2788.83,521.19,2.12,17.90
C0164,2015,1540.84,272.30,5.79,5.09
C0164,2016,6100.63,974.26,3.86,22.07
C0164,2017,4942.88,791.41,10.19,6.52
C0164,2018,1050.16,69.11,10.63,23.01
C0164,2019,4016.61,364.01,14.25,23.99
C0164,2020,5196.29,311.92,14.38,24.80
C0164,2021,8286.24,425.10,10.57,21.19
C0164,2022,853.40,62.94,2.07,7.84
C0164,2023,3550.10,646.38,6.67,19.12
C0164,2024,8244.30,708.85,8.67,9.07
C0165,2015,6519.40,1274.69,8.49,22.94
C0165,2016,2970.59,414.68,9.84,11.33
C0165,2017,8468.82,724.84,14.49,11.54
C0165,2018,4983.61,620.81,13.51,23.35
C0165,2019,5033.68,417.11,3.42,5.26
C0165,2020,9768.21,1930.16,5.46,8.88
C0165,2021,9476.45,1678.18,12.83,13.44
C0165,2022,3649.47,196.84,12.72,19.01
C0165,2023,1491.73,286.66,5.58,17.95
C0165,2024,3324.10,525.74,11.50,18.39
C0166,2015,401.78,25.05,10.74,22.60
C0166,2016,305.60,46.02,8.16,7.42
C0166,2017,4015.67,590.46,4.62,15.44
C0166,2018,9416.10,779.83,13.55,19.51
C0166,2019,8726.44,1429.10,10.81,17.72
C0166,2020,5163.28,325.60,4.20,13.97
C0166,2021,5695.74,702.95,11.16,5.34
C0166,2022,158.74,8.17,11.64,6.21
C0166,2023,2233.46,436.22,13.53,7.38
C0166,2024,345.26,56.19,4.90,11.86
C0167,2015,7569.94,558.87,14.85,7.35
C0167,2016,1541.89,156.12,3.99,13.52
C0167,2017,8703.57,644.80,9.81,8.57
C0167,2018,6468.91,1067.32,10.54,20.58
C0167,2019,2371.24,139.51,7.45,22.43
C0167,2020,1661.43,292.51,8.18,12.79
C0167,2021,6313.48,1207.96,13.58,15.23
C0167,2022,9018.29,1366.22,10.39,24.07
C0167,2023,7211.77,590.97,8.46,15.71
C0167,2024,3550.61,369.31,3.67,24.90
C0168,2015,5915.10,719.19,2.10,7.84
C0168,2016,3176.54,446.92,3.62,22.24
C0168,2017,9991.58,1501.73,14.43,14.94
C0168,2018,7513.51,1000.29,11.93,5.45
C0168,2019,6182.38,634.91,14.57,24.44
C0168,2020,4290.27,787.85,2.46,24.30
C0168,2021,6219.71,386.92,10.84,12.67
C0168,2022,3482.00,417.63,2.58,24.08
C0168,2023,385.76,64.17,12.17,7.82
C0168,2024,4011.38,237.20,6.95,18.60
C0169,2015,9311.76,1450.77,3.24,8.84
C0169,2016,6300.38,1089.69,9.38,9.93
C0169,2017,931.16,138.86,5.64,20.59
C0169,2018,8861.44,460.27,10.57,12.55
C0169,2019,2761.86,212.72,10.56,5.14
C0169,2020,2513.32,254.64,11.17,13.28
C0169,2021,3041.20,258.66,14.90,9.56
C0169,2022,5814.30,1130.29,7.03,18.67
C0169,2023,5492.41,811.44,8.05,8.89
C0169,2024,4965.00,469.42,12.46,21.85
C0170,2015,7203.61,1364.76,9.52,10.34
C0170,2016,3233.72,520.92,2.48,12.86
C0170,2017,7842.44,726.92,12.96,10.96
C0170,2018,1835.68,196.11,2.67,17.88
C0170,2019,7847.95,627.16,4.22,7.02
C0170,2020,6671.72,1305.40,3.33,14.56
C0170,2021,6863.76,875.78,3.01,11.69
C0170,2022,4867.38,897.59,2.33,22.68
C0170,2023,6703.32,683.57,2.72,6.47
C0170,2024,889.99,159.42,7.75,21.59
C0171,2015,8530.36,495.47,5.29,8.35
C0171,2016,649.92,128.24,3.64,6.77
C0171,2017,1572.54,293.76,10.56,9.05
C0171,2018,5810.22,607.05,4.94,7.05
C0171,2019,7420.17,1233.29,2.25,15.42
C0171,2020,854.89,139.21,7.44,24.76
C0171,2021,9215.57,1706.62,6.04,5.69
C0171,2022,9738.72,935.78,6.14,14.22
C0171,2023,6098.91,730.82,7.79,12.72
C0171,2024,4864.31,874.36,10.70,11.79
C0172,2015,7439.81,1240.86,10.01,11.64
C0172,2016,3350.74,365.30,14.18,22.90
C0172,2017,4983.32,881.34,8.73,5.38
C0172,2018,9169.90,523.08,8.14,20.50
C0172,2019,9560.99,1599.62,4.77,10.06
C0172,2020,9277.98,751.65,11.82,12.67
C0172,2021,2698.24,250.72,3.83,13.40
C0172,2022,2401.44,297.74,8.38,11.09
C0172,2023,3046.88,357.89,7.48,6.87
C0172,2024,4468.98,572.41,10.56,7.29
C0173,2015,3210.26,422.84,13.93,10.96
C0173,2016,3804.71,379.44,14.31,21.44
C0173,2017,6244.31,476.34,4.18,7.69
C0173,2018,7649.00,1264.17,5.40,19.85
C0173,2019,7382.03,812.00,12.55,10.78
C0173,2020,8162.79,1027.50,8.74,22.67
C0173,2021,418.63,61.41,7.89,13.57
C0173,2022,572.56,106.75,11.24,8.43
C0173,2023,7914.89,1235.78,9.83,24.72
C0173,2024,5377.48,305.54,14.62,8.53
C0174,2015,5823.59,1023.69,9.59,16.35
C0174,2016,620.61,123.13,8.06,16.39
C0174,2017,2627.61,317.61,9.06,12.46
C0174,2018,6419.71,1254.66,12.51,24.03
C0174,2019,8605.90,1136.83,9.96,21.88
C0174,2020,9178.14,1091.67,10.41,21.60
C0174,2021,5054.15,503.95,14.63,24.48
C0174,2022,5500.19,817.51,10.04,14.14
C0174,2023,8347.19,705.11,6.94,6.94
C0174,2024,5422.48,356.47,10.99,20.31
C0175,2015,5216.90,282.16,10.57,12.62
C0175,2016,9060.33,850.38,2.18,8.81
C0175,2017,7920.33,866.21,8.08,14.66
C0175,2018,9099.82,1208.56,11.66,23.51
C0175,2019,2260.65,212.30,8.49,8.43
C0175,2020,5291.32,1045.61,12.14,21.97
C0175,2021,8440.47,791.39,7.86,13.36
C0175,2022,1200.36,139.42,14.78,7.74
C0175,2023,7967.16,521.78,5.81,21.97
C0175,2024,1911.44,170.30,3.20,24.39
C0176,2015,8100.38,463.75,7.59,10.83
C0176,2016,6158.81,824.83,9.04,11.07
C0176,2017,2013.04,327.44,6.54,12.81
C0176,2018,4786.21,379.82,5.15,21.28
C0176,2019,6850.86,720.62,10.74,5.21
C0176,2020,6375.14,334.65,6.90,9.48
C0176,2021,4329.75,761.73,10.21,19.12
C0176,2022,9003.73,1503.57,12.13,13.11
C0176,2023,5240.71,311.76,11.89,11.61
C0176,2024,5108.09,534.97,6.88,22.45
C0177,2015,716.28,138.45,9.38,23.35
C0177,2016,9228.99,1004.15,7.85,23.96
C0177,2017,1853.45,238.97,13.32,10.45
C0177,2018,5330.61,550.58,13.42,23.25
C0177,2019,8055.32,1123.07,6.47,19.74
C0177,2020,2232.99,439.28,3.19,8.08
C0177,2021,5321.00,1062.21,4.18,17.21
C0177,2022,2482.78,412.66,6.77,5.53
C0177,2023,7620.98,843.24,9.34,19.17
C0177,2024,5686.98,706.12,10.54,19.67
C0178,2015,8574.16,887.51,6.31,20.79
C0178,2016,8956.12,1771.85,10.68,8.45
C0178,2017,6522.46,1018.57,14.19,17.56
C0178,2018,7281.37,854.39,10.48,8.58
C0178,2019,5537.28,286.93,4.06,23.93
C0178,2020,3905.84,500.23,9.54,18.50
C0178,2021,6516.37,1287.56,9.04,6.91
C0178,2022,9092.06,1167.96,13.32,8.74
C0178,2023,4225.14,326.87,6.55,18.27
C0178,2024,3212.66,171.28,7.50,14.53
C0179,2015,3945.53,407.20,9.78,19.73
C0179,2016,4410.44,827.99,8.82,10.62
C0179,2017,828.25,165.22,11.35,18.16
C0179,2018,5034.57,965.66,2.53,8.54
C0179,2019,4993.71,796.06,9.33,15.87
C0179,2020,5925.59,792.38,3.58,24.16
C0179,2021,3691.92,511.71,6.10,17.56
C0179,2022,6169.77,807.31,10.60,6.00
C0179,2023,8794.34,1372.42,4.05,24.78
C0179,2024,9559.16,1078.57,6.01,8.14
C0180,2015,5877.76,883.90,11.14,19.36
C0180,2016,521.65,35.60,10.46,15.65
C0180,2017,9695.44,871.18,3.18,10.89
C0180,2018,7088.03,1243.24,9.50,8.55
C0180,2019,3426.04,635.74,3.91,8.55
C0180,2020,1556.86,203.72,5.28,22.17
C0180,2021,1519.84,83.20,7.97,22.46
C0180,2022,1760.67,332.85,3.42,14.30
C0180,2023,551.17,85.60,14.92,7.07
C0180,2024,9031.33,1012.45,4.15,22.68
C0181,2015,5453.61,762.18,12.16,14.74
C0181,2016,7029.60,804.65,12.79,13.78
C0181,2017,8298.27,994.14,14.93,13.15
C0181,2018,7936.26,1452.51,7.57,12.30
C0181,2019,8837.80,655.43,13.36,15.52
C0181,2020,9675.82,634.25,14.45,17.09
C0181,2021,4446.80,224.16,4.25,14.33
C0181,2022,9508.32,923.26,8.23,22.93
C0181,2023,7260.57,523.57,2.78,11.35
C0181,2024,799.62,66.37,10.07,16.57
C0182,2015,6849.65,354.03,9.56,11.00
C0182,2016,6898.49,580.02,4.65,20.07
C0182,2017,9068.02,905.96,12.37,7.04
C0182,2018,3792.03,207.56,2.48,8.77
C0182,2019,5890.62,831.67,12.48,21.02
C0182,2020,220.66,29.86,2.35,8.66
C0182,2021,3387.54,218.68,10.54,17.51
C0182,2022,716.21,99.73,3.02,24.40
C0182,2023,5266.54,1052.25,5.27,15.46
C0182,2024,8192.73,1570.30,11.38,8.75
C0183,2015,2143.78,108.05,5.65,11.41
C0183,2016,5321.67,900.99,8.65,21.47
C0183,2017,2119.69,218.41,13.90,12.03
C0183,2018,1294.82,77.10,2.65,19.47
C0183,2019,5158.87,486.98,12.54,20.55
C0183,2020,883.57,86.82,2.85,15.02
C0183,2021,5914.81,759.97,3.65,20.66
C0183,2022,410.24,61.19,3.55,11.34
C0183,2023,1156.48,187.76,14.92,15.32
C0183,2024,5544.98,481.78,4.34,18.73
C0184,2015,5954.93,585.17,13.66,8.36
C0184,2016,386.97,37.25,14.88,10.47
C0184,2017,5776.43,603.12,6.99,18.04
C0184,2018,8401.18,1679.80,10.20,18.11
C0184,2019,7250.93,1208.67,12.13,14.87
C0184,2020,1398.73,274.50,7.10,20.91
C0184,2021,5965.50,918.49,4.10,14.64
C0184,2022,6755.30,749.44,7.64,22.63
C0184,2023,468.59,50.82,12.03,19.72
C0184,2024,8567.94,1056.32,12.15,11.29
C0185,2015,9072.05,1020.88,5.00,12.91
C0185,2016,8519.48,1484.51,4.27,18.35
C0185,2017,8263.85,989.60,13.97,22.89
C0185,2018,7475.16,705.22,2.57,8.57
C0185,2019,6370.98,1059.04,11.55,15.29
C0185,2020,6818.41,1214.79,2.60,7.38
C0185,2021,8083.31,913.93,12.89,10.59
C0185,2022,6658.73,999.95,13.77,18.72
C0185,2023,3344.50,196.73,5.87,6.55
C0185,2024,3822.01,494.64,2.96,18.25
C0186,2015,8980.87,509.64,8.25,23.02
C0186,2016,269.51,14.66,5.88,24.39
C0186,2017,7018.32,996.17,7.42,9.33
C0186,2018,9552.30,912.25,10.64,19.98
C0186,2019,7091.66,1144.46,4.73,23.53
C0186,2020,9939.73,1833.01,6.64,6.83
C0186,2021,6906.69,489.74,12.17,13.28
C0186,2022,440.19,69.85,10.37,23.39
C0186,2023,8287.40,1053.97,6.24,9.06
C0186,2024,2917.84,194.96,10.64,23.68
C0187,2015,4515.97,667.18,11.95,15.54
C0187,2016,3189.71,451.09,9.70,7.00
C0187,2017,2758.69,351.31,5.11,14.00
C0187,2018,4370.92,825.98,2.00,11.53
C0187,2019,3849.64,493.38,12.44,10.64
C0187,2020,6370.05,1264.95,12.69,15.83
C0187,2021,8150.20,1030.06,11.07,14.67
C0187,2022,3041.18,204.91,3.00,14.64
C0187,2023,2215.84,267.17,9.61,6.76
C0187,2024,6702.26,518.42,12.67,21.05
C0188,2015,6736.17,940.17,7.07,14.63
C0188,2016,9021.20,1388.99,4.57,21.42
C0188,2017,257.86,31.01,9.64,21.49
C0188,2018,8545.10,552.49,12.74,11.34
C0188,2019,5257.92,632.51,2.64,5.09
C0188,2020,6250.89,388.92,9.76,23.22
C0188,2021,1004.58,153.02,10.36,20.21
C0188,2022,4382.89,738.76,9.83,7.15
C0188,2023,2350.29,456.80,10.45,19.03
C0188,2024,2616.83,189.25,10.21,5.40
C0189,2015,5090.54,661.07,3.70,5.56
C0189,2016,8143.31,1100.41,5.05,15.52
C0189,2017,7463.43,1405.90,10.05,6.92
C0189,2018,5950.90,857.47,2.23,24.29
C0189,2019,5440.24,390.75,10.25,22.88
C0189,2020,4330.33,499.95,10.65,18.00
C0189,2021,9729.83,1442.10,5.11,6.27
C0189,2022,5645.91,875.36,9.78,11.50
C0189,2023,2614.27,469.16,8.94,12.43
C0189,2024,2377.90,183.28,5.39,14.62
C0190,2015,6152.40,1185.76,8.02,8.38
C0190,2016,5275.99,310.60,13.83,16.55
C0190,2017,176.21,34.81,7.55,13.72
C0190,2018,8317.65,1486.07,10.19,23.95
C0190,2019,7070.81,1053.84,2.46,23.72
C0190,2020,6652.11,1066.00,3.01,16.31
C0190,2021,780.93,47.56,3.06,17.89
C0190,2022,3684.35,207.14,12.12,7.76
C0190,2023,9360.28,610.90,6.55,9.47
C0190,2024,8639.63,545.20,4.96,23.01
C0191,2015,2926.88,386.66,11.72,18.98
C0191,2016,1654.88,136.22,4.21,8.79
C0191,2017,4545.97,813.87,5.20,16.40
C0191,2018,3622.72,423.36,7.60,23.70
C0191,2019,6854.04,1057.76,6.31,11.90
C0191,2020,9667.70,1430.15,9.61,8.72
C0191,2021,3693.71,361.90,6.39,23.84
C0191,2022,716.02,61.92,7.11,14.23
C0191,2023,8986.38,910.94,13.22,13.34
C0191,2024,475.70,80.63,13.50,10.35
C0192,2015,9532.38,1314.91,12.76,22.83
C0192,2016,6679.34,587.99,13.24,21.91
C0192,2017,9422.72,1627.09,9.41,13.06
C0192,2018,2076.63,120.89,10.40,5.61
C0192,2019,502.93,77.89,9.24,13.93
C0192,2020,4933.28,571.59,12.21,8.62
C0192,2021,4561.17,728.39,9.16,7.85
C0192,2022,3381.77,639.56,3.44,12.86
C0192,2023,9580.80,1556.93,12.52,6.98
C0192,2024,8243.58,958.69,11.89,24.15
C0193,2015,6649.66,483.07,12.66,5.95
C0193,2016,1712.30,292.72,4.48,13.03
C0193,2017,7369.80,877.79,5.53,8.25
C0193,2018,7297.42,447.31,5.84,18.78
C0193,2019,4308.17,680.08,8.61,6.58
C0193,2020,9255.38,867.95,3.74,15.94
C0193,2021,1753.08,100.51,7.01,20.46
C0193,2022,2746.64,509.26,4.37,24.00
C0193,2023,725.92,88.90,5.44,18.97
C0193,2024,7974.96,734.85,11.18,6.99
C0194,2015,6255.42,984.97,13.11,6.77
C0194,2016,3217.91,588.51,2.30,19.63
C0194,2017,1721.76,86.17,9.36,9.31
C0194,2018,497.46,76.20,2.47,13.94
C0194,2019,1750.78,288.97,3.11,24.53
C0194,2020,4587.52,373.83,11.17,21.40
C0194,2021,2547.05,314.42,11.56,21.93
C0194,2022,2663.92,168.87,12.58,22.22
C0194,2023,8768.21,1420.56,8.17,17.39
C0194,2024,5199.86,920.99,13.18,19.88
C0195,2015,7319.59,484.76,4.17,12.18
C0195,2016,453.54,78.22,5.25,24.97
C0195,2017,3715.12,615.73,3.75,10.59
C0195,2018,4843.78,494.24,12.37,16.80
C0195,2019,1945.53,298.72,4.97,10.64
C0195,2020,1289.90,64.50,4.02,7.24
C0195,2021,8716.01,1654.03,10.10,16.35
C0195,2022,9400.37,1246.09,3.00,12.07
C0195,2023,880.19,125.91,2.58,16.66
C0195,2024,3555.29,532.22,3.39,16.17
C0196,2015,9587.03,1286.63,2.00,15.85
C0196,2016,923.30,164.82,11.06,7.47
C0196,2017,6472.05,915.51,9.31,13.80
C0196,2018,9724.99,1810.44,4.73,21.24
C0196,2019,9784.41,1343.89,5.03,11.30
C0196,2020,4765.11,360.57,12.54,13.88
C0196,2021,1711.22,320.06,8.52,14.88
C0196,2022,2100.63,319.81,11.08,22.25
C0196,2023,8907.05,1379.58,7.89,18.11
C0196,2024,9125.66,1805.26,5.09,7.00
C0197,2015,6118.01,374.91,14.62,22.30
C0197,2016,7685.15,878.33,9.35,21.64
C0197,2017,7425.32,637.57,3.70,20.07
C0197,2018,6652.03,961.64,7.28,14.32
C0197,2019,8290.04,1417.78,6.28,20.15
C0197,2020,6885.53,1342.31,4.78,14.57
C0197,2021,5386.62,636.64,14.13,19.73
C0197,2022,2445.87,410.74,13.45,22.60
C0197,2023,7464.49,1400.02,4.59,22.81
C0197,2024,4787.03,730.02,6.58,14.09
C0198,2015,3018.44,260.82,11.91,22.19
C0198,2016,8039.27,1134.97,4.71,7.03
C0198,2017,6997.46,1367.95,9.69,7.04
C0198,2018,9379.66,1858.42,11.10,15.97
C0198,2019,1737.87,254.34,10.50,18.04
C0198,2020,6526.97,1194.75,11.18,8.06
C0198,2021,2517.97,201.57,11.19,14.44
C0198,2022,9045.47,786.16,14.54,6.89
C0198,2023,1085.04,209.34,6.50,17.04
C0198,2024,6596.00,463.60,13.42,22.10
C0199,2015,7931.75,623.96,2.28,19.75
C0199,2016,3613.69,408.64,5.75,12.57
C0199,2017,9545.97,1321.52,2.63,24.88
C0199,2018,8522.23,1197.99,10.47,18.26
C0199,2019,3016.72,282.96,3.31,21.30
C0199,2020,174.66,32.85,12.99,18.39
C0199,2021,3036.91,568.71,10.41,24.79
C0199,2022,2884.97,313.91,2.37,21.43
C0199,2023,8910.65,1026.01,11.29,15.39
C0199,2024,9674.50,1503.17,13.21,12.34
C0200,2015,797.36,119.16,10.59,18.64
C0200,2016,4765.82,511.58,2.40,16.80
C0200,2017,5528.49,619.95,13.15,17.59
C0200,2018,1019.83,104.23,11.52,11.86
C0200,2019,3837.23,327.35,6.92,13.57
C0200,2020,3239.12,384.55,6.27,16.16
C0200,2021,5406.96,827.08,8.24,21.79
C0200,2022,6645.79,1071.93,13.27,20.26
C0200,2023,7064.50,1178.58,5.28,7.37
C0200,2024,1453.87,154.42,3.31,9.91
C0201,2015,8148.18,1341.97,13.24,5.53
C0201,2016,6817.57,347.54,2.34,5.16
C0201,2017,8901.84,1082.09,13.84,9.49
C0201,2018,4548.43,769.07,5.97,20.99
C0201,2019,8949.51,1293.26,8.61,23.09
C0201,2020,8671.16,1050.16,3.72,12.84
C0201,2021,4440.25,651.37,13.73,16.26
C0201,2022,3873.32,720.60,11.75,19.12
C0201,2023,9334.84,1259.80,14.01,24.06
C0201,2024,7180.13,1220.39,10.88,23.26
C0202,2015,9289.63,1831.09,4.40,6.14
C0202,2016,7990.05,1245.13,6.01,9.96
C0202,2017,6132.04,833.95,8.33,5.98
C0202,2018,1246.94,69.36,9.89,17.33
C0202,2019,2985.66,316.99,14.04,19.21
C0202,2020,9691.54,1306.58,6.99,11.17
C0202,2021,3262.28,553.22,11.14,22.08
C0202,2022,1023.22,118.40,14.49,14.06
C0202,2023,7104.78,1378.39,3.98,24.97
C0202,2024,7366.64,668.66,13.22,5.01
C0203,2015,2926.03,473.10,7.47,7.19
C0203,2016,3046.95,343.86,11.52,11.04
C0203,2017,4742.04,582.79,5.82,5.51
C0203,2018,315.71,53.79,6.34,20.65
C0203,2019,7914.30,747.37,2.35,6.06
C0203,2020,3239.18,209.00,14.63,19.98
C0203,2021,8552.25,1095.02,12.57,6.05
C0203,2022,8046.04,1040.51,3.22,10.05
C0203,2023,6647.88,1127.32,14.99,21.83
C0203,2024,3316.26,647.49,9.87,24.02
C0204,2015,5211.53,303.81,13.10,13.29
C0204,2016,4503.81,624.92,2.87,24.40
C0204,2017,3454.93,525.81,7.06,17.54
C0204,2018,8496.55,1681.21,10.71,13.32
C0204,2019,4886.72,935.26,3.38,21.06
C0204,2020,8343.96,1308.90,8.36,10.91
C0204,2021,1141.66,146.44,7.75,10.32
C0204,2022,1496.15,111.06,4.81,18.13
C0204,2023,9775.47,1052.10,5.90,12.81
C0204,2024,5918.91,815.44,14.57,7.72
C0205,2015,5146.72,817.20,5.75,6.34
C0205,2016,5279.25,767.13,4.77,20.76
C0205,2017,2231.16,350.56,8.97,18.52
C0205,2018,7215.17,825.22,10.72,13.24
C0205,2019,939.33,149.49,11.43,22.92
C0205,2020,5775.90,413.33,11.81,13.22
C0205,2021,5750.61,427.78,2.48,19.21
C0205,2022,9150.47,681.02,7.12,23.18
C0205,2023,5309.21,974.93,12.06,21.81
C0205,2024,1456.92,89.46,13.76,15.22
C0206,2015,5770.26,982.25,9.83,18.61
C0206,2016,1004.14,85.39,2.68,13.27
C0206,2017,2117.56,254.67,7.16,17.94
C0206,2018,407.97,76.45,2.96,10.15
C0206,2019,5181.61,714.49,11.73,13.69
C0206,2020,936.87,76.37,2.83,9.19
C0206,2021,4747.00,439.64,4.41,5.76
C0206,2022,9336.16,1755.82,7.42,16.77
C0206,2023,7225.64,824.24,8.01,22.29
C0206,2024,866.38,119.60,7.28,5.51
C0207,2015,2319.68,276.02,8.02,8.92
C0207,2016,6769.26,722.72,11.27,14.20
C0207,2017,8957.55,747.88,6.80,18.32
C0207,2018,425.89,65.13,9.12,8.42
C0207,2019,8143.27,1284.49,5.94,6.13
C0207,2020,5661.96,516.56,6.60,15.38
C0207,2021,5506.30,927.00,9.98,21.37
C0207,2022,9582.35,1707.39,8.38,5.70
C0207,2023,7501.68,1411.08,11.40,11.99
C0207,2024,8516.18,631.75,9.29,18.27
C0208,2015,3604.56,344.55,12.45,7.61
C0208,2016,5588.20,1000.58,7.76,9.72
C0208,2017,6192.52,494.05,8.38,15.71
C0208,2018,3283.68,165.89,10.71,24.06
C0208,2019,5745.46,1037.77,4.88,10.75
C0208,2020,2442.89,241.77,7.02,14.75
C0208,2021,1519.42,170.44,10.12,13.00
C0208,2022,3802.31,444.68,2.38,22.95
C0208,2023,7418.97,1314.95,7.68,6.44
C0208,2024,9170.25,923.30,9.79,16.32
C0209,2015,4631.37,851.44,14.58,21.92
C0209,2016,6463.95,921.38,13.40,24.76
C0209,2017,1120.07,144.59,5.65,18.97
C0209,2018,9054.19,894.94,8.59,12.60
C0209,2019,5729.18,495.90,2.73,13.24
C0209,2020,7825.35,1123.79,5.13,12.03
C0209,2021,7964.97,932.17,12.07,17.07
C0209,2022,2639.16,492.41,3.60,19.79
C0209,2023,5338.83,660.66,5.35,21.39
C0209,2024,9608.75,1218.09,14.27,13.33
C0210,2015,987.38,111.09,12.71,19.33
C0210,2016,6862.19,1155.52,12.16,23.32
C0210,2017,9626.41,1094.77,13.24,23.42
C0210,2018,3075.71,278.05,11.74,19.08
C0210,2019,8628.33,1547.10,3.57,17.74
C0210,2020,9343.21,1303.60,8.72,15.63
C0210,2021,7496.15,1039.92,7.78,8.66
C0210,2022,2390.15,338.50,6.04,7.47
C0210,2023,3406.61,537.65,12.84,14.71
C0210,2024,454.51,44.07,8.03,8.19
C0211,2015,8331.39,458.86,2.78,16.54
C0211,2016,8511.15,1460.42,5.57,17.91
C0211,2017,6363.83,441.24,4.97,15.51
C0211,2018,3590.03,568.20,13.54,5.73
C0211,2019,860.43,53.65,10.42,6.15
C0211,2020,7555.27,803.10,9.28,7.27
C0211,2021,7292.61,433.57,8.59,8.07
C0211,2022,9134.76,1172.28,10.45,24.80
C0211,2023,7332.27,1084.96,11.81,11.89
C0211,2024,8304.08,628.74,9.21,10.84
C0212,2015,7484.95,791.49,14.20,6.05
C0212,2016,6343.80,1202.38,14.70,17.71
C0212,2017,4326.97,503.48,14.94,18.04
C0212,2018,9030.96,1538.71,10.70,8.51
C0212,2019,6544.59,1237.44,14.12,23.38
C0212,2020,4043.72,793.18,7.26,21.01
C0212,2021,926.35,171.14,13.17,9.61
C0212,2022,2977.98,290.68,13.82,14.72
C0212,2023,5482.89,1065.80,13.75,14.17
C0212,2024,2828.79,486.15,12.80,11.97
C0213,2015,2290.23,402.11,7.29,21.35
C0213,2016,5321.20,278.17,4.07,7.19
C0213,2017,1781.22,344.02,6.34,13.31
C0213,2018,8024.06,1337.72,11.97,13.56
C0213,2019,4895.24,808.67,5.03,14.37
C0213,2020,5781.24,359.76,8.22,22.23
C0213,2021,1559.09,132.34,9.35,9.36
C0213,2022,3313.31,643.91,9.85,7.06
C0213,2023,4159.89,520.41,14.16,17.36
C0213,2024,8101.31,888.54,10.60,8.48
C0214,2015,7724.58,1359.46,12.22,6.50
C0214,2016,2307.48,145.60,9.56,13.53
C0214,2017,6200.17,697.78,12.84,9.39
C0214,2018,2510.22,266.97,5.43,12.22
C0214,2019,9883.65,1012.85,4.73,10.19
C0214,2020,9526.03,915.96,14.04,6.85
C0214,2021,5676.32,462.68,11.02,16.21
C0214,2022,7019.14,533.01,10.73,5.54
C0214,2023,8034.16,1173.48,8.07,24.33
C0214,2024,7237.88,1360.07,6.90,11.83
C0215,2015,7028.30,887.87,9.22,18.90
C0215,2016,9589.68,908.11,3.57,21.21
C0215,2017,6004.92,443.61,7.91,10.58
C0215,2018,6399.40,1116.83,7.92,19.97
C0215,2019,8507.76,1665.17,9.00,21.65
C0215,2020,6731.92,689.17,10.25,9.83
C0215,2021,7356.03,688.84,14.45,24.85
C0215,2022,2418.27,339.10,10.48,5.41
C0215,2023,3775.54,627.87,13.49,9.34
C0215,2024,1558.28,184.36,9.23,20.60
C0216,2015,5107.08,738.03,10.15,8.88
C0216,2016,4611.70,726.26,2.91,18.97
C0216,2017,9971.91,1935.44,3.73,22.11
C0216,2018,6150.97,459.82,9.54,24.18
C0216,2019,7885.80,1574.06,7.14,14.48
C0216,2020,3406.75,370.73,12.38,24.42
C0216,2021,8332.30,1320.50,9.06,13.23
C0216,2022,6189.34,840.90,13.47,9.36
C0216,2023,7000.22,861.03,14.64,15.28
C0216,2024,3014.86,466.43,3.92,18.00
C0217,2015,5531.52,604.94,7.13,14.16
C0217,2016,6376.97,439.48,10.64,16.34
C0217,2017,5932.04,731.62,5.97,13.33
C0217,2018,9160.42,1175.17,5.47,15.50
C0217,2019,8992.90,722.00,12.58,24.05
C0217,2020,9712.74,1848.75,14.74,15.00
C0217,2021,6707.54,564.25,12.06,10.06
C0217,2022,9721.95,1082.87,8.81,20.17
C0217,2023,8341.53,610.93,7.75,11.75
C0217,2024,2781.24,362.59,9.02,21.32
C0218,2015,4331.61,416.47,8.02,6.14
C0218,2016,2460.09,303.55,8.54,11.64
C0218,2017,141.55,11.85,4.64,6.89
C0218,2018,1961.68,113.91,13.75,6.71
C0218,2019,140.20,23.40,11.81,18.17
C0218,2020,7226.40,1056.23,10.85,12.71
C0218,2021,4312.79,436.07,14.35,22.43
C0218,2022,3194.49,182.48,5.70,15.33
C0218,2023,7641.04,1374.14,3.06,10.91
C0218,2024,8341.62,629.54,12.74,19.42
C0219,2015,9755.47,1849.75,14.98,17.48
C0219,2016,6455.93,786.26,9.52,20.99
C0219,2017,4669.14,471.85,2.76,17.87
C0219,2018,3122.12,503.48,12.15,8.34
C0219,2019,2300.95,417.68,2.96,18.41
C0219,2020,2207.97,233.18,9.02,12.83
C0219,2021,4150.97,461.18,5.61,14.26
C0219,2022,9918.68,1140.39,13.90,23.43
C0219,2023,108.45,20.43,7.87,12.20
C0219,2024,2052.34,315.82,13.68,17.24
C0220,2015,1965.09,171.25,5.89,12.27
C0220,2016,7199.48,559.76,7.04,6.89
C0220,2017,3589.60,303.52,14.31,14.07
C0220,2018,4626.88,414.27,4.62,16.94
C0220,2019,1571.38,132.82,9.52,13.15
C0220,2020,4109.47,611.39,7.05,12.81
C0220,2021,1121.68,75.59,12.06,21.41
C0220,2022,5377.13,581.29,3.68,5.59
C0220,2023,1069.59,153.76,7.68,10.91
C0220,2024,7926.03,742.11,11.09,21.24
C0221,2015,5709.36,341.37,7.29,23.41
C0221,2016,7267.28,452.56,2.76,13.25
C0221,2017,4243.31,292.34,11.17,22.78
C0221,2018,3876.76,679.89,8.54,8.98
C0221,2019,1072.27,159.42,2.15,9.43
C0221,2020,5286.17,315.47,9.96,21.92
C0221,2021,5193.57,564.34,13.96,23.07
C0221,2022,4734.21,434.54,3.44,9.46
C0221,2023,7431.13,1015.88,9.68,6.19
C0221,2024,8341.79,1071.26,11.47,6.81
C0222,2015,7532.82,920.27,2.92,10.23
C0222,2016,1524.27,148.12,2.29,20.23
C0222,2017,6258.39,442.28,8.03,15.20
C0222,2018,895.20,144.45,12.29,14.11
C0222,2019,6976.76,1269.62,4.09,16.68
C0222,2020,3880.21,743.54,12.88,22.80
C0222,2021,1411.74,83.00,10.54,6.81
C0222,2022,8634.30,1390.00,6.32,18.89
C0222,2023,6178.68,982.26,8.71,23.54
C0222,2024,3611.78,693.70,14.55,9.27
C0223,2015,404.20,35.54,4.81,21.76
C0223,2016,5419.37,874.29,8.49,18.96
C0223,2017,9239.94,537.71,10.12,5.29
C0223,2018,6004.16,868.72,3.79,9.63
C0223,2019,9719.34,997.47,2.57,17.12
C0223,2020,1450.87,239.88,2.17,15.05
C0223,2021,5726.22,1027.83,6.22,15.56
C0223,2022,8001.44,837.94,2.96,9.64
C0223,2023,5302.85,683.21,12.45,18.50
C0223,2024,1001.56,67.72,14.97,10.33
C0224,2015,5870.57,660.65,2.80,12.79
C0224,2016,6156.21,640.98,7.63,12.38
C0224,2017,7314.22,566.62,2.33,18.44
C0224,2018,7635.99,1406.33,3.74,6.81
C0224,2019,7730.65,558.25,6.20,9.11
C0224,2020,6668.10,969.28,7.12,9.01
C0224,2021,2236.53,410.45,14.22,7.17
C0224,2022,4101.93,766.22,7.15,9.15
C0224,2023,7783.69,1315.33,8.45,17.14
C0224,2024,9538.93,728.98,5.19,19.64
C0225,2015,881.57,152.17,2.00,18.21
C0225,2016,5401.81,494.18,13.69,14.50
C0225,2017,3193.97,601.62,3.06,6.05
C0225,2018,2331.40,364.54,14.54,24.18
C0225,2019,5107.53,856.99,3.70,8.36
C0225,2020,6100.28,382.82,9.86,18.37
C0225,2021,196.75,27.04,14.99,23.26
C0225,2022,7824.05,1354.90,3.80,18.96
C0225,2023,8216.83,1472.77,7.51,9.36
C0225,2024,9658.56,524.41,12.15,11.32
C0226,2015,1888.37,360.44,2.42,5.60
C0226,2016,5986.07,338.22,10.97,17.26
C0226,2017,4323.59,614.72,3.04,17.26
C0226,2018,3414.80,525.91,5.07,19.51
C0226,2019,5699.77,376.77,4.08,5.22
C0226,2020,7845.59,448.78,13.80,21.36
C0226,2021,328.22,55.06,4.35,19.77
C0226,2022,9697.06,1044.38,2.53,7.82
C0226,2023,8117.83,536.32,9.64,11.95
C0226,2024,7536.42,1238.99,6.50,17.77
C0227,2015,7627.84,1352.98,7.27,14.92
C0227,2016,3951.70,545.76,3.55,7.30
C0227,2017,7541.04,559.44,11.73,6.75
C0227,2018,3929.03,205.42,9.82,20.63
C0227,2019,8997.20,1395.65,6.73,8.12
C0227,2020,1854.50,245.76,4.23,8.44
C0227,2021,2994.24,442.01,9.71,21.62
C0227,2022,5558.24,955.89,12.12,17.24
C0227,2023,3260.19,375.36,6.06,17.09
C0227,2024,4299.95,295.31,2.34,14.59
C0228,2015,4974.98,950.21,4.79,16.38
C0228,2016,8577.90,1130.48,10.87,17.04
C0228,2017,5279.60,751.26,14.86,24.36
C0228,2018,3688.35,700.83,2.17,9.46
C0228,2019,2552.59,484.32,5.98,9.29
C0228,2020,4145.89,563.07,2.81,6.14
C0228,2021,5205.79,492.68,6.11,18.16
C0228,2022,7486.54,1494.07,7.28,15.98
C0228,2023,1298.38,197.51,13.97,7.22
C0228,2024,2293.93,255.24,3.05,12.29
C0229,2015,3858.57,516.95,12.10,8.57
C0229,2016,3667.94,412.19,7.14,11.63
C0229,2017,3978.31,729.01,12.55,24.03
C0229,2018,7955.86,973.60,8.67,18.67
C0229,2019,3309.13,574.23,2.51,5.15
C0229,2020,5068.79,892.24,14.30,10.05
C0229,2021,6276.68,1089.94,3.08,5.21
C0229,2022,2398.57,379.76,9.77,19.30
C0229,2023,7215.08,1285.96,13.41,14.39
C0229,2024,5516.40,596.24,3.04,24.88
C0230,2015,4523.13,303.95,9.20,19.67
C0230,2016,8116.86,1431.56,12.72,15.36
C0230,2017,2510.60,313.14,14.82,21.09
C0230,2018,8843.44,611.14,11.42,19.10
C0230,2019,5654.38,380.52,5.62,9.88
C0230,2020,6130.83,452.98,11.09,15.61
C0230,2021,8763.08,1425.28,11.17,16.12
C0230,2022,8194.07,1283.42,11.10,14.02
C0230,2023,6055.46,487.91,13.11,8.58
C0230,2024,7556.56,1337.80,3.14,9.47
C0231,2015,4389.86,404.72,3.41,10.62
C0231,2016,5519.04,932.43,10.33,5.21
C0231,2017,714.49,88.11,14.40,23.34
C0231,2018,989.59,158.07,8.06,18.72
C0231,2019,8311.31,891.04,14.49,18.79
C0231,2020,690.75,70.51,14.20,16.45
C0231,2021,1777.05,313.12,13.74,18.79
C0231,2022,7978.74,441.19,13.83,24.64
C0231,2023,111.34,21.85,13.68,12.70
C0231,2024,2895.80,426.34,12.66,19.25
C0232,2015,5881.98,675.68,11.03,12.19
C0232,2016,5994.95,864.52,2.32,22.09
C0232,2017,7793.81,533.18,3.72,22.16
C0232,2018,5108.67,649.35,3.75,23.05
C0232,2019,5143.08,1017.12,2.31,5.11
C0232,2020,7280.57,620.96,3.52,10.96
C0232,2021,5036.38,797.47,13.96,7.68
C0232,2022,6124.06,705.77,10.63,14.08
C0232,2023,8987.96,1329.04,6.06,14.91
C0232,2024,4074.36,328.94,12.31,10.12
C0233,2015,3912.74,471.76,8.35,19.47
C0233,2016,135.14,26.62,3.85,10.40
C0233,2017,6172.92,489.47,13.50,22.08
C0233,2018,394.74,57.42,6.40,8.55
C0233,2019,5091.07,694.11,11.09,12.34
C0233,2020,8061.91,1086.41,5.78,17.44
C0233,2021,5544.22,788.77,8.50,17.11
C0233,2022,2769.40,347.10,12.61,6.56
C0233,2023,7883.07,414.17,4.04,21.93
C0233,2024,2770.20,512.53,14.70,16.96
C0234,2015,7357.01,1280.47,2.91,22.40
C0234,2016,6141.56,467.53,8.94,22.35
C0234,2017,1782.96,199.68,13.91,15.92
C0234,2018,9060.83,1500.31,14.29,23.22
C0234,2019,2086.37,411.03,5.02,21.97
C0234,2020,9896.91,1906.84,3.87,24.16
C0234,2021,172.37,31.87,11.42,22.01
C0234,2022,2708.49,199.77,2.55,21.42
C0234,2023,2078.62,389.06,8.31,14.39
C0234,2024,238.53,43.36,12.35,9.24
C0235,2015,7350.44,783.13,9.28,23.21
C0235,2016,6964.92,760.42,4.44,19.45
C0235,2017,7944.27,945.26,8.33,10.63
C0235,2018,2641.32,392.04,13.98,11.82
C0235,2019,4498.92,400.97,10.02,18.72
C0235,2020,6625.22,354.07,11.38,14.56
C0235,2021,4453.71,317.03,6.37,6.63
C0235,2022,7003.53,812.53,4.45,7.83
C0235,2023,6376.34,588.54,5.32,19.91
C0235,2024,1235.01,203.38,8.93,11.57
C0236,2015,7832.33,516.96,5.64,15.15
C0236,2016,7234.70,1357.37,9.05,20.33
C0236,2017,6592.76,1215.04,11.20,20.02
C0236,2018,1635.43,304.70,11.55,8.34
C0236,2019,2753.16,443.10,4.14,6.97
C0236,2020,3992.45,263.70,11.76,16.82
C0236,2021,2871.30,332.27,10.74,19.83
C0236,2022,2355.32,164.19,2.16,7.98
C0236,2023,8073.04,1599.71,2.77,12.44
C0236,2024,6418.50,641.57,10.40,22.41
C0237,2015,5698.17,785.21,6.99,23.88
C0237,2016,2336.93,390.05,3.90,14.08
C0237,2017,9188.96,1728.37,2.58,6.59
C0237,2018,1992.71,325.47,4.07,10.15
C0237,2019,7970.01,1204.87,14.45,9.66
C0237,2020,9670.06,1159.41,11.46,9.78
C0237,2021,7298.22,1027.66,8.86,14.88
C0237,2022,9929.30,636.71,14.24,16.66
C0237,2023,6545.41,1195.12,10.05,7.45
C0237,2024,2252.86,296.40,11.43,22.79
C0238,2015,2117.81,118.64,5.67,17.40
C0238,2016,3313.19,622.83,9.66,16.95
C0238,2017,170.59,21.05,3.87,24.75
C0238,2018,6848.81,1234.76,7.26,17.56
C0238,2019,2759.81,492.72,2.43,23.58
C0238,2020,8170.31,1408.26,4.82,10.73
C0238,2021,3655.81,216.46,2.97,9.80
C0238,2022,4851.57,422.38,7.04,15.33
C0238,2023,9660.32,1751.73,12.96,15.17
C0238,2024,2497.50,461.66,6.91,9.53
C0239,2015,7240.42,859.51,12.81,18.99
C0239,2016,7575.67,878.82,10.53,5.59
C0239,2017,2287.88,174.50,8.62,18.81
C0239,2018,5059.87,988.00,5.08,14.14
C0239,2019,3567.00,292.39,13.99,18.78
C0239,2020,7741.87,608.82,2.70,14.54
C0239,2021,6262.58,933.81,10.96,24.55
C0239,2022,4812.23,415.91,10.08,11.69
C0239,2023,7815.70,1491.36,7.73,24.65
C0239,2024,2428.04,125.37,5.12,6.30
C0240,2015,7560.86,384.57,7.60,18.68
C0240,2016,8667.21,1089.74,13.35,14.08
C0240,2017,8798.35,1084.04,12.88,21.44
C0240,2018,7858.37,585.48,14.24,20.79
C0240,2019,4139.34,514.01,6.00,21.00
C0240,2020,9819.90,1097.37,7.03,6.89
C0240,2021,3857.98,708.13,2.24,21.45
C0240,2022,6422.39,330.03,14.26,9.28
C0240,2023,1694.63,332.89,6.28,5.51
C0240,2024,9806.44,1408.78,7.25,9.35
C0241,2015,7069.46,514.49,13.80,14.59
C0241,2016,7558.44,430.94,8.85,19.84
C0241,2017,751.19,98.19,9.36,9.37
C0241,2018,7657.84,652.70,4.29,7.26
C0241,2019,7769.76,739.49,8.48,17.92
C0241,2020,6750.55,585.74,13.94,24.68
C0241,2021,2989.91,441.09,9.26,17.02
C0241,2022,4947.93,658.22,5.32,18.82
C0241,2023,1193.30,73.62,2.41,16.22
C0241,2024,4768.71,615.06,6.37,20.65
C0242,2015,2513.86,424.03,9.44,24.52
C0242,2016,3556.06,221.11,2.55,15.88
C0242,2017,1709.74,313.67,9.93,13.34
C0242,2018,2377.54,325.12,8.80,22.21
C0242,2019,858.03,165.25,12.18,24.39
C0242,2020,9207.02,664.94,2.38,7.58
C0242,2021,5351.07,1065.05,12.15,16.56
C0242,2022,4027.75,590.63,8.77,20.85
C0242,2023,5396.79,729.24,6.82,15.67
C0242,2024,6320.10,804.50,14.55,13.18
C0243,2015,9226.60,494.07,4.08,18.10
C0243,2016,1869.06,356.89,9.04,10.40
C0243,2017,3025.97,443.60,6.17,11.98
C0243,2018,9760.31,622.16,8.86,24.85
C0243,2019,3774.81,200.60,9.18,17.73
C0243,2020,323.36,18.63,3.16,22.46
C0243,2021,1561.67,220.83,10.59,21.16
C0243,2022,360.75,51.26,10.25,18.05
C0243,2023,9900.24,1237.04,12.00,21.81
C0243,2024,2860.82,274.68,3.18,10.74
C0244,2015,9243.07,1199.39,5.86,17.74
C0244,2016,9959.27,1269.26,10.45,16.81
C0244,2017,6038.43,319.51,3.78,17.45
C0244,2018,428.64,39.59,10.81,8.37
C0244,2019,907.76,52.63,2.77,10.54
C0244,2020,4867.73,900.64,6.35,10.73
C0244,2021,4121.10,654.36,13.01,17.04
C0244,2022,6101.16,1216.68,12.07,24.45
C0244,2023,4444.59,423.68,10.38,24.08
C0244,2024,9347.36,1699.10,13.32,9.54
C0245,2015,5393.92,757.62,11.22,11.10
C0245,2016,6967.89,821.99,8.75,5.72
C0245,2017,8975.20,748.41,14.74,12.98
C0245,2018,1554.03,249.82,11.03,21.69
C0245,2019,2374.37,440.73,9.82,23.32
C0245,2020,1162.45,99.15,7.32,9.73
C0245,2021,1482.42,113.12,13.73,10.32
C0245,2022,5174.58,799.13,5.84,9.42
C0245,2023,3279.67,644.61,2.12,12.00
C0245,2024,4289.41,697.00,4.56,21.10
C0246,2015,9826.65,910.80,3.42,17.94
C0246,2016,1651.37,186.59,6.15,20.72
C0246,2017,5454.04,587.11,12.74,16.66
C0246,2018,1078.82,191.83,10.47,10.15
C0246,2019,3253.11,539.06,4.20,9.56
C0246,2020,5322.51,736.35,12.25,5.18
C0246,2021,9471.65,864.23,8.55,20.62
C0246,2022,3973.16,757.67,8.67,21.94
C0246,2023,742.58,109.90,6.71,20.37
C0246,2024,3942.80,771.10,13.24,6.49
C0247,2015,1542.84,211.40,6.14,20.24
C0247,2016,2376.90,411.63,3.22,5.92
C0247,2017,6219.10,1069.47,5.94,7.11
C0247,2018,767.50,77.21,11.30,13.81
C0247,2019,4700.77,914.78,10.55,14.52
C0247,2020,6133.67,326.87,4.44,21.32
C0247,2021,4276.40,706.92,3.45,18.59
C0247,2022,289.35,56.38,10.59,8.07
C0247,2023,9856.64,993.91,10.79,9.52
C0247,2024,3734.45,549.77,6.76,10.71
C0248,2015,7807.91,1048.86,12.96,7.47
C0248,2016,3323.90,545.87,14.72,10.75
C0248,2017,4802.67,864.13,4.67,19.57
C0248,2018,3945.79,554.21,9.50,9.83
C0248,2019,3491.14,601.82,2.07,21.71
C0248,2020,316.33,30.63,11.27,14.39
C0248,2021,3664.21,308.85,7.39,11.46
C0248,2022,8905.95,1020.62,4.51,13.25
C0248,2023,6934.89,1051.75,11.78,19.19
C0248,2024,1539.69,120.23,12.54,15.34
C0249,2015,5952.43,905.08,3.45,5.15
C0249,2016,8933.09,974.73,2.53,23.45
C0249,2017,7030.34,1190.49,6.34,6.32
C0249,2018,1571.98,87.28,10.14,23.77
C0249,2019,8691.54,1305.45,12.31,5.56
C0249,2020,3085.29,455.00,9.10,20.42
C0249,2021,4595.35,878.36,9.55,15.69
C0249,2022,5308.81,833.51,12.40,15.11
C0249,2023,8520.02,1443.68,8.87,6.46
C0249,2024,9322.91,1731.16,9.95,9.77
C0250,2015,9303.56,1407.24,8.71,20.55
C0250,2016,178.75,16.72,13.45,22.83
C0250,2017,9226.70,1665.11,5.06,15.58
C0250,2018,638.43,103.51,5.43,12.07
C0250,2019,2731.16,310.44,3.66,6.20
C0250,2020,5198.38,813.96,12.65,18.64
C0250,2021,4851.26,873.97,7.35,10.57
C0250,2022,6086.63,1195.10,6.52,6.10
C0250,2023,4846.52,934.66,14.76,18.32
C0250,2024,9350.32,923.80,14.05,14.71
C0251,2015,2481.43,281.03,14.64,5.24
C0251,2016,2812.84,186.86,3.85,7.22
C0251,2017,9215.31,802.94,13.59,18.98
C0251,2018,859.72,156.78,6.27,6.27
C0251,2019,6134.65,638.79,2.16,22.32
C0251,2020,6849.19,980.00,7.09,11.23
C0251,2021,5104.86,765.19,8.62,6.77
C0251,2022,6972.90,1166.39,3.41,20.20
C0251,2023,1810.27,140.15,8.99,15.49
C0251,2024,8541.06,817.57,12.65,11.13
C0252,2015,1486.25,174.26,6.91,13.12
C0252,2016,4068.04,426.03,6.58,5.43
C0252,2017,845.05,166.84,6.40,18.25
C0252,2018,5497.59,963.40,14.00,12.32
C0252,2019,6730.48,820.80,2.63,19.28
C0252,2020,9418.09,1713.06,7.79,17.56
C0252,2021,7419.43,757.88,5.44,18.03
C0252,2022,5456.92,916.08,13.62,20.86
C0252,2023,9332.91,779.78,3.25,17.62
C0252,2024,4836.52,802.13,7.35,13.37
C0253,2015,5655.94,670.05,7.29,12.80
C0253,2016,6001.38,396.84,13.55,7.39
C0253,2017,4158.80,378.41,4.80,20.59
C0253,2018,8400.98,926.97,10.38,20.22
C0253,2019,1933.24,313.95,3.75,9.93
C0253,2020,5592.94,340.88,14.40,22.25
C0253,2021,7250.11,1079.77,9.71,16.78
C0253,2022,9049.36,1424.39,10.14,14.57
C0253,2023,8850.79,1310.70,7.64,5.35
C0253,2024,5136.53,842.91,6.45,12.65
C0254,2015,6467.30,496.21,4.76,17.81
C0254,2016,4002.95,552.67,9.85,6.79
C0254,2017,4734.96,905.19,14.41,14.19
C0254,2018,9072.03,1284.76,6.68,24.87
C0254,2019,9313.97,1319.79,13.48,19.33
C0254,2020,8964.60,1438.51,3.93,15.94
C0254,2021,1469.87,146.96,14.17,15.66
C0254,2022,8515.83,1320.56,6.56,5.88
C0254,2023,9488.80,1778.53,6.94,24.15
C0254,2024,3676.37,189.83,8.02,23.56
C0255,2015,5234.60,944.93,11.34,18.65
C0255,2016,7813.04,646.86,11.36,6.98
C0255,2017,5664.57,670.62,8.23,9.16
C0255,2018,9935.49,1767.05,8.80,8.68
C0255,2019,4611.56,800.51,2.39,15.39
C0255,2020,7168.03,1317.41,5.96,9.16
C0255,2021,7946.65,1518.31,6.50,18.92
C0255,2022,4991.59,584.38,9.26,15.90
C0255,2023,8584.14,1274.35,9.26,5.35
C0255,2024,5506.93,597.90,11.23,19.88
C0256,2015,4175.34,428.42,11.32,8.78
C0256,2016,1167.45,133.95,5.06,21.50
C0256,2017,3994.79,645.01,12.01,12.10
C0256,2018,7365.97,922.34,2.25,11.77
C0256,2019,9220.74,1586.97,11.31,5.24
C0256,2020,2591.63,419.28,3.33,24.75
C0256,2021,3616.83,191.95,11.49,17.24
C0256,2022,1624.21,234.76,8.85,13.45
C0256,2023,6938.16,801.26,7.68,6.93
C0256,2024,9605.87,1138.24,10.98,18.98
C0257,2015,6445.43,1113.49,2.47,10.65
C0257,2016,6209.06,820.47,4.91,24.77
C0257,2017,5579.55,1020.18,10.01,24.01
C0257,2018,975.71,153.11,13.01,19.71
C0257,2019,7322.09,973.30,6.95,24.42
C0257,2020,6060.29,988.92,5.36,7.11
C0257,2021,6648.62,370.68,8.74,10.60
C0257,2022,8998.23,486.47,10.09,10.06
C0257,2023,7861.21,491.34,7.46,6.44
C0257,2024,7831.06,905.54,13.40,24.44
C0258,2015,9279.12,791.67,8.80,6.20
C0258,2016,9900.36,1956.70,2.47,22.13
C0258,2017,5854.70,768.98,4.90,20.36
C0258,2018,1177.93,175.94,7.86,12.52
C0258,2019,4645.39,426.55,11.07,5.38
C0258,2020,7897.25,776.06,4.86,5.12
C0258,2021,374.48,37.57,14.69,9.08
C0258,2022,663.19,102.67,6.14,14.88
C0258,2023,764.86,92.59,8.92,14.16
C0258,2024,7337.25,936.62,2.25,16.71
C0259,2015,5061.55,702.55,13.50,20.44
C0259,2016,3752.09,620.30,12.25,12.55
C0259,2017,1145.61,72.81,4.54,8.21
C0259,2018,7349.18,1223.87,14.13,21.00
C0259,2019,3278.10,440.86,6.11,11.65
C0259,2020,2726.71,410.00,11.00,10.74
C0259,2021,6557.96,650.11,12.65,20.29
C0259,2022,5634.21,627.70,11.63,23.68
C0259,2023,3687.87,312.27,13.93,23.30
C0259,2024,6450.73,1270.12,13.24,7.75
C0260,2015,2785.09,346.88,14.93,15.06
C0260,2016,7968.82,1589.07,4.37,6.86
C0260,2017,2370.26,292.65,5.96,24.22
C0260,2018,1672.49,138.75,10.27,9.30
C0260,2019,7846.15,989.54,11.53,8.95
C0260,2020,7108.13,397.62,8.95,22.78
C0260,2021,1908.13,354.37,2.96,24.36
C0260,2022,1250.83,216.12,12.94,18.95
C0260,2023,8400.15,1334.56,14.49,7.42
C0260,2024,7788.32,1101.85,7.27,14.72
C0261,2015,3339.85,457.48,4.92,21.33
C0261,2016,6616.15,1319.98,2.25,16.45
C0261,2017,1329.19,121.89,5.08,7.65
C0261,2018,5119.77,854.76,11.10,8.44
C0261,2019,285.43,39.16,13.85,22.28
C0261,2020,3976.86,780.98,3.22,15.54
C0261,2021,840.94,146.47,9.19,19.12
C0261,2022,4803.96,959.73,11.04,12.46
C0261,2023,4274.65,590.96,5.59,15.65
C0261,2024,4499.41,363.02,9.41,24.54
C0262,2015,548.78,68.90,11.30,11.59
C0262,2016,3680.00,576.53,12.89,18.50
C0262,2017,7589.19,1260.97,7.88,8.45
C0262,2018,3752.25,187.90,11.72,7.43
C0262,2019,7180.20,902.94,5.92,20.67
C0262,2020,3757.84,320.49,4.77,21.88
C0262,2021,4290.07,777.52,4.44,18.37
C0262,2022,5682.53,414.46,6.67,8.16
C0262,2023,9511.75,1426.46,2.47,9.81
C0262,2024,1177.72,105.89,5.68,23.22
C0263,2015,425.85,44.07,10.48,10.77
C0263,2016,6118.78,1169.20,10.42,21.38
C0263,2017,9496.06,817.30,2.96,10.72
C0263,2018,9898.26,635.97,5.74,23.79
C0263,2019,4893.23,295.52,9.40,23.29
C0263,2020,4734.01,595.03,6.14,5.87
C0263,2021,6485.14,948.50,7.43,20.41
C0263,2022,5600.78,555.00,11.27,8.39
C0263,2023,6377.47,979.19,2.12,9.31
C0263,2024,8752.59,517.76,5.59,14.20
C0264,2015,7488.43,1337.44,3.85,16.53
C0264,2016,5019.09,865.72,3.66,11.52
C0264,2017,4672.46,924.33,14.47,16.51
C0264,2018,6432.06,1225.15,6.90,8.41
C0264,2019,4611.49,476.96,8.85,5.45
C0264,2020,4632.02,509.02,11.54,16.42
C0264,2021,261.43,42.32,2.62,15.35
C0264,2022,1823.23,127.83,5.13,18.79
C0264,2023,4936.29,479.32,12.82,18.00
C0264,2024,8244.27,558.81,13.21,22.95
C0265,2015,2859.40,338.08,6.85,14.19
C0265,2016,5274.17,700.41,6.87,5.17
C0265,2017,3515.12,287.09,11.84,17.61
C0265,2018,1137.56,61.42,5.84,18.50
C0265,2019,9587.15,1513.84,3.52,15.43
C0265,2020,8561.27,453.75,5.35,18.79
C0265,2021,877.08,171.92,7.04,11.47
C0265,2022,7225.89,601.49,2.68,7.98
C0265,2023,3541.04,529.69,8.22,18.29
C0265,2024,9949.01,1146.25,11.62,9.90
C0266,2015,3093.75,182.38,8.68,14.13
C0266,2016,2463.51,297.66,2.93,14.83
C0266,2017,5722.12,729.65,7.72,14.54
C0266,2018,8367.75,1491.15,11.22,16.97
C0266,2019,2005.94,320.65,2.76,5.59
C0266,2020,7123.09,440.89,2.78,24.79
C0266,2021,707.93,57.61,6.82,19.33
C0266,2022,9197.45,890.16,4.53,13.51
C0266,2023,902.64,60.89,14.15,8.83
C0266,2024,9150.89,1084.70,9.56,6.60
C0267,2015,4958.99,980.13,5.74,18.44
C0267,2016,4536.10,576.96,11.16,11.34
C0267,2017,9735.74,1570.20,6.87,9.59
C0267,2018,9904.80,1509.89,3.72,12.60
C0267,2019,6536.76,1160.19,5.08,16.86
C0267,2020,1358.48,111.88,10.36,18.43
C0267,2021,5111.08,833.48,2.67,17.90
C0267,2022,5338.71,972.73,5.54,22.27
C0267,2023,5193.02,393.25,4.71,9.38
C0267,2024,5737.97,585.39,4.61,17.73
C0268,2015,285.37,55.80,10.88,7.02
C0268,2016,7141.15,1193.42,12.74,15.96
C0268,2017,7152.70,660.83,11.31,16.68
C0268,2018,1243.15,167.32,10.39,9.32
C0268,2019,5745.37,635.72,13.91,12.83
C0268,2020,5726.78,707.23,2.76,21.54
C0268,2021,6856.26,708.08,4.18,7.97
C0268,2022,945.44,86.89,7.39,13.69
C0268,2023,6302.38,953.01,6.84,23.65
C0268,2024,2879.44,480.24,7.43,15.08
C0269,2015,5119.33,927.08,4.68,19.50
C0269,2016,7755.90,568.50,3.94,21.54
C0269,2017,7085.89,1228.89,8.62,9.08
C0269,2018,1277.14,112.67,14.06,9.36
C0269,2019,5952.73,679.21,7.10,20.17
C0269,2020,9694.25,1795.54,2.56,20.07
C0269,2021,1652.02,195.23,11.18,6.20
C0269,2022,8543.78,679.74,5.78,11.45
C0269,2023,7055.23,521.95,5.19,12.97
C0269,2024,7762.63,938.87,6.22,21.58
C0270,2015,2891.39,475.35,11.41,13.44
C0270,2016,2950.10,588.78,12.64,23.52
C0270,2017,9069.59,1524.70,9.64,24.93
C0270,2018,3662.34,664.90,6.19,20.61
C0270,2019,723.85,117.39,6.04,18.33
C0270,2020,6045.91,1114.35,3.62,12.84
C0270,2021,1335.69,82.07,14.13,6.34
C0270,2022,7986.30,1513.32,10.30,16.46
C0270,2023,6453.29,706.38,2.35,12.23
C0270,2024,8759.79,1648.96,10.61,12.02
C0271,2015,7869.89,482.90,7.81,18.75
C0271,2016,1209.93,190.30,14.64,14.27
C0271,2017,3872.60,620.98,12.65,20.04
C0271,2018,7768.15,1550.03,4.23,12.96
C0271,2019,4231.68,699.62,11.36,8.02
C0271,2020,9726.42,1044.48,8.31,14.23
C0271,2021,7383.83,986.39,4.43,24.02
C0271,2022,253.45,26.61,11.08,21.03
C0271,2023,8811.86,699.69,9.12,9.11
C0271,2024,1097.97,95.83,2.39,12.83
C0272,2015,1491.18,124.22,10.41,23.56
C0272,2016,7371.47,975.41,10.25,7.47
C0272,2017,8663.19,1610.70,3.87,10.08
C0272,2018,5409.86,1011.15,6.54,10.24
C0272,2019,2961.59,172.41,9.62,16.42
C0272,2020,3578.02,221.78,3.80,13.21
C0272,2021,3494.60,303.22,13.09,6.60
C0272,2022,3334.11,294.27,2.36,17.58
C0272,2023,2504.81,160.89,3.34,6.98
C0272,2024,6127.78,663.45,3.51,17.13
C0273,2015,9014.01,1245.37,8.87,15.14
C0273,2016,3140.12,429.33,10.06,14.87
C0273,2017,1948.27,256.23,7.25,6.35
C0273,2018,8401.92,846.92,5.75,17.78
C0273,2019,7443.65,1160.97,12.52,13.63
C0273,2020,9315.29,1620.60,2.89,13.22
C0273,2021,1738.65,177.24,5.64,16.93
C0273,2022,1528.09,96.01,2.51,17.12
C0273,2023,5460.15,515.71,2.18,5.30
C0273,2024,6182.89,436.55,6.59,7.50
C0274,2015,4853.72,582.95,4.53,9.73
C0274,2016,6029.77,442.53,5.49,18.56
C0274,2017,1885.76,225.21,12.67,16.53
C0274,2018,4848.18,403.13,4.12,20.15
C0274,2019,6615.12,1063.77,12.14,19.81
C0274,2020,4383.79,237.32,10.78,22.06
C0274,2021,6826.53,909.38,6.24,12.54
C0274,2022,4566.79,344.44,9.11,11.90
C0274,2023,3402.64,170.64,7.78,21.62
C0274,2024,3105.69,560.20,3.67,9.75
C0275,2015,4167.93,628.23,13.79,14.22
C0275,2016,328.59,21.31,9.41,8.89
C0275,2017,6718.40,1005.15,13.44,23.28
C0275,2018,8466.55,1200.11,12.71,13.16
C0275,2019,3610.81,436.92,3.04,9.25
C0275,2020,555.73,62.74,4.69,18.84
C0275,2021,9869.08,1806.64,3.89,9.89
C0275,2022,2710.61,235.21,12.80,23.87
C0275,2023,1353.55,148.55,13.21,12.35
C0275,2024,3760.55,373.68,8.86,18.29
C0276,2015,7411.71,1227.97,3.35,11.90
C0276,2016,3009.77,564.24,3.76,21.14
C0276,2017,5789.56,1027.46,12.58,22.94
C0276,2018,4214.04,714.94,14.08,20.76
C0276,2019,1265.86,250.66,4.59,21.97
C0276,2020,3369.84,520.88,2.14,7.04
C0276,2021,7276.22,1183.54,6.30,23.48
C0276,2022,6158.84,1215.88,2.40,17.49
C0276,2023,1285.81,65.64,12.76,22.38
C0276,2024,1716.89,249.13,8.39,18.69
C0277,2015,6443.26,1036.37,10.34,9.04
C0277,2016,8152.81,1530.07,7.35,17.19
C0277,2017,3559.80,649.94,6.49,6.82
C0277,2018,5993.58,1056.63,4.89,18.91
C0277,2019,1789.37,343.32,12.02,13.18
C0277,2020,3182.63,415.67,11.04,8.03
C0277,2021,300.68,15.35,6.69,24.58
C0277,2022,7705.93,398.07,6.17,23.02
C0277,2023,4070.00,536.00,2.02,22.87
C0277,2024,8179.64,943.04,2.83,20.78
C0278,2015,7112.89,837.09,10.10,18.84
C0278,2016,8304.57,914.01,8.69,18.10
C0278,2017,2928.02,549.47,7.65,7.12
C0278,2018,1932.58,200.75,12.76,23.01
C0278,2019,9721.87,1734.71,8.55,22.62
C0278,2020,7201.55,1335.38,7.00,19.96
C0278,2021,8357.02,1044.00,4.10,23.55
C0278,2022,230.02,26.92,12.67,16.06
C0278,2023,3609.17,592.46,9.49,13.95
C0278,2024,7453.89,1164.27,3.20,24.36
C0279,2015,872.03,86.58,10.44,14.28
C0279,2016,5716.67,373.77,7.53,17.83
C0279,2017,4347.82,390.12,12.55,12.46
C0279,2018,274.40,19.11,13.95,17.73
C0279,2019,2436.16,229.51,9.81,19.40
C0279,2020,2919.44,260.63,11.51,17.49
C0279,2021,1207.41,175.87,2.74,15.29
C0279,2022,6352.22,1227.09,9.28,11.00
C0279,2023,2499.74,382.11,11.82,17.88
C0279,2024,2848.43,538.35,8.46,23.17
C0280,2015,8992.56,1507.33,9.72,5.14
C0280,2016,4724.52,752.06,13.69,7.68
C0280,2017,3982.07,446.43,4.58,7.40
C0280,2018,7266.32,717.33,3.28,23.46
C0280,2019,9105.18,1611.08,10.98,18.25
C0280,2020,347.86,64.64,12.70,24.04
C0280,2021,4537.56,534.45,13.06,16.66
C0280,2022,6146.74,315.69,10.34,14.23
C0280,2023,3253.77,549.50,12.83,20.85
C0280,2024,7746.84,718.60,11.11,8.22
C0281,2015,9717.62,500.29,3.14,12.63
C0281,2016,9439.93,1611.85,11.91,14.33
C0281,2017,2733.23,348.79,4.33,10.97
C0281,2018,2340.75,357.62,5.08,12.43
C0281,2019,9579.16,1793.25,7.13,6.56
C0281,2020,4640.42,608.71,6.09,8.96
C0281,2021,2162.15,271.30,6.18,11.71
C0281,2022,7099.27,664.49,4.20,20.92
C0281,2023,2915.76,279.27,5.82,8.65
C0281,2024,2745.75,465.35,2.26,11.93
C0282,2015,8804.57,1033.25,8.15,6.30
C0282,2016,1708.54,127.34,11.99,16.14
C0282,2017,737.49,47.33,13.21,17.23
C0282,2018,2764.95,334.39,12.67,22.31
C0282,2019,6108.76,731.48,7.41,21.38
C0282,2020,1318.57,195.17,11.50,10.71
C0282,2021,4768.79,575.40,5.74,7.74
C0282,2022,6310.64,451.35,2.72,8.12
C0282,2023,8502.50,1072.76,10.79,24.38
C0282,2024,2375.71,441.93,10.43,18.46
C0283,2015,8191.73,605.50,12.42,5.85
C0283,2016,2425.57,372.24,10.01,7.74
C0283,2017,6799.99,945.73,4.04,14.72
C0283,2018,4363.67,708.17,13.09,9.16
C0283,2019,1235.34,89.67,10.15,21.07
C0283,2020,7171.21,1371.43,12.50,16.46
C0283,2021,2255.85,322.91,12.06,17.25
C0283,2022,1848.57,327.31,5.87,14.26
C0283,2023,3647.40,317.29,2.97,10.12
C0283,2024,6567.57,1056.80,4.29,16.79
C0284,2015,2416.57,403.94,3.21,19.34
C0284,2016,1918.25,210.27,5.16,12.42
C0284,2017,198.54,21.36,7.97,15.10
C0284,2018,4769.27,709.04,13.79,21.79
C0284,2019,4343.59,278.04,13.34,7.97
C0284,2020,2415.29,387.28,11.34,15.90
C0284,2021,631.16,35.62,2.31,11.97
C0284,2022,4349.63,341.83,6.44,19.06
C0284,2023,7903.23,1182.49,10.87,5.38
C0284,2024,7181.29,464.98,3.68,18.41
C0285,2015,8621.87,1687.96,12.41,7.06
C0285,2016,194.87,35.13,13.89,6.30
C0285,2017,9667.55,1391.60,6.60,19.49
C0285,2018,3479.98,601.54,11.18,17.81
C0285,2019,9904.94,1813.96,3.93,22.90
C0285,2020,2600.93,231.28,10.98,15.39
C0285,2021,4768.21,845.94,2.28,15.60
C0285,2022,3603.88,285.50,3.96,19.14
C0285,2023,3622.03,405.67,11.23,11.47
C0285,2024,8438.59,1128.57,11.25,5.74
C0286,2015,7489.55,1176.49,10.34,9.60
C0286,2016,9922.30,540.98,8.21,9.76
C0286,2017,6173.80,577.72,10.77,11.71
C0286,2018,4686.24,662.06,12.06,23.87
C0286,2019,991.73,102.75,14.56,21.10
C0286,2020,9965.96,1656.88,13.55,23.72
C0286,2021,5560.15,821.50,12.33,24.97
C0286,2022,7034.73,599.08,11.03,13.68
C0286,2023,4126.75,296.67,9.46,9.54
C0286,2024,5522.39,797.20,3.57,16.20
C0287,2015,9431.52,1108.86,4.15,22.62
C0287,2016,1747.55,131.67,12.66,14.31
C0287,2017,2994.49,296.32,12.44,15.11
C0287,2018,1605.39,153.25,9.99,7.69
C0287,2019,7942.94,525.98,7.70,13.41
C0287,2020,714.25,94.31,2.34,12.74
C0287,2021,908.15,149.43,6.25,12.03
C0287,2022,3055.09,416.47,7.47,22.75
C0287,2023,5190.46,902.85,8.32,6.19
C0287,2024,4122.12,284.98,14.08,24.44
C0288,2015,543.68,62.71,3.41,5.16
C0288,2016,9579.17,1354.61,8.75,23.91
C0288,2017,9533.41,1443.36,6.78,15.96
C0288,2018,2865.63,442.36,14.87,19.05
C0288,2019,7342.10,1169.93,13.20,8.74
C0288,2020,5827.90,860.86,7.70,18.08
C0288,2021,2451.02,157.19,15.00,22.64
C0288,2022,2695.50,415.90,8.68,7.79
C0288,2023,4962.42,787.62,4.17,7.54
C0288,2024,4250.45,845.93,9.23,11.08
C0289,2015,2983.17,459.42,4.94,8.23
C0289,2016,8094.36,1238.64,10.27,7.21
C0289,2017,4866.48,619.12,14.19,18.57
C0289,2018,6583.00,1186.18,12.22,9.28
C0289,2019,1973.81,393.82,5.55,18.34
C0289,2020,5381.73,897.98,5.86,22.24
C0289,2021,3247.96,460.80,2.90,18.04
C0289,2022,5311.49,328.48,5.72,7.39
C0289,2023,7830.18,1245.08,3.20,16.47
C0289,2024,7712.24,1205.30,8.49,12.87
C0290,2015,3606.78,599.94,11.21,11.87
C0290,2016,6973.34,478.95,11.77,11.37
C0290,2017,9418.77,1394.54,2.77,23.59
C0290,2018,6294.13,593.90,6.42,19.85
C0290,2019,1569.26,257.42,5.75,7.68
C0290,2020,6829.12,587.69,3.36,14.52
C0290,2021,1138.55,173.74,6.71,11.36
C0290,2022,8733.89,823.16,5.89,24.56
C0290,2023,5214.94,267.78,10.25,24.56
C0290,2024,3912.89,567.38,13.48,11.39
C0291,2015,664.37,44.51,7.91,12.04
C0291,2016,3869.76,576.18,11.71,16.99
C0291,2017,9041.75,1707.46,3.90,14.59
C0291,2018,307.73,60.13,13.63,9.26
C0291,2019,4799.02,409.78,3.98,18.21
C0291,2020,9318.47,1597.07,4.50,11.68
C0291,2021,4008.93,413.05,3.38,18.07
C0291,2022,4338.94,803.00,6.03,12.67
C0291,2023,5827.74,979.78,9.18,19.00
C0291,2024,4683.08,286.08,14.84,18.36
C0292,2015,1769.16,196.50,12.31,15.18
C0292,2016,283.70,28.54,6.95,19.09
C0292,2017,6137.14,1029.67,9.49,14.22
C0292,2018,9215.99,1027.98,10.10,7.32
C0292,2019,1153.00,176.05,12.70,8.64
C0292,2020,2188.43,307.18,11.57,9.92
C0292,2021,3765.27,739.30,9.40,6.26
C0292,2022,8106.55,1545.66,10.70,19.23
C0292,2023,2765.68,315.72,11.70,12.35
C0292,2024,8832.34,1400.25,3.73,6.87
C0293,2015,644.08,112.34,4.61,21.40
C0293,2016,9415.47,1740.29,10.95,18.67
C0293,2017,5651.40,340.33,13.06,14.04
C0293,2018,6621.90,631.15,7.32,9.95
C0293,2019,3740.13,366.66,14.74,8.03
C0293,2020,7841.74,903.11,4.81,14.17
C0293,2021,1749.01,131.86,7.42,22.70
C0293,2022,584.23,72.70,6.92,8.77
C0293,2023,4015.62,600.26,14.09,16.37
C0293,2024,8551.59,1065.57,5.71,24.23
C0294,2015,7573.78,1135.07,8.12,17.74
C0294,2016,5219.84,313.01,4.43,13.80
C0294,2017,5764.16,1045.61,8.78,19.33
C0294,2018,1385.94,264.52,13.15,21.49
C0294,2019,8422.75,1201.81,5.95,16.81
C0294,2020,7890.90,1437.79,12.54,22.44
C0294,2021,6599.06,460.07,13.85,15.29
C0294,2022,4715.29,799.80,2.95,21.60
C0294,2023,9648.15,654.84,11.83,24.04
C0294,2024,8802.42,978.84,5.32,15.02
C0295,2015,6479.86,638.74,4.28,17.10
C0295,2016,3780.83,521.14,9.81,17.19
C0295,2017,6218.42,592.16,11.17,20.63
C0295,2018,5796.87,844.01,7.13,21.46
C0295,2019,4003.00,420.75,2.51,5.54
C0295,2020,3136.07,561.73,13.81,19.67
C0295,2021,4129.41,599.10,11.50,20.68
C0295,2022,5781.72,475.81,5.53,19.01
C0295,2023,4338.53,435.67,8.46,19.27
C0295,2024,2709.39,479.87,2.36,5.83
C0296,2015,7633.54,824.21,6.41,13.84
C0296,2016,5361.53,698.98,8.79,21.36
C0296,2017,769.98,113.45,8.72,23.68
C0296,2018,3746.33,382.77,4.71,9.59
C0296,2019,8860.64,833.76,12.10,16.58
C0296,2020,7576.84,918.98,5.89,21.09
C0296,2021,3300.14,271.38,9.55,20.05
C0296,2022,9388.01,869.63,5.53,17.38
C0296,2023,858.37,50.91,7.53,5.37
C0296,2024,9616.22,919.27,4.70,19.48
C0297,2015,2532.48,248.45,10.23,20.46
C0297,2016,190.03,36.92,7.53,19.46
C0297,2017,4394.70,608.49,2.21,20.32
C0297,2018,3653.81,614.23,2.37,13.62
C0297,2019,5436.98,308.86,8.12,24.88
C0297,2020,7988.05,527.06,4.38,20.42
C0297,2021,8440.06,1453.21,9.61,16.57
C0297,2022,4072.18,584.49,7.31,23.68
C0297,2023,4355.47,342.55,10.51,23.16
C0297,2024,1566.96,173.49,14.38,21.29
C0298,2015,570.72,74.65,8.87,16.27
C0298,2016,6448.03,1138.34,12.24,15.54
C0298,2017,737.93,43.58,11.79,11.57
C0298,2018,7364.92,1027.47,13.98,10.02
C0298,2019,5436.99,856.63,4.78,15.25
C0298,2020,2065.97,406.34,12.76,16.56
C0298,2021,5441.28,930.86,13.77,9.89
C0298,2022,1911.68,174.79,7.11,23.45
C0298,2023,4443.50,695.13,6.08,16.15
C0298,2024,8015.65,1318.51,14.38,15.53
C0299,2015,4673.00,745.16,10.16,13.71
C0299,2016,1572.12,272.01,6.95,6.16
C0299,2017,7265.90,1348.26,12.29,22.65
C0299,2018,1949.01,126.23,5.96,11.34
C0299,2019,7411.64,487.05,4.29,17.85
C0299,2020,4845.59,821.13,9.07,17.15
C0299,2021,4592.04,403.44,9.36,16.69
C0299,2022,8529.21,501.36,12.73,15.51
C0299,2023,7115.17,783.98,7.94,8.63
C0299,2024,425.82,73.66,12.59,10.61
C0300,2015,3032.13,209.17,6.05,15.48
C0300,2016,8722.11,1315.09,9.48,20.79
C0300,2017,281.43,14.22,4.71,13.64
C0300,2018,5498.01,365.40,7.01,9.08
C0300,2019,7305.47,749.74,13.15,6.76
C0300,2020,6256.38,391.28,4.81,18.26
C0300,2021,7629.27,1349.51,12.53,13.47
C0300,2022,7284.35,1308.35,5.68,7.51
C0300,2023,6951.10,1135.36,2.45,18.49
C0300,2024,8233.24,711.12,3.43,9.15
C0301,2015,6492.34,834.18,11.70,15.18
C0301,2016,4083.94,317.03,5.41,11.12
C0301,2017,4771.90,439.93,10.50,23.63
C0301,2018,7195.58,916.72,11.09,9.57
C0301,2019,8775.43,1406.28,6.49,13.40
C0301,2020,2794.97,179.43,8.17,24.19
C0301,2021,3486.56,329.50,7.25,11.37
C0301,2022,9314.32,1760.34,14.32,17.89
C0301,2023,5827.27,666.46,6.16,11.33
C0301,2024,1871.72,357.18,4.38,7.21
C0302,2015,6670.58,1325.51,6.75,17.55
C0302,2016,9908.55,1278.19,10.70,23.32
C0302,2017,8252.19,769.16,11.07,14.05
C0302,2018,7482.84,1261.73,14.01,17.52
C0302,2019,2159.66,159.59,13.46,17.18
C0302,2020,8773.78,770.40,5.75,13.30
C0302,2021,5305.31,889.87,7.92,17.30
C0302,2022,8903.97,1024.37,11.71,10.19
C0302,2023,3365.30,270.00,13.91,12.56
C0302,2024,714.31,105.48,6.38,13.85
C0303,2015,4812.16,769.53,7.78,22.28
C0303,2016,2771.39,190.56,13.69,11.97
C0303,2017,7180.77,657.38,6.66,17.70
C0303,2018,9575.35,796.59,8.25,9.27
C0303,2019,6940.64,742.50,13.76,10.05
C0303,2020,8880.65,1461.01,12.43,17.97
C0303,2021,4584.94,720.09,5.16,20.25
C0303,2022,7739.24,1156.08,6.22,14.24
C0303,2023,8446.13,430.27,6.59,11.70
C0303,2024,7137.67,509.07,13.87,23.21
C0304,2015,5127.00,428.08,14.99,7.72
C0304,2016,6296.07,571.64,12.06,19.41
C0304,2017,7035.02,506.27,8.30,18.80
C0304,2018,2605.54,290.64,2.13,18.80
C0304,2019,8114.83,497.25,11.07,23.71
C0304,2020,9508.21,1545.12,7.06,19.56
C0304,2021,4705.87,791.33,10.23,11.03
C0304,2022,7040.57,958.50,9.89,12.07
C0304,2023,7396.56,469.35,8.25,12.82
C0304,2024,6656.25,1221.51,14.28,5.62
C0305,2015,5516.44,1074.85,2.30,23.27
C0305,2016,8828.31,709.40,11.26,6.47
C0305,2017,4544.37,707.54,7.33,19.00
C0305,2018,704.92,124.27,11.28,19.60
C0305,2019,8461.11,1108.21,10.78,21.87
C0305,2020,6772.41,667.07,2.13,16.07
C0305,2021,8507.66,1036.10,5.71,19.51
C0305,2022,1471.62,186.66,4.46,11.05
C0305,2023,404.45,44.53,4.17,19.91
C0305,2024,9350.31,1771.66,11.47,11.87
C0306,2015,1562.51,252.47,5.11,23.06
C0306,2016,8115.56,699.52,8.17,8.27
C0306,2017,8249.78,1137.10,5.21,11.32
C0306,2018,7116.18,1090.93,9.54,14.98
C0306,2019,1399.50,99.40,11.37,20.52
C0306,2020,6707.25,695.97,6.30,19.98
C0306,2021,8901.96,1654.27,9.84,9.21
C0306,2022,4312.76,582.55,12.72,7.88
C0306,2023,4193.82,346.20,3.22,11.08
C0306,2024,4484.30,306.81,11.24,14.68
C0307,2015,914.49,116.81,6.20,15.78
C0307,2016,8931.05,1180.26,3.59,13.58
C0307,2017,8704.91,871.90,9.09,18.26
C0307,2018,9979.30,1442.63,4.94,13.55
C0307,2019,5893.31,355.38,12.68,23.93
C0307,2020,7536.80,540.92,2.56,10.22
C0307,2021,2106.45,277.93,3.28,17.55
C0307,2022,6708.54,397.63,8.77,17.23
C0307,2023,6532.36,1189.78,9.66,10.63
C0307,2024,9021.97,643.46,11.49,13.23
C0308,2015,8324.85,1257.78,5.37,12.31
C0308,2016,9390.82,1020.60,12.94,8.45
C0308,2017,8701.45,956.88,14.39,14.55
C0308,2018,8700.07,1433.19,8.49,12.73
C0308,2019,730.86,91.30,11.89,8.57
C0308,2020,8475.02,1346.24,8.82,14.00
C0308,2021,6114.04,769.02,2.90,13.44
C0308,2022,3866.40,537.18,6.24,7.63
C0308,2023,659.49,108.23,3.14,7.62
C0308,2024,6808.97,960.72,14.86,17.95
C0309,2015,3349.20,476.73,4.98,19.13
C0309,2016,4730.99,796.62,10.27,23.82
C0309,2017,6849.11,1317.52,5.70,6.74
C0309,2018,9126.57,972.05,10.49,7.36
C0309,2019,8271.83,1129.66,4.74,6.04
C0309,2020,4560.91,287.07,12.21,15.64
C0309,2021,3939.05,408.95,3.44,17.45
C0309,2022,2473.82,276.59,13.64,13.07
C0309,2023,3787.02,663.81,12.93,20.96
C0309,2024,1199.36,152.33,10.82,18.73
C0310,2015,9713.94,1550.93,2.88,24.72
C0310,2016,5781.78,305.57,4.71,7.76
C0310,2017,1365.28,163.39,13.17,6.17
C0310,2018,3592.78,665.37,3.59,10.50
C0310,2019,5515.69,461.37,4.03,5.38
C0310,2020,5375.57,294.20,9.07,23.65
C0310,2021,451.48,51.93,5.56,11.08
C0310,2022,9513.33,1480.89,4.89,16.05
C0310,2023,2826.22,333.97,9.49,11.36
C0310,2024,260.23,30.97,6.84,9.92
C0311,2015,856.80,128.92,3.83,8.05
C0311,2016,5843.93,515.19,8.95,11.41
C0311,2017,1464.08,238.33,7.03,17.31
C0311,2018,513.08,37.44,11.55,24.43
C0311,2019,3858.30,421.95,3.34,16.16
C0311,2020,6265.34,929.78,10.07,15.65
C0311,2021,1207.21,210.36,7.67,5.71
C0311,2022,3201.95,540.26,7.28,21.80
C0311,2023,4235.83,670.33,5.02,5.90
C0311,2024,1678.65,174.35,2.40,23.12
C0312,2015,5110.13,349.26,13.02,15.77
C0312,2016,943.62,77.87,6.24,8.37
C0312,2017,560.53,100.74,10.85,14.03
C0312,2018,5246.37,937.00,14.32,24.90
C0312,2019,2554.18,492.28,9.34,11.10
C0312,2020,1044.20,64.11,7.16,10.39
C0312,2021,4296.73,560.82,5.49,7.36
C0312,2022,9159.89,1349.27,14.14,16.94
C0312,2023,7269.51,1138.39,10.87,6.78
C0312,2024,8174.60,1198.23,10.65,20.32
C0313,2015,8731.95,1445.15,7.54,23.38
C0313,2016,9729.01,1011.05,12.99,23.64
C0313,2017,7656.14,588.87,11.28,7.16
C0313,2018,6123.24,494.07,5.68,16.17
C0313,2019,3717.72,192.57,9.79,6.94
C0313,2020,1898.27,194.66,7.59,16.44
C0313,2021,6897.93,439.82,2.09,21.30
C0313,2022,9950.00,977.32,12.50,15.76
C0313,2023,4726.85,681.76,3.60,22.44
C0313,2024,7264.43,1337.90,8.63,21.03
C0314,2015,5001.42,879.95,6.37,10.53
C0314,2016,4376.14,384.67,6.45,17.60
C0314,2017,4162.03,291.81,8.21,5.15
C0314,2018,5095.78,402.37,14.96,12.92
C0314,2019,3732.27,730.21,7.31,9.76
C0314,2020,7512.86,994.86,4.37,23.74
C0314,2021,8755.29,677.44,9.98,13.11
C0314,2022,8840.56,1556.93,5.07,18.08
C0314,2023,2354.22,257.27,3.37,19.64
C0314,2024,8969.50,1658.31,2.65,20.46
C0315,2015,3481.36,310.19,2.30,19.72
C0315,2016,3162.15,344.62,7.61,10.78
C0315,2017,7294.88,917.27,7.55,18.72
C0315,2018,3116.49,573.10,4.41,15.98
C0315,2019,624.37,112.58,12.19,16.95
C0315,2020,3798.82,517.22,3.68,5.02
C0315,2021,7242.51,603.06,13.90,10.17
C0315,2022,3336.89,368.74,9.64,23.61
C0315,2023,6332.63,1243.38,2.36,10.80
C0315,2024,6635.18,936.66,14.52,13.76
C0316,2015,7363.99,1231.00,6.00,8.73
C0316,2016,8981.59,1055.15,7.85,7.77
C0316,2017,4382.39,568.84,5.70,9.17
C0316,2018,1747.68,199.83,11.47,16.07
C0316,2019,3257.36,506.32,8.31,23.38
C0316,2020,4378.46,778.14,3.72,11.52
C0316,2021,7167.53,903.86,3.35,11.47
C0316,2022,229.91,28.08,11.43,16.28
C0316,2023,3226.28,325.99,5.08,12.13
C0316,2024,7820.44,598.77,3.79,23.21
C0317,2015,6741.49,1286.86,8.49,12.56
C0317,2016,7344.23,715.42,12.44,14.81
C0317,2017,8136.93,1384.12,5.62,15.67
C0317,2018,7854.03,1235.46,5.59,20.64
C0317,2019,6853.61,1155.78,12.84,16.28
C0317,2020,4452.65,848.30,3.92,9.78
C0317,2021,9837.62,1411.75,10.02,7.48
C0317,2022,5733.82,1058.99,14.42,23.76
C0317,2023,2107.42,158.38,12.94,21.03
C0317,2024,2998.85,431.85,2.80,5.46
C0318,2015,6966.27,1155.30,6.16,21.43
C0318,2016,9254.92,839.85,3.85,16.81
C0318,2017,1869.33,301.17,14.34,15.38
C0318,2018,915.23,152.63,14.82,5.24
C0318,2019,8827.16,1541.91,5.05,20.62
C0318,2020,9161.25,888.02,10.71,8.96
C0318,2021,2836.16,431.78,12.94,19.56
C0318,2022,3835.13,366.78,5.04,5.32
C0318,2023,6635.86,1067.42,4.44,20.93
C0318,2024,3366.31,402.09,2.15,5.46
C0319,2015,8783.87,1226.51,7.36,9.72
C0319,2016,1165.03,130.92,13.69,10.37
C0319,2017,476.02,35.37,13.74,8.15
C0319,2018,2164.01,165.99,3.66,14.62
C0319,2019,2932.27,180.73,4.66,10.67
C0319,2020,1217.97,173.82,7.30,24.87
C0319,2021,750.34,133.03,12.15,16.60
C0319,2022,7580.52,402.72,9.95,16.33
C0319,2023,1726.34,103.47,8.68,9.42
C0319,2024,9147.83,1085.12,9.70,13.17
C0320,2015,3743.20,601.37,3.25,7.48
C0320,2016,6739.00,496.37,8.21,20.25
C0320,2017,2331.48,211.58,14.90,11.62
C0320,2018,2479.20,210.24,3.15,20.04
C0320,2019,5789.62,636.03,8.75,12.43
C0320,2020,5650.36,473.22,5.84,24.78
C0320,2021,7710.42,793.32,9.02,8.42
C0320,2022,7602.35,1210.91,9.46,5.03
C0320,2023,6739.81,954.70,9.51,16.90
C0320,2024,4546.39,282.68,13.08,24.06
C0321,2015,8917.34,1298.92,7.07,17.94
C0321,2016,6263.53,761.40,8.71,6.71
C0321,2017,9902.97,1883.39,2.14,15.81
C0321,2018,8211.76,766.94,12.26,23.19
C0321,2019,538.67,85.61,5.37,5.13
C0321,2020,3273.88,522.61,12.62,8.34
C0321,2021,5761.57,479.51,5.45,21.29
C0321,2022,7242.55,1343.37,2.14,22.88
C0321,2023,5548.33,686.20,4.01,19.14
C0321,2024,7882.69,1196.85,14.81,24.83
C0322,2015,2898.29,208.32,6.16,6.80
C0322,2016,1920.73,170.31,3.41,15.91
C0322,2017,633.78,87.41,3.54,18.70
C0322,2018,5775.81,565.19,6.03,19.05
C0322,2019,6917.14,864.32,2.49,20.87
C0322,2020,3328.88,353.20,8.65,23.35
C0322,2021,6174.48,901.99,4.78,12.23
C0322,2022,616.36,75.86,8.75,5.86
C0322,2023,1083.00,54.90,3.83,12.25
C0322,2024,7047.37,1039.15,7.59,18.43
C0323,2015,3743.89,424.25,9.77,9.27
C0323,2016,6746.21,683.09,2.81,21.20
C0323,2017,8334.04,534.40,7.18,9.40
C0323,2018,8540.96,709.37,5.93,5.20
C0323,2019,1804.46,150.79,5.12,15.16
C0323,2020,4914.23,935.20,9.86,19.53
C0323,2021,7365.87,846.17,9.65,11.99
C0323,2022,7762.41,437.10,10.20,19.98
C0323,2023,7868.29,557.25,4.07,13.77
C0323,2024,2358.86,145.91,5.71,8.43
C0324,2015,2006.09,277.50,4.73,6.81
C0324,2016,5941.12,463.37,9.03,19.21
C0324,2017,7436.75,927.98,7.99,12.71
C0324,2018,3259.48,343.91,6.29,23.26
C0324,2019,1136.58,193.88,12.22,15.81
C0324,2020,7195.79,705.72,3.22,11.97
C0324,2021,3067.01,364.18,14.67,11.98
C0324,2022,1746.99,276.36,3.52,7.63
C0324,2023,1562.46,179.69,12.05,16.88
C0324,2024,3217.60,543.72,6.79,16.64
C0325,2015,5967.51,890.67,13.25,21.00
C0325,2016,3648.18,407.06,2.96,9.02
C0325,2017,304.55,38.25,6.87,10.82
C0325,2018,1059.39,206.67,6.36,6.94
C0325,2019,2975.98,444.14,14.91,10.91
C0325,2020,6631.07,1231.72,14.81,13.56
C0325,2021,1075.30,82.60,4.47,24.28
C0325,2022,5650.50,692.10,10.19,18.06
C0325,2023,1286.87,239.74,8.96,20.66
C0325,2024,2194.99,215.97,4.01,11.51
C0326,2015,1804.67,352.18,4.18,7.89
C0326,2016,765.56,49.43,14.86,10.13
C0326,2017,6746.17,1250.74,7.89,10.13
C0326,2018,4687.70,547.44,3.64,16.66
C0326,2019,8327.43,508.49,4.79,11.83
C0326,2020,1079.02,196.30,5.49,22.15
C0326,2021,1532.86,134.57,8.64,24.77
C0326,2022,3133.93,167.16,6.36,11.87
C0326,2023,7682.07,540.60,7.92,19.10
C0326,2024,3127.01,465.51,4.16,18.15
C0327,2015,4143.35,814.88,6.25,8.89
C0327,2016,3085.88,205.89,2.91,23.36
C0327,2017,894.22,106.67,13.57,8.99
C0327,2018,9400.39,724.73,4.58,19.74
C0327,2019,5530.54,894.59,11.84,11.95
C0327,2020,7899.55,534.87,6.54,12.34
C0327,2021,6617.74,568.97,8.17,14.11
C0327,2022,5191.12,412.49,5.79,22.29
C0327,2023,987.81,131.26,11.05,7.81
C0327,2024,6463.06,1169.67,12.98,6.09
C0328,2015,1638.17,207.50,5.72,13.04
C0328,2016,4202.39,246.83,5.15,6.11
C0328,2017,6328.22,851.20,10.86,18.75
C0328,2018,7844.07,1330.57,4.54,20.21
C0328,2019,6881.95,480.52,10.32,22.09
C0328,2020,6748.18,411.01,3.23,19.88
C0328,2021,1575.52,123.16,10.06,23.33
C0328,2022,3526.67,571.01,8.67,19.97
C0328,2023,524.83,72.82,3.48,23.72
C0328,2024,7222.82,946.83,10.44,8.86
C0329,2015,9530.60,833.18,7.81,15.00
C0329,2016,2714.69,271.02,4.82,24.88
C0329,2017,968.20,188.68,6.59,18.63
C0329,2018,4808.14,413.95,8.40,22.57
C0329,2019,8581.31,1589.66,3.19,5.61
C0329,2020,5564.54,762.79,14.45,22.44
C0329,2021,563.09,38.57,10.65,18.95
C0329,2022,9745.30,1170.38,3.33,8.42
C0329,2023,8303.63,1596.64,12.70,5.51
C0329,2024,1402.78,158.21,6.19,10.20
C0330,2015,9225.80,1656.10,9.76,23.32
C0330,2016,4561.81,403.56,5.60,18.36
C0330,2017,3781.79,512.96,11.53,23.39
C0330,2018,4664.43,823.63,11.40,13.92
C0330,2019,8362.26,1572.97,9.18,23.73
C0330,2020,6628.85,814.51,5.13,14.26
C0330,2021,686.56,100.21,5.30,9.09
C0330,2022,9580.28,483.30,6.98,8.03
C0330,2023,1563.06,137.52,3.89,24.88
C0330,2024,7481.12,686.82,6.39,11.68
C0331,2015,6397.75,409.61,10.90,8.20
C0331,2016,1956.53,179.91,12.80,5.17
C0331,2017,1790.25,175.75,6.32,10.71
C0331,2018,8716.24,1702.41,5.04,22.78
C0331,2019,4254.98,639.48,12.82,15.68
C0331,2020,6580.31,749.50,13.58,17.65
C0331,2021,5090.30,1008.94,7.33,23.45
C0331,2022,7300.80,532.85,2.35,15.26
C0331,2023,4844.50,588.16,11.03,21.77
C0331,2024,2945.06,433.10,12.19,11.48
C0332,2015,3697.50,215.70,2.23,24.54
C0332,2016,8604.87,1355.70,9.74,6.58
C0332,2017,4733.54,307.59,9.65,19.50
C0332,2018,2213.15,157.23,6.92,18.21
C0332,2019,9352.59,691.66,11.75,8.83
C0332,2020,7986.34,1512.08,7.57,12.78
C0332,2021,651.09,99.28,10.80,11.26
C0332,2022,9989.54,1481.59,8.72,6.89
C0332,2023,6979.77,930.57,5.23,16.70
C0332,2024,1686.64,158.41,9.88,24.87
C0333,2015,2447.96,350.38,11.58,16.19
C0333,2016,6955.21,775.66,14.66,15.91
C0333,2017,7819.63,561.55,6.94,5.81
C0333,2018,2466.46,378.45,2.84,7.78
C0333,2019,2643.99,183.59,14.84,15.26
C0333,2020,3140.49,246.84,10.11,24.70
C0333,2021,6020.38,1039.45,14.30,22.53
C0333,2022,1800.98,268.38,3.35,11.80
C0333,2023,1132.01,163.74,6.45,15.86
C0333,2024,6820.75,768.91,3.74,16.05
C0334,2015,7813.07,855.08,12.86,18.71
C0334,2016,5059.20,776.79,13.44,18.76
C0334,2017,3701.94,596.02,8.52,20.80
C0334,2018,4377.22,553.86,4.43,5.50
C0334,2019,3945.24,770.86,3.65,23.87
C0334,2020,9603.85,1856.95,9.65,6.40
C0334,2021,7704.09,861.81,8.58,14.52
C0334,2022,2160.06,373.89,11.03,23.39
C0334,2023,3903.47,513.27,5.97,14.75
C0334,2024,5485.72,695.39,7.23,6.27
C0335,2015,6168.56,359.29,2.28,9.58
C0335,2016,4735.02,644.42,9.93,16.57
C0335,2017,8120.25,1502.95,7.50,6.76
C0335,2018,7699.30,1285.94,13.96,13.47
C0335,2019,5101.06,856.71,10.34,11.58
C0335,2020,8558.85,633.26,7.18,21.30
C0335,2021,7535.79,781.97,5.43,7.20
C0335,2022,7807.96,663.53,13.77,18.66
C0335,2023,9568.37,931.84,2.21,13.13
C0335,2024,2738.02,374.92,6.25,16.76
C0336,2015,2749.72,287.94,14.27,9.11
C0336,2016,8900.63,1193.62,10.50,17.19
C0336,2017,7745.04,896.68,8.93,18.48
C0336,2018,9272.80,862.30,4.65,6.40
C0336,2019,724.99,46.62,12.83,21.49
C0336,2020,6314.80,1160.51,4.65,22.23
C0336,2021,1531.82,79.20,5.23,6.27
C0336,2022,5088.58,255.69,4.49,17.06
C0336,2023,1641.89,285.72,4.06,16.88
C0336,2024,1367.98,272.94,14.39,5.25
C0337,2015,220.47,35.07,9.83,11.85
C0337,2016,6339.36,331.49,10.29,24.38
C0337,2017,3654.32,306.98,14.41,16.11
C0337,2018,1141.36,223.45,5.00,23.66
C0337,2019,3296.09,564.59,2.08,18.51
C0337,2020,1772.55,239.33,9.79,5.57
C0337,2021,9422.78,805.92,8.60,6.55
C0337,2022,3268.05,170.45,8.21,19.44
C0337,2023,3406.14,180.97,2.80,16.09
C0337,2024,8414.59,1193.17,7.91,7.54
C0338,2015,6512.78,346.97,5.74,17.28
C0338,2016,7130.70,1419.33,5.57,21.21
C0338,2017,6396.42,495.77,4.89,20.06
C0338,2018,9467.34,1482.64,6.32,9.92
C0338,2019,2149.31,157.46,6.59,10.16
C0338,2020,9891.49,1295.92,6.01,24.36
C0338,2021,8326.47,517.00,14.72,22.75
C0338,2022,5930.83,978.69,14.13,11.37
C0338,2023,6657.48,916.99,9.47,21.48
C0338,2024,6523.38,410.48,14.75,8.23
C0339,2015,678.12,120.22,14.89,8.94
C0339,2016,2258.36,298.22,6.63,8.62
C0339,2017,9618.56,1810.59,7.79,6.75
C0339,2018,5390.21,1010.63,14.47,22.09
C0339,2019,3845.70,723.28,9.91,16.58
C0339,2020,7644.18,471.40,4.77,10.18
C0339,2021,5292.74,360.67,10.96,21.97
C0339,2022,230.31,45.64,4.67,21.05
C0339,2023,7388.75,909.85,6.41,7.02
C0339,2024,7348.95,630.04,4.96,17.88
C0340,2015,1734.97,287.05,5.18,19.44
C0340,2016,9570.93,857.97,2.06,19.32
C0340,2017,2316.69,368.54,13.45,19.46
C0340,2018,4631.72,813.30,5.85,8.39
C0340,2019,1235.89,207.18,3.12,11.30
C0340,2020,6072.49,553.25,3.13,21.88
C0340,2021,3816.97,420.79,9.23,22.97
C0340,2022,3596.42,402.75,14.91,10.58
C0340,2023,8287.07,1025.04,3.89,5.46
C0340,2024,194.66,14.62,3.30,22.20
C0341,2015,7999.67,942.93,7.70,12.54
C0341,2016,5757.34,728.98,9.32,11.59
C0341,2017,9862.38,1279.71,5.83,11.94
C0341,2018,5935.49,1026.75,5.93,13.31
C0341,2019,648.25,82.72,7.52,12.57
C0341,2020,601.39,50.89,6.08,16.33
C0341,2021,8843.21,1321.79,13.90,6.58
C0341,2022,8428.02,1429.37,2.55,24.43
C0341,2023,3524.31,345.05,5.05,23.73
C0341,2024,6218.52,912.85,12.51,23.69
C0342,2015,4946.95,356.38,12.84,22.59
C0342,2016,9674.92,979.96,3.45,18.21
C0342,2017,9504.61,1771.50,14.66,9.42
C0342,2018,9840.01,1837.09,11.01,5.99
C0342,2019,8677.84,1182.78,5.54,6.99
C0342,2020,9104.56,1414.42,7.93,11.48
C0342,2021,2251.06,400.92,5.86,15.08
C0342,2022,8326.97,1613.62,3.95,24.87
C0342,2023,7117.69,878.91,5.79,13.71
C0342,2024,9631.59,1292.91,9.54,15.49
C0343,2015,5755.49,646.61,12.74,18.90
C0343,2016,943.15,57.34,6.73,8.61
C0343,2017,6014.25,682.14,6.52,23.66
C0343,2018,6897.15,1162.82,8.08,15.58
C0343,2019,2281.18,389.47,10.38,10.53
C0343,2020,4001.72,735.74,11.77,23.70
C0343,2021,6025.18,347.77,6.25,17.51
C0343,2022,3803.65,490.95,9.62,14.67
C0343,2023,3811.98,252.02,7.06,16.60
C0343,2024,1417.56,113.56,11.31,19.97
C0344,2015,9413.39,1741.78,4.14,8.09
C0344,2016,7529.89,937.61,5.34,22.30
C0344,2017,112.31,18.39,7.54,24.19
C0344,2018,7679.57,458.14,13.56,16.34
C0344,2019,7423.97,835.37,9.45,18.65
C0344,2020,196.34,29.67,14.55,22.20
C0344,2021,3759.08,263.18,3.34,12.50
C0344,2022,6106.80,603.80,7.98,24.86
C0344,2023,4582.23,273.48,7.45,18.61
C0344,2024,7802.06,1152.37,9.80,13.48
C0345,2015,4312.04,843.58,12.56,18.55
C0345,2016,1623.24,282.54,12.94,15.43
C0345,2017,9766.51,1916.13,10.71,7.23
C0345,2018,2496.20,441.43,10.34,20.92
C0345,2019,7205.15,1284.53,14.34,16.29
C0345,2020,1517.25,207.22,6.99,20.92
C0345,2021,3357.22,428.84,12.83,8.10
C0345,2022,4476.07,496.57,13.98,15.77
C0345,2023,2003.10,345.96,8.39,20.33
C0345,2024,4554.60,352.12,11.48,24.77
C0346,2015,1655.91,96.76,6.90,22.69
C0346,2016,5634.16,1082.80,4.07,22.29
C0346,2017,6670.76,337.32,9.62,9.95
C0346,2018,718.10,141.12,4.55,21.76
C0346,2019,8724.21,1390.01,7.95,8.39
C0346,2020,1932.89,191.89,13.35,8.96
C0346,2021,2331.09,360.56,3.12,7.20
C0346,2022,6647.36,1147.88,2.40,22.15
C0346,2023,4740.64,411.51,9.88,7.17
C0346,2024,5044.02,835.46,6.30,7.76
C0347,2015,1368.73,233.58,7.43,9.92
C0347,2016,8076.78,705.94,7.27,16.45
C0347,2017,6208.84,349.49,3.13,22.60
C0347,2018,1440.28,116.11,2.05,13.36
C0347,2019,3802.59,304.58,13.68,15.93
C0347,2020,8123.06,485.65,4.83,8.33
C0347,2021,5726.71,909.98,7.54,10.32
C0347,2022,1175.62,125.79,14.64,7.68
C0347,2023,3790.49,692.36,12.75,13.20
C0347,2024,2502.67,219.80,3.40,16.81
C0348,2015,5222.91,616.22,8.61,10.68
C0348,2016,8449.28,1232.35,11.49,21.92
C0348,2017,4419.04,802.59,11.08,24.62
C0348,2018,4390.09,564.97,11.89,7.40
C0348,2019,9062.97,960.94,7.95,5.36
C0348,2020,5804.24,1045.07,4.29,20.80
C0348,2021,5705.29,550.77,8.04,8.81
C0348,2022,2692.91,166.73,10.42,12.06
C0348,2023,6116.46,714.13,9.91,12.88
C0348,2024,5801.51,973.29,2.92,23.33
C0349,2015,4028.83,220.04,2.84,18.18
C0349,2016,9907.89,1366.12,14.55,5.81
C0349,2017,8830.72,1228.97,3.97,5.30
C0349,2018,7520.90,1423.57,5.83,8.99
C0349,2019,5419.72,503.87,11.98,11.36
C0349,2020,4674.39,429.23,7.33,14.69
C0349,2021,1930.48,224.08,4.36,21.76
C0349,2022,3126.80,323.74,8.07,11.30
C0349,2023,7762.21,1245.46,9.40,12.53
C0349,2024,4592.11,671.66,7.89,11.59
C0350,2015,8834.47,1447.42,13.95,5.18
C0350,2016,1564.32,270.64,5.70,24.10
C0350,2017,5132.64,967.23,10.60,7.78
C0350,2018,6504.96,745.73,3.46,10.75
C0350,2019,5216.80,1031.39,7.10,7.59
C0350,2020,8903.35,733.18,11.63,14.81
C0350,2021,9896.68,1555.31,4.92,23.64
C0350,2022,1246.76,162.21,9.67,7.01
C0350,2023,1386.55,239.23,3.99,13.82
C0350,2024,1390.21,168.93,3.34,5.45
C0351,2015,6843.65,1146.93,8.80,20.42
C0351,2016,3789.49,718.20,10.78,17.82
C0351,2017,7359.82,1176.42,3.47,18.99
C0351,2018,4114.17,684.66,13.93,14.45
C0351,2019,6313.31,379.28,4.94,23.15
C0351,2020,7721.59,623.47,3.56,13.19
C0351,2021,5527.34,1084.16,4.64,15.28
C0351,2022,5441.09,837.81,4.20,18.91
C0351,2023,973.52,130.66,3.18,15.41
C0351,2024,4166.74,437.70,12.37,8.79
C0352,2015,5503.19,311.80,8.44,11.34
C0352,2016,4673.61,492.46,7.05,6.85
C0352,2017,9017.74,1125.75,14.36,13.65
C0352,2018,9074.65,741.57,6.82,17.19
C0352,2019,8236.98,625.77,4.17,7.37
C0352,2020,3815.45,481.75,5.56,17.61
C0352,2021,7201.26,992.95,5.11,22.86
C0352,2022,4013.36,345.10,8.48,11.75
C0352,2023,2402.68,331.83,5.79,9.44
C0352,2024,3494.74,646.70,8.71,22.86
C0353,2015,802.55,97.09,10.70,18.84
C0353,2016,3384.60,604.52,12.10,7.11
C0353,2017,4661.35,881.42,11.23,13.16
C0353,2018,9559.26,610.45,4.67,18.48
C0353,2019,3202.76,206.17,3.51,16.49
C0353,2020,9034.29,1096.82,9.05,17.37
C0353,2021,2365.70,326.98,4.59,16.34
C0353,2022,1990.59,226.69,3.10,20.96
C0353,2023,5238.06,518.40,8.85,11.41
C0353,2024,6757.86,987.66,6.25,19.17
C0354,2015,538.89,27.11,11.83,24.82
C0354,2016,2288.55,446.75,6.08,12.80
C0354,2017,4611.27,391.09,14.72,20.82
C0354,2018,3376.94,633.40,11.86,9.92
C0354,2019,7154.95,474.75,2.75,10.64
C0354,2020,5160.49,442.32,8.62,23.70
C0354,2021,1687.56,143.83,9.31,5.52
C0354,2022,8955.21,1785.87,11.04,9.35
C0354,2023,2999.77,152.06,8.47,14.66
C0354,2024,7338.20,1070.98,8.28,13.04
C0355,2015,7821.17,1411.35,6.78,17.58
C0355,2016,9635.26,1453.39,5.53,8.85
C0355,2017,5035.22,525.73,14.30,6.41
C0355,2018,6196.77,1200.60,6.13,12.39
C0355,2019,3415.28,628.51,2.82,15.49
C0355,2020,6813.98,784.24,4.17,16.24
C0355,2021,4687.50,637.50,13.14,17.03
C0355,2022,4432.76,864.95,9.63,15.97
C0355,2023,8569.13,1691.41,12.12,9.92
C0355,2024,596.67,70.09,12.51,20.29
C0356,2015,8831.43,1564.07,12.70,6.76
C0356,2016,8535.49,813.41,9.16,8.97
C0356,2017,5113.03,540.81,4.30,19.79
C0356,2018,4953.01,370.11,3.93,10.59
C0356,2019,3681.89,299.62,9.46,14.87
C0356,2020,9942.32,1476.74,6.76,11.54
C0356,2021,1200.58,152.01,9.25,15.14
C0356,2022,5943.13,503.20,8.48,11.93
C0356,2023,6848.65,756.34,9.83,24.88
C0356,2024,9349.87,990.88,2.42,12.15
C0357,2015,7824.01,1549.97,2.43,17.54
C0357,2016,6474.09,1152.61,11.38,22.77
C0357,2017,1256.44,135.94,4.51,17.76
C0357,2018,3799.96,710.93,10.48,16.32
C0357,2019,1474.53,149.51,9.11,16.38
C0357,2020,8824.01,1325.24,14.76,14.93
C0357,2021,7521.25,1466.62,12.86,21.15
C0357,2022,7599.61,824.88,7.37,6.01
C0357,2023,6557.34,996.60,10.01,22.70
C0357,2024,5119.73,483.24,3.52,16.73
C0358,2015,1584.71,142.54,7.02,21.98
C0358,2016,3363.98,457.92,11.54,5.21
C0358,2017,1455.47,286.57,10.09,22.39
C0358,2018,7276.64,858.43,8.30,7.40
C0358,2019,1686.26,321.48,4.29,19.42
C0358,2020,7050.92,1319.61,12.44,13.33
C0358,2021,6953.33,612.34,5.55,18.62
C0358,2022,4647.11,512.45,12.67,17.56
C0358,2023,1438.76,210.77,9.95,8.27
C0358,2024,3216.53,410.77,6.85,15.29
C0359,2015,3268.92,210.50,2.53,10.54
C0359,2016,7033.81,1400.11,5.02,16.21
C0359,2017,1226.06,199.72,13.56,19.76
C0359,2018,8307.78,960.83,12.63,6.63
C0359,2019,7633.97,1089.56,9.47,15.32
C0359,2020,1944.44,122.76,8.06,17.35
C0359,2021,7219.73,897.38,10.41,10.91
C0359,2022,6718.28,1273.95,8.06,24.06
C0359,2023,7506.40,1384.86,10.38,15.41
C0359,2024,1970.39,198.24,6.00,8.65
C0360,2015,1660.14,215.33,12.90,7.16
C0360,2016,2441.19,377.43,11.12,15.83
C0360,2017,3722.13,375.94,6.29,12.50
C0360,2018,7957.28,475.30,12.80,8.85
C0360,2019,7405.45,931.73,8.34,5.61
C0360,2020,9261.97,1298.95,4.27,16.33
C0360,2021,680.43,34.62,3.01,16.97
C0360,2022,214.41,13.79,11.09,7.84
C0360,2023,7021.47,569.40,13.25,17.03
C0360,2024,2864.95,292.82,12.50,24.04
C0361,2015,3407.38,446.90,10.52,24.57
C0361,2016,5513.34,518.68,3.84,22.77
C0361,2017,1113.89,101.84,3.22,21.14
C0361,2018,6462.67,1165.88,6.49,9.19
C0361,2019,3318.96,238.16,13.11,8.13
C0361,2020,6363.88,791.15,14.50,13.90
C0361,2021,8356.67,1612.20,5.14,17.39
C0361,2022,1794.00,257.89,11.91,22.01
C0361,2023,9315.64,1467.97,9.46,9.64
C0361,2024,5353.81,614.00,2.41,14.59
C0362,2015,9236.98,489.47,9.06,17.95
C0362,2016,2156.53,316.84,12.48,13.91
C0362,2017,6085.17,881.06,5.59,14.08
C0362,2018,4098.48,272.81,13.67,9.50
C0362,2019,7764.80,926.53,5.07,24.73
C0362,2020,6098.50,1142.24,2.99,14.50
C0362,2021,4995.70,403.47,4.08,15.65
C0362,2022,9138.56,1088.99,12.88,9.37
C0362,2023,3833.46,456.82,7.42,15.28
C0362,2024,2277.80,390.90,12.36,10.11
C0363,2015,6120.20,1063.00,8.91,9.05
C0363,2016,6277.88,1028.88,8.25,10.51
C0363,2017,4447.04,466.13,12.49,5.06
C0363,2018,4917.44,299.01,7.51,16.40
C0363,2019,9599.58,983.21,12.43,12.75
C0363,2020,7353.59,1117.52,3.31,22.97
C0363,2021,1194.96,185.71,10.27,5.81
C0363,2022,2200.09,428.47,11.13,5.86
C0363,2023,9758.21,1151.92,13.69,22.72
C0363,2024,7292.01,1056.36,4.92,7.53
C0364,2015,9158.95,1198.71,9.85,5.04
C0364,2016,3108.23,225.63,7.63,8.58
C0364,2017,7444.48,887.24,6.98,21.48
C0364,2018,7168.63,944.29,3.39,21.05
C0364,2019,3017.43,581.19,3.75,11.80
C0364,2020,5553.08,582.97,12.88,18.36
C0364,2021,6311.41,1243.44,11.75,15.14
C0364,2022,4863.20,638.76,6.97,23.09
C0364,2023,8289.07,715.93,12.77,6.13
C0364,2024,8345.40,657.20,3.05,21.26
C0365,2015,8520.95,607.15,10.12,8.41
C0365,2016,8053.89,949.88,13.29,12.83
C0365,2017,4932.03,262.82,12.91,8.84
C0365,2018,3876.24,452.58,6.85,19.05
C0365,2019,8330.63,1651.64,11.69,18.57
C0365,2020,4952.99,745.51,7.56,15.96
C0365,2021,2539.08,416.33,12.92,18.96
C0365,2022,5122.70,347.58,8.90,17.79
C0365,2023,1504.31,181.97,11.94,20.53
C0365,2024,6947.13,645.62,3.02,9.79
C0366,2015,3425.62,630.71,9.67,13.58
C0366,2016,2680.52,206.92,9.15,8.03
C0366,2017,9569.44,1136.94,9.93,13.59
C0366,2018,7791.12,1076.79,11.04,19.03
C0366,2019,7891.99,1003.12,13.94,18.83
C0366,2020,6274.85,1095.19,12.21,19.19
C0366,2021,8407.81,712.29,4.86,11.18
C0366,2022,7615.71,811.90,12.74,18.24
C0366,2023,6027.86,1017.58,3.59,12.35
C0366,2024,9615.13,1242.38,10.09,23.89
C0367,2015,1996.79,220.28,13.48,11.87
C0367,2016,9439.46,513.66,3.31,17.06
C0367,2017,4074.24,664.13,13.05,20.00
C0367,2018,5331.15,1043.98,12.38,23.13
C0367,2019,1315.12,188.12,8.55,13.76
C0367,2020,5447.06,972.20,6.02,12.21
C0367,2021,6150.95,784.44,7.27,13.60
C0367,2022,9977.25,845.59,14.59,11.47
C0367,2023,9754.40,508.85,4.62,18.08
C0367,2024,9667.33,1430.86,9.53,23.65
C0368,2015,3549.04,439.96,3.08,7.52
C0368,2016,9913.54,1658.68,4.83,16.22
C0368,2017,4609.23,710.75,11.92,22.95
C0368,2018,8533.18,1691.22,5.93,7.00
C0368,2019,2241.57,283.66,14.81,14.88
C0368,2020,5107.75,582.67,8.51,22.30
C0368,2021,9663.52,898.81,8.72,23.01
C0368,2022,9475.61,1151.56,2.47,15.29
C0368,2023,6868.98,1242.81,14.43,5.50
C0368,2024,7998.36,450.84,4.27,7.11
C0369,2015,1846.62,363.20,9.00,16.73
C0369,2016,7244.42,1441.61,7.14,7.48
C0369,2017,6218.70,868.59,7.40,7.99
C0369,2018,1006.36,100.37,10.36,20.44
C0369,2019,1220.27,101.84,10.61,20.01
C0369,2020,1173.59,107.35,4.01,21.86
C0369,2021,7271.13,418.21,8.49,7.11
C0369,2022,1502.98,182.26,12.28,8.96
C0369,2023,4730.55,277.20,7.76,21.66
C0369,2024,3634.12,573.36,4.16,19.42
C0370,2015,5549.99,587.13,6.07,21.12
C0370,2016,7094.12,566.85,4.76,24.79
C0370,2017,6878.75,906.12,3.64,22.29
C0370,2018,5203.65,1020.25,6.91,15.41
C0370,2019,4696.92,724.59,9.03,11.22
C0370,2020,4038.37,499.80,2.95,16.39
C0370,2021,8632.91,1437.70,9.85,17.77
C0370,2022,3375.43,542.17,14.91,11.71
C0370,2023,2667.72,490.22,14.53,20.42
C0370,2024,7458.82,601.93,12.78,6.86
C0371,2015,3661.66,654.82,5.46,20.59
C0371,2016,8485.29,807.41,2.29,5.64
C0371,2017,3346.10,639.61,12.84,14.96
C0371,2018,7049.25,649.66,2.72,22.23
C0371,2019,546.58,103.32,4.67,6.73
C0371,2020,3917.07,762.14,9.08,15.35
C0371,2021,3497.98,251.24,4.32,8.19
C0371,2022,8185.12,1605.72,12.84,22.90
C0371,2023,9673.85,608.08,12.10,21.65
C0371,2024,4662.72,386.00,11.83,23.68
C0372,2015,8265.88,964.01,12.61,22.50
C0372,2016,7026.98,1398.65,4.86,19.73
C0372,2017,9677.12,1193.04,11.48,8.70
C0372,2018,8129.97,1077.72,6.62,11.05
C0372,2019,867.03,133.67,10.67,14.94
C0372,2020,7161.49,1398.24,3.59,16.78
C0372,2021,5401.45,904.76,11.17,20.64
C0372,2022,262.72,21.97,14.64,9.54
C0372,2023,2588.00,247.02,2.57,7.57
C0372,2024,9225.38,596.37,3.22,14.65
C0373,2015,9268.01,1359.32,3.61,8.16
C0373,2016,8008.62,617.55,7.60,18.87
C0373,2017,9819.62,870.12,5.78,16.51
C0373,2018,8084.80,1481.27,12.49,19.82
C0373,2019,201.02,19.90,8.16,6.27
C0373,2020,2949.56,398.18,8.30,24.29
C0373,2021,403.18,44.20,11.32,5.00
C0373,2022,1031.67,63.04,6.71,11.51
C0373,2023,2266.52,236.69,6.59,18.59
C0373,2024,5085.23,565.53,11.84,5.90
C0374,2015,8490.57,1565.28,12.14,6.67
C0374,2016,8633.47,851.84,2.19,6.53
C0374,2017,6200.40,662.74,3.87,16.63
C0374,2018,9288.94,1555.29,4.77,22.92
C0374,2019,5050.62,827.51,6.57,16.11
C0374,2020,8901.46,1510.96,5.79,17.07
C0374,2021,4595.25,887.18,10.69,11.92
C0374,2022,2844.53,481.67,12.77,5.37
C0374,2023,9172.49,1019.44,4.50,5.43
C0374,2024,3940.56,682.61,9.32,22.77
C0375,2015,5083.70,642.08,6.78,7.05
C0375,2016,3355.72,307.58,8.58,25.00
C0375,2017,6662.09,635.81,10.07,8.29
C0375,2018,9950.81,831.65,13.62,18.49
C0375,2019,352.58,25.30,4.50,23.98
C0375,2020,9008.50,699.72,3.13,12.25
C0375,2021,138.87,8.26,10.15,19.69
C0375,2022,3705.86,679.16,7.12,12.02
C0375,2023,1769.21,335.53,4.12,11.10
C0375,2024,7597.68,1048.60,3.52,9.04
C0376,2015,601.05,105.83,9.27,21.42
C0376,2016,5579.50,432.61,5.91,10.15
C0376,2017,3019.77,559.42,14.97,10.66
C0376,2018,1423.34,179.28,7.28,24.98
C0376,2019,7741.00,465.04,4.76,11.55
C0376,2020,2252.43,160.37,10.18,13.46
C0376,2021,2314.38,222.98,5.18,24.80
C0376,2022,2823.26,159.61,8.42,12.39
C0376,2023,5908.99,569.59,8.27,12.32
C0376,2024,6630.69,391.14,7.90,21.55
C0377,2015,274.26,23.42,12.35,11.24
C0377,2016,2494.51,224.13,4.82,9.68
C0377,2017,4366.61,869.63,13.76,13.46
C0377,2018,3386.57,288.98,12.29,19.01
C0377,2019,8853.29,760.30,6.33,5.86
C0377,2020,7898.32,1208.59,4.35,12.48
C0377,2021,6296.31,1126.43,5.63,11.92
C0377,2022,3446.62,372.44,6.32,9.90
C0377,2023,7036.66,1276.05,9.24,18.09
C0377,2024,8452.02,853.83,2.60,10.80
C0378,2015,5988.82,476.42,13.89,17.13
C0378,2016,7866.17,782.26,3.28,15.09
C0378,2017,7516.14,1062.81,5.63,9.34
C0378,2018,5760.20,605.23,3.42,10.33
C0378,2019,3190.61,481.57,5.34,8.41
C0378,2020,7483.24,640.12,12.89,6.13
C0378,2021,2147.28,333.15,10.00,17.38
C0378,2022,7816.93,798.23,4.96,18.46
C0378,2023,8065.01,954.74,13.33,8.32
C0378,2024,8239.23,1101.27,12.41,17.31
C0379,2015,4781.87,731.31,11.80,24.64
C0379,2016,2005.56,172.09,13.02,6.49
C0379,2017,1087.26,190.70,10.06,14.81
C0379,2018,7459.28,1180.63,8.52,19.66
C0379,2019,8873.99,755.31,6.86,5.92
C0379,2020,6543.30,1284.10,4.91,20.57
C0379,2021,1527.18,228.65,9.25,24.59
C0379,2022,9355.47,1102.67,13.56,6.77
C0379,2023,9892.11,728.35,9.72,21.44
C0379,2024,4390.45,570.68,13.95,12.57
C0380,2015,5988.77,447.46,6.64,7.88
C0380,2016,7794.56,891.88,11.04,14.86
C0380,2017,7390.26,822.59,10.43,6.43
C0380,2018,9681.09,1529.53,10.72,15.44
C0380,2019,1237.34,97.57,10.39,5.39
C0380,2020,5849.18,1013.55,4.88,19.57
C0380,2021,6950.12,687.50,3.87,14.76
C0380,2022,8911.97,1039.12,14.72,14.18
C0380,2023,8753.69,1451.81,2.59,8.92
C0380,2024,9782.20,1406.77,8.08,12.23
C0381,2015,5169.58,497.33,7.53,8.64
C0381,2016,8324.53,898.47,6.68,19.71
C0381,2017,4330.09,415.12,12.17,8.98
C0381,2018,4280.91,595.97,11.69,17.34
C0381,2019,2608.15,260.54,13.77,10.59
C0381,2020,8200.55,1302.70,7.14,18.14
C0381,2021,9859.57,1350.45,9.33,15.81
C0381,2022,2637.78,189.54,13.60,13.47
C0381,2023,655.70,63.30,14.92,18.46
C0381,2024,8173.87,680.21,14.60,13.31
C0382,2015,6240.28,677.36,11.33,21.43
C0382,2016,9601.02,1223.15,3.86,19.59
C0382,2017,2597.17,327.28,2.30,15.81
C0382,2018,803.17,131.06,12.73,22.54
C0382,2019,4975.18,389.93,12.93,21.58
C0382,2020,946.11,181.63,11.70,15.64
C0382,2021,2691.72,273.01,5.64,6.37
C0382,2022,1347.18,128.03,10.32,16.32
C0382,2023,2318.91,354.28,6.11,12.11
C0382,2024,1150.83,196.59,7.86,15.80
C0383,2015,9543.67,1018.98,6.97,17.94
C0383,2016,2857.77,463.04,13.88,17.90
C0383,2017,4494.59,820.53,5.04,18.47
C0383,2018,8996.26,1484.57,9.51,18.59
C0383,2019,6805.48,375.18,6.69,7.19
C0383,2020,6218.57,1082.69,10.62,8.83
C0383,2021,7085.08,1177.34,9.34,17.61
C0383,2022,8305.34,1249.07,14.01,13.16
C0383,2023,8788.93,1441.41,3.32,20.26
C0383,2024,6462.13,1272.48,4.87,7.50
C0384,2015,8911.07,1021.81,11.96,8.83
C0384,2016,5400.44,324.48,6.79,16.17
C0384,2017,2845.18,338.96,4.16,15.01
C0384,2018,8812.76,502.02,8.54,10.33
C0384,2019,5460.58,514.05,10.48,13.17
C0384,2020,9070.76,1252.06,2.58,5.70
C0384,2021,497.66,48.00,5.79,5.74
C0384,2022,4035.41,616.65,12.52,6.90
C0384,2023,9483.27,1643.43,8.76,16.54
C0384,2024,2571.54,290.75,2.46,22.27
C0385,2015,9421.21,1743.12,5.67,10.20
C0385,2016,9543.63,591.47,10.31,5.68
C0385,2017,8833.21,1554.79,4.59,19.17
C0385,2018,5680.31,990.00,12.76,22.11
C0385,2019,6504.70,639.41,10.80,7.76
C0385,2020,8709.21,825.70,8.13,12.71
C0385,2021,7781.38,745.18,13.90,8.17
C0385,2022,6337.93,1088.28,7.09,7.13
C0385,2023,9824.37,1716.79,5.06,17.96
C0385,2024,6888.20,685.09,10.60,24.35
C0386,2015,9757.27,1355.17,9.45,18.56
C0386,2016,668.15,47.33,6.36,24.70
C0386,2017,1475.71,177.55,6.47,13.69
C0386,2018,4569.44,913.06,7.18,22.96
C0386,2019,3910.31,288.68,5.78,9.10
C0386,2020,7849.07,1508.08,11.23,7.36
C0386,2021,1690.08,293.46,10.47,19.05
C0386,2022,9763.34,1911.98,7.73,12.43
C0386,2023,3219.15,247.67,7.17,11.35
C0386,2024,4346.34,356.52,6.75,18.43
C0387,2015,2819.98,148.13,5.69,11.67
C0387,2016,5835.70,926.16,3.11,16.45
C0387,2017,680.42,99.76,5.49,10.99
C0387,2018,1581.81,121.34,6.18,20.68
C0387,2019,7483.40,1262.24,9.12,11.25
C0387,2020,1946.36,184.67,12.06,15.70
C0387,2021,2431.59,170.82,7.14,5.46
C0387,2022,7950.52,901.47,14.28,20.83
C0387,2023,1023.68,65.15,12.76,17.41
C0387,2024,4430.99,396.51,14.80,8.84
C0388,2015,328.33,34.70,13.39,9.31
C0388,2016,3533.39,628.17,10.02,10.25
C0388,2017,7019.92,1185.54,9.78,16.53
C0388,2018,992.02,115.48,3.68,15.97
C0388,2019,8894.51,1411.44,11.39,10.48
C0388,2020,9104.04,1231.75,9.80,18.88
C0388,2021,1139.40,115.22,8.59,22.78
C0388,2022,9908.25,1574.23,11.01,5.87
C0388,2023,3045.54,464.52,7.77,13.34
C0388,2024,932.61,133.24,8.81,16.87
C0389,2015,150.16,21.43,7.18,16.73
C0389,2016,4144.38,631.80,11.33,5.39
C0389,2017,6335.12,682.18,13.40,9.21
C0389,2018,3388.57,611.17,12.93,6.24
C0389,2019,8383.50,623.28,12.22,16.38
C0389,2020,7194.40,1313.57,2.18,17.91
C0389,2021,3566.60,361.45,13.85,8.19
C0389,2022,7369.67,506.70,5.57,11.66
C0389,2023,9410.83,1317.55,13.54,11.60
C0389,2024,1021.65,108.70,4.56,21.40
C0390,2015,3130.43,539.45,7.72,8.89
C0390,2016,4686.93,537.21,11.74,15.97
C0390,2017,5030.10,755.95,10.32,20.66
C0390,2018,5467.74,526.21,7.41,21.59
C0390,2019,3076.21,250.46,10.82,18.33
C0390,2020,6705.87,725.62,9.14,10.99
C0390,2021,6486.34,914.71,5.58,21.46
C0390,2022,5820.43,864.58,10.40,19.84
C0390,2023,1226.24,167.67,4.66,19.09
C0390,2024,4821.98,955.76,11.02,6.35
C0391,2015,3626.65,557.28,2.04,5.87
C0391,2016,4961.28,941.29,9.13,18.91
C0391,2017,9226.48,624.54,7.21,23.90
C0391,2018,4857.26,287.58,5.94,20.47
C0391,2019,238.41,23.04,8.70,21.63
C0391,2020,4444.48,313.28,10.39,15.90
C0391,2021,8224.42,1059.97,14.55,11.09
C0391,2022,7822.60,1000.10,12.83,18.55
C0391,2023,5182.56,706.16,11.32,19.24
C0391,2024,2572.71,416.22,8.23,18.51
C0392,2015,4704.38,920.64,7.10,23.93
C0392,2016,5680.65,1032.39,2.42,12.34
C0392,2017,9998.73,677.46,6.67,5.79
C0392,2018,6477.36,652.77,13.03,23.17
C0392,2019,6973.22,616.25,6.99,8.21
C0392,2020,4965.40,379.97,8.00,18.95
C0392,2021,3609.45,475.40,5.53,22.46
C0392,2022,8148.23,1083.63,5.56,11.20
C0392,2023,4999.83,420.42,2.80,21.61
C0392,2024,9947.43,1559.60,9.98,11.64
C0393,2015,4625.49,739.79,7.82,20.89
C0393,2016,773.20,41.09,9.88,6.40
C0393,2017,6857.52,749.96,9.11,18.10
C0393,2018,561.75,103.09,12.38,18.54
C0393,2019,2579.97,330.36,11.76,14.83
C0393,2020,3602.01,367.92,12.03,18.74
C0393,2021,7420.89,653.42,8.49,23.46
C0393,2022,4992.94,431.90,6.60,19.68
C0393,2023,383.59,24.92,14.13,24.23
C0393,2024,6206.81,1071.20,2.71,13.97
C0394,2015,4173.22,262.91,3.98,15.57
C0394,2016,9226.16,865.82,7.45,10.27
C0394,2017,5045.67,286.85,9.98,24.71
C0394,2018,7118.85,1190.33,2.11,6.10
C0394,2019,2266.80,126.70,11.35,12.17
C0394,2020,7633.64,734.70,9.26,10.95
C0394,2021,7237.46,984.26,8.30,12.73
C0394,2022,9050.41,1008.53,7.51,23.35
C0394,2023,434.83,40.15,8.75,12.36
C0394,2024,4530.26,413.51,4.10,23.34
C0395,2015,6823.64,1157.76,3.41,13.47
C0395,2016,1042.12,204.36,5.77,22.10
C0395,2017,4164.98,425.69,11.22,15.44
C0395,2018,9427.25,526.72,9.65,11.23
C0395,2019,4415.75,245.01,8.24,13.99
C0395,2020,9855.51,1615.14,9.43,13.49
C0395,2021,662.71,88.04,9.27,10.20
C0395,2022,7206.51,1207.37,5.99,10.79
C0395,2023,5852.06,904.87,3.27,8.73
C0395,2024,5055.34,940.93,13.66,11.72
C0396,2015,9711.39,1775.96,9.80,17.49
C0396,2016,1383.54,232.78,11.07,12.73
C0396,2017,8970.39,1087.91,8.03,19.25
C0396,2018,6943.28,668.08,11.83,24.74
C0396,2019,2664.06,335.82,9.60,12.54
C0396,2020,9026.52,1131.12,2.70,14.25
C0396,2021,4350.02,615.71,13.57,8.28
C0396,2022,8160.85,635.85,5.97,12.84
C0396,2023,3949.48,585.88,3.79,19.54
C0396,2024,8524.22,1010.04,3.14,9.35
C0397,2015,6402.63,915.77,11.37,8.64
C0397,2016,1496.36,128.60,11.15,12.53
C0397,2017,6531.67,752.18,11.10,21.37
C0397,2018,1994.31,162.60,13.90,17.47
C0397,2019,4178.03,757.46,6.54,24.15
C0397,2020,1785.93,220.02,9.29,23.09
C0397,2021,317.96,26.63,10.05,8.02
C0397,2022,2197.68,123.47,14.73,5.85
C0397,2023,5410.08,818.87,6.06,12.98
C0397,2024,4867.45,400.09,14.43,15.44
C0398,2015,5064.82,1005.05,3.93,15.31
C0398,2016,2552.10,331.91,11.93,7.68
C0398,2017,6883.10,642.51,10.23,7.50
C0398,2018,7072.21,1051.29,12.62,5.94
C0398,2019,3643.88,332.62,2.37,22.02
C0398,2020,8823.58,1526.84,3.02,23.95
C0398,2021,6475.83,623.20,2.91,7.31
C0398,2022,7159.09,1419.20,9.71,9.26
C0398,2023,2845.67,400.59,9.84,6.80
C0398,2024,106.06,18.74,13.78,22.55
C0399,2015,8667.22,528.03,8.08,24.17
C0399,2016,8242.00,842.70,2.88,10.24
C0399,2017,1319.60,211.96,4.72,11.07
C0399,2018,3803.64,563.92,2.10,12.25
C0399,2019,6647.26,526.04,12.10,15.05
C0399,2020,6555.90,678.08,12.60,18.65
C0399,2021,8617.47,771.41,14.97,15.09
C0399,2022,1488.65,211.40,7.36,24.02
C0399,2023,4356.40,442.98,2.25,7.00
C0399,2024,1062.52,102.38,5.05,20.97
C0400,2015,3956.99,320.94,9.64,11.69
C0400,2016,249.56,27.79,14.51,12.55
C0400,2017,8992.90,713.37,3.35,19.18
C0400,2018,5317.74,1033.69,3.58,23.59
C0400,2019,8513.04,622.94,11.12,19.32
C0400,2020,693.06,129.60,10.67,20.52
C0400,2021,2351.84,268.75,5.26,20.02
C0400,2022,2667.86,284.61,12.57,11.42
C0400,2023,3928.25,332.71,3.67,20.14
C0400,2024,8048.38,1169.94,14.03,20.69
C0401,2015,3926.92,600.15,4.61,15.67
C0401,2016,2126.07,255.42,3.06,15.74
C0401,2017,743.40,43.38,6.41,20.19
C0401,2018,886.97,166.55,4.44,21.34
C0401,2019,7624.47,1502.40,8.85,11.74
C0401,2020,4503.55,516.36,10.93,21.03
C0401,2021,7289.19,1035.42,8.38,21.28
C0401,2022,6854.64,805.73,10.59,9.68
C0401,2023,1440.09,141.53,6.74,19.34
C0401,2024,1514.59,93.30,2.36,8.73
C0402,2015,7577.89,897.30,14.66,6.86
C0402,2016,7240.56,1250.86,12.65,16.49
C0402,2017,3842.50,201.94,2.95,23.17
C0402,2018,866.48,118.98,7.84,5.71
C0402,2019,219.77,40.02,10.26,21.53
C0402,2020,2952.75,243.99,4.48,15.13
C0402,2021,191.30,14.82,9.51,22.22
C0402,2022,2377.72,394.32,8.94,21.87
C0402,2023,4253.06,375.39,4.71,22.51
C0402,2024,1302.02,102.60,3.84,20.38
C0403,2015,1132.35,120.82,11.87,21.86
C0403,2016,8974.73,977.13,6.19,8.52
C0403,2017,5896.15,1067.88,5.17,11.08
C0403,2018,9351.11,1335.03,11.59,9.85
C0403,2019,3523.68,390.76,11.57,19.85
C0403,2020,6803.73,885.56,5.59,8.07
C0403,2021,2126.45,410.61,13.34,8.64
C0403,2022,6221.57,416.73,10.95,22.58
C0403,2023,1382.90,112.23,6.49,19.12
C0403,2024,120.60,23.44,7.56,22.51
C0404,2015,9322.16,1804.76,11.45,7.79
C0404,2016,5593.45,428.32,4.75,12.98
C0404,2017,9276.71,665.76,8.09,10.66
C0404,2018,3404.93,385.31,10.50,5.19
C0404,2019,3345.08,192.20,9.01,10.69
C0404,2020,4066.48,602.80,9.91,12.59
C0404,2021,7089.81,436.91,9.10,6.84
C0404,2022,5701.51,334.70,4.59,16.33
C0404,2023,9261.01,1137.05,7.33,12.66
C0404,2024,351.86,68.14,8.92,5.93
C0405,2015,7111.14,810.81,12.14,19.08
C0405,2016,3370.24,348.73,10.50,19.59
C0405,2017,1884.31,376.29,7.55,21.69
C0405,2018,5152.92,668.82,14.67,14.71
C0405,2019,5100.13,542.07,3.40,24.37
C0405,2020,1456.41,157.12,4.69,23.28
C0405,2021,2098.77,166.31,6.44,16.03
C0405,2022,4140.83,525.20,4.97,13.90
C0405,2023,4147.23,480.37,10.13,5.06
C0405,2024,3243.83,293.95,2.51,19.22
C0406,2015,1570.60,116.35,4.31,16.30
C0406,2016,143.30,13.86,5.81,23.75
C0406,2017,9705.33,1225.81,10.88,16.88
C0406,2018,9440.64,554.64,13.39,24.86
C0406,2019,4888.14,357.14,12.38,22.08
C0406,2020,9951.01,1912.07,4.37,24.07
C0406,2021,6769.18,889.66,9.35,11.55
C0406,2022,781.69,46.52,2.39,7.99
C0406,2023,1265.41,194.83,6.04,20.94
C0406,2024,9169.50,543.48,12.48,20.72
C0407,2015,6337.52,1019.27,7.94,9.23
C0407,2016,8447.52,1372.67,3.95,20.29
C0407,2017,8992.87,1327.90,7.70,16.64
C0407,2018,4534.63,724.77,4.57,7.19
C0407,2019,580.41,36.68,7.11,15.04
C0407,2020,1963.98,312.31,8.34,23.62
C0407,2021,759.06,53.52,6.54,15.13
C0407,2022,1968.52,198.68,14.18,20.77
C0407,2023,4164.28,797.09,9.31,5.58
C0407,2024,1270.15,159.32,12.96,19.56
C0408,2015,1750.66,341.58,11.89,23.94
C0408,2016,4513.64,285.89,10.60,14.99
C0408,2017,3467.69,421.79,8.46,11.75
C0408,2018,4729.82,280.76,2.03,17.93
C0408,2019,4348.80,628.54,9.98,23.33
C0408,2020,6480.33,400.52,6.63,8.54
C0408,2021,9378.18,715.60,3.53,13.07
C0408,2022,1167.86,103.73,7.78,8.13
C0408,2023,1082.68,175.73,11.56,14.93
C0408,2024,8542.78,637.24,14.50,15.81
C0409,2015,5113.33,905.03,6.86,23.88
C0409,2016,7687.41,536.47,9.06,13.25
C0409,2017,2232.68,123.44,13.07,16.34
C0409,2018,8305.74,907.46,6.34,22.71
C0409,2019,9246.08,1820.70,3.85,11.43
C0409,2020,6391.28,425.35,5.66,18.48
C0409,2021,1148.20,74.93,13.69,20.14
C0409,2022,8963.42,1458.12,4.07,11.61
C0409,2023,7945.63,769.33,6.28,8.29
C0409,2024,7533.69,1187.25,8.04,15.06
C0410,2015,463.61,37.09,13.01,12.14
C0410,2016,8009.73,953.24,14.19,10.33
C0410,2017,1465.72,131.61,7.54,24.47
C0410,2018,2301.62,270.97,14.12,15.04
C0410,2019,5813.63,961.37,4.10,22.13
C0410,2020,2723.31,447.44,4.04,8.91
C0410,2021,6647.35,846.64,14.34,23.79
C0410,2022,6119.90,1158.23,8.63,20.89
C0410,2023,1170.68,104.86,4.42,21.17
C0410,2024,6594.54,567.44,8.34,12.80
C0411,2015,9247.15,1313.75,12.18,14.71
C0411,2016,1694.99,242.71,12.75,16.87
C0411,2017,6010.91,342.51,13.23,20.80
C0411,2018,3484.47,491.89,9.40,21.98
C0411,2019,4650.16,493.69,13.27,6.56
C0411,2020,2941.30,476.83,8.63,23.08
C0411,2021,3605.89,617.39,9.89,23.75
C0411,2022,386.23,51.30,11.86,16.86
C0411,2023,9817.36,493.38,7.53,8.74
C0411,2024,6285.52,914.26,2.96,21.37
C0412,2015,5056.99,820.91,6.55,15.97
C0412,2016,3898.78,340.55,10.11,21.34
C0412,2017,5439.81,651.13,4.50,21.30
C0412,2018,3863.05,752.75,3.93,6.73
C0412,2019,3663.09,346.96,5.81,17.14
C0412,2020,4693.07,391.74,2.42,14.66
C0412,2021,2832.23,231.19,11.66,23.92
C0412,2022,1882.49,251.92,5.36,10.93
C0412,2023,5610.40,1079.82,3.62,9.12
C0412,2024,8443.38,1193.08,11.09,22.94
C0413,2015,1613.00,154.04,12.96,7.97
C0413,2016,424.07,61.82,2.26,18.73
C0413,2017,2543.44,365.56,5.04,11.00
C0413,2018,9799.23,1367.37,14.29,16.36
C0413,2019,8304.70,613.83,7.01,17.32
C0413,2020,5999.07,870.98,14.20,13.35
C0413,2021,9299.56,1065.03,5.56,24.50
C0413,2022,4508.26,237.99,4.83,7.64
C0413,2023,9834.48,1287.97,4.78,12.83
C0413,2024,3033.39,601.79,3.11,13.61
C0414,2015,2479.03,254.00,13.65,17.62
C0414,2016,6416.68,1250.19,14.74,13.15
C0414,2017,3843.72,247.65,14.41,6.94
C0414,2018,6301.02,1007.33,13.08,23.95
C0414,2019,3119.46,209.47,13.01,13.32
C0414,2020,6217.39,566.00,10.59,11.85
C0414,2021,2829.89,383.81,12.74,13.93
C0414,2022,604.62,83.99,4.71,9.33
C0414,2023,9130.15,1518.18,7.04,7.00
C0414,2024,8843.73,1258.43,10.33,7.97
C0415,2015,9710.90,1350.23,13.37,8.33
C0415,2016,7193.62,1344.15,10.59,8.95
C0415,2017,6858.94,808.15,12.91,13.40
C0415,2018,5634.13,472.08,8.16,17.48
C0415,2019,1346.83,100.03,11.32,17.58
C0415,2020,1973.43,217.08,14.74,5.00
C0415,2021,2965.75,465.36,4.00,23.42
C0415,2022,8912.55,502.50,14.05,21.46
C0415,2023,1812.40,125.70,8.79,24.28
C0415,2024,9236.44,608.84,10.36,12.20
C0416,2015,5275.58,726.91,13.41,18.30
C0416,2016,7184.14,620.92,7.33,8.36
C0416,2017,1191.42,89.28,7.44,21.34
C0416,2018,2763.43,383.88,8.85,8.23
C0416,2019,9589.33,1574.53,2.25,11.52
C0416,2020,2734.88,273.01,8.46,14.82
C0416,2021,3035.57,415.05,5.78,16.89
C0416,2022,2056.21,133.08,14.06,16.19
C0416,2023,1377.83,262.17,3.14,7.04
C0416,2024,2409.25,242.21,7.97,13.43
C0417,2015,6459.04,1289.39,14.32,23.46
C0417,2016,4608.14,906.83,13.71,22.45
C0417,2017,5582.18,931.24,11.12,16.82
C0417,2018,1311.41,69.52,9.66,16.45
C0417,2019,8040.95,1057.56,5.65,7.23
C0417,2020,7862.54,495.54,6.77,9.01
C0417,2021,313.74,57.81,3.17,10.05
C0417,2022,3896.80,656.40,12.22,14.76
C0417,2023,780.83,152.93,6.21,19.63
C0417,2024,7941.85,1121.85,10.68,14.21
C0418,2015,7398.97,949.48,6.65,7.52
C0418,2016,9029.68,1154.41,8.04,13.79
C0418,2017,2440.40,263.48,9.22,8.25
C0418,2018,4617.33,555.48,12.42,20.02
C0418,2019,1926.43,279.93,4.75,8.33
C0418,2020,3775.23,717.07,7.18,14.65
C0418,2021,5270.21,734.58,3.69,18.87
C0418,2022,627.97,112.14,2.98,9.56
C0418,2023,7177.22,1287.71,9.86,6.52
C0418,2024,5478.60,700.30,4.46,16.27
C0419,2015,8306.69,848.28,2.78,6.08
C0419,2016,2790.63,407.25,13.66,16.76
C0419,2017,9042.88,1056.95,8.95,20.07
C0419,2018,9987.07,621.36,3.75,11.59
C0419,2019,9201.05,981.49,2.69,14.77
C0419,2020,7801.14,1553.29,3.56,23.58
C0419,2021,8142.45,466.37,8.13,14.42
C0419,2022,5780.07,893.02,10.69,24.93
C0419,2023,1982.52,349.28,10.34,8.14
C0419,2024,6802.70,1002.10,3.88,19.18
C0420,2015,7156.25,969.40,10.24,18.05
C0420,2016,9855.31,1538.74,7.26,22.45
C0420,2017,5458.88,624.50,8.04,6.85
C0420,2018,2786.55,177.52,12.42,10.60
C0420,2019,6868.36,1334.90,6.32,7.64
C0420,2020,9795.82,1125.00,3.91,23.66
C0420,2021,1854.42,277.81,13.35,13.53
C0420,2022,3327.38,431.55,4.76,23.20
C0420,2023,5464.62,318.05,5.82,10.89
C0420,2024,1785.12,344.37,11.19,7.53
C0421,2015,319.98,54.04,10.89,10.93
C0421,2016,3436.13,248.65,12.41,16.94
C0421,2017,8667.17,1709.58,4.39,21.90
C0421,2018,530.34,85.14,6.58,12.71
C0421,2019,4346.40,525.25,3.64,23.30
C0421,2020,7645.79,1083.45,9.03,9.88
C0421,2021,9536.51,629.51,5.80,18.87
C0421,2022,9856.21,1321.34,10.96,19.71
C0421,2023,4277.50,261.14,2.00,10.48
C0421,2024,9508.80,1252.58,2.78,5.54
C0422,2015,450.65,59.89,7.62,12.30
C0422,2016,7484.58,1355.95,14.46,5.90
C0422,2017,6463.19,1026.09,13.58,23.02
C0422,2018,2570.27,224.73,14.92,24.07
C0422,2019,5122.45,938.76,7.42,19.71
C0422,2020,1382.58,188.01,2.61,19.53
C0422,2021,8728.81,1230.39,5.98,9.82
C0422,2022,3643.19,274.50,10.79,6.48
C0422,2023,6297.84,1125.21,3.76,21.04
C0422,2024,1671.89,317.06,5.90,16.18
C0423,2015,2141.03,355.94,2.73,18.63
C0423,2016,9920.37,1895.91,8.17,20.59
C0423,2017,7555.56,720.38,4.72,13.19
C0423,2018,9623.52,1724.23,3.19,7.89
C0423,2019,3028.93,373.57,7.35,20.90
C0423,2020,1729.17,128.97,6.57,14.08
C0423,2021,5080.38,763.68,8.99,21.54
C0423,2022,4997.22,762.67,11.74,13.75
C0423,2023,1831.97,170.44,3.46,9.34
C0423,2024,7358.87,398.29,12.28,8.42
C0424,2015,3681.60,294.44,2.34,19.88
C0424,2016,1945.02,213.89,7.76,16.50
C0424,2017,3386.64,254.45,9.64,13.09
C0424,2018,5680.22,449.33,14.44,14.84
C0424,2019,7292.06,792.71,9.46,15.99
C0424,2020,4870.72,946.22,4.06,9.79
C0424,2021,5303.39,873.13,8.73,12.56
C0424,2022,1475.56,144.55,7.15,10.85
C0424,2023,9155.44,1764.63,8.23,12.77
C0424,2024,9294.37,1364.85,4.56,15.01
C0425,2015,6865.92,812.36,8.51,8.47
C0425,2016,274.55,33.01,3.95,12.87
C0425,2017,5417.03,604.60,11.67,12.71
C0425,2018,6329.27,537.66,9.72,10.72
C0425,2019,9947.08,1074.23,3.02,24.97
C0425,2020,9961.06,1286.81,13.56,6.47
C0425,2021,8590.35,1109.91,10.01,17.86
C0425,2022,731.93,120.23,6.11,8.49
C0425,2023,9537.44,990.17,2.59,21.79
C0425,2024,6165.35,971.16,10.22,23.28
C0426,2015,8028.78,1097.64,6.85,13.03
C0426,2016,4131.21,802.60,13.80,21.47
C0426,2017,3264.73,351.91,2.45,10.00
C0426,2018,4686.12,867.79,2.51,7.80
C0426,2019,1554.06,269.00,14.34,11.32
C0426,2020,3634.95,529.43,14.54,11.83
C0426,2021,8590.41,1272.90,2.36,12.95
C0426,2022,475.71,29.83,11.31,12.46
C0426,2023,1593.69,306.84,4.88,13.22
C0426,2024,1338.65,88.40,11.12,19.20
C0427,2015,4090.45,550.10,13.29,9.91
C0427,2016,9970.17,992.14,3.31,5.37
C0427,2017,1816.24,207.92,5.10,14.79
C0427,2018,1540.28,217.99,2.31,13.97
C0427,2019,9159.05,1706.59,2.57,6.20
C0427,2020,8832.30,1047.82,2.39,7.68
C0427,2021,419.18,83.06,12.41,15.20
C0427,2022,7541.89,1047.73,5.88,9.70
C0427,2023,6589.11,488.14,8.41,22.55
C0427,2024,7700.63,604.51,12.24,8.47
C0428,2015,4995.57,786.39,8.43,5.40
C0428,2016,9914.65,570.68,7.58,13.95
C0428,2017,534.09,65.19,2.15,24.72
C0428,2018,2420.28,174.82,9.38,17.68
C0428,2019,4025.81,462.90,3.62,12.08
C0428,2020,4552.80,739.77,11.94,5.34
C0428,2021,9221.54,1095.72,5.35,14.70
C0428,2022,5644.04,420.58,10.76,9.13
C0428,2023,546.60,47.99,10.40,17.96
C0428,2024,4137.84,435.02,10.02,16.66
C0429,2015,4223.26,255.23,5.47,10.30
C0429,2016,9658.36,1329.48,5.47,6.38
C0429,2017,6032.05,851.30,13.22,20.10
C0429,2018,6392.95,379.25,2.17,16.71
C0429,2019,7161.21,790.22,4.36,21.84
C0429,2020,7723.39,865.79,9.93,10.20
C0429,2021,6387.01,639.17,12.62,18.06
C0429,2022,2448.22,327.23,6.66,7.37
C0429,2023,8753.05,891.88,10.49,10.84
C0429,2024,7347.99,826.36,9.24,18.13
C0430,2015,7444.52,1262.80,2.84,21.51
C0430,2016,9965.91,740.63,10.08,11.42
C0430,2017,8045.01,1149.37,12.58,20.98
C0430,2018,8308.60,1045.55,14.90,18.56
C0430,2019,9518.91,911.54,2.39,11.97
C0430,2020,1596.23,254.01,10.58,22.53
C0430,2021,5027.50,667.04,7.39,15.18
C0430,2022,5847.61,711.09,2.13,17.96
C0430,2023,3359.83,504.48,9.99,14.91
C0430,2024,8410.09,1432.61,3.59,14.05
C0431,2015,7647.95,1498.24,6.92,21.96
C0431,2016,7236.74,1045.00,5.40,10.89
C0431,2017,9971.78,1806.55,6.70,5.73
C0431,2018,2667.88,133.83,8.41,22.60
C0431,2019,7381.03,956.10,6.67,21.50
C0431,2020,5558.90,456.93,9.19,12.33
C0431,2021,3198.59,205.12,5.10,8.71
C0431,2022,1689.81,219.33,10.26,18.51
C0431,2023,8969.25,1453.23,13.10,6.58
C0431,2024,5995.01,670.49,4.91,13.48
C0432,2015,8266.84,1244.29,8.60,6.72
C0432,2016,5498.92,678.88,10.43,16.96
C0432,2017,2277.77,263.23,9.34,5.54
C0432,2018,3441.73,321.93,6.75,17.58
C0432,2019,3877.23,416.37,10.35,18.46
C0432,2020,9732.05,997.24,2.37,14.74
C0432,2021,155.77,22.89,6.81,8.50
C0432,2022,9858.09,664.46,8.92,7.03
C0432,2023,9806.57,626.60,2.27,11.27
C0432,2024,9961.89,1484.34,8.60,14.30
C0433,2015,4818.22,635.74,10.51,17.84
C0433,2016,9641.71,1104.27,11.87,5.03
C0433,2017,4016.43,292.66,3.47,19.22
C0433,2018,360.31,40.23,14.88,19.25
C0433,2019,2321.04,391.00,9.88,13.89
C0433,2020,9458.43,1735.09,6.72,11.87
C0433,2021,236.27,36.71,5.24,21.85
C0433,2022,5505.34,324.74,9.45,20.69
C0433,2023,848.46,127.74,13.46,24.67
C0433,2024,2935.33,252.87,8.77,12.44
C0434,2015,972.12,94.58,10.60,23.14
C0434,2016,8609.33,683.42,6.65,6.75
C0434,2017,5951.60,990.13,7.05,13.23
C0434,2018,9030.85,1330.16,5.72,14.31
C0434,2019,6914.70,980.33,11.17,13.82
C0434,2020,9713.19,1458.88,6.67,17.50
C0434,2021,5147.79,440.22,4.48,8.40
C0434,2022,6423.23,749.57,6.80,22.33
C0434,2023,5805.46,841.72,13.10,16.04
C0434,2024,4894.18,712.05,11.60,23.08
C0435,2015,8475.00,1430.39,6.35,5.05
C0435,2016,6480.80,603.14,13.79,17.60
C0435,2017,8032.99,1329.87,2.97,13.25
C0435,2018,7885.00,914.88,2.65,15.10
C0435,2019,1991.35,299.75,3.66,19.88
C0435,2020,6536.62,773.66,3.51,9.54
C0435,2021,2076.52,399.30,3.14,9.10
C0435,2022,5874.87,451.75,10.60,19.06
C0435,2023,6806.60,1029.50,9.81,15.43
C0435,2024,9972.63,1361.07,10.42,9.67
C0436,2015,402.37,30.54,10.95,14.68
C0436,2016,1003.30,60.10,11.84,14.19
C0436,2017,862.56,146.53,4.69,18.83
C0436,2018,4043.78,297.69,10.09,5.05
C0436,2019,8233.72,642.03,9.54,16.74
C0436,2020,8456.16,1663.88,14.27,17.11
C0436,2021,7396.10,1165.54,5.02,19.91
C0436,2022,8979.09,786.33,2.76,22.78
C0436,2023,3296.31,457.01,10.50,13.80
C0436,2024,972.73,126.57,11.62,11.85
C0437,2015,675.71,119.38,5.68,7.05
C0437,2016,8536.11,1360.64,9.42,11.74
C0437,2017,7331.32,1281.21,2.77,6.37
C0437,2018,7016.29,573.41,14.48,21.06
C0437,2019,3462.80,505.68,3.43,21.14
C0437,2020,3861.06,216.36,2.88,13.34
C0437,2021,9585.32,578.39,2.57,10.19
C0437,2022,731.67,114.89,7.55,7.36
C0437,2023,7759.94,416.42,3.26,22.02
C0437,2024,3165.37,433.54,11.68,22.55
C0438,2015,486.64,85.68,13.69,10.33
C0438,2016,7451.44,797.24,5.38,17.44
C0438,2017,3376.03,191.51,10.17,10.17
C0438,2018,7249.26,1138.69,2.55,9.50
C0438,2019,7105.78,1346.21,7.03,5.42
C0438,2020,5394.39,850.02,5.81,16.54
C0438,2021,7795.99,1066.24,4.97,8.00
C0438,2022,5852.28,494.54,10.38,5.25
C0438,2023,2937.70,153.66,3.69,7.10
C0438,2024,7367.74,1136.11,13.19,11.28
C0439,2015,5932.48,502.21,10.64,18.38
C0439,2016,226.00,40.39,11.24,9.05
C0439,2017,9026.28,1082.74,14.16,22.75
C0439,2018,5501.87,713.02,14.25,10.77
C0439,2019,8699.41,1418.79,9.17,11.62
C0439,2020,8839.09,1475.37,8.44,9.36
C0439,2021,4505.17,659.55,6.36,10.08
C0439,2022,5125.83,977.83,11.30,6.48
C0439,2023,4215.97,832.00,9.00,10.90
C0439,2024,4549.42,873.64,14.13,22.19
C0440,2015,8961.96,1556.04,5.10,18.77
C0440,2016,7902.63,1231.58,6.03,22.51
C0440,2017,1352.60,202.21,6.11,7.10
C0440,2018,6142.05,402.69,12.48,14.11
C0440,2019,9959.48,903.55,3.29,9.59
C0440,2020,5995.95,304.91,7.92,19.42
C0440,2021,7880.13,556.43,7.56,24.40
C0440,2022,7713.71,893.90,2.95,21.31
C0440,2023,3568.14,256.84,7.34,5.71
C0440,2024,3781.31,700.49,8.67,11.33
C0441,2015,7268.36,1241.83,2.85,5.57
C0441,2016,5049.84,306.74,8.63,5.80
C0441,2017,5748.65,502.07,14.47,6.59
C0441,2018,7157.77,1237.30,14.73,10.53
C0441,2019,7797.99,1329.22,8.91,11.08
C0441,2020,2788.01,534.79,8.70,13.01
C0441,2021,1553.26,310.08,5.71,13.10
C0441,2022,2988.77,587.11,14.96,20.43
C0441,2023,5124.63,571.50,5.56,7.83
C0441,2024,3487.20,305.30,7.89,8.15
C0442,2015,5726.79,937.83,2.04,17.53
C0442,2016,629.31,59.72,6.54,16.43
C0442,2017,5146.53,879.85,2.93,8.08
C0442,2018,3743.05,486.95,11.67,22.05
C0442,2019,5393.20,911.93,9.29,11.58
C0442,2020,4283.08,391.40,9.44,12.34
C0442,2021,2913.84,367.74,5.72,13.41
C0442,2022,9050.67,1218.25,12.59,11.45
C0442,2023,1929.17,369.37,2.04,16.15
C0442,2024,6845.52,616.03,6.34,12.77
C0443,2015,9253.98,1762.91,10.57,10.19
C0443,2016,5432.83,927.54,13.80,23.09
C0443,2017,8776.44,1401.02,5.05,11.17
C0443,2018,1336.03,224.49,9.03,18.97
C0443,2019,4988.51,702.45,8.99,11.94
C0443,2020,4624.55,400.54,13.36,13.70
C0443,2021,180.38,14.15,2.66,9.72
C0443,2022,4488.25,807.67,7.52,20.05
C0443,2023,3753.39,595.93,4.37,19.74
C0443,2024,6731.01,551.81,2.28,5.44
C0444,2015,9389.46,1335.78,3.91,6.20
C0444,2016,949.33,111.20,14.69,23.45
C0444,2017,3342.02,246.64,4.79,22.78
C0444,2018,4496.24,583.52,14.16,15.12
C0444,2019,4606.34,424.83,4.67,14.87
C0444,2020,7770.62,500.71,14.11,21.25
C0444,2021,4489.62,538.95,10.51,7.77
C0444,2022,368.90,51.10,3.47,18.07
C0444,2023,7130.03,406.67,9.56,14.52
C0444,2024,8859.81,977.36,6.14,19.87
C0445,2015,5187.66,459.88,6.98,5.60
C0445,2016,5852.97,319.56,7.72,16.85
C0445,2017,1713.07,117.94,7.50,16.13
C0445,2018,2284.39,161.86,10.63,21.82
C0445,2019,2428.19,188.02,11.99,18.54
C0445,2020,4364.35,744.15,6.28,22.60
C0445,2021,9288.64,1076.77,14.02,22.75
C0445,2022,5265.67,379.46,14.20,13.16
C0445,2023,2001.77,130.20,2.53,7.75
C0445,2024,2734.27,258.91,2.19,17.61
C0446,2015,3901.75,662.14,7.53,22.47
C0446,2016,6270.26,656.30,9.68,6.50
C0446,2017,4456.33,329.70,5.61,16.16
C0446,2018,3985.20,440.83,5.37,7.30
C0446,2019,5690.81,758.57,10.82,5.54
C0446,2020,2494.17,135.78,9.82,18.59
C0446,2021,881.14,127.01,4.17,18.64
C0446,2022,341.70,37.34,13.50,17.01
C0446,2023,2587.47,133.15,10.84,22.18
C0446,2024,1006.76,152.10,6.71,6.62
C0447,2015,3429.77,537.99,10.89,7.11
C0447,2016,7752.04,1118.82,3.46,22.29
C0447,2017,7191.31,728.40,8.09,15.07
C0447,2018,6148.18,795.83,4.20,10.46
C0447,2019,8539.75,922.92,2.54,19.76
C0447,2020,2892.47,448.60,6.40,22.89
C0447,2021,8862.03,1218.86,3.96,18.79
C0447,2022,4052.47,252.35,10.24,20.84
C0447,2023,4068.84,595.94,10.76,10.65
C0447,2024,4112.98,629.64,3.93,10.78
C0448,2015,1071.13,113.12,2.32,22.28
C0448,2016,9757.36,1769.67,12.31,17.30
C0448,2017,1471.22,259.60,2.03,9.68
C0448,2018,3474.77,265.04,6.47,15.48
C0448,2019,3261.07,605.39,8.43,18.72
C0448,2020,839.33,97.47,12.64,9.37
C0448,2021,1607.38,254.87,12.90,18.10
C0448,2022,544.10,93.65,11.42,5.84
C0448,2023,2994.80,376.65,5.21,11.07
C0448,2024,8679.90,953.62,11.36,18.48
C0449,2015,3460.48,648.21,5.21,7.99
C0449,2016,1324.55,112.09,4.79,9.44
C0449,2017,6492.37,574.87,9.11,22.58
C0449,2018,9966.35,1038.92,10.83,18.49
C0449,2019,2400.01,429.41,2.69,14.98
C0449,2020,2867.75,547.22,2.78,9.22
C0449,2021,9721.29,806.97,12.19,11.83
C0449,2022,1869.89,335.79,13.17,16.49
C0449,2023,5161.02,457.94,9.86,8.11
C0449,2024,2472.56,483.62,7.57,14.63
C0450,2015,9330.28,1302.61,12.99,13.18
C0450,2016,9817.06,501.29,11.47,14.53
C0450,2017,8165.51,450.08,9.53,7.11
C0450,2018,3216.36,231.97,6.16,7.13
C0450,2019,4094.53,319.93,4.57,24.28
C0450,2020,2498.83,412.66,7.44,24.59
C0450,2021,8918.50,743.94,5.73,13.52
C0450,2022,9154.13,1788.45,6.41,20.78
C0450,2023,4246.82,617.56,8.70,18.12
C0450,2024,6599.68,1015.54,4.20,7.34
C0451,2015,1738.98,143.77,12.48,10.93
C0451,2016,4405.87,810.26,3.89,11.27
C0451,2017,6351.84,953.87,8.25,16.92
C0451,2018,3915.49,703.46,11.70,16.60
C0451,2019,3640.24,704.28,8.31,23.47
C0451,2020,109.89,7.57,6.69,20.80
C0451,2021,8062.51,519.94,8.17,22.14
C0451,2022,8904.44,1518.31,13.03,22.82
C0451,2023,9697.69,1744.80,14.88,21.03
C0451,2024,7220.79,993.32,10.20,11.66
C0452,2015,5533.04,580.42,12.31,9.30
C0452,2016,2765.92,409.06,2.19,16.44
C0452,2017,9993.06,957.83,13.44,18.79
C0452,2018,5938.55,509.28,14.40,12.73
C0452,2019,6843.43,843.26,9.48,21.97
C0452,2020,6855.82,565.08,11.80,24.21
C0452,2021,8467.99,1037.80,8.67,16.39
C0452,2022,195.76,37.88,5.72,14.13
C0452,2023,2280.44,401.28,13.08,21.86
C0452,2024,6688.79,1279.19,9.76,5.49
C0453,2015,8961.94,1532.04,9.53,7.58
C0453,2016,6884.85,710.60,10.57,21.91
C0453,2017,4193.56,720.48,13.13,19.64
C0453,2018,3679.40,693.34,11.51,13.32
C0453,2019,7405.69,1422.30,4.74,22.78
C0453,2020,7438.25,1134.18,8.07,12.03
C0453,2021,6109.87,499.21,14.74,17.68
C0453,2022,2985.52,167.07,9.21,17.69
C0453,2023,9259.03,667.39,14.20,8.69
C0453,2024,5563.61,1083.97,12.57,10.70
C0454,2015,7925.87,945.67,10.66,23.32
C0454,2016,2221.65,396.00,6.54,8.67
C0454,2017,3506.00,419.87,5.96,8.47
C0454,2018,8758.34,1306.07,10.36,14.59
C0454,2019,596.06,31.96,7.62,6.84
C0454,2020,5171.92,452.44,12.38,22.89
C0454,2021,4868.88,562.07,11.89,7.00
C0454,2022,7537.18,1089.84,6.06,17.33
C0454,2023,2890.75,218.91,11.14,11.80
C0454,2024,2268.76,373.63,8.43,21.09
C0455,2015,9268.72,970.07,6.20,16.80
C0455,2016,5759.93,994.25,7.37,12.77
C0455,2017,1136.43,73.52,13.64,24.68
C0455,2018,2011.06,305.61,6.67,6.32
C0455,2019,9988.38,938.90,5.74,16.56
C0455,2020,2036.53,344.80,6.57,24.79
C0455,2021,6143.71,677.81,4.79,18.82
C0455,2022,4259.27,638.05,9.08,19.80
C0455,2023,8867.43,1686.10,3.92,5.64
C0455,2024,7576.17,402.25,12.63,5.43
C0456,2015,6009.82,310.51,4.93,5.72
C0456,2016,206.32,34.15,9.77,24.83
C0456,2017,8809.97,1294.70,3.63,24.59
C0456,2018,4502.21,422.97,14.72,11.69
C0456,2019,9322.62,1157.49,7.91,10.82
C0456,2020,5005.84,281.78,12.69,7.92
C0456,2021,6972.82,549.92,11.99,11.58
C0456,2022,786.00,89.35,11.28,12.40
C0456,2023,7477.00,1309.27,12.76,19.97
C0456,2024,3446.16,420.26,3.31,22.33
C0457,2015,3578.45,493.66,10.82,19.93
C0457,2016,1274.69,230.80,5.46,17.93
C0457,2017,1553.89,149.67,12.22,20.32
C0457,2018,1939.01,300.75,14.44,19.77
C0457,2019,3349.24,600.35,13.72,14.51
C0457,2020,8930.50,717.94,3.49,11.72
C0457,2021,3745.78,387.58,6.80,10.66
C0457,2022,7271.19,1432.22,6.74,18.59
C0457,2023,919.20,181.53,3.59,24.19
C0457,2024,5951.88,496.89,3.28,16.62
C0458,2015,4870.72,292.08,7.00,23.25
C0458,2016,9781.78,886.60,14.90,5.28
C0458,2017,8477.46,929.64,9.40,20.89
C0458,2018,4602.81,534.62,10.08,22.07
C0458,2019,7773.91,1110.28,8.12,17.62
C0458,2020,2011.08,371.90,10.61,23.68
C0458,2021,5667.13,564.18,14.44,16.80
C0458,2022,838.73,148.87,9.65,9.81
C0458,2023,3546.08,227.03,2.85,9.31
C0458,2024,2336.04,131.47,8.41,16.12
C0459,2015,7217.21,906.53,14.91,23.13
C0459,2016,4951.90,291.91,7.04,6.45
C0459,2017,7535.60,820.43,9.72,17.09
C0459,2018,5201.42,959.75,3.39,20.40
C0459,2019,956.20,82.45,3.84,7.31
C0459,2020,7380.14,1150.54,13.37,7.34
C0459,2021,8348.97,796.11,5.90,12.32
C0459,2022,9044.96,513.19,5.97,10.48
C0459,2023,5762.72,769.34,7.03,8.97
C0459,2024,7560.50,1324.81,14.56,8.97
C0460,2015,7545.24,840.69,3.10,7.61
C0460,2016,1641.92,234.13,12.64,17.22
C0460,2017,1725.78,319.28,6.44,18.76
C0460,2018,801.77,135.06,13.04,19.06
C0460,2019,3267.14,258.37,14.89,15.65
C0460,2020,4787.74,766.07,6.53,24.06
C0460,2021,9979.19,1250.23,3.68,22.61
C0460,2022,4366.83,706.97,3.88,24.15
C0460,2023,7289.80,905.23,11.86,12.78
C0460,2024,6964.63,481.91,3.88,22.56
C0461,2015,2124.37,287.82,5.39,20.26
C0461,2016,679.22,84.10,4.66,11.80
C0461,2017,5505.47,702.98,6.62,7.13
C0461,2018,7033.03,1278.85,2.97,18.65
C0461,2019,9982.69,1839.07,13.14,7.73
C0461,2020,3650.25,430.84,13.18,10.88
C0461,2021,8974.01,1062.16,7.37,15.01
C0461,2022,3881.13,493.98,9.96,18.60
C0461,2023,6925.18,886.00,10.35,23.52
C0461,2024,6022.70,1159.72,11.74,16.86
C0462,2015,624.49,92.06,8.77,18.43
C0462,2016,876.05,80.26,8.63,11.20
C0462,2017,305.56,39.64,10.21,18.75
C0462,2018,3771.26,543.38,11.14,13.76
C0462,2019,7483.43,1092.32,6.51,22.14
C0462,2020,1810.28,249.43,6.29,12.85
C0462,2021,6097.94,467.47,5.51,14.37
C0462,2022,2959.40,162.88,9.14,13.65
C0462,2023,7990.23,804.43,6.68,21.22
C0462,2024,8004.12,913.50,9.02,24.07
C0463,2015,7776.60,460.92,7.28,11.55
C0463,2016,5295.85,912.18,12.88,14.50
C0463,2017,2917.21,296.42,2.95,19.12
C0463,2018,8113.50,1517.59,9.44,22.91
C0463,2019,1942.40,142.11,9.48,14.87
C0463,2020,2968.62,173.78,6.99,7.18
C0463,2021,1921.08,235.04,7.47,12.37
C0463,2022,6774.68,530.93,12.40,16.01
C0463,2023,6893.74,1314.01,5.65,13.35
C0463,2024,6559.85,338.13,13.33,8.73
C0464,2015,4214.45,471.57,13.65,5.74
C0464,2016,1091.69,206.34,10.46,18.75
C0464,2017,9120.58,981.95,12.05,24.85
C0464,2018,5126.54,327.93,9.97,23.38
C0464,2019,4129.02,394.05,8.83,18.67
C0464,2020,5929.37,739.40,14.57,21.83
C0464,2021,2008.63,156.22,5.67,10.11
C0464,2022,1412.23,169.45,4.00,17.45
C0464,2023,4114.70,721.93,5.74,6.21
C0464,2024,2349.48,425.00,9.99,19.14
C0465,2015,2518.47,144.53,4.41,24.40
C0465,2016,8935.86,662.46,13.81,22.22
C0465,2017,5354.52,488.83,7.34,15.69
C0465,2018,4886.34,680.33,13.05,20.77
C0465,2019,6925.85,721.32,5.24,23.88
C0465,2020,9520.33,1681.35,6.07,9.32
C0465,2021,1210.77,190.70,2.77,20.87
C0465,2022,8351.99,543.45,5.35,10.40
C0465,2023,5881.79,845.12,8.37,22.54
C0465,2024,1547.04,103.58,14.30,6.97
C0466,2015,3041.78,268.45,7.06,8.56
C0466,2016,4875.38,373.85,10.32,19.41
C0466,2017,6942.65,527.36,7.56,8.50
C0466,2018,2501.81,356.41,2.61,8.16
C0466,2019,5395.30,725.89,8.55,16.11
C0466,2020,6878.25,525.53,2.86,21.70
C0466,2021,4542.53,901.81,13.49,10.37
C0466,2022,8643.96,979.15,11.79,21.82
C0466,2023,8707.65,562.17,6.92,21.16
C0466,2024,4759.84,324.08,10.32,16.58
C0467,2015,9731.96,1338.96,3.46,17.93
C0467,2016,848.29,167.00,11.13,5.81
C0467,2017,133.29,18.10,12.70,12.34
C0467,2018,3868.62,744.15,12.68,10.27
C0467,2019,6050.86,705.65,5.70,8.00
C0467,2020,6329.08,730.23,5.43,12.79
C0467,2021,4816.81,602.11,8.78,12.10
C0467,2022,1336.34,206.62,14.58,19.58
C0467,2023,1787.93,187.99,13.97,16.96
C0467,2024,8536.27,1532.97,6.68,23.26
C0468,2015,8692.32,472.79,12.14,7.91
C0468,2016,6771.60,785.27,13.98,6.19
C0468,2017,6675.76,845.48,5.39,15.69
C0468,2018,6017.05,848.73,12.79,5.02
C0468,2019,2108.97,192.78,5.48,20.75
C0468,2020,4339.68,495.25,6.46,15.12
C0468,2021,6989.36,857.46,4.58,14.76
C0468,2022,5418.80,829.27,8.59,12.25
C0468,2023,283.95,47.14,12.96,12.50
C0468,2024,9540.21,1532.87,8.86,13.62
C0469,2015,8463.68,856.84,3.60,5.32
C0469,2016,2679.40,535.66,5.27,6.67
C0469,2017,6202.94,1099.78,9.32,15.10
C0469,2018,9240.07,822.40,9.58,8.00
C0469,2019,1050.51,83.27,9.50,20.58
C0469,2020,5079.99,493.28,3.00,10.49
C0469,2021,4616.81,544.10,11.80,6.96
C0469,2022,4161.03,739.08,13.82,9.70
C0469,2023,8372.33,1396.12,8.64,12.14
C0469,2024,3868.40,687.36,11.34,5.71
C0470,2015,730.27,66.30,13.88,7.83
C0470,2016,751.79,104.51,10.35,11.48
C0470,2017,523.17,48.39,10.77,11.21
C0470,2018,4150.54,275.40,11.38,21.01
C0470,2019,7212.22,1100.80,5.39,21.87
C0470,2020,2116.85,151.25,9.57,8.87
C0470,2021,6500.04,976.01,12.95,7.48
C0470,2022,6902.18,1015.96,5.85,17.68
C0470,2023,2626.50,450.54,13.66,21.09
C0470,2024,6045.52,428.83,10.06,24.27
C0471,2015,6880.20,1152.58,7.50,5.14
C0471,2016,4719.47,943.38,10.10,13.27
C0471,2017,3433.49,609.98,7.22,19.68
C0471,2018,6229.60,1014.00,12.89,21.57
C0471,2019,9780.69,1460.50,8.27,6.25
C0471,2020,4325.73,489.96,13.72,18.61
C0471,2021,3978.18,634.82,8.63,10.78
C0471,2022,4696.24,744.95,10.58,6.49
C0471,2023,854.56,123.68,14.97,14.78
C0471,2024,5576.32,944.86,3.91,8.16
C0472,2015,3354.10,393.49,11.58,19.74
C0472,2016,1302.08,88.79,3.81,19.83
C0472,2017,4715.94,631.28,12.91,21.84
C0472,2018,133.50,11.98,9.75,12.55
C0472,2019,4077.67,439.02,14.20,5.27
C0472,2020,1146.78,60.33,13.26,10.19
C0472,2021,340.50,36.58,2.97,14.36
C0472,2022,8262.30,1415.50,3.78,18.88
C0472,2023,9170.86,1205.13,9.82,12.64
C0472,2024,2155.98,110.97,8.74,15.72
C0473,2015,5439.05,655.28,4.19,15.49
C0473,2016,2851.79,267.26,3.68,8.30
C0473,2017,4986.42,606.51,9.33,17.46
C0473,2018,4422.65,489.60,2.64,13.79
C0473,2019,2763.61,524.52,13.36,21.16
C0473,2020,7033.90,395.14,12.49,18.81
C0473,2021,1352.26,206.27,12.21,7.23
C0473,2022,625.42,111.11,2.21,14.78
C0473,2023,7699.99,1492.92,2.62,19.05
C0473,2024,6692.71,512.97,9.15,6.74
C0474,2015,5035.41,653.07,14.93,20.85
C0474,2016,4731.12,267.49,6.45,9.44
C0474,2017,5024.37,627.43,6.48,15.06
C0474,2018,4426.54,304.63,3.75,23.81
C0474,2019,3989.63,700.92,10.77,16.43
C0474,2020,5046.94,338.55,10.41,13.48
C0474,2021,5332.30,677.17,3.32,5.14
C0474,2022,6949.83,890.72,8.08,7.67
C0474,2023,7140.95,1397.82,10.67,16.57
C0474,2024,3838.53,569.05,8.42,14.88
C0475,2015,4194.05,390.79,10.77,12.28
C0475,2016,3799.60,327.22,12.61,23.46
C0475,2017,5411.70,374.69,10.92,11.65
C0475,2018,4588.20,750.07,10.01,15.74
C0475,2019,8907.00,1368.24,13.10,16.37
C0475,2020,6993.98,989.52,13.71,15.55
C0475,2021,8996.70,504.95,7.06,14.55
C0475,2022,7120.46,1170.78,4.25,11.74
C0475,2023,9712.82,1420.82,12.63,23.18
C0475,2024,6393.79,1244.13,4.78,14.02
C0476,2015,9639.15,1330.98,14.08,15.57
C0476,2016,1665.88,159.25,2.30,18.13
C0476,2017,619.53,66.43,13.98,6.35
C0476,2018,5833.34,445.53,9.66,20.63
C0476,2019,9836.58,1558.48,12.07,15.25
C0476,2020,4234.29,661.22,7.18,18.14
C0476,2021,2199.23,176.15,14.89,20.44
C0476,2022,5263.26,388.29,4.96,22.48
C0476,2023,6523.11,401.50,5.44,12.84
C0476,2024,3220.27,601.53,2.67,21.23
C0477,2015,7176.22,609.69,14.23,10.18
C0477,2016,9753.63,991.21,7.93,18.21
C0477,2017,8979.93,826.83,10.77,7.05
C0477,2018,2986.70,334.64,10.94,5.40
C0477,2019,3334.56,523.88,13.37,6.92
C0477,2020,3778.26,682.31,10.64,11.39
C0477,2021,4006.07,310.03,9.31,5.62
C0477,2022,1093.16,167.21,11.23,17.61
C0477,2023,7643.43,786.39,11.76,11.33
C0477,2024,3716.86,732.52,4.42,19.73
C0478,2015,8810.22,835.54,3.43,5.92
C0478,2016,9276.71,473.84,2.97,9.33
C0478,2017,341.87,43.54,6.86,13.16
C0478,2018,9886.18,717.83,8.47,12.65
C0478,2019,7129.23,404.04,10.00,7.62
C0478,2020,5251.88,812.68,14.45,24.88
C0478,2021,3956.32,632.37,6.30,10.69
C0478,2022,5233.33,623.31,11.89,19.42
C0478,2023,3313.78,502.15,8.91,9.40
C0478,2024,6264.61,819.01,4.86,22.56
C0479,2015,1020.50,147.43,10.00,12.76
C0479,2016,6249.11,871.79,14.57,23.02
C0479,2017,2825.91,423.53,3.62,11.84
C0479,2018,274.58,21.95,8.59,5.17
C0479,2019,5571.79,503.17,2.67,15.34
C0479,2020,5826.63,675.86,6.18,15.50
C0479,2021,4323.03,505.45,10.07,7.40
C0479,2022,815.63,135.53,12.93,9.70
C0479,2023,8944.10,940.11,11.49,20.67
C0479,2024,6153.16,457.65,8.02,5.74
C0480,2015,1245.56,109.26,13.82,14.79
C0480,2016,5158.21,424.06,5.94,15.61
C0480,2017,5022.82,802.39,11.80,18.77
C0480,2018,697.98,84.14,8.16,5.75
C0480,2019,6107.91,954.63,13.68,16.71
C0480,2020,8102.43,910.98,12.37,5.06
C0480,2021,7515.18,1378.74,13.72,10.30
C0480,2022,2109.40,416.67,4.79,14.99
C0480,2023,8636.70,1299.62,10.69,23.23
C0480,2024,3491.17,626.92,11.60,7.53
C0481,2015,9470.43,1195.07,11.65,8.39
C0481,2016,810.30,154.11,8.55,18.39
C0481,2017,4913.47,858.57,2.15,12.50
C0481,2018,6011.53,1194.89,5.40,17.47
C0481,2019,2551.74,366.08,6.20,24.95
C0481,2020,7736.66,1291.10,13.08,24.74
C0481,2021,6306.27,828.83,12.93,12.07
C0481,2022,279.28,24.82,3.36,15.08
C0481,2023,6122.85,631.96,14.35,23.09
C0481,2024,4965.63,914.18,4.37,6.84
C0482,2015,2040.69,119.16,7.39,14.05
C0482,2016,9957.91,1381.38,4.80,12.55
C0482,2017,8981.91,950.94,13.18,10.90
C0482,2018,2995.83,323.56,11.74,24.88
C0482,2019,5456.60,996.84,6.60,19.67
C0482,2020,3233.37,575.78,10.86,12.77
C0482,2021,7777.41,1087.49,4.40,21.58
C0482,2022,9310.28,846.66,6.97,14.79
C0482,2023,3652.40,443.10,6.90,22.46
C0482,2024,8075.28,898.33,5.09,10.33
C0483,2015,5034.23,518.74,13.39,9.47
C0483,2016,4026.13,263.38,10.82,9.95
C0483,2017,9390.38,1234.53,5.64,15.77
C0483,2018,5153.01,490.95,5.15,10.83
C0483,2019,4727.36,704.95,2.23,7.94
C0483,2020,6757.10,661.39,6.51,24.89
C0483,2021,2686.22,308.04,8.85,23.01
C0483,2022,3315.45,191.81,5.61,17.70
C0483,2023,9327.25,1855.01,11.11,22.83
C0483,2024,6817.45,859.96,7.35,23.71
C0484,2015,8283.71,444.30,6.11,18.52
C0484,2016,2784.01,365.22,14.21,15.37
C0484,2017,5483.52,990.07,5.42,22.64
C0484,2018,9716.82,1611.85,7.18,16.36
C0484,2019,3255.17,504.99,6.97,7.54
C0484,2020,1688.72,119.76,5.14,12.34
C0484,2021,5157.77,766.76,4.83,13.92
C0484,2022,3939.43,649.79,5.93,23.71
C0484,2023,1679.81,228.22,13.24,18.18
C0484,2024,8896.66,1636.21,11.97,22.51
C0485,2015,9908.17,907.08,10.85,20.15
C0485,2016,5728.96,494.53,7.94,11.20
C0485,2017,7769.30,1401.86,8.60,19.37
C0485,2018,8604.48,1237.41,5.47,8.91
C0485,2019,7039.72,353.51,2.97,13.16
C0485,2020,537.14,55.31,6.30,21.12
C0485,2021,1660.58,296.71,8.44,17.24
C0485,2022,802.79,43.43,2.75,21.51
C0485,2023,197.81,9.99,3.15,10.09
C0485,2024,3129.36,288.49,5.42,19.99
C0486,2015,3984.32,745.47,6.77,9.05
C0486,2016,2486.19,460.50,7.11,15.91
C0486,2017,739.59,94.53,3.53,13.67
C0486,2018,5345.64,710.89,4.94,16.13
C0486,2019,2805.86,280.03,5.40,7.71
C0486,2020,7980.77,690.82,2.88,12.22
C0486,2021,179.72,30.96,6.24,18.34
C0486,2022,8441.02,556.64,2.94,16.17
C0486,2023,9552.06,1175.89,11.14,15.98
C0486,2024,7189.74,1043.66,7.02,15.22
C0487,2015,7363.08,482.66,6.25,23.88
C0487,2016,9342.27,1195.26,3.64,23.69
C0487,2017,2169.81,296.46,4.94,12.20
C0487,2018,9946.20,1605.06,5.03,12.04
C0487,2019,7757.46,661.13,14.81,16.10
C0487,2020,7293.05,685.54,12.86,6.91
C0487,2021,3674.80,497.67,2.20,11.06
C0487,2022,5503.20,1086.71,10.02,9.62
C0487,2023,6573.79,543.15,5.33,9.47
C0487,2024,6241.39,1235.08,3.36,17.77
C0488,2015,7079.35,1112.53,11.17,12.69
C0488,2016,915.58,159.23,3.71,8.42
C0488,2017,3620.92,229.73,7.77,22.75
C0488,2018,4396.60,417.95,10.22,22.48
C0488,2019,2680.23,157.22,9.21,22.25
C0488,2020,1809.01,191.27,14.71,12.81
C0488,2021,1475.38,290.94,12.21,6.14
C0488,2022,3727.20,245.22,12.06,7.13
C0488,2023,4985.07,669.77,6.62,10.52
C0488,2024,723.47,36.83,2.11,9.40
C0489,2015,9469.94,1485.86,11.55,22.48
C0489,2016,7675.91,610.84,15.00,24.73
C0489,2017,7335.43,509.36,7.28,21.33
C0489,2018,1811.32,182.13,14.81,19.60
C0489,2019,6077.63,1006.80,3.84,16.77
C0489,2020,5344.28,352.68,5.85,20.40
C0489,2021,9826.44,830.10,4.22,23.94
C0489,2022,7501.95,384.62,8.18,17.03
C0489,2023,5800.04,1132.53,12.36,8.09
C0489,2024,8523.05,1183.18,6.43,8.28
C0490,2015,1635.43,258.37,13.78,16.68
C0490,2016,250.64,37.02,9.08,11.67
C0490,2017,6933.31,496.80,8.05,23.20
C0490,2018,1073.28,149.45,12.23,17.23
C0490,2019,1242.79,86.64,3.32,18.53
C0490,2020,7472.34,823.34,12.06,5.12
C0490,2021,2778.29,376.03,5.16,14.98
C0490,2022,6323.45,846.28,5.65,13.62
C0490,2023,9182.33,623.12,9.79,19.12
C0490,2024,3233.10,178.36,13.73,12.65
C0491,2015,2249.73,381.86,9.52,24.53
C0491,2016,1154.97,183.51,10.44,18.40
C0491,2017,1391.58,86.66,12.10,18.20
C0491,2018,716.00,49.48,5.37,23.39
C0491,2019,967.66,177.94,12.75,24.90
C0491,2020,4376.85,723.80,7.43,8.96
C0491,2021,3276.56,653.43,4.28,21.21
C0491,2022,7094.95,625.05,6.55,8.25
C0491,2023,8715.39,1073.48,5.20,14.14
C0491,2024,7869.25,672.58,4.97,7.00
C0492,2015,5353.31,767.77,5.67,17.47
C0492,2016,1114.18,75.00,4.35,14.37
C0492,2017,7126.70,492.36,10.68,17.57
C0492,2018,3692.00,224.41,9.54,18.56
C0492,2019,947.94,146.02,10.43,17.39
C0492,2020,8440.42,1047.55,6.47,10.88
C0492,2021,3448.34,491.94,12.01,21.74
C0492,2022,2260.66,411.20,3.68,16.03
C0492,2023,8727.38,1405.54,9.42,14.80
C0492,2024,9031.13,1077.04,5.58,24.74
C0493,2015,3455.81,683.05,8.86,10.67
C0493,2016,3612.53,427.86,6.21,15.56
C0493,2017,5838.32,390.39,12.28,18.65
C0493,2018,7361.07,1464.10,13.59,7.50
C0493,2019,725.18,38.74,11.65,12.08
C0493,2020,5974.10,791.46,4.28,21.03
C0493,2021,9532.92,918.63,5.57,9.74
C0493,2022,2694.73,338.28,13.95,14.87
C0493,2023,9097.39,1217.29,7.68,17.61
C0493,2024,9506.67,817.71,14.24,18.42
C0494,2015,2764.62,369.16,7.10,19.57
C0494,2016,7566.60,1236.45,14.37,22.32
C0494,2017,2463.87,221.69,14.03,12.86
C0494,2018,7402.35,795.86,10.59,19.13
C0494,2019,7994.46,721.39,2.11,19.64
C0494,2020,2547.34,440.90,7.20,11.01
C0494,2021,7187.11,1140.93,13.85,24.36
C0494,2022,8139.83,1470.70,13.51,22.30
C0494,2023,3649.93,275.60,4.44,10.80
C0494,2024,1760.26,107.44,7.19,18.50
C0495,2015,1010.45,68.62,12.86,19.36
C0495,2016,5796.28,429.81,9.51,13.63
C0495,2017,9783.17,1271.44,13.01,22.27
C0495,2018,8247.21,1613.46,12.75,18.80
C0495,2019,4414.81,457.31,13.80,18.16
C0495,2020,5412.55,1048.82,3.52,9.42
C0495,2021,2867.33,159.80,3.89,13.16
C0495,2022,1714.35,324.07,3.08,13.68
C0495,2023,4872.60,376.03,14.16,19.67
C0495,2024,4688.67,876.18,8.18,17.37
C0496,2015,5267.11,307.78,2.84,6.72
C0496,2016,9532.77,1832.51,6.18,11.15
C0496,2017,6078.56,487.01,6.57,14.46
C0496,2018,6097.14,581.71,12.52,19.73
C0496,2019,1367.45,169.07,11.56,19.87
C0496,2020,9965.24,1067.36,10.96,14.81
C0496,2021,7751.16,1163.68,2.28,7.34
C0496,2022,8784.31,1723.67,13.84,10.86
C0496,2023,4201.57,592.27,4.80,10.09
C0496,2024,5071.07,802.36,10.18,20.62
C0497,2015,5268.63,332.98,2.80,8.60
C0497,2016,2021.54,291.45,3.06,14.30
C0497,2017,6925.94,817.80,2.12,18.41
C0497,2018,9039.47,1653.02,9.36,24.30
C0497,2019,1720.69,186.23,10.18,24.98
C0497,2020,954.55,145.01,2.66,24.06
C0497,2021,7408.37,623.96,5.78,19.36
C0497,2022,2804.70,249.35,13.07,19.93
C0497,2023,6276.24,667.91,3.32,20.18
C0497,2024,6988.01,668.12,4.82,22.25
C0498,2015,3286.92,289.52,7.52,24.04
C0498,2016,8169.93,469.37,12.95,13.91
C0498,2017,5544.89,973.19,5.31,13.33
C0498,2018,8703.09,519.10,14.96,14.21
C0498,2019,7656.61,1401.96,6.62,18.20
C0498,2020,8698.90,598.66,7.02,20.51
C0498,2021,299.60,17.91,3.59,22.41
C0498,2022,2510.71,337.57,10.84,14.12
C0498,2023,991.08,124.25,5.17,12.27
C0498,2024,4476.62,553.69,10.18,24.67
C0499,2015,8910.61,1213.41,4.90,9.64
C0499,2016,4728.65,440.04,7.04,9.44
C0499,2017,8512.16,1272.08,13.14,19.31
C0499,2018,3339.06,418.59,11.61,8.59
C0499,2019,3461.74,346.91,4.01,12.99
C0499,2020,8966.06,1559.87,9.90,10.85
C0499,2021,4315.59,686.86,10.17,8.37
C0499,2022,7918.68,863.46,3.18,16.59
C0499,2023,2442.77,432.72,8.06,12.47
C0499,2024,9493.13,1785.08,5.39,14.24
C0500,2015,5788.32,755.55,8.07,8.92
C0500,2016,7617.30,626.47,12.10,20.36
C0500,2017,986.21,184.78,4.06,11.29
C0500,2018,4977.38,390.34,3.60,11.85
C0500,2019,9020.28,516.53,5.50,10.04
C0500,2020,8782.68,870.57,14.38,13.69
C0500,2021,563.46,89.62,11.72,14.27
C0500,2022,3106.61,585.57,2.25,15.59
C0500,2023,4488.87,653.55,7.21,24.35
C0500,2024,1805.42,348.04,5.35,23.09
