Company_ID,Year,Board_Independence,Female_Board,Exec_Comp_to_Revenue
C0001,2015,82.73,13.02,5.39
C0001,2016,55.81,43.47,5.54
C0001,2017,87.86,48.01,2.89
C0001,2018,83.73,32.44,2.16
C0001,2019,86.75,32.07,1.96
C0001,2020,61.43,36.76,5.41
C0001,2021,63.42,24.11,2.16
C0001,2022,68.80,16.63,3.65
C0001,2023,58.97,12.66,2.66
C0001,2024,68.62,45.24,3.49
C0002,2015,50.37,31.89,2.73
C0002,2016,85.10,37.76,2.46
C0002,2017,56.49,23.28,3.14
C0002,2018,70.03,42.28,2.66
C0002,2019,87.15,24.00,5.20
C0002,2020,82.84,11.19,3.90
C0002,2021,81.04,23.48,1.88
C0002,2022,74.22,44.01,2.18
C0002,2023,67.45,45.04,1.27
C0002,2024,67.84,47.39,2.50
C0003,2015,53.48,29.98,4.35
C0003,2016,52.59,48.26,1.91
C0003,2017,83.74,29.97,1.50
C0003,2018,66.35,16.16,2.61
C0003,2019,52.16,30.08,4.06
C0003,2020,76.52,44.74,3.36
C0003,2021,77.33,41.43,2.66
C0003,2022,59.10,27.36,5.41
C0003,2023,66.43,18.50,3.34
C0003,2024,72.94,33.24,3.28
C0004,2015,73.85,47.25,1.16
C0004,2016,70.44,17.10,4.20
C0004,2017,64.57,43.08,3.30
C0004,2018,52.75,15.89,1.73
C0004,2019,50.89,46.78,2.22
C0004,2020,68.38,37.73,2.01
C0004,2021,58.12,14.37,1.61
C0004,2022,87.54,18.10,3.18
C0004,2023,75.62,47.08,2.82
C0004,2024,73.42,30.30,2.80
C0005,2015,66.26,28.14,2.26
C0005,2016,63.18,12.33,3.18
C0005,2017,57.19,13.36,3.74
C0005,2018,52.41,37.67,4.06
C0005,2019,75.38,41.08,2.10
C0005,2020,81.17,44.68,4.64
C0005,2021,84.31,30.11,1.14
C0005,2022,78.97,23.14,4.75
C0005,2023,85.88,35.02,2.41
C0005,2024,89.31,34.76,2.85
C0006,2015,88.47,11.39,3.90
C0006,2016,73.69,47.55,4.05
C0006,2017,58.97,35.70,3.11
C0006,2018,54.25,10.26,5.69
C0006,2019,89.76,48.39,5.29
C0006,2020,62.34,48.11,2.13
C0006,2021,51.36,47.84,3.94
C0006,2022,65.64,45.56,4.60
C0006,2023,79.92,17.39,2.08
C0006,2024,85.63,49.09,1.09
C0007,2015,69.10,40.48,5.88
C0007,2016,61.76,35.63,5.79
C0007,2017,81.14,47.71,2.60
C0007,2018,70.15,25.24,2.20
C0007,2019,53.44,47.25,1.77
C0007,2020,85.51,34.23,4.44
C0007,2021,76.23,33.17,4.78
C0007,2022,51.47,35.84,3.10
C0007,2023,50.36,40.17,2.21
C0007,2024,53.51,27.80,3.24
C0008,2015,82.88,49.22,3.58
C0008,2016,69.25,13.54,3.72
C0008,2017,63.41,46.55,3.22
C0008,2018,59.97,36.30,1.02
C0008,2019,70.27,46.40,3.36
C0008,2020,53.32,24.75,2.74
C0008,2021,74.69,43.16,3.78
C0008,2022,65.22,34.64,1.35
C0008,2023,84.34,43.24,5.40
C0008,2024,80.18,23.00,5.38
C0009,2015,50.73,46.69,3.82
C0009,2016,56.66,46.97,4.69
C0009,2017,68.96,28.99,3.19
C0009,2018,76.35,26.01,3.95
C0009,2019,78.61,33.01,4.09
C0009,2020,82.65,18.01,2.77
C0009,2021,51.97,29.85,5.80
C0009,2022,50.74,45.87,4.01
C0009,2023,74.02,24.61,5.95
C0009,2024,78.95,39.44,3.16
C0010,2015,81.47,34.92,1.16
C0010,2016,56.23,20.46,2.51
C0010,2017,88.75,31.27,4.25
C0010,2018,59.18,44.10,5.55
C0010,2019,60.01,32.20,4.08
C0010,2020,56.17,37.87,3.36
C0010,2021,51.73,41.02,1.40
C0010,2022,82.39,11.98,1.72
C0010,2023,50.23,12.05,1.27
C0010,2024,68.55,14.60,4.56
C0011,2015,53.68,16.52,5.16
C0011,2016,51.79,42.46,1.82
C0011,2017,87.39,27.42,2.63
C0011,2018,83.02,17.41,3.40
C0011,2019,65.80,31.27,1.71
C0011,2020,68.34,40.53,3.08
C0011,2021,84.72,15.60,5.83
C0011,2022,81.87,23.78,4.60
C0011,2023,77.66,17.77,1.83
C0011,2024,71.46,35.85,1.49
C0012,2015,74.31,15.47,3.23
C0012,2016,65.73,41.24,5.94
C0012,2017,71.12,18.31,4.97
C0012,2018,71.59,12.34,2.47
C0012,2019,84.59,46.43,1.13
C0012,2020,58.75,23.33,3.06
C0012,2021,59.86,30.11,1.80
C0012,2022,58.44,14.04,1.90
C0012,2023,73.17,29.18,1.81
C0012,2024,77.81,18.90,4.60
C0013,2015,59.54,43.62,1.18
C0013,2016,77.08,38.55,3.82
C0013,2017,75.12,36.53,4.76
C0013,2018,62.84,41.25,1.78
C0013,2019,59.19,21.75,5.46
C0013,2020,85.27,28.15,1.39
C0013,2021,72.79,13.46,4.41
C0013,2022,78.16,12.71,1.86
C0013,2023,87.01,23.16,5.03
C0013,2024,58.22,42.91,3.86
C0014,2015,64.02,33.91,3.95
C0014,2016,67.38,26.98,2.73
C0014,2017,59.32,48.68,2.42
C0014,2018,83.62,27.69,3.32
C0014,2019,53.34,28.76,4.79
C0014,2020,59.57,49.70,1.84
C0014,2021,57.64,15.25,5.08
C0014,2022,88.14,20.22,3.40
C0014,2023,75.09,28.13,3.26
C0014,2024,78.65,32.85,1.08
C0015,2015,54.34,15.92,1.62
C0015,2016,57.76,23.15,3.16
C0015,2017,82.40,18.81,5.91
C0015,2018,72.71,44.00,2.25
C0015,2019,51.80,43.38,1.05
C0015,2020,72.63,19.59,3.18
C0015,2021,69.02,27.40,1.08
C0015,2022,56.15,36.07,2.68
C0015,2023,73.72,11.93,2.77
C0015,2024,56.95,45.34,1.01
C0016,2015,82.46,30.44,4.90
C0016,2016,74.74,19.06,5.56
C0016,2017,84.85,25.87,5.99
C0016,2018,66.99,46.07,3.54
C0016,2019,70.48,10.99,2.53
C0016,2020,80.42,15.71,4.59
C0016,2021,71.85,17.71,4.68
C0016,2022,72.88,12.40,2.90
C0016,2023,72.13,19.01,3.83
C0016,2024,69.65,42.69,5.11
C0017,2015,82.23,31.08,1.95
C0017,2016,69.41,34.22,1.10
C0017,2017,86.03,16.24,3.70
C0017,2018,82.34,21.13,4.32
C0017,2019,77.70,46.70,3.87
C0017,2020,85.95,18.42,3.98
C0017,2021,71.48,46.27,2.97
C0017,2022,82.87,36.53,4.26
C0017,2023,59.67,30.11,1.21
C0017,2024,52.92,16.96,1.76
C0018,2015,77.40,36.94,3.22
C0018,2016,62.06,45.46,5.71
C0018,2017,75.38,16.39,4.22
C0018,2018,53.10,10.25,2.78
C0018,2019,88.23,39.60,3.29
C0018,2020,70.60,34.02,5.23
C0018,2021,50.38,30.12,3.71
C0018,2022,69.04,28.24,1.24
C0018,2023,81.59,29.90,3.08
C0018,2024,84.61,24.98,2.94
C0019,2015,68.45,13.29,5.50
C0019,2016,55.04,41.03,2.53
C0019,2017,86.25,28.71,1.32
C0019,2018,89.25,43.00,2.77
C0019,2019,52.53,49.29,1.22
C0019,2020,53.12,16.87,5.16
C0019,2021,72.62,41.74,3.95
C0019,2022,71.36,49.10,3.35
C0019,2023,73.55,38.98,2.80
C0019,2024,62.68,19.84,3.09
C0020,2015,52.01,45.86,4.94
C0020,2016,73.21,41.73,1.90
C0020,2017,56.06,27.97,1.36
C0020,2018,63.65,32.90,3.81
C0020,2019,73.30,38.88,5.29
C0020,2020,58.34,14.98,3.81
C0020,2021,71.70,47.08,4.98
C0020,2022,78.59,49.50,5.46
C0020,2023,52.63,23.22,1.38
C0020,2024,74.78,38.60,3.95
C0021,2015,70.38,26.85,5.16
C0021,2016,53.90,11.11,4.22
C0021,2017,78.25,48.35,3.96
C0021,2018,62.44,15.69,4.94
C0021,2019,57.29,13.00,4.54
C0021,2020,61.30,43.49,3.51
C0021,2021,71.85,11.35,1.22
C0021,2022,73.20,37.52,4.07
C0021,2023,56.79,47.20,2.07
C0021,2024,87.47,26.25,2.27
C0022,2015,63.16,12.73,4.40
C0022,2016,60.73,18.73,3.27
C0022,2017,57.47,47.93,4.58
C0022,2018,54.82,28.62,2.96
C0022,2019,89.28,31.65,5.35
C0022,2020,76.99,16.24,3.14
C0022,2021,81.48,46.72,3.47
C0022,2022,66.06,30.69,1.63
C0022,2023,66.58,31.15,3.52
C0022,2024,89.48,33.04,2.20
C0023,2015,58.03,40.70,4.81
C0023,2016,63.08,18.12,4.57
C0023,2017,57.81,47.69,1.08
C0023,2018,61.30,17.02,3.47
C0023,2019,76.54,17.90,1.23
C0023,2020,62.36,10.50,3.85
C0023,2021,85.02,10.79,5.51
C0023,2022,51.95,27.15,5.34
C0023,2023,64.19,17.32,2.22
C0023,2024,84.43,18.48,1.70
C0024,2015,74.86,49.52,4.96
C0024,2016,80.84,47.17,3.73
C0024,2017,62.95,22.90,3.12
C0024,2018,64.77,23.73,5.05
C0024,2019,85.53,21.68,2.26
C0024,2020,79.98,45.29,2.12
C0024,2021,65.37,13.93,4.06
C0024,2022,58.61,33.36,2.36
C0024,2023,54.25,17.45,3.13
C0024,2024,84.47,40.33,3.27
C0025,2015,77.91,35.25,2.03
C0025,2016,74.29,25.51,1.31
C0025,2017,81.06,13.92,4.83
C0025,2018,86.60,40.70,4.92
C0025,2019,80.46,13.08,3.99
C0025,2020,66.83,20.95,1.74
C0025,2021,57.06,20.15,3.38
C0025,2022,78.55,33.14,1.89
C0025,2023,59.87,30.55,5.41
C0025,2024,81.30,21.19,4.49
C0026,2015,63.55,27.22,1.16
C0026,2016,56.27,27.45,1.01
C0026,2017,60.19,32.94,5.92
C0026,2018,60.67,45.93,1.20
C0026,2019,65.15,15.68,5.33
C0026,2020,60.29,32.31,5.78
C0026,2021,59.02,10.74,2.54
C0026,2022,65.67,37.93,3.70
C0026,2023,84.72,35.62,4.24
C0026,2024,52.82,37.76,3.60
C0027,2015,61.85,29.00,2.07
C0027,2016,72.49,17.47,3.91
C0027,2017,84.98,27.92,2.29
C0027,2018,61.37,10.94,1.83
C0027,2019,63.95,25.26,3.53
C0027,2020,81.92,43.54,2.86
C0027,2021,64.90,23.54,1.14
C0027,2022,84.06,33.67,5.75
C0027,2023,68.21,20.44,1.20
C0027,2024,72.76,15.37,5.51
C0028,2015,72.44,30.84,1.95
C0028,2016,54.77,11.43,1.71
C0028,2017,64.20,46.18,1.35
C0028,2018,59.66,41.09,3.13
C0028,2019,77.32,49.92,3.93
C0028,2020,87.35,49.73,5.52
C0028,2021,58.50,39.16,4.92
C0028,2022,53.65,41.07,1.80
C0028,2023,70.26,31.12,1.84
C0028,2024,65.63,18.74,1.04
C0029,2015,51.43,42.34,4.44
C0029,2016,86.86,20.79,1.09
C0029,2017,87.61,36.00,1.69
C0029,2018,84.02,39.24,4.17
C0029,2019,61.22,32.57,1.75
C0029,2020,54.90,36.51,1.77
C0029,2021,73.70,21.72,2.17
C0029,2022,61.26,40.42,2.93
C0029,2023,58.07,47.74,1.04
C0029,2024,75.65,29.36,4.73
C0030,2015,80.02,14.84,4.87
C0030,2016,71.09,34.79,2.83
C0030,2017,62.80,23.66,4.99
C0030,2018,70.50,26.76,2.42
C0030,2019,73.99,16.07,5.93
C0030,2020,52.08,35.03,2.99
C0030,2021,67.75,41.49,4.34
C0030,2022,73.93,40.66,2.61
C0030,2023,55.18,49.76,3.25
C0030,2024,67.95,18.49,4.23
C0031,2015,63.87,46.57,2.74
C0031,2016,84.72,39.30,4.28
C0031,2017,69.58,38.30,1.73
C0031,2018,67.05,37.35,3.42
C0031,2019,59.76,31.53,2.36
C0031,2020,88.30,25.15,5.60
C0031,2021,88.45,47.73,5.12
C0031,2022,64.67,16.04,3.44
C0031,2023,87.16,17.04,3.27
C0031,2024,74.74,10.67,5.17
C0032,2015,81.24,39.58,4.45
C0032,2016,53.59,45.76,4.42
C0032,2017,50.85,17.44,3.74
C0032,2018,70.56,11.38,5.31
C0032,2019,53.04,19.76,1.95
C0032,2020,85.67,45.35,5.31
C0032,2021,82.81,10.65,3.60
C0032,2022,78.59,14.05,4.11
C0032,2023,51.26,11.00,5.81
C0032,2024,68.33,47.73,3.12
C0033,2015,53.12,15.42,4.34
C0033,2016,87.15,46.02,3.61
C0033,2017,74.50,28.94,5.66
C0033,2018,56.26,25.79,3.44
C0033,2019,72.42,27.06,2.28
C0033,2020,54.74,26.75,3.41
C0033,2021,55.83,23.67,5.58
C0033,2022,53.24,42.43,3.50
C0033,2023,84.87,30.32,1.73
C0033,2024,71.83,49.64,3.71
C0034,2015,63.12,30.71,2.94
C0034,2016,50.03,42.74,4.25
C0034,2017,68.88,39.80,2.21
C0034,2018,70.51,26.04,2.61
C0034,2019,63.46,41.55,3.58
C0034,2020,69.37,16.20,1.59
C0034,2021,54.03,18.13,2.05
C0034,2022,86.88,34.76,5.01
C0034,2023,60.33,38.46,5.70
C0034,2024,87.94,35.75,5.85
C0035,2015,69.72,30.38,5.69
C0035,2016,84.27,15.50,5.71
C0035,2017,73.09,24.91,5.11
C0035,2018,83.78,34.20,4.68
C0035,2019,50.41,19.04,2.16
C0035,2020,57.46,35.51,3.21
C0035,2021,64.16,19.37,2.99
C0035,2022,61.85,13.91,4.65
C0035,2023,87.87,22.97,3.38
C0035,2024,65.79,20.91,2.80
C0036,2015,88.88,42.42,5.07
C0036,2016,76.04,29.34,4.75
C0036,2017,83.42,12.56,2.84
C0036,2018,65.75,42.62,3.10
C0036,2019,57.60,20.75,5.47
C0036,2020,52.02,32.71,4.66
C0036,2021,76.26,31.66,4.45
C0036,2022,88.87,48.86,4.56
C0036,2023,54.73,20.20,1.51
C0036,2024,80.87,15.81,3.82
C0037,2015,64.58,20.34,2.46
C0037,2016,89.74,33.06,1.42
C0037,2017,84.80,18.70,4.66
C0037,2018,59.23,23.62,2.52
C0037,2019,80.63,36.32,2.55
C0037,2020,79.37,14.66,4.20
C0037,2021,80.54,47.81,4.33
C0037,2022,53.31,31.29,3.37
C0037,2023,82.38,29.34,3.78
C0037,2024,60.46,24.52,5.24
C0038,2015,73.62,19.83,1.54
C0038,2016,54.62,29.34,1.33
C0038,2017,72.32,29.45,4.28
C0038,2018,86.26,12.24,4.02
C0038,2019,57.09,43.90,1.93
C0038,2020,84.20,42.83,3.61
C0038,2021,67.42,27.91,4.73
C0038,2022,62.89,23.47,4.66
C0038,2023,52.28,29.96,3.98
C0038,2024,71.14,18.86,1.65
C0039,2015,58.00,10.03,2.52
C0039,2016,87.60,24.17,3.03
C0039,2017,59.53,10.72,4.94
C0039,2018,73.47,11.63,3.72
C0039,2019,72.34,11.18,4.67
C0039,2020,63.47,45.20,5.62
C0039,2021,84.08,15.74,4.12
C0039,2022,57.33,20.17,2.19
C0039,2023,82.68,29.61,1.70
C0039,2024,58.30,31.17,1.00
C0040,2015,51.56,14.88,1.88
C0040,2016,87.75,46.38,2.35
C0040,2017,75.49,19.24,2.35
C0040,2018,75.22,47.70,4.34
C0040,2019,60.60,20.28,1.75
C0040,2020,55.57,10.10,3.18
C0040,2021,78.24,48.87,1.02
C0040,2022,70.75,29.35,2.31
C0040,2023,62.72,45.15,1.21
C0040,2024,62.67,39.37,4.55
C0041,2015,85.57,17.16,2.77
C0041,2016,85.59,43.81,3.40
C0041,2017,60.99,12.04,4.81
C0041,2018,81.77,30.30,5.31
C0041,2019,59.07,20.16,3.58
C0041,2020,82.32,24.46,4.25
C0041,2021,55.05,40.28,4.68
C0041,2022,80.33,37.34,2.43
C0041,2023,72.23,27.60,4.54
C0041,2024,54.70,11.84,4.27
C0042,2015,74.63,11.60,3.22
C0042,2016,57.70,38.09,2.70
C0042,2017,57.76,47.95,5.87
C0042,2018,67.89,43.89,5.93
C0042,2019,88.57,14.89,4.48
C0042,2020,85.69,14.85,2.92
C0042,2021,83.06,34.42,4.76
C0042,2022,84.05,36.30,4.40
C0042,2023,69.89,34.66,3.72
C0042,2024,64.99,45.42,1.66
C0043,2015,85.36,19.24,5.73
C0043,2016,53.23,16.89,2.16
C0043,2017,89.84,46.57,2.97
C0043,2018,72.12,38.89,2.71
C0043,2019,71.62,38.47,1.77
C0043,2020,61.68,23.42,1.12
C0043,2021,56.81,35.11,5.65
C0043,2022,77.21,39.07,4.70
C0043,2023,64.47,34.01,1.10
C0043,2024,62.10,39.45,4.44
C0044,2015,56.49,33.60,1.65
C0044,2016,71.41,49.28,4.62
C0044,2017,73.53,29.68,3.53
C0044,2018,67.72,10.50,5.89
C0044,2019,50.48,16.53,3.16
C0044,2020,69.67,48.57,4.74
C0044,2021,60.88,28.78,1.21
C0044,2022,55.55,14.82,5.68
C0044,2023,73.10,16.23,3.81
C0044,2024,76.85,11.16,2.57
C0045,2015,70.75,19.05,1.63
C0045,2016,74.57,49.47,4.20
C0045,2017,74.26,23.15,4.73
C0045,2018,54.97,20.01,1.43
C0045,2019,58.63,36.70,1.82
C0045,2020,50.38,36.97,2.93
C0045,2021,89.28,48.71,5.26
C0045,2022,58.45,39.18,5.91
C0045,2023,82.59,14.40,4.73
C0045,2024,81.25,49.42,1.03
C0046,2015,78.20,40.01,5.52
C0046,2016,67.99,20.37,1.13
C0046,2017,73.35,20.45,5.49
C0046,2018,57.45,48.40,3.05
C0046,2019,54.24,17.71,4.71
C0046,2020,64.07,19.10,1.44
C0046,2021,83.02,24.36,1.82
C0046,2022,72.56,37.18,3.25
C0046,2023,80.55,27.19,1.19
C0046,2024,85.61,22.45,2.95
C0047,2015,72.42,20.70,4.76
C0047,2016,64.69,15.00,4.27
C0047,2017,84.23,31.85,2.76
C0047,2018,59.19,20.94,1.04
C0047,2019,50.99,23.26,2.35
C0047,2020,52.03,10.31,4.88
C0047,2021,73.29,31.25,2.70
C0047,2022,85.69,37.86,2.89
C0047,2023,72.57,47.10,1.37
C0047,2024,66.37,17.89,4.01
C0048,2015,73.08,46.77,4.11
C0048,2016,76.84,24.45,3.15
C0048,2017,80.34,42.10,4.80
C0048,2018,63.89,45.87,5.38
C0048,2019,65.48,48.45,4.75
C0048,2020,50.95,23.02,3.72
C0048,2021,75.99,20.42,5.68
C0048,2022,81.07,27.58,2.91
C0048,2023,70.44,32.19,4.27
C0048,2024,65.06,37.63,3.88
C0049,2015,63.33,37.68,5.21
C0049,2016,75.80,14.67,3.50
C0049,2017,63.23,34.47,3.77
C0049,2018,73.96,16.71,3.27
C0049,2019,87.08,38.45,1.70
C0049,2020,63.22,49.06,5.43
C0049,2021,52.73,40.84,5.31
C0049,2022,84.96,37.79,4.51
C0049,2023,60.94,13.10,2.74
C0049,2024,89.54,17.39,2.78
C0050,2015,83.60,24.21,1.18
C0050,2016,67.08,47.34,1.39
C0050,2017,75.13,23.24,3.57
C0050,2018,61.10,42.55,1.25
C0050,2019,53.37,14.15,1.50
C0050,2020,71.03,36.48,2.26
C0050,2021,66.99,41.16,2.87
C0050,2022,88.80,31.72,3.45
C0050,2023,73.90,40.67,2.62
C0050,2024,79.89,38.95,5.70
C0051,2015,55.41,29.08,5.75
C0051,2016,78.95,44.62,1.28
C0051,2017,52.25,23.67,5.93
C0051,2018,74.52,27.02,1.86
C0051,2019,83.54,31.59,2.66
C0051,2020,69.32,15.23,5.19
C0051,2021,58.60,30.61,4.44
C0051,2022,67.75,22.96,1.29
C0051,2023,83.64,20.27,4.87
C0051,2024,78.58,33.07,4.32
C0052,2015,74.22,23.18,5.75
C0052,2016,77.75,44.22,5.55
C0052,2017,83.37,26.40,5.88
C0052,2018,56.07,26.52,3.27
C0052,2019,83.68,49.28,4.53
C0052,2020,82.26,23.66,5.81
C0052,2021,69.10,15.26,1.01
C0052,2022,66.12,45.06,4.94
C0052,2023,87.30,46.68,1.27
C0052,2024,82.78,19.06,5.99
C0053,2015,89.55,45.28,1.07
C0053,2016,75.67,29.78,3.77
C0053,2017,51.26,11.74,3.60
C0053,2018,56.16,31.95,2.52
C0053,2019,82.81,43.95,4.66
C0053,2020,75.56,25.87,2.28
C0053,2021,57.92,32.04,2.45
C0053,2022,50.48,15.62,1.90
C0053,2023,60.52,43.69,4.57
C0053,2024,55.50,14.28,1.85
C0054,2015,85.05,13.78,5.49
C0054,2016,85.31,47.34,2.44
C0054,2017,83.69,44.94,3.59
C0054,2018,53.78,32.99,3.38
C0054,2019,55.40,14.25,4.51
C0054,2020,55.42,31.84,2.17
C0054,2021,60.34,46.82,5.19
C0054,2022,52.92,34.49,4.69
C0054,2023,89.26,17.93,2.71
C0054,2024,84.21,46.23,1.60
C0055,2015,52.77,44.62,3.52
C0055,2016,55.75,31.86,5.90
C0055,2017,60.49,44.09,1.12
C0055,2018,81.00,12.25,5.22
C0055,2019,78.56,28.45,4.50
C0055,2020,75.22,17.12,1.92
C0055,2021,86.49,43.50,3.38
C0055,2022,51.45,48.85,4.14
C0055,2023,56.45,47.23,4.48
C0055,2024,57.59,30.13,5.61
C0056,2015,52.39,30.44,5.37
C0056,2016,74.73,46.33,2.64
C0056,2017,58.39,38.87,1.60
C0056,2018,69.31,12.98,1.52
C0056,2019,77.42,15.13,5.84
C0056,2020,73.82,48.07,5.78
C0056,2021,61.61,24.64,5.10
C0056,2022,66.57,17.49,5.90
C0056,2023,63.59,39.42,2.37
C0056,2024,84.10,45.19,5.13
C0057,2015,66.80,18.26,3.51
C0057,2016,52.47,20.06,5.00
C0057,2017,74.77,46.00,4.05
C0057,2018,57.91,10.53,5.23
C0057,2019,63.55,46.32,2.99
C0057,2020,63.11,11.57,5.95
C0057,2021,52.90,13.82,2.10
C0057,2022,88.04,44.49,4.36
C0057,2023,71.88,19.94,5.01
C0057,2024,56.25,18.99,3.93
C0058,2015,72.23,43.77,2.45
C0058,2016,68.06,31.69,3.81
C0058,2017,63.79,24.02,3.52
C0058,2018,68.90,38.57,1.95
C0058,2019,76.78,42.39,4.82
C0058,2020,57.98,44.51,2.34
C0058,2021,71.52,14.77,5.16
C0058,2022,82.52,33.30,2.07
C0058,2023,58.90,37.13,3.51
C0058,2024,70.62,14.66,4.48
C0059,2015,88.63,34.41,5.98
C0059,2016,82.02,11.28,2.35
C0059,2017,73.72,23.66,4.18
C0059,2018,79.96,16.88,1.77
C0059,2019,71.03,32.45,5.10
C0059,2020,89.46,17.64,5.31
C0059,2021,56.77,41.57,5.44
C0059,2022,78.78,14.85,5.73
C0059,2023,50.24,40.31,2.78
C0059,2024,55.03,13.96,4.33
C0060,2015,78.87,27.70,2.58
C0060,2016,80.37,37.94,5.02
C0060,2017,51.58,16.46,3.08
C0060,2018,63.35,40.09,3.77
C0060,2019,54.73,48.14,1.66
C0060,2020,85.61,24.94,5.25
C0060,2021,68.16,10.01,3.41
C0060,2022,67.70,29.07,4.20
C0060,2023,82.95,46.10,4.35
C0060,2024,77.81,36.60,2.37
C0061,2015,86.89,38.13,4.97
C0061,2016,87.55,41.70,5.17
C0061,2017,62.53,46.33,3.58
C0061,2018,75.94,14.99,5.51
C0061,2019,71.67,33.61,1.80
C0061,2020,73.83,45.59,3.07
C0061,2021,75.01,41.04,1.22
C0061,2022,52.40,19.96,2.99
C0061,2023,85.80,44.98,5.99
C0061,2024,55.61,21.76,3.32
C0062,2015,66.98,26.44,3.10
C0062,2016,61.68,17.43,4.44
C0062,2017,72.15,45.41,1.24
C0062,2018,88.46,13.72,2.77
C0062,2019,66.50,49.76,3.67
C0062,2020,74.13,23.15,3.42
C0062,2021,55.65,38.43,4.21
C0062,2022,68.52,15.15,1.69
C0062,2023,86.63,29.51,3.01
C0062,2024,87.30,11.61,4.17
C0063,2015,71.86,45.14,2.51
C0063,2016,80.74,27.86,4.06
C0063,2017,50.13,39.71,5.79
C0063,2018,71.26,45.78,5.65
C0063,2019,79.30,12.74,4.63
C0063,2020,63.19,30.46,1.89
C0063,2021,86.05,17.58,4.92
C0063,2022,81.19,12.76,3.23
C0063,2023,80.79,34.88,5.76
C0063,2024,50.85,14.56,4.06
C0064,2015,57.36,29.68,2.09
C0064,2016,78.54,17.88,2.56
C0064,2017,72.47,17.91,2.60
C0064,2018,73.14,30.92,2.38
C0064,2019,50.59,32.22,4.86
C0064,2020,67.68,10.14,2.68
C0064,2021,81.46,30.03,1.98
C0064,2022,76.54,36.79,3.98
C0064,2023,72.90,37.14,3.32
C0064,2024,77.86,44.00,1.11
C0065,2015,84.04,45.81,2.40
C0065,2016,83.98,34.91,1.19
C0065,2017,68.24,29.27,4.84
C0065,2018,62.31,18.16,5.76
C0065,2019,64.66,15.07,3.50
C0065,2020,70.86,34.36,3.79
C0065,2021,53.57,47.86,5.23
C0065,2022,73.64,21.13,1.09
C0065,2023,68.13,13.98,1.81
C0065,2024,80.36,26.95,4.27
C0066,2015,60.96,10.02,4.71
C0066,2016,52.65,32.14,4.13
C0066,2017,85.78,11.98,5.70
C0066,2018,52.72,47.24,2.96
C0066,2019,87.09,44.80,3.78
C0066,2020,69.90,14.60,5.78
C0066,2021,52.25,15.88,5.50
C0066,2022,55.03,48.14,1.15
C0066,2023,71.32,42.54,2.76
C0066,2024,50.63,47.68,4.69
C0067,2015,86.61,23.38,1.00
C0067,2016,81.85,14.44,5.31
C0067,2017,70.18,34.62,3.51
C0067,2018,87.05,48.67,1.43
C0067,2019,60.39,15.20,3.21
C0067,2020,84.14,42.76,3.46
C0067,2021,82.21,24.38,2.83
C0067,2022,73.27,14.62,3.27
C0067,2023,62.75,28.36,5.46
C0067,2024,72.33,29.55,2.62
C0068,2015,88.29,10.36,5.80
C0068,2016,53.38,28.98,4.44
C0068,2017,58.04,35.90,5.48
C0068,2018,75.76,40.59,2.04
C0068,2019,77.14,13.94,3.46
C0068,2020,56.58,45.06,3.83
C0068,2021,82.25,16.71,1.43
C0068,2022,87.14,36.33,3.47
C0068,2023,53.19,32.11,5.30
C0068,2024,88.97,45.20,1.26
C0069,2015,61.25,11.55,4.21
C0069,2016,62.35,17.66,5.94
C0069,2017,51.80,14.88,3.64
C0069,2018,69.90,23.10,2.52
C0069,2019,88.19,23.55,3.92
C0069,2020,56.44,13.54,3.71
C0069,2021,73.07,30.57,1.53
C0069,2022,60.98,14.65,2.07
C0069,2023,50.75,12.97,4.35
C0069,2024,89.49,11.33,3.96
C0070,2015,78.65,47.17,2.72
C0070,2016,79.42,25.87,5.89
C0070,2017,76.52,21.35,4.22
C0070,2018,55.75,29.29,2.15
C0070,2019,58.27,16.31,3.36
C0070,2020,65.43,26.25,4.56
C0070,2021,89.82,17.62,4.36
C0070,2022,76.90,22.18,2.23
C0070,2023,67.70,46.97,4.24
C0070,2024,69.39,15.95,2.66
C0071,2015,86.89,28.95,3.29
C0071,2016,57.86,36.43,4.35
C0071,2017,62.83,46.72,3.90
C0071,2018,64.83,46.92,4.56
C0071,2019,85.91,19.89,2.91
C0071,2020,81.07,47.73,4.76
C0071,2021,73.63,23.26,1.08
C0071,2022,62.59,45.80,1.94
C0071,2023,58.09,13.73,5.87
C0071,2024,63.23,17.93,1.43
C0072,2015,87.18,13.16,4.31
C0072,2016,86.41,21.96,5.58
C0072,2017,66.88,44.95,5.30
C0072,2018,63.02,16.37,5.56
C0072,2019,85.38,18.99,5.92
C0072,2020,67.85,18.65,2.79
C0072,2021,51.55,20.99,2.65
C0072,2022,63.83,10.75,1.60
C0072,2023,74.29,26.95,2.01
C0072,2024,87.78,49.05,4.26
C0073,2015,66.98,27.92,2.66
C0073,2016,59.60,42.53,2.71
C0073,2017,65.38,32.86,4.23
C0073,2018,52.28,10.60,1.52
C0073,2019,85.95,33.42,1.28
C0073,2020,51.34,47.86,5.01
C0073,2021,50.04,32.14,4.95
C0073,2022,74.57,31.12,2.93
C0073,2023,56.16,36.81,3.97
C0073,2024,61.84,44.84,2.19
C0074,2015,69.64,32.59,2.84
C0074,2016,81.68,26.26,1.18
C0074,2017,65.50,11.48,2.37
C0074,2018,88.28,14.44,1.08
C0074,2019,68.13,35.95,3.12
C0074,2020,86.80,34.76,3.60
C0074,2021,68.09,19.56,3.48
C0074,2022,70.65,38.76,2.70
C0074,2023,88.32,21.19,2.03
C0074,2024,77.00,22.20,3.27
C0075,2015,55.97,12.46,5.35
C0075,2016,73.94,32.01,5.92
C0075,2017,59.01,21.51,2.56
C0075,2018,62.39,42.76,5.87
C0075,2019,83.53,42.06,3.17
C0075,2020,77.29,15.14,4.07
C0075,2021,61.48,16.40,5.02
C0075,2022,50.19,22.84,2.80
C0075,2023,71.25,33.23,2.04
C0075,2024,60.01,23.70,2.37
C0076,2015,51.13,24.01,5.19
C0076,2016,52.53,15.60,5.67
C0076,2017,76.93,23.42,1.64
C0076,2018,66.57,28.82,4.47
C0076,2019,60.50,49.39,1.17
C0076,2020,85.19,43.52,5.37
C0076,2021,83.00,41.72,5.28
C0076,2022,68.65,32.39,4.87
C0076,2023,61.02,24.40,5.12
C0076,2024,70.29,44.28,4.02
C0077,2015,80.12,23.90,1.74
C0077,2016,50.43,33.71,5.57
C0077,2017,74.50,20.29,1.71
C0077,2018,78.41,41.06,2.13
C0077,2019,82.67,30.58,3.16
C0077,2020,58.66,45.81,3.49
C0077,2021,58.14,32.76,1.48
C0077,2022,58.63,16.57,4.81
C0077,2023,87.26,49.72,1.69
C0077,2024,55.64,30.08,4.27
C0078,2015,80.59,20.03,3.26
C0078,2016,89.47,23.17,5.05
C0078,2017,87.85,14.85,2.48
C0078,2018,66.40,12.96,5.18
C0078,2019,83.57,28.02,2.26
C0078,2020,76.81,48.07,3.87
C0078,2021,84.74,14.92,3.43
C0078,2022,56.45,46.11,2.76
C0078,2023,80.60,41.87,1.06
C0078,2024,73.46,42.26,2.99
C0079,2015,71.60,38.40,1.59
C0079,2016,79.16,33.67,2.13
C0079,2017,60.92,14.86,4.44
C0079,2018,52.98,33.03,3.86
C0079,2019,70.08,24.08,3.64
C0079,2020,62.09,14.21,3.82
C0079,2021,60.26,42.15,1.60
C0079,2022,89.94,31.86,1.82
C0079,2023,57.91,39.80,3.71
C0079,2024,59.42,29.18,3.03
C0080,2015,63.36,32.07,3.32
C0080,2016,69.88,38.49,5.40
C0080,2017,84.76,19.88,1.93
C0080,2018,57.06,43.88,5.55
C0080,2019,74.64,26.84,5.29
C0080,2020,64.74,38.34,5.51
C0080,2021,81.88,23.04,4.21
C0080,2022,74.08,38.10,5.32
C0080,2023,81.80,11.74,5.96
C0080,2024,84.20,47.17,3.36
C0081,2015,86.49,41.48,5.31
C0081,2016,89.83,36.59,5.52
C0081,2017,74.75,22.96,2.55
C0081,2018,75.50,43.70,3.21
C0081,2019,55.62,40.71,3.87
C0081,2020,54.20,28.12,2.75
C0081,2021,69.51,17.90,2.61
C0081,2022,77.75,17.02,2.90
C0081,2023,59.93,29.53,3.12
C0081,2024,63.09,41.34,2.26
C0082,2015,78.01,38.58,3.37
C0082,2016,58.47,29.74,4.89
C0082,2017,70.85,18.18,4.12
C0082,2018,71.54,19.57,2.90
C0082,2019,86.68,12.31,1.78
C0082,2020,66.09,17.07,5.12
C0082,2021,58.42,10.51,3.56
C0082,2022,56.96,36.98,5.86
C0082,2023,61.73,33.53,2.26
C0082,2024,61.16,49.52,1.88
C0083,2015,80.01,40.51,1.04
C0083,2016,73.75,19.85,1.41
C0083,2017,77.30,38.32,2.93
C0083,2018,75.21,10.49,1.99
C0083,2019,69.25,49.45,1.19
C0083,2020,87.13,34.58,2.13
C0083,2021,82.70,14.79,4.64
C0083,2022,58.43,29.94,4.68
C0083,2023,66.95,47.62,1.75
C0083,2024,61.52,43.99,5.68
C0084,2015,79.83,21.96,1.80
C0084,2016,63.78,25.85,1.45
C0084,2017,75.61,44.14,1.81
C0084,2018,61.69,46.00,1.70
C0084,2019,56.87,46.58,4.16
C0084,2020,50.37,47.92,1.78
C0084,2021,89.78,30.02,4.17
C0084,2022,58.78,44.46,2.38
C0084,2023,83.29,23.88,2.24
C0084,2024,82.88,43.52,5.49
C0085,2015,59.44,23.90,2.07
C0085,2016,66.63,34.33,5.32
C0085,2017,83.44,28.74,2.52
C0085,2018,77.59,45.72,5.96
C0085,2019,64.80,12.66,5.90
C0085,2020,87.97,47.95,5.14
C0085,2021,63.69,28.48,5.34
C0085,2022,58.48,29.26,5.12
C0085,2023,55.87,43.11,4.15
C0085,2024,78.05,36.65,5.05
C0086,2015,51.16,48.15,4.14
C0086,2016,83.83,31.86,5.21
C0086,2017,62.17,32.35,5.68
C0086,2018,64.79,48.87,4.77
C0086,2019,82.07,47.06,5.82
C0086,2020,82.57,18.35,3.24
C0086,2021,66.00,22.28,5.63
C0086,2022,72.15,35.01,2.13
C0086,2023,77.17,47.58,1.16
C0086,2024,77.54,32.53,1.64
C0087,2015,71.36,39.31,1.80
C0087,2016,83.76,13.76,5.12
C0087,2017,83.66,30.90,3.01
C0087,2018,83.95,15.90,2.17
C0087,2019,60.73,20.43,5.06
C0087,2020,60.28,16.65,2.01
C0087,2021,55.59,16.64,1.39
C0087,2022,83.06,49.67,3.33
C0087,2023,52.43,21.93,1.35
C0087,2024,55.41,32.62,2.39
C0088,2015,87.05,10.80,4.50
C0088,2016,55.00,42.26,2.87
C0088,2017,54.85,37.21,1.44
C0088,2018,86.36,19.15,3.01
C0088,2019,62.40,11.44,3.57
C0088,2020,85.26,20.98,2.25
C0088,2021,65.11,35.14,1.85
C0088,2022,64.95,10.61,4.81
C0088,2023,55.41,13.01,1.34
C0088,2024,86.74,26.37,5.78
C0089,2015,80.47,17.04,1.04
C0089,2016,59.03,35.27,4.26
C0089,2017,79.11,16.99,1.67
C0089,2018,54.15,49.74,3.74
C0089,2019,70.95,27.43,1.94
C0089,2020,60.17,15.93,1.17
C0089,2021,84.02,12.95,5.30
C0089,2022,70.45,26.82,3.12
C0089,2023,86.85,42.36,2.38
C0089,2024,73.41,27.55,5.74
C0090,2015,70.16,15.64,1.41
C0090,2016,77.76,29.55,2.74
C0090,2017,81.36,23.49,1.89
C0090,2018,50.61,30.07,5.96
C0090,2019,70.89,25.65,3.73
C0090,2020,81.03,35.92,5.06
C0090,2021,66.30,42.14,1.82
C0090,2022,51.80,45.46,2.52
C0090,2023,50.70,39.65,4.10
C0090,2024,81.75,24.20,1.89
C0091,2015,57.92,27.94,3.50
C0091,2016,57.00,35.67,5.66
C0091,2017,61.58,18.79,5.65
C0091,2018,54.09,38.07,2.77
C0091,2019,52.13,35.99,3.58
C0091,2020,84.89,36.26,1.99
C0091,2021,62.11,23.33,5.89
C0091,2022,73.30,34.06,3.60
C0091,2023,84.31,17.91,2.03
C0091,2024,89.10,17.59,5.22
C0092,2015,77.54,40.74,3.10
C0092,2016,88.01,25.18,4.18
C0092,2017,66.94,31.78,5.22
C0092,2018,81.58,21.71,2.55
C0092,2019,87.50,19.43,3.89
C0092,2020,52.13,41.19,1.28
C0092,2021,62.70,41.77,2.17
C0092,2022,79.61,43.45,1.69
C0092,2023,62.61,44.18,4.22
C0092,2024,50.68,26.46,2.27
C0093,2015,82.28,42.36,4.80
C0093,2016,56.59,23.84,4.81
C0093,2017,62.83,12.10,4.92
C0093,2018,86.42,37.57,1.66
C0093,2019,58.35,17.96,3.63
C0093,2020,85.79,28.06,4.40
C0093,2021,66.90,16.55,2.61
C0093,2022,86.73,25.66,2.30
C0093,2023,85.07,45.39,4.59
C0093,2024,66.61,34.53,2.76
C0094,2015,86.87,15.93,2.24
C0094,2016,75.31,39.02,3.81
C0094,2017,69.02,43.91,4.10
C0094,2018,71.23,16.66,4.88
C0094,2019,52.53,39.76,1.20
C0094,2020,82.30,31.97,1.87
C0094,2021,61.70,34.17,4.89
C0094,2022,60.81,47.56,3.66
C0094,2023,78.62,11.46,5.03
C0094,2024,64.83,35.55,3.24
C0095,2015,70.57,13.26,3.30
C0095,2016,66.86,41.58,2.89
C0095,2017,70.19,45.85,4.46
C0095,2018,58.89,13.46,3.95
C0095,2019,85.40,11.03,2.96
C0095,2020,74.41,48.23,1.94
C0095,2021,59.35,47.06,1.01
C0095,2022,53.66,46.95,1.46
C0095,2023,71.42,47.59,1.54
C0095,2024,68.72,30.00,3.85
C0096,2015,87.30,49.08,4.80
C0096,2016,59.23,45.69,3.28
C0096,2017,85.26,13.91,3.07
C0096,2018,80.66,42.51,1.66
C0096,2019,69.06,38.50,5.51
C0096,2020,84.95,15.36,4.68
C0096,2021,84.48,39.52,3.08
C0096,2022,78.58,29.40,1.49
C0096,2023,54.06,44.15,5.23
C0096,2024,56.41,42.75,1.85
C0097,2015,73.66,47.69,4.37
C0097,2016,59.82,13.01,2.70
C0097,2017,72.05,38.41,5.30
C0097,2018,72.43,25.08,3.93
C0097,2019,73.48,41.04,2.14
C0097,2020,72.79,34.10,1.06
C0097,2021,65.17,29.82,2.06
C0097,2022,58.41,10.17,2.83
C0097,2023,70.74,34.29,4.54
C0097,2024,69.81,26.82,2.08
C0098,2015,61.01,23.30,2.31
C0098,2016,52.05,49.55,3.18
C0098,2017,58.22,38.01,1.21
C0098,2018,72.03,31.60,4.84
C0098,2019,71.42,44.75,1.39
C0098,2020,55.35,19.08,4.69
C0098,2021,74.24,34.80,2.34
C0098,2022,66.91,44.44,3.30
C0098,2023,76.15,14.94,3.05
C0098,2024,85.52,19.44,2.27
C0099,2015,62.34,13.31,2.28
C0099,2016,63.89,49.70,5.75
C0099,2017,77.07,33.24,2.53
C0099,2018,87.97,29.58,1.92
C0099,2019,69.44,23.54,2.25
C0099,2020,56.77,27.98,4.48
C0099,2021,87.40,41.03,2.54
C0099,2022,68.79,46.67,1.86
C0099,2023,68.43,14.20,3.07
C0099,2024,71.59,21.99,1.59
C0100,2015,60.10,17.57,2.99
C0100,2016,81.39,27.42,5.31
C0100,2017,75.64,31.22,2.86
C0100,2018,88.19,38.85,3.57
C0100,2019,58.16,45.03,4.95
C0100,2020,74.77,31.69,3.58
C0100,2021,70.67,29.55,1.24
C0100,2022,85.79,33.03,2.07
C0100,2023,51.21,45.54,5.47
C0100,2024,80.43,35.94,5.01
C0101,2015,74.92,41.49,4.80
C0101,2016,74.30,38.78,3.74
C0101,2017,85.01,46.94,2.77
C0101,2018,73.59,42.68,4.47
C0101,2019,78.64,23.65,4.32
C0101,2020,75.83,44.17,4.21
C0101,2021,52.78,28.70,3.52
C0101,2022,54.51,43.89,2.30
C0101,2023,63.54,46.23,3.18
C0101,2024,77.03,37.41,3.56
C0102,2015,51.06,38.76,2.08
C0102,2016,80.90,15.64,2.15
C0102,2017,58.12,22.95,4.96
C0102,2018,72.38,32.31,2.60
C0102,2019,58.05,10.14,5.87
C0102,2020,57.04,43.89,3.18
C0102,2021,63.37,24.78,4.04
C0102,2022,86.86,38.94,3.52
C0102,2023,59.51,40.77,3.47
C0102,2024,51.94,31.92,5.45
C0103,2015,85.29,41.61,1.47
C0103,2016,67.56,37.30,2.73
C0103,2017,74.84,24.39,2.43
C0103,2018,85.43,42.65,2.63
C0103,2019,80.23,35.44,5.56
C0103,2020,81.86,16.41,1.35
C0103,2021,69.20,40.91,2.42
C0103,2022,77.49,37.05,4.69
C0103,2023,88.55,21.39,2.19
C0103,2024,85.59,43.68,5.17
C0104,2015,74.50,24.96,2.65
C0104,2016,53.41,32.11,1.57
C0104,2017,89.19,23.73,3.60
C0104,2018,59.02,38.97,3.56
C0104,2019,64.43,33.25,1.20
C0104,2020,55.61,28.81,4.59
C0104,2021,56.66,10.81,1.71
C0104,2022,81.83,34.29,2.07
C0104,2023,55.13,34.89,3.81
C0104,2024,57.58,17.25,5.45
C0105,2015,56.86,23.29,1.10
C0105,2016,64.81,45.15,5.11
C0105,2017,77.79,31.97,4.77
C0105,2018,75.75,27.40,1.81
C0105,2019,78.99,47.44,2.87
C0105,2020,79.07,42.48,5.53
C0105,2021,50.12,13.90,1.73
C0105,2022,77.38,44.36,1.56
C0105,2023,77.38,15.99,4.68
C0105,2024,52.48,16.99,3.35
C0106,2015,67.08,13.01,2.42
C0106,2016,53.15,29.25,1.86
C0106,2017,57.63,35.79,4.61
C0106,2018,69.59,40.15,3.20
C0106,2019,50.48,11.07,2.20
C0106,2020,53.80,17.11,5.72
C0106,2021,53.40,34.85,3.81
C0106,2022,54.98,31.02,2.77
C0106,2023,51.99,12.05,4.60
C0106,2024,74.48,47.42,3.48
C0107,2015,57.14,40.34,1.05
C0107,2016,84.50,24.35,5.20
C0107,2017,85.39,31.46,1.33
C0107,2018,77.64,24.97,5.95
C0107,2019,52.60,28.21,2.75
C0107,2020,85.66,33.85,3.62
C0107,2021,66.75,25.94,6.00
C0107,2022,57.24,34.83,2.35
C0107,2023,81.15,28.61,3.31
C0107,2024,63.87,36.29,4.77
C0108,2015,70.24,20.49,3.33
C0108,2016,79.72,16.85,2.67
C0108,2017,54.04,10.54,1.60
C0108,2018,56.78,34.08,3.57
C0108,2019,88.74,49.23,3.76
C0108,2020,78.54,26.82,2.16
C0108,2021,59.25,18.51,2.67
C0108,2022,72.95,10.52,2.49
C0108,2023,57.52,30.51,3.14
C0108,2024,84.62,49.71,4.99
C0109,2015,67.94,49.35,2.66
C0109,2016,82.27,14.05,2.36
C0109,2017,88.88,42.66,5.20
C0109,2018,89.23,16.93,5.06
C0109,2019,55.50,42.37,4.97
C0109,2020,87.79,44.14,4.71
C0109,2021,60.81,10.31,5.44
C0109,2022,64.38,19.49,4.57
C0109,2023,52.52,12.26,1.85
C0109,2024,75.82,29.96,1.16
C0110,2015,75.76,11.07,1.91
C0110,2016,81.08,35.04,2.82
C0110,2017,87.85,32.33,1.26
C0110,2018,67.13,25.18,4.79
C0110,2019,66.30,28.47,4.21
C0110,2020,75.56,49.60,4.59
C0110,2021,76.70,16.71,1.48
C0110,2022,67.81,39.24,2.64
C0110,2023,86.77,35.81,3.30
C0110,2024,52.09,36.55,4.01
C0111,2015,80.26,23.83,5.01
C0111,2016,58.32,18.66,5.88
C0111,2017,69.81,36.03,1.41
C0111,2018,84.06,46.51,4.21
C0111,2019,63.18,49.04,1.67
C0111,2020,85.99,29.24,2.50
C0111,2021,68.03,27.02,4.86
C0111,2022,78.11,23.96,5.97
C0111,2023,78.91,42.40,3.63
C0111,2024,60.43,20.22,2.77
C0112,2015,86.03,30.52,2.07
C0112,2016,54.98,23.80,4.91
C0112,2017,73.60,45.03,5.52
C0112,2018,87.16,21.31,5.24
C0112,2019,51.24,37.46,3.55
C0112,2020,71.25,33.55,3.95
C0112,2021,59.86,23.13,5.18
C0112,2022,57.70,20.19,5.64
C0112,2023,59.35,42.15,5.70
C0112,2024,86.11,30.42,4.45
C0113,2015,67.02,34.46,1.96
C0113,2016,59.44,48.48,2.56
C0113,2017,87.10,25.92,2.33
C0113,2018,62.86,42.57,1.87
C0113,2019,78.94,35.55,2.25
C0113,2020,71.49,33.74,5.35
C0113,2021,77.17,12.18,4.85
C0113,2022,57.31,46.49,1.22
C0113,2023,77.14,19.14,1.74
C0113,2024,86.23,28.93,5.92
C0114,2015,54.04,40.08,2.13
C0114,2016,63.06,30.89,4.17
C0114,2017,88.90,10.17,2.03
C0114,2018,59.01,47.96,2.17
C0114,2019,52.38,10.82,3.49
C0114,2020,52.20,13.60,3.44
C0114,2021,61.01,18.97,4.23
C0114,2022,69.79,33.96,1.84
C0114,2023,60.75,48.85,2.31
C0114,2024,61.24,46.91,4.12
C0115,2015,83.26,36.05,1.49
C0115,2016,80.68,39.67,5.55
C0115,2017,62.43,38.48,1.89
C0115,2018,63.80,37.48,3.19
C0115,2019,88.79,42.50,1.54
C0115,2020,88.01,23.60,4.42
C0115,2021,88.92,18.84,2.63
C0115,2022,87.57,23.91,1.37
C0115,2023,75.12,11.94,3.96
C0115,2024,62.33,48.68,5.90
C0116,2015,88.78,39.58,5.35
C0116,2016,79.71,18.54,4.51
C0116,2017,78.45,20.23,1.06
C0116,2018,81.90,49.70,5.30
C0116,2019,73.94,40.72,5.48
C0116,2020,73.33,27.03,1.19
C0116,2021,64.45,18.27,1.61
C0116,2022,56.03,11.62,3.26
C0116,2023,67.54,36.77,3.01
C0116,2024,70.69,41.20,2.47
C0117,2015,85.11,14.31,1.99
C0117,2016,66.06,10.10,3.75
C0117,2017,85.32,24.30,4.86
C0117,2018,62.70,36.70,5.69
C0117,2019,87.79,46.95,2.51
C0117,2020,51.56,45.18,4.52
C0117,2021,71.01,37.54,4.94
C0117,2022,62.86,42.56,3.39
C0117,2023,61.78,24.23,5.61
C0117,2024,53.18,19.80,1.11
C0118,2015,77.25,14.97,5.50
C0118,2016,65.70,17.27,5.46
C0118,2017,87.96,48.52,1.68
C0118,2018,78.50,47.20,3.20
C0118,2019,67.72,11.88,3.58
C0118,2020,75.09,28.80,3.01
C0118,2021,52.64,24.93,5.48
C0118,2022,73.57,36.07,4.56
C0118,2023,76.65,23.14,1.62
C0118,2024,54.25,21.22,5.63
C0119,2015,77.30,42.37,1.23
C0119,2016,68.96,47.88,3.98
C0119,2017,69.18,18.11,3.61
C0119,2018,78.94,19.41,1.36
C0119,2019,67.99,26.76,4.48
C0119,2020,59.37,38.25,5.81
C0119,2021,61.93,16.68,3.29
C0119,2022,79.53,28.72,3.57
C0119,2023,52.84,43.63,2.92
C0119,2024,83.63,19.36,5.38
C0120,2015,73.29,11.91,5.64
C0120,2016,79.08,46.27,2.99
C0120,2017,63.75,41.50,5.45
C0120,2018,58.91,37.95,2.02
C0120,2019,82.18,13.49,3.29
C0120,2020,54.09,45.97,2.26
C0120,2021,56.63,22.21,2.12
C0120,2022,61.40,18.46,5.28
C0120,2023,64.05,29.50,4.57
C0120,2024,58.15,46.91,1.33
C0121,2015,86.51,49.78,4.79
C0121,2016,51.09,34.56,3.86
C0121,2017,82.14,48.22,4.93
C0121,2018,66.44,28.13,3.97
C0121,2019,83.44,11.19,2.89
C0121,2020,81.84,21.03,3.47
C0121,2021,54.84,22.07,1.71
C0121,2022,76.66,41.31,2.55
C0121,2023,65.14,14.97,1.11
C0121,2024,82.84,17.00,3.03
C0122,2015,84.04,34.57,1.46
C0122,2016,57.56,15.22,4.30
C0122,2017,69.15,29.82,5.56
C0122,2018,73.78,11.40,4.70
C0122,2019,71.76,36.76,2.04
C0122,2020,60.07,46.33,3.54
C0122,2021,60.90,45.00,4.56
C0122,2022,84.33,12.94,5.03
C0122,2023,51.31,33.64,2.42
C0122,2024,60.49,14.15,3.39
C0123,2015,58.92,12.14,1.52
C0123,2016,64.83,34.42,4.63
C0123,2017,77.44,32.90,3.17
C0123,2018,71.29,13.75,1.21
C0123,2019,71.63,24.39,3.65
C0123,2020,79.25,22.67,4.96
C0123,2021,82.49,23.70,1.22
C0123,2022,56.39,23.33,3.02
C0123,2023,54.32,42.99,3.41
C0123,2024,62.05,24.14,6.00
C0124,2015,83.10,23.22,2.09
C0124,2016,71.67,11.18,5.10
C0124,2017,55.71,41.62,1.73
C0124,2018,56.55,36.40,5.82
C0124,2019,85.93,23.66,2.53
C0124,2020,64.68,28.07,1.73
C0124,2021,60.21,41.76,2.91
C0124,2022,77.75,23.77,1.08
C0124,2023,84.43,28.93,1.54
C0124,2024,67.70,10.79,3.48
C0125,2015,81.65,46.73,5.70
C0125,2016,67.20,24.85,3.22
C0125,2017,77.66,21.86,4.30
C0125,2018,72.99,34.36,4.54
C0125,2019,85.78,31.07,1.18
C0125,2020,63.00,26.04,2.61
C0125,2021,80.82,46.89,5.99
C0125,2022,77.36,24.52,1.04
C0125,2023,83.55,49.93,3.35
C0125,2024,74.30,41.57,5.19
C0126,2015,68.41,46.13,2.44
C0126,2016,51.98,21.31,5.98
C0126,2017,83.59,12.81,3.43
C0126,2018,86.40,26.77,5.57
C0126,2019,67.99,22.54,3.64
C0126,2020,58.89,12.43,2.99
C0126,2021,75.89,12.86,4.55
C0126,2022,54.87,16.97,5.79
C0126,2023,51.63,25.11,2.88
C0126,2024,61.60,47.41,5.32
C0127,2015,77.20,36.31,4.30
C0127,2016,82.57,25.94,2.89
C0127,2017,56.27,41.98,1.28
C0127,2018,87.85,32.74,2.56
C0127,2019,72.08,26.70,5.16
C0127,2020,87.01,15.77,1.48
C0127,2021,55.99,47.08,3.86
C0127,2022,68.32,34.96,3.56
C0127,2023,67.23,27.57,4.31
C0127,2024,66.47,27.53,5.70
C0128,2015,87.23,40.60,4.76
C0128,2016,83.98,17.18,3.55
C0128,2017,81.77,26.70,5.15
C0128,2018,61.44,12.52,4.51
C0128,2019,63.56,13.20,5.48
C0128,2020,60.37,31.05,4.62
C0128,2021,81.74,25.23,4.77
C0128,2022,65.71,38.78,1.42
C0128,2023,89.15,49.47,1.02
C0128,2024,64.57,44.38,5.78
C0129,2015,56.79,27.68,2.26
C0129,2016,87.19,25.11,1.83
C0129,2017,81.31,33.40,1.79
C0129,2018,73.33,13.67,4.69
C0129,2019,84.34,49.51,1.23
C0129,2020,87.98,49.24,4.31
C0129,2021,84.45,46.92,3.86
C0129,2022,86.18,36.49,1.74
C0129,2023,60.85,30.12,1.68
C0129,2024,70.43,38.27,1.66
C0130,2015,81.81,22.58,2.30
C0130,2016,71.04,44.09,4.21
C0130,2017,75.67,15.38,2.03
C0130,2018,86.91,42.14,4.30
C0130,2019,61.81,44.70,5.86
C0130,2020,71.58,16.81,5.31
C0130,2021,72.54,29.14,4.99
C0130,2022,64.38,45.67,5.75
C0130,2023,64.73,48.37,4.06
C0130,2024,80.76,42.45,4.84
C0131,2015,87.18,47.64,4.87
C0131,2016,75.35,47.48,5.87
C0131,2017,69.52,49.19,4.24
C0131,2018,80.01,26.54,2.37
C0131,2019,89.91,21.48,1.98
C0131,2020,53.30,35.32,2.53
C0131,2021,76.06,17.55,4.81
C0131,2022,72.24,32.28,4.28
C0131,2023,74.41,33.17,2.10
C0131,2024,50.91,42.26,5.30
C0132,2015,88.23,24.47,5.91
C0132,2016,53.42,34.07,4.79
C0132,2017,62.30,46.13,1.31
C0132,2018,61.93,26.87,4.14
C0132,2019,79.32,32.87,5.69
C0132,2020,76.84,41.50,2.56
C0132,2021,52.47,19.99,3.93
C0132,2022,55.99,14.13,2.13
C0132,2023,62.75,37.27,5.40
C0132,2024,78.16,24.82,5.35
C0133,2015,87.17,25.26,2.82
C0133,2016,62.62,47.20,2.75
C0133,2017,71.02,26.31,1.00
C0133,2018,64.90,48.15,2.59
C0133,2019,73.09,14.25,4.91
C0133,2020,75.12,23.72,1.14
C0133,2021,70.73,37.72,2.01
C0133,2022,65.56,15.04,4.65
C0133,2023,85.19,25.48,4.24
C0133,2024,82.08,44.07,5.93
C0134,2015,89.94,40.47,2.95
C0134,2016,66.51,21.28,1.67
C0134,2017,51.55,24.26,4.32
C0134,2018,76.05,30.20,1.40
C0134,2019,81.34,39.25,1.58
C0134,2020,87.47,16.08,3.84
C0134,2021,50.41,31.11,3.36
C0134,2022,85.18,12.93,2.32
C0134,2023,70.67,25.91,3.39
C0134,2024,64.99,17.64,5.34
C0135,2015,58.88,22.36,4.62
C0135,2016,82.56,23.26,3.27
C0135,2017,64.55,40.81,2.56
C0135,2018,74.18,20.61,3.91
C0135,2019,70.47,36.55,1.01
C0135,2020,60.53,31.33,4.67
C0135,2021,81.51,42.17,5.01
C0135,2022,61.93,22.86,1.61
C0135,2023,81.49,49.79,3.01
C0135,2024,66.38,21.83,1.73
C0136,2015,51.20,33.18,5.74
C0136,2016,80.70,35.29,5.13
C0136,2017,85.97,31.53,1.10
C0136,2018,54.79,44.35,5.85
C0136,2019,73.41,14.52,1.71
C0136,2020,52.87,33.89,1.42
C0136,2021,83.20,30.25,1.16
C0136,2022,89.52,26.69,4.95
C0136,2023,69.80,23.85,5.63
C0136,2024,62.54,16.12,1.48
C0137,2015,83.83,36.00,5.92
C0137,2016,70.83,14.71,2.58
C0137,2017,67.96,43.17,4.39
C0137,2018,59.11,27.91,5.93
C0137,2019,74.64,34.22,1.04
C0137,2020,74.25,13.11,3.73
C0137,2021,60.51,13.74,4.28
C0137,2022,58.46,19.44,2.86
C0137,2023,67.54,41.19,1.55
C0137,2024,68.03,29.43,4.11
C0138,2015,55.14,22.43,1.24
C0138,2016,61.04,43.98,5.62
C0138,2017,56.41,17.68,3.31
C0138,2018,86.06,20.38,5.55
C0138,2019,52.97,41.07,5.18
C0138,2020,85.15,11.08,1.02
C0138,2021,71.12,18.81,3.30
C0138,2022,76.61,30.85,5.44
C0138,2023,86.93,46.60,2.86
C0138,2024,64.62,20.64,2.62
C0139,2015,78.10,18.52,4.43
C0139,2016,76.87,49.00,4.53
C0139,2017,89.53,30.98,4.22
C0139,2018,51.84,12.50,2.82
C0139,2019,68.22,21.06,1.32
C0139,2020,89.58,31.35,5.62
C0139,2021,63.12,12.88,2.59
C0139,2022,88.63,37.70,4.98
C0139,2023,82.67,30.90,2.76
C0139,2024,63.57,38.39,3.47
C0140,2015,51.16,23.67,2.87
C0140,2016,61.21,26.80,1.41
C0140,2017,54.95,47.13,2.65
C0140,2018,67.14,18.43,5.78
C0140,2019,87.58,11.58,1.55
C0140,2020,70.50,49.29,3.78
C0140,2021,67.90,10.30,5.84
C0140,2022,58.63,45.53,1.10
C0140,2023,74.86,43.04,1.35
C0140,2024,68.21,29.51,5.55
C0141,2015,80.91,38.21,4.68
C0141,2016,70.64,14.20,3.73
C0141,2017,85.46,40.55,3.68
C0141,2018,81.32,41.35,5.87
C0141,2019,55.80,12.05,1.10
C0141,2020,55.44,29.89,2.35
C0141,2021,50.97,47.93,2.58
C0141,2022,64.76,48.05,1.60
C0141,2023,52.18,49.38,2.79
C0141,2024,68.00,36.27,2.85
C0142,2015,59.65,15.64,5.79
C0142,2016,69.93,26.52,3.21
C0142,2017,56.33,39.08,5.67
C0142,2018,71.97,21.35,5.05
C0142,2019,88.66,42.41,4.68
C0142,2020,75.49,44.45,2.65
C0142,2021,72.58,40.54,3.13
C0142,2022,81.52,23.68,1.22
C0142,2023,50.22,39.66,2.89
C0142,2024,61.30,12.89,5.35
C0143,2015,89.48,23.41,4.91
C0143,2016,81.30,40.62,5.04
C0143,2017,53.61,41.79,2.11
C0143,2018,63.06,22.75,2.05
C0143,2019,67.59,48.41,4.32
C0143,2020,87.38,20.93,4.26
C0143,2021,73.45,36.40,1.98
C0143,2022,53.09,45.16,4.60
C0143,2023,70.36,32.06,2.88
C0143,2024,61.58,26.50,5.43
C0144,2015,63.55,18.46,2.82
C0144,2016,54.57,17.86,2.15
C0144,2017,68.35,16.36,1.98
C0144,2018,76.78,27.72,5.49
C0144,2019,80.38,31.92,5.30
C0144,2020,77.82,43.56,3.13
C0144,2021,76.42,18.69,2.20
C0144,2022,84.77,40.21,2.42
C0144,2023,63.29,37.76,2.92
C0144,2024,58.58,35.38,1.22
C0145,2015,53.58,23.57,1.34
C0145,2016,56.63,22.72,5.64
C0145,2017,55.98,40.36,4.83
C0145,2018,86.50,20.98,5.07
C0145,2019,57.22,23.19,3.39
C0145,2020,53.76,48.61,2.82
C0145,2021,66.01,49.94,1.46
C0145,2022,56.78,10.07,3.79
C0145,2023,55.22,37.47,4.72
C0145,2024,64.50,31.42,1.98
C0146,2015,86.78,28.41,2.95
C0146,2016,51.22,21.03,5.64
C0146,2017,58.31,30.29,5.22
C0146,2018,82.97,28.26,4.99
C0146,2019,59.81,26.05,1.20
C0146,2020,67.64,43.99,1.83
C0146,2021,53.94,20.83,2.53
C0146,2022,81.81,33.90,2.52
C0146,2023,79.46,44.57,1.64
C0146,2024,55.12,49.16,2.45
C0147,2015,87.92,34.11,3.14
C0147,2016,73.62,30.80,1.25
C0147,2017,81.93,43.62,3.02
C0147,2018,80.55,17.54,3.48
C0147,2019,70.76,35.20,1.20
C0147,2020,79.90,12.57,4.37
C0147,2021,59.51,36.40,1.40
C0147,2022,50.85,41.83,4.24
C0147,2023,63.68,12.52,5.97
C0147,2024,56.10,43.94,1.30
C0148,2015,89.24,14.93,2.36
C0148,2016,86.95,17.03,1.65
C0148,2017,55.77,43.46,2.85
C0148,2018,63.76,14.99,5.18
C0148,2019,70.37,36.95,5.65
C0148,2020,65.95,21.79,5.20
C0148,2021,78.00,19.93,4.46
C0148,2022,70.14,36.01,4.59
C0148,2023,72.61,14.27,1.60
C0148,2024,77.11,32.98,2.24
C0149,2015,50.95,46.98,2.82
C0149,2016,50.50,44.06,1.25
C0149,2017,57.12,44.04,5.11
C0149,2018,78.73,22.12,2.28
C0149,2019,59.62,38.05,1.26
C0149,2020,86.81,41.20,1.37
C0149,2021,53.14,46.06,5.85
C0149,2022,73.20,20.57,5.56
C0149,2023,51.02,40.43,5.79
C0149,2024,88.88,19.29,5.78
C0150,2015,58.55,11.11,5.00
C0150,2016,73.51,29.27,2.38
C0150,2017,88.12,40.64,2.62
C0150,2018,51.21,18.57,3.01
C0150,2019,70.51,11.94,4.93
C0150,2020,71.07,24.95,5.63
C0150,2021,64.06,18.12,3.20
C0150,2022,76.18,25.28,2.51
C0150,2023,71.70,46.83,2.21
C0150,2024,59.97,39.76,2.28
C0151,2015,78.21,24.92,1.03
C0151,2016,68.65,23.00,2.17
C0151,2017,68.81,46.85,2.47
C0151,2018,88.08,45.55,4.88
C0151,2019,71.40,34.16,3.74
C0151,2020,81.39,24.30,2.66
C0151,2021,84.70,41.69,3.99
C0151,2022,73.23,36.55,4.94
C0151,2023,81.45,32.59,4.05
C0151,2024,62.38,39.54,1.35
C0152,2015,57.28,15.38,2.21
C0152,2016,77.82,47.21,2.43
C0152,2017,87.05,48.92,2.81
C0152,2018,51.70,24.18,1.12
C0152,2019,80.52,47.87,4.72
C0152,2020,51.14,41.83,3.35
C0152,2021,68.34,47.64,5.48
C0152,2022,77.09,46.70,3.59
C0152,2023,66.21,18.04,5.94
C0152,2024,62.04,20.40,4.50
C0153,2015,57.47,20.42,5.43
C0153,2016,89.11,13.77,5.87
C0153,2017,72.81,25.91,3.36
C0153,2018,55.11,24.50,4.17
C0153,2019,51.93,23.76,5.57
C0153,2020,59.74,23.96,3.88
C0153,2021,71.55,12.48,1.26
C0153,2022,80.08,17.44,4.48
C0153,2023,89.24,21.84,5.68
C0153,2024,83.36,45.56,4.91
C0154,2015,74.48,47.06,4.96
C0154,2016,76.66,21.41,1.40
C0154,2017,70.88,37.77,4.69
C0154,2018,67.38,44.02,1.16
C0154,2019,81.39,30.25,5.65
C0154,2020,57.09,40.22,5.57
C0154,2021,63.36,49.03,5.90
C0154,2022,89.15,16.49,2.52
C0154,2023,72.87,12.82,3.70
C0154,2024,69.94,35.60,3.89
C0155,2015,84.03,30.34,3.78
C0155,2016,80.48,21.86,3.06
C0155,2017,63.04,46.66,5.93
C0155,2018,75.04,43.83,5.43
C0155,2019,57.42,20.58,4.05
C0155,2020,52.12,40.97,4.24
C0155,2021,89.59,43.14,4.57
C0155,2022,79.49,23.01,4.02
C0155,2023,87.23,13.97,4.54
C0155,2024,83.28,44.02,5.08
C0156,2015,67.12,13.87,5.89
C0156,2016,84.46,29.14,5.25
C0156,2017,81.47,17.77,1.65
C0156,2018,60.33,47.10,3.73
C0156,2019,74.92,14.28,4.16
C0156,2020,62.20,14.68,2.33
C0156,2021,59.36,38.07,3.38
C0156,2022,53.27,18.22,5.66
C0156,2023,71.73,15.29,2.29
C0156,2024,65.70,16.73,2.59
C0157,2015,53.52,33.84,5.54
C0157,2016,78.73,18.91,1.47
C0157,2017,78.92,25.09,5.40
C0157,2018,59.41,43.99,2.52
C0157,2019,88.24,17.03,3.49
C0157,2020,81.11,43.05,4.21
C0157,2021,82.21,41.02,4.23
C0157,2022,50.15,43.25,5.90
C0157,2023,89.14,23.88,1.17
C0157,2024,89.61,28.89,4.52
C0158,2015,70.29,38.28,5.23
C0158,2016,89.40,11.50,3.94
C0158,2017,74.49,36.55,5.88
C0158,2018,55.36,14.80,3.09
C0158,2019,82.57,21.52,4.75
C0158,2020,72.32,42.39,4.43
C0158,2021,63.69,35.42,1.16
C0158,2022,59.45,34.87,3.76
C0158,2023,70.76,19.08,2.30
C0158,2024,77.67,36.72,3.64
C0159,2015,85.08,15.27,5.42
C0159,2016,73.95,48.59,4.15
C0159,2017,66.61,20.11,3.97
C0159,2018,75.29,43.07,4.36
C0159,2019,69.88,46.81,3.64
C0159,2020,76.08,16.87,3.24
C0159,2021,74.36,10.39,2.87
C0159,2022,89.15,44.97,4.50
C0159,2023,74.89,40.56,4.88
C0159,2024,77.64,16.17,3.12
C0160,2015,85.70,43.22,1.22
C0160,2016,86.52,42.42,3.72
C0160,2017,55.64,28.45,3.87
C0160,2018,68.15,47.87,3.39
C0160,2019,87.71,33.28,2.80
C0160,2020,88.39,27.72,5.48
C0160,2021,57.60,10.53,3.41
C0160,2022,67.75,48.11,4.99
C0160,2023,61.15,15.13,4.19
C0160,2024,81.63,21.85,4.94
C0161,2015,84.09,39.18,5.39
C0161,2016,68.77,10.21,2.22
C0161,2017,77.03,31.70,5.14
C0161,2018,84.80,16.36,4.61
C0161,2019,78.38,10.90,3.81
C0161,2020,56.26,35.67,3.72
C0161,2021,78.48,34.12,2.56
C0161,2022,56.36,39.37,3.70
C0161,2023,76.15,34.73,2.92
C0161,2024,63.34,27.68,5.44
C0162,2015,52.26,29.14,3.91
C0162,2016,59.06,18.80,2.50
C0162,2017,68.74,13.35,1.72
C0162,2018,89.76,44.43,4.47
C0162,2019,60.23,37.65,4.32
C0162,2020,89.15,14.92,2.80
C0162,2021,64.57,20.57,1.81
C0162,2022,88.40,44.53,4.58
C0162,2023,88.24,48.39,2.35
C0162,2024,55.72,41.65,5.31
C0163,2015,83.15,32.80,4.63
C0163,2016,70.69,44.77,5.46
C0163,2017,77.45,35.07,5.92
C0163,2018,81.04,37.98,2.71
C0163,2019,54.98,43.08,3.52
C0163,2020,81.96,24.16,3.02
C0163,2021,62.11,41.38,1.39
C0163,2022,79.29,18.28,3.02
C0163,2023,72.95,17.77,3.22
C0163,2024,77.39,42.45,1.87
C0164,2015,74.92,32.55,5.42
C0164,2016,82.42,26.56,2.46
C0164,2017,85.78,30.94,4.79
C0164,2018,67.96,49.12,1.38
C0164,2019,65.69,45.77,1.15
C0164,2020,59.69,30.30,5.98
C0164,2021,82.55,31.89,1.62
C0164,2022,88.68,34.57,4.83
C0164,2023,57.81,41.63,4.02
C0164,2024,68.31,44.95,3.26
C0165,2015,80.81,15.86,1.18
C0165,2016,75.44,35.13,2.64
C0165,2017,82.60,19.09,5.50
C0165,2018,50.65,34.87,5.53
C0165,2019,86.45,16.85,4.00
C0165,2020,52.45,42.32,3.87
C0165,2021,67.82,36.44,3.13
C0165,2022,61.03,44.64,4.88
C0165,2023,87.13,47.78,5.41
C0165,2024,61.01,47.36,4.64
C0166,2015,64.93,15.81,3.63
C0166,2016,85.53,25.07,4.17
C0166,2017,71.50,29.32,2.10
C0166,2018,85.93,41.56,5.96
C0166,2019,76.44,10.59,5.68
C0166,2020,53.17,47.02,5.78
C0166,2021,67.39,26.29,1.83
C0166,2022,57.06,35.24,4.26
C0166,2023,52.61,49.22,4.28
C0166,2024,64.95,45.31,2.78
C0167,2015,86.34,24.49,5.33
C0167,2016,54.71,29.38,4.91
C0167,2017,50.27,40.80,4.60
C0167,2018,87.40,39.74,1.14
C0167,2019,71.20,38.19,5.95
C0167,2020,72.34,10.43,4.59
C0167,2021,87.14,17.96,5.85
C0167,2022,78.01,18.87,1.43
C0167,2023,83.07,20.02,4.47
C0167,2024,80.82,13.85,4.72
C0168,2015,74.47,42.26,1.32
C0168,2016,77.54,23.65,1.32
C0168,2017,72.43,41.02,4.81
C0168,2018,64.22,47.26,4.99
C0168,2019,61.41,22.52,5.55
C0168,2020,57.04,28.15,4.86
C0168,2021,64.16,13.50,2.20
C0168,2022,73.08,21.79,5.84
C0168,2023,73.50,31.85,2.34
C0168,2024,77.34,17.21,4.64
C0169,2015,85.18,31.48,3.65
C0169,2016,76.07,22.52,1.61
C0169,2017,56.84,49.60,5.64
C0169,2018,51.03,25.03,3.94
C0169,2019,57.87,11.56,1.46
C0169,2020,86.32,28.92,2.92
C0169,2021,72.71,23.36,4.82
C0169,2022,83.94,24.80,4.09
C0169,2023,59.37,24.82,2.12
C0169,2024,78.40,45.25,3.85
C0170,2015,79.27,29.93,2.54
C0170,2016,82.38,20.11,3.64
C0170,2017,71.42,41.70,2.59
C0170,2018,81.74,27.74,3.48
C0170,2019,87.42,15.81,5.21
C0170,2020,88.30,49.94,2.06
C0170,2021,55.02,11.09,1.01
C0170,2022,74.97,38.37,1.77
C0170,2023,54.54,43.90,5.21
C0170,2024,86.90,24.15,3.08
C0171,2015,88.22,16.29,4.70
C0171,2016,69.98,27.46,1.15
C0171,2017,88.40,29.30,1.73
C0171,2018,80.65,49.99,3.84
C0171,2019,77.84,10.78,4.60
C0171,2020,73.23,36.24,4.94
C0171,2021,66.27,42.18,4.22
C0171,2022,88.55,34.72,4.78
C0171,2023,57.88,35.20,1.83
C0171,2024,82.10,45.01,4.29
C0172,2015,64.70,32.61,3.13
C0172,2016,80.13,45.26,5.57
C0172,2017,56.55,18.41,4.08
C0172,2018,64.93,30.64,3.71
C0172,2019,87.85,11.34,3.89
C0172,2020,72.29,42.14,5.16
C0172,2021,69.65,41.09,1.06
C0172,2022,80.08,31.56,5.30
C0172,2023,66.68,25.83,1.15
C0172,2024,69.72,24.80,3.91
C0173,2015,72.42,18.04,3.51
C0173,2016,89.60,27.12,2.85
C0173,2017,82.21,22.16,1.64
C0173,2018,51.59,33.11,1.62
C0173,2019,81.34,41.46,4.71
C0173,2020,70.12,37.77,1.57
C0173,2021,59.23,30.56,4.44
C0173,2022,84.14,47.94,5.95
C0173,2023,60.82,17.89,4.41
C0173,2024,62.82,35.60,1.38
C0174,2015,52.52,13.52,3.71
C0174,2016,89.10,36.92,5.17
C0174,2017,81.82,39.01,5.77
C0174,2018,55.92,41.30,4.64
C0174,2019,69.58,36.55,2.55
C0174,2020,63.47,14.90,2.26
C0174,2021,51.30,11.77,4.92
C0174,2022,87.09,38.57,4.80
C0174,2023,83.58,41.93,3.43
C0174,2024,89.48,11.31,1.43
C0175,2015,59.70,16.00,4.36
C0175,2016,77.98,41.61,3.95
C0175,2017,54.73,48.71,1.06
C0175,2018,67.26,30.82,4.21
C0175,2019,83.87,16.13,1.66
C0175,2020,50.32,22.85,5.13
C0175,2021,69.23,41.26,4.37
C0175,2022,67.39,31.73,1.26
C0175,2023,77.64,12.31,3.66
C0175,2024,59.52,22.34,5.03
C0176,2015,56.93,40.11,5.15
C0176,2016,76.03,23.03,1.43
C0176,2017,75.65,27.29,1.39
C0176,2018,80.07,46.20,4.87
C0176,2019,59.88,49.39,2.16
C0176,2020,50.65,40.29,3.97
C0176,2021,85.12,19.61,4.04
C0176,2022,58.25,19.73,4.15
C0176,2023,66.72,22.17,2.69
C0176,2024,68.74,16.42,1.20
C0177,2015,57.49,17.15,3.69
C0177,2016,70.83,20.24,3.58
C0177,2017,86.57,36.40,3.17
C0177,2018,60.85,34.50,2.40
C0177,2019,70.81,23.64,5.22
C0177,2020,62.35,17.87,2.85
C0177,2021,89.23,34.96,1.63
C0177,2022,58.82,15.23,4.79
C0177,2023,54.37,15.85,4.18
C0177,2024,55.70,25.33,2.55
C0178,2015,64.68,32.69,1.76
C0178,2016,72.11,39.13,3.20
C0178,2017,76.72,37.48,1.33
C0178,2018,72.50,25.14,2.11
C0178,2019,86.22,36.19,5.82
C0178,2020,64.41,18.45,1.75
C0178,2021,78.49,29.75,2.37
C0178,2022,60.73,34.61,1.69
C0178,2023,77.27,39.78,5.56
C0178,2024,87.03,13.18,5.62
C0179,2015,89.14,14.05,1.30
C0179,2016,79.19,12.95,5.49
C0179,2017,87.70,31.86,1.71
C0179,2018,77.22,32.80,2.99
C0179,2019,88.53,10.44,3.93
C0179,2020,85.92,36.27,3.31
C0179,2021,54.26,40.53,1.68
C0179,2022,68.96,14.66,4.96
C0179,2023,63.90,23.49,4.44
C0179,2024,51.08,44.00,5.71
C0180,2015,68.68,37.49,2.76
C0180,2016,55.93,22.19,3.15
C0180,2017,51.46,39.69,2.75
C0180,2018,67.80,45.49,1.31
C0180,2019,59.30,22.37,1.27
C0180,2020,87.41,37.37,4.81
C0180,2021,82.51,13.74,2.42
C0180,2022,88.25,12.35,3.44
C0180,2023,85.26,33.45,5.89
C0180,2024,79.12,29.70,1.09
C0181,2015,73.91,42.40,3.59
C0181,2016,52.62,41.21,3.59
C0181,2017,60.63,21.47,5.99
C0181,2018,78.43,30.49,5.17
C0181,2019,66.05,40.23,1.33
C0181,2020,63.01,20.84,1.79
C0181,2021,54.16,24.48,1.17
C0181,2022,52.81,12.39,1.98
C0181,2023,58.40,15.22,2.06
C0181,2024,83.38,34.41,1.45
C0182,2015,76.52,29.87,3.64
C0182,2016,63.64,16.74,5.88
C0182,2017,52.44,10.29,5.02
C0182,2018,57.53,16.76,2.02
C0182,2019,68.00,39.99,4.91
C0182,2020,56.13,13.75,5.91
C0182,2021,80.50,26.10,5.18
C0182,2022,81.55,19.55,3.34
C0182,2023,55.47,31.98,2.35
C0182,2024,79.07,30.46,4.74
C0183,2015,70.49,49.32,4.93
C0183,2016,88.50,40.92,2.48
C0183,2017,81.50,47.53,2.12
C0183,2018,73.41,33.12,4.36
C0183,2019,74.14,39.51,5.44
C0183,2020,57.16,45.80,1.10
C0183,2021,85.75,11.64,5.94
C0183,2022,72.37,46.62,1.96
C0183,2023,72.96,18.47,2.75
C0183,2024,73.02,38.20,1.26
C0184,2015,61.05,40.93,1.28
C0184,2016,82.48,14.37,2.36
C0184,2017,84.49,48.12,3.83
C0184,2018,61.52,47.06,5.51
C0184,2019,67.67,36.18,1.35
C0184,2020,57.17,16.21,3.73
C0184,2021,59.54,32.64,3.08
C0184,2022,63.44,23.77,5.95
C0184,2023,86.08,47.23,1.94
C0184,2024,75.05,26.27,2.85
C0185,2015,73.52,37.75,1.17
C0185,2016,87.87,35.48,5.57
C0185,2017,81.65,20.84,4.11
C0185,2018,50.64,31.42,3.94
C0185,2019,54.97,26.40,1.24
C0185,2020,59.91,24.99,1.49
C0185,2021,62.16,44.56,4.95
C0185,2022,83.36,15.59,3.75
C0185,2023,80.80,26.42,2.00
C0185,2024,55.82,10.27,3.75
C0186,2015,71.36,20.48,5.84
C0186,2016,54.36,34.87,1.52
C0186,2017,56.92,13.50,5.85
C0186,2018,59.69,20.85,4.88
C0186,2019,86.21,45.21,1.72
C0186,2020,64.63,37.67,5.07
C0186,2021,86.63,12.81,4.72
C0186,2022,80.03,49.70,3.87
C0186,2023,79.98,47.81,4.87
C0186,2024,82.14,15.67,1.71
C0187,2015,53.84,46.87,4.61
C0187,2016,82.58,32.00,4.20
C0187,2017,60.10,47.18,2.42
C0187,2018,89.36,48.72,4.45
C0187,2019,83.93,37.74,4.39
C0187,2020,89.87,21.65,2.20
C0187,2021,87.48,46.99,1.74
C0187,2022,64.39,32.94,2.81
C0187,2023,87.67,23.66,3.00
C0187,2024,63.21,28.40,5.12
C0188,2015,76.37,26.25,3.18
C0188,2016,82.75,47.41,4.68
C0188,2017,65.28,42.79,3.31
C0188,2018,58.15,11.25,1.34
C0188,2019,85.80,10.39,4.26
C0188,2020,54.13,12.77,5.48
C0188,2021,64.60,34.42,3.59
C0188,2022,71.62,42.58,4.51
C0188,2023,82.19,30.60,4.89
C0188,2024,84.75,31.39,3.34
C0189,2015,70.47,19.62,2.25
C0189,2016,72.94,28.37,5.30
C0189,2017,84.15,20.27,5.14
C0189,2018,68.68,20.96,5.30
C0189,2019,72.36,25.65,5.13
C0189,2020,50.74,11.90,1.67
C0189,2021,88.04,48.20,3.07
C0189,2022,72.67,46.57,1.96
C0189,2023,79.10,41.85,1.78
C0189,2024,59.92,32.74,4.91
C0190,2015,76.26,42.52,3.41
C0190,2016,68.40,48.97,1.45
C0190,2017,54.50,21.34,3.03
C0190,2018,83.21,24.57,5.97
C0190,2019,83.57,39.16,2.06
C0190,2020,52.55,35.71,2.99
C0190,2021,65.62,42.99,3.97
C0190,2022,61.26,23.88,2.00
C0190,2023,70.65,22.42,5.84
C0190,2024,69.55,33.42,4.17
C0191,2015,76.26,15.83,2.15
C0191,2016,59.90,11.58,3.23
C0191,2017,58.87,19.77,2.80
C0191,2018,78.93,16.33,1.61
C0191,2019,89.05,10.27,2.42
C0191,2020,87.85,41.12,3.77
C0191,2021,81.68,31.73,1.44
C0191,2022,52.70,36.76,1.24
C0191,2023,59.51,16.52,3.71
C0191,2024,77.59,20.27,3.17
C0192,2015,61.83,12.40,1.94
C0192,2016,65.74,49.90,4.56
C0192,2017,88.15,14.12,1.44
C0192,2018,53.45,13.61,2.35
C0192,2019,84.45,34.57,1.51
C0192,2020,52.01,23.28,4.64
C0192,2021,63.52,45.50,4.16
C0192,2022,72.22,43.26,1.94
C0192,2023,64.26,44.73,3.79
C0192,2024,88.29,39.41,4.48
C0193,2015,70.18,15.27,1.17
C0193,2016,79.35,12.54,4.32
C0193,2017,78.08,12.59,2.56
C0193,2018,83.40,42.07,1.68
C0193,2019,84.56,36.28,5.11
C0193,2020,68.65,49.24,4.03
C0193,2021,84.52,35.74,3.73
C0193,2022,76.14,19.97,5.18
C0193,2023,77.44,13.58,2.33
C0193,2024,56.93,24.62,1.07
C0194,2015,59.80,17.99,5.74
C0194,2016,77.51,35.14,2.31
C0194,2017,60.63,13.84,4.17
C0194,2018,69.60,40.90,5.89
C0194,2019,69.60,37.86,2.17
C0194,2020,59.36,39.45,5.96
C0194,2021,72.66,48.62,3.69
C0194,2022,72.55,36.02,5.79
C0194,2023,55.16,41.54,1.43
C0194,2024,65.24,13.41,3.66
C0195,2015,64.63,47.72,5.72
C0195,2016,72.48,18.74,1.78
C0195,2017,79.97,29.72,2.38
C0195,2018,50.73,48.28,2.06
C0195,2019,55.30,17.17,5.83
C0195,2020,62.08,11.42,2.32
C0195,2021,82.42,21.88,1.60
C0195,2022,69.22,16.26,4.98
C0195,2023,70.44,36.72,3.57
C0195,2024,66.37,21.13,3.95
C0196,2015,66.61,12.51,4.03
C0196,2016,89.10,45.72,4.07
C0196,2017,85.95,11.98,3.27
C0196,2018,79.03,20.85,5.88
C0196,2019,62.96,19.61,1.87
C0196,2020,70.55,10.94,5.79
C0196,2021,77.58,16.61,2.46
C0196,2022,65.78,42.59,1.95
C0196,2023,70.98,11.50,4.13
C0196,2024,55.83,10.93,5.46
C0197,2015,53.74,35.36,2.81
C0197,2016,56.69,13.56,1.38
C0197,2017,80.23,24.86,3.68
C0197,2018,57.60,10.09,5.93
C0197,2019,86.99,24.50,2.95
C0197,2020,64.74,22.72,1.10
C0197,2021,56.76,34.51,3.50
C0197,2022,83.01,29.96,2.92
C0197,2023,68.27,37.14,1.33
C0197,2024,65.54,47.43,5.37
C0198,2015,63.18,41.81,4.09
C0198,2016,63.22,47.34,1.77
C0198,2017,76.54,12.17,5.63
C0198,2018,71.63,49.61,3.88
C0198,2019,68.71,22.88,4.45
C0198,2020,67.88,21.07,3.92
C0198,2021,55.68,26.14,5.89
C0198,2022,83.12,41.33,5.45
C0198,2023,87.07,48.17,1.08
C0198,2024,82.09,32.17,1.07
C0199,2015,68.05,16.18,3.44
C0199,2016,88.89,18.56,2.57
C0199,2017,74.75,26.21,3.69
C0199,2018,80.96,24.63,2.69
C0199,2019,79.65,19.53,5.39
C0199,2020,78.31,44.01,1.85
C0199,2021,75.68,21.20,1.29
C0199,2022,58.46,33.71,2.71
C0199,2023,61.78,29.17,1.70
C0199,2024,85.47,46.94,3.96
C0200,2015,57.20,35.16,3.36
C0200,2016,56.08,23.28,4.54
C0200,2017,61.37,35.55,1.36
C0200,2018,64.50,22.76,4.77
C0200,2019,72.13,13.63,2.38
C0200,2020,74.22,29.41,4.36
C0200,2021,81.63,44.41,2.46
C0200,2022,52.94,46.37,5.17
C0200,2023,58.33,31.75,5.17
C0200,2024,70.21,37.98,2.53
C0201,2015,60.03,34.43,5.55
C0201,2016,84.94,42.43,2.61
C0201,2017,75.61,14.13,5.48
C0201,2018,69.61,26.05,1.97
C0201,2019,50.02,20.12,2.44
C0201,2020,84.35,10.26,5.42
C0201,2021,68.43,43.20,1.40
C0201,2022,71.26,15.37,4.51
C0201,2023,77.93,22.94,4.41
C0201,2024,87.50,44.68,5.86
C0202,2015,56.33,38.85,5.86
C0202,2016,52.85,32.71,3.40
C0202,2017,54.88,22.41,4.29
C0202,2018,79.63,30.61,1.78
C0202,2019,55.17,12.25,2.13
C0202,2020,70.04,39.09,3.79
C0202,2021,78.26,19.49,2.19
C0202,2022,78.51,29.17,2.08
C0202,2023,66.25,13.78,1.11
C0202,2024,77.94,38.43,1.37
C0203,2015,88.00,45.83,4.56
C0203,2016,51.12,28.24,1.07
C0203,2017,76.86,13.33,5.48
C0203,2018,70.90,47.80,1.39
C0203,2019,58.50,27.88,1.78
C0203,2020,62.31,13.21,2.70
C0203,2021,83.49,17.54,4.63
C0203,2022,73.48,14.79,4.50
C0203,2023,50.58,17.90,2.23
C0203,2024,88.61,16.23,2.63
C0204,2015,76.65,46.92,5.11
C0204,2016,67.71,18.36,3.48
C0204,2017,78.49,27.68,3.29
C0204,2018,58.18,39.20,4.17
C0204,2019,60.42,37.08,3.28
C0204,2020,56.09,48.26,3.17
C0204,2021,65.88,48.64,4.99
C0204,2022,86.19,32.83,5.66
C0204,2023,65.54,40.09,3.75
C0204,2024,61.52,25.44,2.45
C0205,2015,78.14,27.17,5.75
C0205,2016,84.78,14.17,4.51
C0205,2017,59.77,36.94,4.27
C0205,2018,82.32,20.82,4.03
C0205,2019,62.19,13.19,4.70
C0205,2020,59.89,13.93,4.88
C0205,2021,68.92,38.90,4.96
C0205,2022,52.67,19.16,5.88
C0205,2023,84.49,40.80,3.06
C0205,2024,84.97,46.24,2.21
C0206,2015,77.10,23.63,2.97
C0206,2016,62.12,41.76,4.83
C0206,2017,56.67,27.15,3.70
C0206,2018,77.95,40.89,5.32
C0206,2019,54.12,22.27,2.18
C0206,2020,66.44,47.26,4.69
C0206,2021,53.55,49.49,2.25
C0206,2022,67.06,25.45,5.00
C0206,2023,55.38,17.96,3.19
C0206,2024,51.29,37.41,5.95
C0207,2015,67.99,33.34,4.34
C0207,2016,72.71,49.66,4.71
C0207,2017,67.57,42.46,1.21
C0207,2018,57.05,43.40,4.52
C0207,2019,53.10,39.06,3.09
C0207,2020,55.05,24.03,2.62
C0207,2021,79.08,47.43,4.98
C0207,2022,50.64,28.63,2.14
C0207,2023,84.53,25.98,1.91
C0207,2024,83.60,17.77,2.78
C0208,2015,85.22,22.16,4.15
C0208,2016,85.15,10.09,2.29
C0208,2017,76.70,36.40,3.79
C0208,2018,83.90,34.22,2.92
C0208,2019,79.21,26.12,2.98
C0208,2020,62.00,48.68,2.02
C0208,2021,80.21,37.72,2.61
C0208,2022,74.62,19.71,2.37
C0208,2023,51.10,25.15,2.22
C0208,2024,81.45,30.63,1.40
C0209,2015,84.83,31.81,3.17
C0209,2016,70.70,21.03,2.22
C0209,2017,69.48,19.98,5.81
C0209,2018,67.09,21.98,4.01
C0209,2019,78.75,48.53,3.31
C0209,2020,58.62,24.38,2.69
C0209,2021,80.96,24.97,3.30
C0209,2022,61.69,38.81,2.71
C0209,2023,60.46,16.51,5.28
C0209,2024,82.37,35.73,2.28
C0210,2015,56.98,36.65,2.40
C0210,2016,84.50,12.58,4.55
C0210,2017,89.11,17.60,5.50
C0210,2018,62.79,28.66,4.40
C0210,2019,87.11,43.42,1.42
C0210,2020,72.66,39.29,5.49
C0210,2021,60.37,44.94,4.85
C0210,2022,68.11,44.04,2.20
C0210,2023,82.00,30.46,1.31
C0210,2024,76.67,34.89,4.59
C0211,2015,69.79,46.83,2.17
C0211,2016,60.29,39.64,3.62
C0211,2017,79.03,24.32,1.45
C0211,2018,62.53,24.01,3.84
C0211,2019,63.24,24.66,1.11
C0211,2020,79.88,29.81,3.67
C0211,2021,72.34,24.50,5.17
C0211,2022,57.43,17.50,3.90
C0211,2023,77.48,33.80,5.42
C0211,2024,60.32,44.77,3.74
C0212,2015,80.42,29.70,4.44
C0212,2016,69.15,18.77,2.83
C0212,2017,73.80,42.52,2.48
C0212,2018,74.04,40.23,2.68
C0212,2019,55.87,38.01,1.51
C0212,2020,76.02,36.99,2.27
C0212,2021,84.69,41.29,2.94
C0212,2022,85.65,43.21,2.71
C0212,2023,77.54,45.93,3.48
C0212,2024,88.76,34.40,3.44
C0213,2015,73.93,25.74,4.68
C0213,2016,60.19,13.60,2.98
C0213,2017,76.41,38.90,4.39
C0213,2018,86.37,15.65,5.45
C0213,2019,64.35,44.74,3.28
C0213,2020,60.59,26.23,3.77
C0213,2021,88.66,45.05,4.39
C0213,2022,80.66,30.74,3.47
C0213,2023,51.99,28.14,1.82
C0213,2024,72.45,24.54,2.47
C0214,2015,59.38,12.45,1.14
C0214,2016,61.47,10.46,4.42
C0214,2017,53.50,30.35,2.40
C0214,2018,59.24,46.04,5.12
C0214,2019,70.21,33.44,4.28
C0214,2020,53.14,44.50,4.68
C0214,2021,85.59,49.99,5.41
C0214,2022,81.02,17.14,3.13
C0214,2023,65.26,36.38,1.94
C0214,2024,55.21,26.68,5.68
C0215,2015,89.76,18.35,5.98
C0215,2016,72.53,19.64,2.09
C0215,2017,66.92,19.79,4.70
C0215,2018,57.95,39.19,1.36
C0215,2019,58.13,24.20,1.14
C0215,2020,81.85,20.23,4.38
C0215,2021,70.80,45.44,2.28
C0215,2022,89.36,11.37,5.34
C0215,2023,88.12,39.42,3.57
C0215,2024,58.27,48.42,4.91
C0216,2015,89.98,35.03,1.52
C0216,2016,89.46,31.93,5.37
C0216,2017,81.97,12.46,1.95
C0216,2018,65.64,30.12,3.84
C0216,2019,58.97,24.46,4.05
C0216,2020,54.13,41.12,1.33
C0216,2021,52.08,42.47,5.89
C0216,2022,82.83,16.70,2.51
C0216,2023,87.82,30.89,4.57
C0216,2024,80.90,44.40,4.16
C0217,2015,80.36,34.98,1.17
C0217,2016,66.61,29.24,5.31
C0217,2017,75.65,45.92,2.52
C0217,2018,76.85,48.66,2.25
C0217,2019,60.29,19.41,1.29
C0217,2020,79.55,17.31,2.25
C0217,2021,55.84,44.59,4.10
C0217,2022,61.74,19.72,2.00
C0217,2023,73.59,43.91,3.33
C0217,2024,71.58,22.05,5.00
C0218,2015,78.18,10.77,5.78
C0218,2016,73.32,26.88,4.50
C0218,2017,51.98,11.61,1.98
C0218,2018,89.11,18.32,2.92
C0218,2019,80.54,29.17,3.77
C0218,2020,85.22,11.54,5.36
C0218,2021,82.16,11.33,3.74
C0218,2022,58.50,16.21,3.46
C0218,2023,87.31,28.51,2.30
C0218,2024,89.36,48.96,3.50
C0219,2015,53.15,13.74,2.59
C0219,2016,56.34,34.88,3.82
C0219,2017,89.61,29.88,5.04
C0219,2018,61.74,12.41,5.73
C0219,2019,82.79,11.37,5.05
C0219,2020,52.97,18.87,5.14
C0219,2021,79.30,37.39,2.79
C0219,2022,78.06,48.50,4.48
C0219,2023,87.51,32.24,2.94
C0219,2024,79.15,11.83,1.12
C0220,2015,51.66,20.32,5.42
C0220,2016,68.02,47.69,1.26
C0220,2017,63.92,10.50,1.58
C0220,2018,72.83,34.09,1.09
C0220,2019,67.13,17.16,1.34
C0220,2020,61.23,12.65,1.30
C0220,2021,76.44,20.18,4.39
C0220,2022,62.45,47.48,5.27
C0220,2023,84.03,40.47,4.98
C0220,2024,62.92,16.85,4.13
C0221,2015,70.61,12.63,4.93
C0221,2016,83.04,29.73,3.28
C0221,2017,82.92,12.11,5.53
C0221,2018,73.44,26.16,3.30
C0221,2019,65.20,42.01,1.14
C0221,2020,72.32,30.03,4.51
C0221,2021,83.99,45.87,5.15
C0221,2022,58.75,41.65,2.12
C0221,2023,54.90,32.21,2.59
C0221,2024,73.28,41.62,4.47
C0222,2015,72.96,13.79,3.87
C0222,2016,61.73,18.05,5.45
C0222,2017,67.38,38.02,3.39
C0222,2018,53.54,10.23,4.36
C0222,2019,55.23,10.19,2.36
C0222,2020,83.13,25.21,5.65
C0222,2021,68.58,44.68,2.85
C0222,2022,53.99,49.23,3.70
C0222,2023,88.47,35.99,4.08
C0222,2024,58.40,48.01,2.27
C0223,2015,62.68,43.91,2.58
C0223,2016,88.90,18.06,3.51
C0223,2017,57.24,26.16,2.35
C0223,2018,88.75,34.95,1.65
C0223,2019,78.89,16.05,5.18
C0223,2020,67.08,22.52,2.62
C0223,2021,73.80,40.26,3.08
C0223,2022,70.32,23.79,3.74
C0223,2023,82.19,47.04,5.21
C0223,2024,52.51,26.27,1.70
C0224,2015,82.54,18.79,4.13
C0224,2016,88.82,18.40,2.76
C0224,2017,67.18,37.49,5.35
C0224,2018,57.66,24.73,4.31
C0224,2019,54.35,19.49,1.73
C0224,2020,63.87,37.75,2.48
C0224,2021,55.23,26.86,1.18
C0224,2022,59.19,43.84,4.85
C0224,2023,76.18,31.96,3.06
C0224,2024,66.63,48.89,1.24
C0225,2015,86.04,24.98,1.07
C0225,2016,68.56,21.28,5.78
C0225,2017,56.16,35.78,5.26
C0225,2018,55.55,38.33,2.67
C0225,2019,77.72,10.68,3.58
C0225,2020,75.36,36.78,3.88
C0225,2021,78.31,17.24,3.58
C0225,2022,63.55,48.35,2.54
C0225,2023,86.60,33.04,2.95
C0225,2024,54.55,15.07,1.91
C0226,2015,51.31,12.11,1.17
C0226,2016,79.69,45.18,1.77
C0226,2017,77.08,44.02,1.07
C0226,2018,69.74,27.36,3.17
C0226,2019,51.75,13.50,4.30
C0226,2020,54.57,25.60,1.90
C0226,2021,57.81,40.42,3.67
C0226,2022,75.55,36.46,2.62
C0226,2023,76.52,44.61,1.60
C0226,2024,77.08,40.05,1.64
C0227,2015,82.12,23.21,4.09
C0227,2016,50.99,23.65,1.59
C0227,2017,75.73,35.91,3.77
C0227,2018,60.06,22.41,1.95
C0227,2019,72.84,44.71,5.33
C0227,2020,79.52,23.11,1.25
C0227,2021,78.80,29.56,2.94
C0227,2022,61.52,11.73,4.81
C0227,2023,64.21,14.72,4.75
C0227,2024,86.69,15.28,1.72
C0228,2015,83.96,23.77,1.98
C0228,2016,60.28,14.67,3.73
C0228,2017,73.48,28.28,4.42
C0228,2018,54.29,20.77,4.76
C0228,2019,76.15,20.90,4.10
C0228,2020,74.85,27.82,4.92
C0228,2021,60.56,44.15,3.20
C0228,2022,66.87,40.47,3.80
C0228,2023,81.29,45.35,3.17
C0228,2024,60.22,49.61,4.80
C0229,2015,80.73,10.44,1.87
C0229,2016,62.66,37.70,2.26
C0229,2017,83.58,14.79,5.18
C0229,2018,51.22,47.47,4.57
C0229,2019,60.33,19.07,4.68
C0229,2020,57.10,24.00,1.50
C0229,2021,85.62,49.16,3.42
C0229,2022,67.14,44.69,3.82
C0229,2023,71.82,11.89,4.90
C0229,2024,59.68,11.87,3.11
C0230,2015,55.13,42.75,3.70
C0230,2016,73.93,12.81,2.19
C0230,2017,61.33,44.07,5.16
C0230,2018,87.15,46.98,5.57
C0230,2019,69.05,10.95,3.32
C0230,2020,55.53,18.80,3.19
C0230,2021,50.95,10.93,2.64
C0230,2022,59.29,12.91,2.33
C0230,2023,62.80,31.36,3.77
C0230,2024,58.28,39.21,1.84
C0231,2015,64.62,29.18,3.95
C0231,2016,85.16,25.44,3.81
C0231,2017,51.92,18.27,4.47
C0231,2018,82.05,19.46,2.13
C0231,2019,67.03,33.30,4.51
C0231,2020,86.26,44.23,1.08
C0231,2021,76.68,26.18,3.67
C0231,2022,56.60,47.59,5.22
C0231,2023,88.38,12.08,4.64
C0231,2024,56.19,43.17,5.25
C0232,2015,63.45,23.55,1.74
C0232,2016,89.15,44.75,4.59
C0232,2017,58.47,46.78,3.35
C0232,2018,75.25,38.02,2.62
C0232,2019,89.10,24.20,2.78
C0232,2020,77.56,28.28,1.51
C0232,2021,76.51,32.07,4.48
C0232,2022,74.86,28.48,4.16
C0232,2023,72.22,41.65,1.76
C0232,2024,87.97,40.86,3.72
C0233,2015,71.75,10.51,1.65
C0233,2016,76.53,16.07,2.57
C0233,2017,79.55,24.54,1.22
C0233,2018,71.11,36.90,4.11
C0233,2019,85.51,19.19,1.06
C0233,2020,50.91,22.91,2.30
C0233,2021,65.81,28.48,2.33
C0233,2022,74.67,33.58,4.74
C0233,2023,50.76,46.07,3.25
C0233,2024,87.48,42.19,3.87
C0234,2015,83.06,24.37,2.25
C0234,2016,58.76,40.72,3.74
C0234,2017,63.27,43.31,1.75
C0234,2018,77.09,30.89,5.96
C0234,2019,63.64,21.84,3.58
C0234,2020,84.27,47.72,5.40
C0234,2021,59.94,48.49,1.53
C0234,2022,82.73,18.98,3.95
C0234,2023,68.58,41.40,4.36
C0234,2024,68.13,11.67,4.94
C0235,2015,56.74,10.10,3.43
C0235,2016,89.33,24.06,1.18
C0235,2017,63.79,28.50,2.31
C0235,2018,58.18,31.85,2.40
C0235,2019,51.30,25.13,2.59
C0235,2020,69.74,15.15,1.46
C0235,2021,51.29,23.79,1.00
C0235,2022,68.21,42.87,3.60
C0235,2023,86.11,23.43,4.68
C0235,2024,69.92,33.69,2.15
C0236,2015,51.73,37.24,4.47
C0236,2016,60.57,39.30,4.66
C0236,2017,51.95,29.52,3.06
C0236,2018,85.28,15.03,3.63
C0236,2019,59.60,46.02,2.57
C0236,2020,52.60,20.41,2.88
C0236,2021,88.58,23.56,3.95
C0236,2022,69.49,40.95,2.81
C0236,2023,66.23,40.54,3.51
C0236,2024,87.08,45.86,4.72
C0237,2015,71.23,11.35,5.82
C0237,2016,61.26,44.98,5.46
C0237,2017,81.68,41.69,5.57
C0237,2018,60.87,31.00,5.56
C0237,2019,67.71,16.38,2.21
C0237,2020,82.13,31.80,5.73
C0237,2021,87.26,17.76,2.11
C0237,2022,74.24,48.60,5.32
C0237,2023,70.19,38.35,3.91
C0237,2024,53.05,33.85,5.19
C0238,2015,74.68,42.53,5.91
C0238,2016,63.06,31.30,5.38
C0238,2017,70.58,12.41,5.08
C0238,2018,79.78,20.36,2.03
C0238,2019,75.61,49.27,5.30
C0238,2020,53.88,44.03,1.83
C0238,2021,65.89,47.10,3.56
C0238,2022,57.98,13.91,3.51
C0238,2023,56.04,19.92,3.59
C0238,2024,58.81,12.53,4.62
C0239,2015,86.83,42.89,2.98
C0239,2016,78.50,16.96,3.28
C0239,2017,86.32,26.40,4.30
C0239,2018,70.26,20.78,4.41
C0239,2019,50.04,47.21,3.19
C0239,2020,51.38,34.34,1.26
C0239,2021,55.79,41.98,2.30
C0239,2022,81.23,34.09,5.72
C0239,2023,58.07,34.50,5.64
C0239,2024,54.06,25.32,4.25
C0240,2015,84.44,19.56,1.93
C0240,2016,59.14,23.94,1.48
C0240,2017,70.10,21.79,5.75
C0240,2018,63.58,37.65,5.37
C0240,2019,85.86,26.90,2.99
C0240,2020,78.19,32.01,4.15
C0240,2021,68.16,40.84,5.57
C0240,2022,84.52,20.66,1.69
C0240,2023,79.07,26.95,4.18
C0240,2024,82.36,30.78,5.60
C0241,2015,89.10,12.15,5.18
C0241,2016,58.13,16.09,2.44
C0241,2017,58.10,12.54,5.76
C0241,2018,72.26,40.09,2.02
C0241,2019,71.30,22.00,2.04
C0241,2020,84.76,26.90,1.48
C0241,2021,56.24,36.89,1.59
C0241,2022,67.00,48.66,4.81
C0241,2023,71.12,42.44,2.38
C0241,2024,68.57,12.31,5.35
C0242,2015,52.68,22.23,5.29
C0242,2016,55.91,11.96,1.58
C0242,2017,56.14,12.47,3.66
C0242,2018,73.84,15.10,4.70
C0242,2019,67.15,22.84,4.41
C0242,2020,57.13,19.26,1.52
C0242,2021,79.47,24.09,2.61
C0242,2022,82.12,42.88,4.06
C0242,2023,58.41,41.91,3.92
C0242,2024,78.91,24.03,5.07
C0243,2015,52.54,36.39,1.28
C0243,2016,84.24,24.91,3.40
C0243,2017,88.51,25.44,5.24
C0243,2018,56.23,37.03,5.97
C0243,2019,81.45,25.37,1.64
C0243,2020,53.89,31.97,4.23
C0243,2021,88.45,14.61,1.01
C0243,2022,68.08,31.55,2.75
C0243,2023,71.41,39.68,3.22
C0243,2024,80.56,45.53,2.73
C0244,2015,59.95,15.89,4.12
C0244,2016,65.95,26.43,1.08
C0244,2017,52.80,29.45,5.54
C0244,2018,74.58,46.19,2.59
C0244,2019,81.97,20.30,1.75
C0244,2020,84.07,16.63,3.17
C0244,2021,71.45,15.66,3.57
C0244,2022,80.63,16.20,1.26
C0244,2023,56.00,44.78,5.00
C0244,2024,79.74,34.79,4.69
C0245,2015,50.18,26.83,3.56
C0245,2016,57.79,44.67,1.93
C0245,2017,75.39,21.92,5.63
C0245,2018,62.82,47.11,4.97
C0245,2019,66.42,40.35,2.17
C0245,2020,83.04,10.82,4.68
C0245,2021,72.84,28.51,1.51
C0245,2022,65.96,43.70,1.59
C0245,2023,68.63,25.85,3.22
C0245,2024,83.94,49.49,4.51
C0246,2015,69.42,43.86,5.59
C0246,2016,85.01,40.12,5.85
C0246,2017,59.88,15.42,4.46
C0246,2018,71.35,14.31,4.92
C0246,2019,64.76,35.65,3.55
C0246,2020,73.65,36.46,1.28
C0246,2021,73.02,15.90,1.63
C0246,2022,72.85,44.16,5.85
C0246,2023,71.11,44.95,2.97
C0246,2024,68.18,26.66,4.86
C0247,2015,86.41,34.31,2.10
C0247,2016,60.72,30.43,3.66
C0247,2017,67.36,11.43,1.76
C0247,2018,58.45,13.62,5.04
C0247,2019,63.29,41.19,1.84
C0247,2020,59.96,29.53,4.53
C0247,2021,76.79,34.44,1.75
C0247,2022,78.30,34.51,5.09
C0247,2023,61.07,25.18,3.51
C0247,2024,89.34,11.18,3.06
C0248,2015,61.37,41.48,2.68
C0248,2016,83.14,28.74,4.44
C0248,2017,61.70,15.56,1.44
C0248,2018,66.53,10.84,5.28
C0248,2019,76.59,10.70,4.81
C0248,2020,72.31,11.33,2.86
C0248,2021,70.25,16.20,5.89
C0248,2022,81.77,19.26,5.16
C0248,2023,78.31,19.89,2.35
C0248,2024,86.57,35.29,5.44
C0249,2015,59.23,19.66,1.49
C0249,2016,50.65,36.96,4.45
C0249,2017,89.99,42.93,1.66
C0249,2018,61.34,25.39,5.88
C0249,2019,51.72,38.73,1.25
C0249,2020,59.89,14.17,2.16
C0249,2021,76.75,23.12,3.65
C0249,2022,73.52,37.31,3.92
C0249,2023,58.27,47.27,3.56
C0249,2024,57.45,34.62,4.70
C0250,2015,67.77,24.55,1.01
C0250,2016,50.54,22.55,3.82
C0250,2017,50.10,25.66,4.07
C0250,2018,74.67,36.12,2.05
C0250,2019,63.01,23.08,4.30
C0250,2020,50.96,28.80,4.27
C0250,2021,68.39,40.36,3.65
C0250,2022,87.42,19.51,2.30
C0250,2023,60.20,38.66,3.08
C0250,2024,60.04,40.46,2.36
C0251,2015,68.72,44.55,4.85
C0251,2016,55.94,10.95,4.09
C0251,2017,75.52,14.55,1.76
C0251,2018,83.57,48.19,3.84
C0251,2019,57.78,15.03,5.52
C0251,2020,76.35,29.51,5.16
C0251,2021,85.52,16.68,5.46
C0251,2022,86.12,42.48,5.59
C0251,2023,72.12,13.86,1.94
C0251,2024,56.09,13.42,4.60
C0252,2015,76.37,30.19,4.22
C0252,2016,79.39,19.53,1.17
C0252,2017,80.17,36.46,4.89
C0252,2018,87.37,37.39,2.04
C0252,2019,74.61,33.44,5.59
C0252,2020,68.64,43.39,5.18
C0252,2021,70.10,37.89,4.84
C0252,2022,62.86,17.50,4.48
C0252,2023,52.29,13.14,3.35
C0252,2024,78.70,39.91,4.99
C0253,2015,50.79,39.60,5.10
C0253,2016,52.56,44.01,1.49
C0253,2017,63.37,18.09,2.66
C0253,2018,87.24,18.93,2.58
C0253,2019,69.33,33.07,1.62
C0253,2020,58.61,16.22,5.88
C0253,2021,85.88,21.85,3.92
C0253,2022,72.87,42.50,3.95
C0253,2023,64.79,23.37,2.91
C0253,2024,78.63,10.45,4.84
C0254,2015,67.64,36.03,3.38
C0254,2016,79.20,17.22,4.71
C0254,2017,58.74,17.83,5.39
C0254,2018,56.01,10.66,4.28
C0254,2019,68.44,33.12,4.12
C0254,2020,62.78,32.48,4.93
C0254,2021,74.21,13.86,3.52
C0254,2022,81.55,12.02,5.06
C0254,2023,86.06,29.63,1.46
C0254,2024,80.42,41.25,2.21
C0255,2015,63.67,48.15,5.62
C0255,2016,79.09,13.01,1.86
C0255,2017,71.20,38.33,3.27
C0255,2018,86.24,17.66,3.40
C0255,2019,78.28,11.36,3.09
C0255,2020,56.01,23.39,5.33
C0255,2021,53.12,32.96,4.75
C0255,2022,71.75,34.05,5.05
C0255,2023,64.60,11.97,5.96
C0255,2024,56.72,47.11,5.87
C0256,2015,81.91,12.18,5.46
C0256,2016,65.02,18.69,3.83
C0256,2017,53.44,27.30,2.51
C0256,2018,60.49,47.83,4.62
C0256,2019,77.08,49.65,5.75
C0256,2020,75.92,10.01,5.95
C0256,2021,60.50,18.98,4.07
C0256,2022,63.65,30.05,4.50
C0256,2023,51.99,37.78,2.39
C0256,2024,88.13,36.27,2.01
C0257,2015,63.09,20.06,4.19
C0257,2016,87.18,17.90,2.13
C0257,2017,82.56,10.57,2.98
C0257,2018,63.41,43.71,3.46
C0257,2019,77.77,25.15,5.66
C0257,2020,68.95,44.57,5.89
C0257,2021,89.07,22.95,2.24
C0257,2022,75.54,40.24,1.66
C0257,2023,70.76,12.79,2.12
C0257,2024,75.52,42.46,3.59
C0258,2015,58.81,45.64,4.91
C0258,2016,62.26,20.60,3.61
C0258,2017,78.51,15.67,5.67
C0258,2018,53.35,17.85,4.19
C0258,2019,62.10,44.71,3.42
C0258,2020,74.78,21.45,4.85
C0258,2021,89.83,19.25,5.77
C0258,2022,87.03,49.16,2.67
C0258,2023,83.29,36.80,2.38
C0258,2024,70.03,43.29,2.07
C0259,2015,82.19,39.88,3.68
C0259,2016,72.36,24.96,3.34
C0259,2017,68.34,44.51,2.24
C0259,2018,58.94,33.53,4.61
C0259,2019,88.04,36.30,2.49
C0259,2020,73.93,23.04,4.78
C0259,2021,77.01,49.25,5.19
C0259,2022,55.64,44.18,5.33
C0259,2023,67.23,15.92,1.73
C0259,2024,88.59,18.16,2.53
C0260,2015,80.31,39.94,3.62
C0260,2016,85.31,11.03,5.23
C0260,2017,65.84,23.42,3.01
C0260,2018,52.66,31.30,4.30
C0260,2019,64.06,18.20,3.27
C0260,2020,65.04,44.93,1.15
C0260,2021,62.04,45.57,2.58
C0260,2022,71.07,48.27,4.78
C0260,2023,57.69,15.85,4.65
C0260,2024,87.51,13.17,5.42
C0261,2015,86.30,32.24,3.96
C0261,2016,60.46,41.70,4.83
C0261,2017,76.06,21.64,3.08
C0261,2018,70.05,19.64,2.75
C0261,2019,60.00,30.71,2.70
C0261,2020,85.88,29.28,1.80
C0261,2021,59.24,29.18,3.19
C0261,2022,74.98,26.21,5.05
C0261,2023,63.41,39.08,1.06
C0261,2024,83.04,34.59,3.87
C0262,2015,74.81,29.51,1.86
C0262,2016,83.30,38.83,4.72
C0262,2017,63.91,20.47,1.70
C0262,2018,50.45,45.67,1.82
C0262,2019,58.87,25.37,1.21
C0262,2020,82.58,23.10,3.21
C0262,2021,62.67,31.69,4.24
C0262,2022,62.79,20.82,2.44
C0262,2023,67.99,20.75,1.21
C0262,2024,60.99,13.11,5.66
C0263,2015,82.28,36.08,5.30
C0263,2016,62.87,46.51,3.31
C0263,2017,74.16,37.41,5.12
C0263,2018,68.04,32.71,5.01
C0263,2019,61.49,38.47,3.81
C0263,2020,60.61,48.66,3.63
C0263,2021,70.08,23.46,4.26
C0263,2022,58.43,27.23,4.61
C0263,2023,63.83,21.45,5.10
C0263,2024,51.58,10.67,3.87
C0264,2015,81.61,23.90,4.73
C0264,2016,51.75,12.86,1.93
C0264,2017,84.89,44.34,4.73
C0264,2018,51.90,38.62,1.29
C0264,2019,83.93,22.16,4.29
C0264,2020,75.77,23.12,4.56
C0264,2021,70.24,32.78,5.84
C0264,2022,55.80,41.92,3.11
C0264,2023,60.27,38.75,1.57
C0264,2024,77.61,11.15,2.67
C0265,2015,70.49,41.41,3.10
C0265,2016,70.57,45.25,4.85
C0265,2017,55.33,13.60,1.93
C0265,2018,69.00,40.80,1.85
C0265,2019,73.61,20.07,2.10
C0265,2020,54.89,16.95,2.15
C0265,2021,88.97,31.76,5.62
C0265,2022,83.20,32.11,1.80
C0265,2023,62.70,28.84,3.06
C0265,2024,72.54,46.07,3.02
C0266,2015,72.36,19.66,1.64
C0266,2016,54.27,34.10,1.54
C0266,2017,67.53,26.39,5.55
C0266,2018,58.31,44.95,5.18
C0266,2019,63.33,15.31,5.67
C0266,2020,87.75,13.32,2.59
C0266,2021,72.05,49.71,3.63
C0266,2022,52.68,33.09,2.28
C0266,2023,76.89,46.48,2.96
C0266,2024,89.95,26.33,4.97
C0267,2015,56.71,34.17,3.38
C0267,2016,77.32,37.76,1.55
C0267,2017,82.97,49.44,1.02
C0267,2018,83.76,14.51,2.18
C0267,2019,78.30,14.99,1.92
C0267,2020,86.39,30.93,4.97
C0267,2021,51.28,12.23,4.33
C0267,2022,52.57,39.10,5.19
C0267,2023,55.38,49.63,3.09
C0267,2024,51.73,42.46,3.92
C0268,2015,54.80,20.63,3.09
C0268,2016,82.68,41.98,2.11
C0268,2017,85.86,35.12,4.15
C0268,2018,63.44,14.78,2.94
C0268,2019,88.29,32.64,2.25
C0268,2020,66.74,45.87,5.69
C0268,2021,56.88,21.60,1.54
C0268,2022,77.25,36.36,4.88
C0268,2023,66.81,11.66,3.75
C0268,2024,50.78,43.37,4.82
C0269,2015,88.65,18.24,1.45
C0269,2016,73.92,34.35,2.95
C0269,2017,74.53,30.97,4.98
C0269,2018,89.31,31.93,5.08
C0269,2019,83.34,20.15,4.94
C0269,2020,64.51,32.36,4.72
C0269,2021,51.67,34.11,2.88
C0269,2022,58.90,27.02,4.58
C0269,2023,64.06,35.33,1.55
C0269,2024,88.41,17.66,1.81
C0270,2015,85.55,30.50,3.70
C0270,2016,50.86,38.67,3.75
C0270,2017,89.49,24.72,3.36
C0270,2018,60.28,26.45,4.67
C0270,2019,81.01,16.57,3.82
C0270,2020,54.66,34.66,1.33
C0270,2021,58.81,14.94,5.44
C0270,2022,70.22,30.03,4.14
C0270,2023,78.14,18.42,5.48
C0270,2024,63.82,17.77,3.15
C0271,2015,84.93,13.83,1.01
C0271,2016,87.61,24.30,4.81
C0271,2017,54.90,44.70,3.83
C0271,2018,78.74,34.20,1.10
C0271,2019,55.28,41.16,3.86
C0271,2020,63.63,14.58,5.66
C0271,2021,82.78,22.53,2.04
C0271,2022,63.45,25.54,2.41
C0271,2023,86.30,44.40,4.25
C0271,2024,66.46,36.58,5.10
C0272,2015,62.39,29.62,4.21
C0272,2016,89.56,22.02,4.36
C0272,2017,67.66,40.40,2.63
C0272,2018,79.64,45.53,1.05
C0272,2019,73.98,31.47,5.20
C0272,2020,58.10,11.74,5.98
C0272,2021,70.01,20.87,5.33
C0272,2022,53.10,39.83,2.99
C0272,2023,78.35,25.50,2.76
C0272,2024,70.76,35.04,5.80
C0273,2015,54.90,30.98,5.94
C0273,2016,80.67,46.31,4.06
C0273,2017,82.18,22.28,3.57
C0273,2018,79.35,27.84,3.58
C0273,2019,63.16,12.59,2.01
C0273,2020,78.93,42.20,4.64
C0273,2021,73.11,23.03,1.86
C0273,2022,71.76,38.88,2.05
C0273,2023,75.95,10.12,4.37
C0273,2024,75.20,44.70,5.35
C0274,2015,81.97,48.88,4.33
C0274,2016,89.44,28.80,3.37
C0274,2017,79.05,29.30,4.48
C0274,2018,67.67,34.65,3.27
C0274,2019,68.47,49.00,4.27
C0274,2020,51.17,32.34,4.90
C0274,2021,56.40,12.95,1.07
C0274,2022,59.13,32.61,2.09
C0274,2023,89.61,26.76,4.52
C0274,2024,80.52,40.43,3.01
C0275,2015,55.66,22.13,3.61
C0275,2016,69.93,46.98,4.43
C0275,2017,58.54,42.00,3.63
C0275,2018,61.90,23.06,5.18
C0275,2019,74.18,24.08,2.90
C0275,2020,73.96,30.71,4.46
C0275,2021,84.87,13.98,3.13
C0275,2022,56.58,37.60,3.65
C0275,2023,69.90,34.37,1.57
C0275,2024,73.95,22.75,5.16
C0276,2015,87.22,35.52,2.60
C0276,2016,70.66,13.93,2.51
C0276,2017,63.63,48.08,1.44
C0276,2018,61.69,12.68,3.53
C0276,2019,58.64,23.15,3.09
C0276,2020,88.49,48.82,1.49
C0276,2021,74.12,25.93,4.76
C0276,2022,62.14,45.42,1.33
C0276,2023,79.80,16.04,1.73
C0276,2024,61.57,12.67,3.30
C0277,2015,70.15,14.33,2.79
C0277,2016,51.04,48.88,2.38
C0277,2017,83.86,13.55,3.82
C0277,2018,88.26,36.07,3.62
C0277,2019,84.63,27.62,3.16
C0277,2020,56.84,44.43,4.88
C0277,2021,83.01,21.77,3.49
C0277,2022,63.88,11.16,5.89
C0277,2023,87.45,39.94,5.01
C0277,2024,61.96,33.55,1.53
C0278,2015,53.58,27.38,2.37
C0278,2016,84.12,22.92,3.68
C0278,2017,54.67,45.98,3.34
C0278,2018,71.66,14.87,1.23
C0278,2019,65.04,15.65,3.64
C0278,2020,80.27,10.59,4.03
C0278,2021,79.96,12.90,3.32
C0278,2022,81.05,44.29,5.33
C0278,2023,52.53,41.75,3.78
C0278,2024,84.34,14.10,4.93
C0279,2015,68.65,41.19,3.93
C0279,2016,58.77,35.64,5.55
C0279,2017,61.96,25.50,2.07
C0279,2018,86.11,13.37,5.16
C0279,2019,50.24,34.09,3.24
C0279,2020,82.07,43.59,4.49
C0279,2021,86.96,26.83,3.83
C0279,2022,60.00,26.98,1.54
C0279,2023,82.88,43.07,3.18
C0279,2024,56.44,18.42,4.37
C0280,2015,50.65,16.90,5.49
C0280,2016,74.18,37.82,2.09
C0280,2017,75.85,36.26,2.78
C0280,2018,56.01,46.49,2.80
C0280,2019,70.50,23.37,3.62
C0280,2020,65.42,18.08,5.32
C0280,2021,53.05,27.15,2.98
C0280,2022,70.31,25.35,1.73
C0280,2023,73.41,47.52,3.53
C0280,2024,58.69,46.70,1.19
C0281,2015,79.59,27.13,2.72
C0281,2016,52.90,26.50,3.57
C0281,2017,72.04,27.80,3.59
C0281,2018,62.14,39.24,5.10
C0281,2019,67.44,32.00,5.01
C0281,2020,85.74,21.52,2.41
C0281,2021,76.80,40.75,2.51
C0281,2022,55.96,46.15,5.91
C0281,2023,85.45,38.71,2.96
C0281,2024,64.91,17.79,1.71
C0282,2015,63.65,41.67,4.28
C0282,2016,70.06,49.56,2.22
C0282,2017,58.21,37.41,4.02
C0282,2018,86.57,19.76,5.11
C0282,2019,68.72,10.22,1.87
C0282,2020,65.75,25.42,3.26
C0282,2021,56.84,28.81,2.91
C0282,2022,82.11,46.39,6.00
C0282,2023,88.11,34.79,4.56
C0282,2024,84.78,21.26,1.41
C0283,2015,56.46,37.67,2.14
C0283,2016,80.06,13.69,1.79
C0283,2017,58.17,18.54,1.08
C0283,2018,51.55,39.78,2.58
C0283,2019,69.38,21.89,2.62
C0283,2020,76.82,11.25,2.17
C0283,2021,54.97,29.87,3.77
C0283,2022,74.22,36.32,2.09
C0283,2023,83.75,41.56,5.71
C0283,2024,58.36,22.24,4.66
C0284,2015,67.11,26.98,1.61
C0284,2016,69.95,32.26,2.34
C0284,2017,83.25,12.99,5.91
C0284,2018,80.86,17.91,2.00
C0284,2019,80.77,24.77,1.58
C0284,2020,77.16,20.69,2.16
C0284,2021,74.71,28.63,4.57
C0284,2022,70.36,36.03,3.59
C0284,2023,64.78,31.59,1.34
C0284,2024,70.53,40.97,2.81
C0285,2015,84.15,35.05,1.43
C0285,2016,72.82,21.68,2.45
C0285,2017,89.42,14.80,1.85
C0285,2018,55.70,35.59,2.10
C0285,2019,67.65,18.48,4.89
C0285,2020,58.01,22.75,4.92
C0285,2021,64.60,41.81,4.66
C0285,2022,81.59,18.80,4.44
C0285,2023,82.99,31.51,2.23
C0285,2024,51.27,13.79,3.20
C0286,2015,88.13,26.66,3.30
C0286,2016,84.87,49.21,3.67
C0286,2017,86.20,48.18,5.28
C0286,2018,65.07,47.86,5.44
C0286,2019,69.88,33.81,2.08
C0286,2020,56.74,21.79,3.16
C0286,2021,65.87,24.20,1.74
C0286,2022,55.05,18.24,4.24
C0286,2023,84.53,13.90,3.86
C0286,2024,73.25,16.75,5.25
C0287,2015,55.44,28.69,3.59
C0287,2016,85.16,11.08,4.91
C0287,2017,53.21,47.57,2.59
C0287,2018,87.08,32.46,4.47
C0287,2019,54.23,16.94,1.20
C0287,2020,78.72,26.65,1.76
C0287,2021,75.81,25.05,3.23
C0287,2022,81.31,43.41,5.43
C0287,2023,72.59,14.82,5.43
C0287,2024,64.00,27.19,3.99
C0288,2015,60.98,38.45,1.65
C0288,2016,87.82,24.93,4.40
C0288,2017,67.65,24.30,1.88
C0288,2018,83.69,23.62,2.75
C0288,2019,78.92,40.48,2.57
C0288,2020,76.25,14.77,5.42
C0288,2021,88.82,44.27,4.47
C0288,2022,72.62,12.84,1.36
C0288,2023,79.32,22.76,5.22
C0288,2024,83.99,25.56,3.15
C0289,2015,51.84,25.74,4.77
C0289,2016,89.85,17.51,4.88
C0289,2017,60.49,34.13,5.99
C0289,2018,78.10,28.14,2.73
C0289,2019,88.14,32.70,5.32
C0289,2020,80.53,34.60,2.43
C0289,2021,59.18,17.65,5.98
C0289,2022,64.49,46.81,3.05
C0289,2023,66.57,43.20,4.30
C0289,2024,73.45,43.14,5.97
C0290,2015,74.12,31.27,2.00
C0290,2016,81.52,42.80,4.12
C0290,2017,84.39,35.10,5.99
C0290,2018,53.58,28.02,5.72
C0290,2019,60.93,40.10,2.10
C0290,2020,63.75,34.00,1.49
C0290,2021,50.53,10.08,3.13
C0290,2022,66.70,49.88,4.82
C0290,2023,64.35,27.19,4.95
C0290,2024,71.02,32.87,4.04
C0291,2015,54.01,26.24,4.07
C0291,2016,66.56,14.01,1.60
C0291,2017,73.90,43.36,3.21
C0291,2018,82.15,37.30,3.88
C0291,2019,80.66,43.14,4.42
C0291,2020,66.19,29.36,1.46
C0291,2021,65.58,41.67,4.45
C0291,2022,51.50,41.91,5.71
C0291,2023,53.31,23.45,4.93
C0291,2024,84.90,10.16,4.12
C0292,2015,82.24,44.39,1.49
C0292,2016,50.84,17.39,4.97
C0292,2017,85.31,44.75,4.31
C0292,2018,74.56,34.73,3.74
C0292,2019,82.08,35.39,5.01
C0292,2020,70.10,19.89,4.37
C0292,2021,56.03,26.10,3.35
C0292,2022,64.28,22.48,2.17
C0292,2023,68.00,17.61,3.52
C0292,2024,80.16,38.98,1.77
C0293,2015,82.51,13.83,1.30
C0293,2016,79.66,30.48,2.17
C0293,2017,69.07,31.44,2.84
C0293,2018,76.55,48.22,4.23
C0293,2019,61.82,44.78,3.50
C0293,2020,89.51,29.67,4.68
C0293,2021,56.73,43.77,4.69
C0293,2022,78.94,41.62,4.53
C0293,2023,56.20,11.12,3.74
C0293,2024,61.23,46.89,4.32
C0294,2015,79.95,37.52,5.89
C0294,2016,79.16,36.88,4.53
C0294,2017,54.98,38.54,4.71
C0294,2018,77.14,18.99,2.46
C0294,2019,58.15,11.17,3.39
C0294,2020,88.92,19.27,3.18
C0294,2021,74.12,41.78,2.77
C0294,2022,50.14,33.89,3.30
C0294,2023,58.34,24.45,3.99
C0294,2024,59.18,19.66,4.12
C0295,2015,59.88,41.99,5.20
C0295,2016,72.28,28.31,4.28
C0295,2017,58.22,34.47,5.35
C0295,2018,66.51,10.50,4.28
C0295,2019,56.93,27.20,2.75
C0295,2020,76.68,10.62,4.15
C0295,2021,72.75,41.50,4.65
C0295,2022,75.15,19.97,4.43
C0295,2023,88.70,16.68,5.25
C0295,2024,65.97,47.06,5.53
C0296,2015,58.62,10.72,2.68
C0296,2016,89.95,17.91,1.39
C0296,2017,52.32,19.62,4.28
C0296,2018,82.41,42.91,1.55
C0296,2019,56.49,38.40,5.42
C0296,2020,76.59,48.70,5.11
C0296,2021,68.95,37.79,4.57
C0296,2022,83.56,19.45,5.63
C0296,2023,79.24,16.67,5.44
C0296,2024,56.89,40.22,5.61
C0297,2015,76.61,46.04,4.68
C0297,2016,58.68,46.47,2.84
C0297,2017,56.77,40.84,1.24
C0297,2018,53.36,41.77,1.31
C0297,2019,54.55,36.49,4.97
C0297,2020,78.16,39.43,1.96
C0297,2021,89.68,14.64,2.57
C0297,2022,77.03,23.17,3.93
C0297,2023,78.34,28.32,1.66
C0297,2024,81.31,36.57,5.93
C0298,2015,85.56,26.71,5.09
C0298,2016,60.71,25.00,3.92
C0298,2017,74.18,32.54,5.54
C0298,2018,58.67,25.78,3.47
C0298,2019,71.03,12.90,5.48
C0298,2020,58.35,48.78,5.13
C0298,2021,52.56,47.05,1.07
C0298,2022,53.53,11.56,4.98
C0298,2023,89.05,31.17,4.92
C0298,2024,50.24,38.51,2.59
C0299,2015,77.61,34.39,3.47
C0299,2016,85.49,24.14,1.69
C0299,2017,65.75,42.13,4.33
C0299,2018,78.32,34.59,4.37
C0299,2019,63.96,19.56,5.91
C0299,2020,71.16,34.45,4.61
C0299,2021,87.43,20.99,3.24
C0299,2022,51.69,33.83,1.90
C0299,2023,60.69,40.57,4.94
C0299,2024,54.24,22.10,2.77
C0300,2015,69.84,21.30,5.72
C0300,2016,80.82,39.07,2.39
C0300,2017,89.06,30.33,1.98
C0300,2018,56.22,15.55,4.10
C0300,2019,51.76,31.83,5.58
C0300,2020,55.53,36.53,1.71
C0300,2021,88.75,29.65,1.21
C0300,2022,62.81,34.97,5.84
C0300,2023,60.69,24.59,1.68
C0300,2024,79.40,45.11,4.04
C0301,2015,54.83,19.60,2.00
C0301,2016,63.96,21.25,1.84
C0301,2017,55.79,40.95,1.78
C0301,2018,88.97,12.31,4.55
C0301,2019,61.40,49.50,4.80
C0301,2020,60.77,35.16,1.60
C0301,2021,75.38,42.30,1.68
C0301,2022,50.66,33.36,5.67
C0301,2023,76.14,41.45,3.94
C0301,2024,68.15,27.37,4.91
C0302,2015,57.37,33.07,1.40
C0302,2016,69.45,36.48,1.26
C0302,2017,89.96,46.08,2.98
C0302,2018,83.55,11.39,3.78
C0302,2019,88.97,14.36,2.86
C0302,2020,87.04,37.63,4.57
C0302,2021,82.82,23.77,4.35
C0302,2022,63.39,37.11,3.23
C0302,2023,79.20,19.11,1.40
C0302,2024,65.66,35.13,3.98
C0303,2015,67.18,29.12,2.21
C0303,2016,84.94,14.92,2.93
C0303,2017,58.21,47.18,1.07
C0303,2018,61.86,41.69,3.61
C0303,2019,87.22,41.24,4.49
C0303,2020,77.98,37.88,3.89
C0303,2021,52.60,10.85,4.76
C0303,2022,54.86,30.18,6.00
C0303,2023,73.18,40.04,4.16
C0303,2024,81.95,18.67,2.11
C0304,2015,81.71,34.61,3.86
C0304,2016,67.00,47.18,2.23
C0304,2017,60.34,40.12,2.65
C0304,2018,81.51,31.91,2.76
C0304,2019,87.76,22.40,3.60
C0304,2020,67.77,35.46,3.62
C0304,2021,55.49,38.58,4.34
C0304,2022,74.39,35.51,3.19
C0304,2023,52.87,40.22,1.94
C0304,2024,74.46,21.17,3.45
C0305,2015,56.92,30.31,4.98
C0305,2016,70.64,31.95,4.51
C0305,2017,75.02,13.60,1.58
C0305,2018,67.87,17.06,5.74
C0305,2019,83.09,22.26,2.53
C0305,2020,64.99,11.91,3.93
C0305,2021,56.20,19.34,1.16
C0305,2022,68.56,30.89,5.55
C0305,2023,88.54,31.67,4.42
C0305,2024,85.21,19.98,2.38
C0306,2015,62.44,47.86,4.42
C0306,2016,59.71,28.69,2.46
C0306,2017,69.33,35.49,2.30
C0306,2018,76.21,11.21,3.23
C0306,2019,87.07,25.97,4.00
C0306,2020,74.53,31.68,2.05
C0306,2021,83.44,22.49,4.71
C0306,2022,77.84,16.85,3.89
C0306,2023,54.06,18.05,1.04
C0306,2024,85.67,28.66,3.75
C0307,2015,57.98,12.84,3.10
C0307,2016,64.67,19.38,4.35
C0307,2017,83.61,38.78,5.49
C0307,2018,89.17,18.59,2.31
C0307,2019,62.42,14.68,4.37
C0307,2020,65.33,13.35,1.76
C0307,2021,69.42,49.55,1.43
C0307,2022,69.92,13.47,5.66
C0307,2023,80.01,27.34,5.31
C0307,2024,82.68,30.44,3.51
C0308,2015,89.64,48.58,1.69
C0308,2016,82.17,45.64,2.32
C0308,2017,61.99,19.51,3.84
C0308,2018,64.33,13.39,4.26
C0308,2019,74.72,27.52,4.45
C0308,2020,77.47,14.04,4.74
C0308,2021,53.60,44.84,2.05
C0308,2022,63.75,38.15,2.48
C0308,2023,58.11,47.75,1.06
C0308,2024,70.31,32.78,1.37
C0309,2015,56.75,24.58,2.55
C0309,2016,73.23,30.03,1.93
C0309,2017,68.69,16.43,3.46
C0309,2018,66.16,28.52,5.24
C0309,2019,75.96,49.95,4.61
C0309,2020,66.65,37.62,4.77
C0309,2021,65.97,12.49,4.00
C0309,2022,76.04,39.03,4.50
C0309,2023,52.29,14.03,1.90
C0309,2024,67.30,25.63,3.76
C0310,2015,57.82,41.45,3.85
C0310,2016,51.54,15.12,4.14
C0310,2017,51.39,21.71,4.90
C0310,2018,56.70,17.81,5.72
C0310,2019,67.36,44.80,4.56
C0310,2020,72.67,15.92,5.61
C0310,2021,81.84,31.43,3.75
C0310,2022,74.31,21.01,2.45
C0310,2023,70.80,30.29,4.29
C0310,2024,51.45,16.69,5.90
C0311,2015,61.92,40.30,4.55
C0311,2016,77.69,35.72,5.85
C0311,2017,60.82,11.74,1.11
C0311,2018,73.77,47.90,2.29
C0311,2019,74.16,45.72,2.37
C0311,2020,62.21,21.91,3.13
C0311,2021,72.86,21.68,1.15
C0311,2022,54.56,29.97,5.57
C0311,2023,79.08,34.76,4.54
C0311,2024,50.90,21.64,1.42
C0312,2015,51.41,41.81,1.87
C0312,2016,84.81,13.14,4.02
C0312,2017,73.21,25.91,5.54
C0312,2018,56.52,32.23,1.44
C0312,2019,74.07,41.99,3.17
C0312,2020,64.79,44.87,2.00
C0312,2021,60.79,19.78,1.90
C0312,2022,82.45,19.64,4.65
C0312,2023,69.09,24.73,5.13
C0312,2024,61.74,27.10,5.61
C0313,2015,87.75,43.94,4.42
C0313,2016,56.60,10.30,1.33
C0313,2017,55.68,37.40,2.79
C0313,2018,53.89,18.80,3.21
C0313,2019,54.98,45.30,2.38
C0313,2020,60.11,22.69,3.70
C0313,2021,77.94,31.50,2.16
C0313,2022,76.87,23.16,5.50
C0313,2023,80.54,27.01,1.72
C0313,2024,73.02,30.89,3.13
C0314,2015,69.70,39.90,1.62
C0314,2016,67.28,14.83,2.79
C0314,2017,84.99,24.09,3.42
C0314,2018,63.74,35.59,3.77
C0314,2019,85.66,33.55,2.66
C0314,2020,61.02,41.23,5.05
C0314,2021,56.29,45.56,3.58
C0314,2022,60.21,13.76,5.96
C0314,2023,69.96,38.55,1.62
C0314,2024,87.04,21.36,1.92
C0315,2015,57.09,29.26,5.01
C0315,2016,73.20,35.11,3.77
C0315,2017,58.71,16.02,2.80
C0315,2018,77.11,23.86,3.05
C0315,2019,68.60,49.04,3.82
C0315,2020,79.34,15.45,1.43
C0315,2021,84.24,13.33,4.83
C0315,2022,63.39,43.47,3.25
C0315,2023,87.53,27.23,3.06
C0315,2024,68.74,36.99,4.87
C0316,2015,87.47,22.23,3.85
C0316,2016,59.22,17.94,4.77
C0316,2017,85.88,18.50,5.64
C0316,2018,63.35,17.82,5.73
C0316,2019,80.03,19.88,3.15
C0316,2020,88.73,18.85,1.35
C0316,2021,86.49,42.55,1.06
C0316,2022,68.55,31.33,4.53
C0316,2023,63.80,21.86,1.41
C0316,2024,74.51,23.80,2.95
C0317,2015,78.23,48.31,4.31
C0317,2016,71.61,17.35,5.99
C0317,2017,83.94,45.47,2.12
C0317,2018,52.33,39.47,1.05
C0317,2019,73.99,34.54,1.21
C0317,2020,71.01,34.96,2.12
C0317,2021,51.57,26.92,5.97
C0317,2022,50.51,27.55,1.39
C0317,2023,74.25,41.84,4.75
C0317,2024,54.72,42.43,1.75
C0318,2015,80.74,32.85,2.02
C0318,2016,87.97,40.74,1.43
C0318,2017,57.10,42.40,2.14
C0318,2018,81.94,23.28,1.58
C0318,2019,73.66,34.93,1.09
C0318,2020,67.92,27.43,4.99
C0318,2021,76.01,13.92,1.95
C0318,2022,82.09,35.94,1.59
C0318,2023,88.83,33.50,2.36
C0318,2024,76.42,14.10,4.77
C0319,2015,79.88,12.83,2.12
C0319,2016,74.30,19.99,3.71
C0319,2017,72.60,43.34,2.09
C0319,2018,52.59,12.55,2.94
C0319,2019,56.20,28.41,3.61
C0319,2020,65.17,17.16,4.79
C0319,2021,75.98,20.14,2.41
C0319,2022,53.03,40.80,3.23
C0319,2023,71.78,44.02,4.21
C0319,2024,50.53,33.21,2.38
C0320,2015,80.64,44.53,2.10
C0320,2016,76.68,44.27,3.84
C0320,2017,70.83,18.86,5.76
C0320,2018,72.85,35.80,5.55
C0320,2019,87.31,41.13,4.00
C0320,2020,86.27,32.44,3.11
C0320,2021,81.71,42.23,3.83
C0320,2022,63.45,35.15,5.01
C0320,2023,54.29,21.38,1.46
C0320,2024,62.86,37.42,4.91
C0321,2015,80.08,33.52,4.29
C0321,2016,74.44,35.00,2.35
C0321,2017,78.22,13.81,5.38
C0321,2018,54.21,15.03,1.40
C0321,2019,56.34,42.59,5.59
C0321,2020,76.57,27.25,2.94
C0321,2021,64.87,18.61,5.05
C0321,2022,64.77,13.71,1.77
C0321,2023,65.71,20.52,3.84
C0321,2024,81.84,21.81,1.17
C0322,2015,77.96,49.32,2.39
C0322,2016,54.24,43.38,5.15
C0322,2017,63.77,13.14,3.27
C0322,2018,76.95,39.94,4.30
C0322,2019,89.05,32.56,5.04
C0322,2020,86.49,19.14,3.65
C0322,2021,59.93,39.86,3.93
C0322,2022,52.64,11.21,4.83
C0322,2023,72.93,39.26,1.60
C0322,2024,66.25,45.81,1.36
C0323,2015,57.34,45.30,4.11
C0323,2016,76.07,40.89,5.88
C0323,2017,56.41,47.39,4.22
C0323,2018,64.06,38.29,4.53
C0323,2019,81.78,37.47,4.29
C0323,2020,77.37,11.05,4.03
C0323,2021,74.28,16.97,1.99
C0323,2022,87.23,41.26,5.20
C0323,2023,55.02,49.90,3.88
C0323,2024,77.64,38.80,5.89
C0324,2015,54.69,33.19,1.35
C0324,2016,55.45,17.34,2.49
C0324,2017,70.26,47.92,1.50
C0324,2018,50.96,35.99,5.30
C0324,2019,70.04,29.56,5.09
C0324,2020,50.38,44.46,4.87
C0324,2021,74.10,48.13,4.39
C0324,2022,62.48,24.85,1.53
C0324,2023,53.33,30.63,3.03
C0324,2024,81.23,14.60,4.52
C0325,2015,65.60,48.39,2.80
C0325,2016,67.76,14.83,4.59
C0325,2017,64.98,47.16,2.43
C0325,2018,53.35,17.64,3.72
C0325,2019,68.40,46.35,2.77
C0325,2020,76.62,28.09,5.61
C0325,2021,86.14,33.68,3.21
C0325,2022,80.55,11.42,2.43
C0325,2023,53.17,25.78,1.29
C0325,2024,56.63,29.74,1.73
C0326,2015,51.79,10.38,3.82
C0326,2016,54.78,36.43,4.51
C0326,2017,69.22,43.56,5.77
C0326,2018,58.79,10.99,3.98
C0326,2019,75.92,29.70,4.40
C0326,2020,51.29,11.35,4.10
C0326,2021,84.29,44.93,5.51
C0326,2022,77.11,16.43,2.51
C0326,2023,88.76,12.34,4.02
C0326,2024,88.11,44.31,5.80
C0327,2015,77.72,27.78,1.04
C0327,2016,56.32,13.82,2.35
C0327,2017,58.88,35.92,4.79
C0327,2018,61.10,38.22,3.35
C0327,2019,67.07,32.73,1.84
C0327,2020,72.83,23.29,3.86
C0327,2021,77.30,26.98,3.58
C0327,2022,53.03,48.19,3.27
C0327,2023,74.42,31.37,2.71
C0327,2024,52.37,25.88,1.26
C0328,2015,83.08,38.33,4.02
C0328,2016,51.62,13.05,3.59
C0328,2017,65.60,21.61,3.93
C0328,2018,66.80,19.06,1.01
C0328,2019,72.82,37.20,1.41
C0328,2020,53.82,34.16,1.84
C0328,2021,87.32,40.38,3.24
C0328,2022,65.33,27.07,5.04
C0328,2023,65.85,16.96,2.23
C0328,2024,59.72,17.31,5.04
C0329,2015,81.23,45.69,2.18
C0329,2016,50.31,13.00,4.75
C0329,2017,54.25,33.76,5.37
C0329,2018,68.83,19.27,5.08
C0329,2019,88.73,18.57,4.69
C0329,2020,51.42,13.94,1.19
C0329,2021,52.48,49.17,2.65
C0329,2022,78.60,12.44,1.98
C0329,2023,79.42,15.91,3.37
C0329,2024,85.88,24.61,2.77
C0330,2015,73.07,28.23,4.09
C0330,2016,66.14,48.03,3.83
C0330,2017,68.04,19.67,3.15
C0330,2018,67.26,38.84,4.84
C0330,2019,88.94,36.26,1.07
C0330,2020,65.20,30.70,5.33
C0330,2021,53.84,20.64,1.01
C0330,2022,61.59,16.27,3.26
C0330,2023,88.40,17.06,5.41
C0330,2024,67.13,23.84,3.09
C0331,2015,62.64,15.48,4.78
C0331,2016,62.43,49.94,3.01
C0331,2017,50.36,27.83,5.25
C0331,2018,75.32,31.56,6.00
C0331,2019,78.97,34.66,5.49
C0331,2020,64.12,17.83,1.28
C0331,2021,84.91,29.27,1.74
C0331,2022,79.72,12.52,3.71
C0331,2023,74.03,48.77,5.81
C0331,2024,78.15,28.91,3.03
C0332,2015,80.78,11.19,2.39
C0332,2016,71.08,33.96,5.82
C0332,2017,65.91,14.00,4.54
C0332,2018,55.03,41.60,4.85
C0332,2019,66.20,48.13,1.55
C0332,2020,72.00,46.66,2.31
C0332,2021,87.91,27.11,3.52
C0332,2022,56.20,38.50,4.68
C0332,2023,80.28,16.23,2.74
C0332,2024,59.63,13.03,2.02
C0333,2015,88.28,42.84,3.19
C0333,2016,73.79,37.81,3.12
C0333,2017,67.31,46.28,5.36
C0333,2018,63.87,46.58,5.67
C0333,2019,58.08,23.89,1.84
C0333,2020,78.58,22.75,2.40
C0333,2021,75.44,27.68,4.93
C0333,2022,85.61,36.63,2.23
C0333,2023,73.89,10.20,2.32
C0333,2024,56.79,31.38,4.38
C0334,2015,77.31,10.79,3.55
C0334,2016,85.15,28.03,4.52
C0334,2017,89.62,13.29,1.36
C0334,2018,77.40,32.49,3.52
C0334,2019,61.58,22.57,4.36
C0334,2020,72.62,29.16,3.37
C0334,2021,70.60,48.31,1.64
C0334,2022,70.48,23.64,1.67
C0334,2023,53.14,38.77,3.94
C0334,2024,57.78,37.33,1.72
C0335,2015,70.96,44.76,2.52
C0335,2016,81.93,23.38,3.21
C0335,2017,57.27,12.24,3.97
C0335,2018,56.57,48.83,2.33
C0335,2019,80.39,24.49,3.03
C0335,2020,77.62,17.75,2.84
C0335,2021,69.40,46.56,1.49
C0335,2022,52.01,17.62,5.02
C0335,2023,68.91,31.15,4.71
C0335,2024,83.39,40.22,4.92
C0336,2015,50.42,39.24,1.74
C0336,2016,54.10,11.18,3.59
C0336,2017,82.37,18.10,2.65
C0336,2018,71.01,45.54,2.74
C0336,2019,76.49,32.13,1.33
C0336,2020,79.80,37.49,5.73
C0336,2021,62.01,26.09,5.70
C0336,2022,61.92,39.81,3.04
C0336,2023,60.56,21.56,5.27
C0336,2024,56.69,19.28,2.65
C0337,2015,62.19,49.88,3.80
C0337,2016,88.11,16.31,4.72
C0337,2017,53.44,49.25,3.62
C0337,2018,59.63,47.06,1.82
C0337,2019,62.72,38.59,2.90
C0337,2020,56.15,33.28,4.80
C0337,2021,53.10,10.18,4.90
C0337,2022,56.47,35.41,2.69
C0337,2023,71.11,40.90,3.70
C0337,2024,73.87,39.32,2.04
C0338,2015,58.61,16.88,2.26
C0338,2016,70.15,31.78,1.72
C0338,2017,50.25,32.01,3.19
C0338,2018,74.08,36.12,4.60
C0338,2019,50.05,43.24,5.40
C0338,2020,75.71,37.93,3.72
C0338,2021,69.33,15.65,4.26
C0338,2022,54.37,10.76,2.33
C0338,2023,53.54,15.46,2.01
C0338,2024,50.28,11.61,2.98
C0339,2015,72.07,27.47,3.79
C0339,2016,82.26,21.35,1.17
C0339,2017,84.26,10.29,1.46
C0339,2018,72.77,13.21,4.15
C0339,2019,85.49,25.90,2.00
C0339,2020,84.48,47.59,3.27
C0339,2021,77.93,49.79,5.68
C0339,2022,64.52,12.00,5.31
C0339,2023,83.09,43.22,1.32
C0339,2024,65.67,29.21,1.29
C0340,2015,66.13,34.84,1.73
C0340,2016,77.12,30.24,1.58
C0340,2017,87.12,46.98,2.27
C0340,2018,70.00,29.14,2.86
C0340,2019,57.09,16.72,1.41
C0340,2020,55.70,41.19,3.30
C0340,2021,62.09,30.55,3.65
C0340,2022,68.31,14.68,4.31
C0340,2023,61.91,28.46,3.03
C0340,2024,78.48,37.50,2.48
C0341,2015,71.71,21.83,4.22
C0341,2016,66.27,46.48,5.56
C0341,2017,58.54,44.00,2.98
C0341,2018,74.22,32.72,2.47
C0341,2019,76.96,12.17,4.59
C0341,2020,81.37,33.33,5.39
C0341,2021,89.63,26.62,5.80
C0341,2022,59.25,38.96,2.10
C0341,2023,50.60,20.68,2.51
C0341,2024,70.02,34.23,5.53
C0342,2015,86.96,32.18,2.35
C0342,2016,59.95,31.07,2.73
C0342,2017,80.24,14.64,4.20
C0342,2018,62.78,29.60,3.84
C0342,2019,65.65,32.02,5.39
C0342,2020,87.91,47.11,4.06
C0342,2021,68.44,28.43,3.44
C0342,2022,79.01,35.59,1.37
C0342,2023,71.99,32.77,5.88
C0342,2024,80.56,17.81,3.11
C0343,2015,62.69,17.38,3.86
C0343,2016,85.08,39.58,3.51
C0343,2017,71.96,30.92,4.69
C0343,2018,62.37,45.84,4.23
C0343,2019,51.53,46.33,2.71
C0343,2020,50.53,21.88,3.60
C0343,2021,64.13,14.06,5.13
C0343,2022,58.63,23.76,4.17
C0343,2023,52.11,12.68,5.77
C0343,2024,72.11,41.25,4.77
C0344,2015,89.55,15.85,3.43
C0344,2016,66.89,44.65,5.04
C0344,2017,72.08,26.61,3.21
C0344,2018,58.79,21.14,2.07
C0344,2019,58.20,30.06,4.15
C0344,2020,63.13,34.22,2.77
C0344,2021,83.40,38.06,1.12
C0344,2022,88.42,23.53,2.07
C0344,2023,79.59,49.32,1.84
C0344,2024,50.82,26.89,4.97
C0345,2015,67.54,43.38,4.63
C0345,2016,66.83,11.39,4.07
C0345,2017,87.41,41.12,5.67
C0345,2018,79.82,32.05,1.89
C0345,2019,78.58,35.59,1.82
C0345,2020,72.59,24.92,5.55
C0345,2021,75.83,31.79,4.23
C0345,2022,77.94,47.29,3.79
C0345,2023,72.10,25.44,4.70
C0345,2024,83.79,14.23,2.41
C0346,2015,51.48,38.82,3.97
C0346,2016,87.66,30.21,3.13
C0346,2017,80.94,27.00,2.53
C0346,2018,71.16,41.11,5.38
C0346,2019,84.41,32.49,1.80
C0346,2020,83.12,35.26,1.09
C0346,2021,66.78,47.04,2.80
C0346,2022,83.59,12.34,1.99
C0346,2023,57.53,20.50,5.06
C0346,2024,68.77,45.93,1.63
C0347,2015,59.29,41.71,5.69
C0347,2016,54.98,17.54,1.84
C0347,2017,85.78,16.76,5.45
C0347,2018,64.68,43.01,1.84
C0347,2019,77.38,32.11,1.24
C0347,2020,65.00,44.41,3.44
C0347,2021,71.76,46.71,2.78
C0347,2022,63.92,12.78,3.99
C0347,2023,79.71,48.79,4.20
C0347,2024,81.46,38.66,5.67
C0348,2015,67.22,43.38,5.76
C0348,2016,84.38,35.21,3.47
C0348,2017,64.21,22.21,2.04
C0348,2018,80.50,33.98,2.24
C0348,2019,76.00,30.63,1.50
C0348,2020,68.24,47.28,2.40
C0348,2021,85.56,32.20,5.56
C0348,2022,72.89,11.12,2.82
C0348,2023,83.61,37.44,4.15
C0348,2024,79.33,12.02,5.91
C0349,2015,71.30,47.76,1.53
C0349,2016,63.06,29.46,4.88
C0349,2017,88.05,48.72,4.50
C0349,2018,52.27,11.03,5.10
C0349,2019,85.78,31.31,1.69
C0349,2020,70.26,19.05,3.51
C0349,2021,79.95,35.63,4.16
C0349,2022,63.37,29.93,4.80
C0349,2023,65.37,32.64,4.56
C0349,2024,57.63,24.39,3.85
C0350,2015,88.17,12.06,3.35
C0350,2016,51.73,14.24,5.71
C0350,2017,65.47,44.34,1.91
C0350,2018,63.39,38.11,2.02
C0350,2019,82.52,40.78,1.56
C0350,2020,70.06,14.91,1.56
C0350,2021,56.76,11.97,5.37
C0350,2022,70.36,10.69,4.03
C0350,2023,59.44,30.87,5.68
C0350,2024,50.68,30.04,5.43
C0351,2015,71.78,14.43,2.50
C0351,2016,64.42,23.86,4.21
C0351,2017,59.56,31.21,2.90
C0351,2018,56.89,37.03,5.38
C0351,2019,68.15,42.40,4.67
C0351,2020,84.78,35.66,1.62
C0351,2021,80.33,11.20,2.27
C0351,2022,50.19,33.44,4.29
C0351,2023,79.25,13.52,2.23
C0351,2024,52.91,32.60,3.67
C0352,2015,71.92,25.04,2.22
C0352,2016,81.20,21.45,4.41
C0352,2017,68.13,29.27,1.38
C0352,2018,65.07,25.26,4.61
C0352,2019,87.58,43.21,2.69
C0352,2020,51.17,19.06,3.27
C0352,2021,54.24,15.47,3.42
C0352,2022,84.81,43.48,1.97
C0352,2023,85.45,19.74,5.71
C0352,2024,64.91,11.29,1.00
C0353,2015,71.61,25.48,2.86
C0353,2016,56.58,42.76,1.64
C0353,2017,85.37,27.27,2.80
C0353,2018,68.76,28.80,1.52
C0353,2019,72.56,11.89,2.89
C0353,2020,54.72,38.44,1.97
C0353,2021,74.59,23.75,3.77
C0353,2022,77.83,39.14,1.06
C0353,2023,61.79,26.44,3.53
C0353,2024,85.85,31.08,2.41
C0354,2015,58.16,33.58,2.61
C0354,2016,85.90,17.88,2.77
C0354,2017,78.13,21.76,4.26
C0354,2018,83.23,33.42,4.79
C0354,2019,77.96,42.92,2.65
C0354,2020,67.14,48.46,5.62
C0354,2021,63.26,30.97,4.73
C0354,2022,79.36,12.96,3.02
C0354,2023,61.93,48.24,1.49
C0354,2024,52.47,26.83,3.80
C0355,2015,59.88,14.10,4.07
C0355,2016,80.21,48.89,1.68
C0355,2017,81.73,21.22,5.26
C0355,2018,61.06,36.27,2.91
C0355,2019,63.12,15.76,1.76
C0355,2020,71.97,38.78,3.60
C0355,2021,60.48,49.05,3.11
C0355,2022,74.25,49.40,4.21
C0355,2023,61.28,15.05,1.86
C0355,2024,54.84,40.75,1.10
C0356,2015,56.19,36.57,3.38
C0356,2016,60.02,42.06,1.79
C0356,2017,56.72,23.33,1.78
C0356,2018,88.97,26.07,4.39
C0356,2019,76.33,23.67,2.29
C0356,2020,57.17,40.66,5.20
C0356,2021,66.96,42.36,3.57
C0356,2022,60.77,19.97,4.04
C0356,2023,77.38,32.91,2.60
C0356,2024,84.69,15.04,2.12
C0357,2015,66.03,10.53,1.79
C0357,2016,67.15,34.40,4.54
C0357,2017,65.94,43.61,4.45
C0357,2018,67.97,46.26,3.46
C0357,2019,51.43,34.81,4.91
C0357,2020,73.70,42.35,5.01
C0357,2021,88.08,26.17,3.21
C0357,2022,81.41,45.01,4.26
C0357,2023,84.46,40.99,5.56
C0357,2024,59.17,22.34,1.41
C0358,2015,74.29,33.89,1.06
C0358,2016,85.72,12.05,3.37
C0358,2017,52.74,15.86,2.66
C0358,2018,85.09,47.87,1.44
C0358,2019,52.58,10.39,1.75
C0358,2020,89.32,18.13,2.29
C0358,2021,53.36,15.55,1.50
C0358,2022,64.72,37.95,2.60
C0358,2023,52.19,14.23,1.66
C0358,2024,52.27,10.81,4.12
C0359,2015,84.65,47.22,4.48
C0359,2016,52.54,44.91,4.88
C0359,2017,81.70,24.34,5.35
C0359,2018,86.28,14.02,1.02
C0359,2019,87.40,37.13,1.88
C0359,2020,84.56,45.32,5.07
C0359,2021,88.21,48.99,1.15
C0359,2022,52.07,15.20,4.33
C0359,2023,89.86,34.01,1.90
C0359,2024,50.82,27.22,3.53
C0360,2015,56.66,16.27,5.81
C0360,2016,53.24,42.32,4.24
C0360,2017,79.76,41.29,2.84
C0360,2018,53.48,48.59,4.45
C0360,2019,61.71,13.42,1.03
C0360,2020,75.52,19.56,5.75
C0360,2021,69.92,43.10,2.72
C0360,2022,55.45,25.82,5.90
C0360,2023,70.86,29.04,4.38
C0360,2024,63.63,34.46,2.44
C0361,2015,73.44,26.34,4.08
C0361,2016,71.54,11.42,2.90
C0361,2017,89.58,34.16,4.21
C0361,2018,84.54,19.15,4.95
C0361,2019,50.15,48.75,3.35
C0361,2020,57.04,37.61,2.11
C0361,2021,86.53,43.63,5.91
C0361,2022,71.58,48.18,3.06
C0361,2023,80.38,12.53,1.88
C0361,2024,70.14,15.95,4.70
C0362,2015,81.43,42.32,4.28
C0362,2016,55.31,45.39,5.08
C0362,2017,79.52,10.20,1.01
C0362,2018,84.78,47.81,2.74
C0362,2019,60.63,28.18,2.57
C0362,2020,64.73,28.51,5.62
C0362,2021,73.62,45.15,2.75
C0362,2022,84.73,21.58,3.64
C0362,2023,86.31,33.34,1.02
C0362,2024,71.38,23.37,5.04
C0363,2015,76.32,14.54,1.57
C0363,2016,84.92,24.34,5.41
C0363,2017,59.25,16.92,4.68
C0363,2018,83.01,30.84,3.78
C0363,2019,60.47,31.19,4.75
C0363,2020,73.24,27.49,4.96
C0363,2021,87.39,16.95,4.76
C0363,2022,70.46,14.75,4.30
C0363,2023,53.74,14.18,5.40
C0363,2024,85.83,14.49,3.12
C0364,2015,73.40,21.80,3.83
C0364,2016,52.85,10.07,5.85
C0364,2017,50.42,12.49,2.86
C0364,2018,60.45,28.82,4.75
C0364,2019,54.81,17.31,2.96
C0364,2020,75.14,20.54,3.35
C0364,2021,73.87,24.13,2.68
C0364,2022,83.64,11.59,1.77
C0364,2023,70.53,18.80,5.86
C0364,2024,60.12,41.07,3.24
C0365,2015,52.01,23.64,2.40
C0365,2016,50.42,17.45,4.23
C0365,2017,87.03,17.91,1.55
C0365,2018,55.78,49.39,3.72
C0365,2019,69.97,15.94,3.87
C0365,2020,81.79,46.22,1.98
C0365,2021,87.15,13.22,5.80
C0365,2022,58.07,44.98,3.97
C0365,2023,59.28,30.28,2.11
C0365,2024,57.19,34.35,5.17
C0366,2015,56.36,19.84,2.54
C0366,2016,68.20,45.94,4.65
C0366,2017,75.44,33.49,4.14
C0366,2018,78.25,37.03,1.80
C0366,2019,63.09,32.27,1.47
C0366,2020,74.95,15.01,4.04
C0366,2021,50.09,43.45,4.34
C0366,2022,85.53,17.34,1.66
C0366,2023,84.79,21.68,1.86
C0366,2024,71.76,36.78,1.25
C0367,2015,59.73,13.73,1.67
C0367,2016,88.89,47.34,3.94
C0367,2017,82.43,14.97,2.00
C0367,2018,50.68,36.69,2.44
C0367,2019,68.79,35.40,3.78
C0367,2020,54.08,37.92,3.07
C0367,2021,55.29,27.33,5.23
C0367,2022,50.05,25.29,3.86
C0367,2023,77.51,49.11,1.66
C0367,2024,60.10,42.69,2.92
C0368,2015,62.19,29.42,2.29
C0368,2016,51.88,17.29,2.29
C0368,2017,50.32,45.62,2.28
C0368,2018,81.71,35.95,3.09
C0368,2019,76.46,15.43,1.66
C0368,2020,65.29,17.32,2.26
C0368,2021,52.80,31.63,4.51
C0368,2022,81.03,30.15,5.14
C0368,2023,87.05,26.37,1.07
C0368,2024,71.10,27.07,1.42
C0369,2015,55.56,16.89,5.28
C0369,2016,76.10,20.22,2.07
C0369,2017,52.86,29.71,2.56
C0369,2018,56.62,12.55,2.69
C0369,2019,68.83,24.11,5.33
C0369,2020,59.96,18.41,1.81
C0369,2021,87.21,16.99,5.06
C0369,2022,82.35,15.86,3.34
C0369,2023,61.07,15.61,4.92
C0369,2024,88.55,16.42,4.44
C0370,2015,65.13,24.97,4.66
C0370,2016,72.73,14.06,1.57
C0370,2017,72.56,45.88,2.54
C0370,2018,75.98,29.92,2.14
C0370,2019,59.75,30.19,1.63
C0370,2020,86.88,18.44,4.20
C0370,2021,60.63,44.69,4.48
C0370,2022,76.59,43.13,1.71
C0370,2023,80.63,11.37,4.84
C0370,2024,85.26,39.30,2.43
C0371,2015,68.28,17.37,2.88
C0371,2016,78.47,32.22,5.97
C0371,2017,53.42,44.82,1.96
C0371,2018,81.12,47.36,1.59
C0371,2019,80.23,17.38,2.34
C0371,2020,66.42,47.58,5.66
C0371,2021,62.54,12.78,1.60
C0371,2022,65.21,46.37,4.08
C0371,2023,53.62,40.89,4.97
C0371,2024,75.51,46.55,5.61
C0372,2015,86.52,24.65,3.39
C0372,2016,76.63,47.63,3.29
C0372,2017,73.22,42.74,5.14
C0372,2018,89.63,23.13,1.98
C0372,2019,71.67,23.56,3.31
C0372,2020,63.83,24.29,4.19
C0372,2021,78.19,33.55,4.50
C0372,2022,70.86,17.28,1.56
C0372,2023,88.88,27.34,5.34
C0372,2024,85.92,12.71,5.09
C0373,2015,87.87,24.33,2.59
C0373,2016,50.04,36.67,3.38
C0373,2017,63.37,33.58,2.92
C0373,2018,75.09,22.66,5.91
C0373,2019,62.33,20.29,3.92
C0373,2020,76.26,23.08,2.35
C0373,2021,78.60,12.78,4.73
C0373,2022,74.93,20.30,5.11
C0373,2023,68.33,38.32,4.63
C0373,2024,77.87,17.15,1.42
C0374,2015,81.22,15.53,2.44
C0374,2016,77.84,43.84,2.81
C0374,2017,82.48,19.46,2.08
C0374,2018,87.89,20.04,3.41
C0374,2019,54.10,28.52,2.60
C0374,2020,86.26,28.88,1.18
C0374,2021,60.94,17.45,4.26
C0374,2022,72.55,32.25,3.18
C0374,2023,87.69,37.83,1.14
C0374,2024,74.80,29.38,5.66
C0375,2015,53.37,45.82,4.26
C0375,2016,69.97,49.66,1.37
C0375,2017,85.77,31.14,5.45
C0375,2018,66.48,48.91,3.10
C0375,2019,83.92,35.86,2.20
C0375,2020,81.77,31.15,1.23
C0375,2021,86.26,44.80,4.72
C0375,2022,60.52,48.66,5.85
C0375,2023,69.86,49.96,1.93
C0375,2024,63.41,40.37,3.08
C0376,2015,71.37,29.41,2.19
C0376,2016,50.76,21.84,3.86
C0376,2017,59.67,32.32,5.36
C0376,2018,88.96,41.10,1.65
C0376,2019,74.13,11.07,2.49
C0376,2020,56.93,20.71,1.82
C0376,2021,70.33,24.18,2.14
C0376,2022,77.92,41.20,1.65
C0376,2023,74.15,34.54,4.17
C0376,2024,70.08,27.03,1.22
C0377,2015,76.96,46.77,4.64
C0377,2016,56.68,31.53,1.71
C0377,2017,67.53,38.96,2.33
C0377,2018,80.01,36.22,2.73
C0377,2019,73.18,44.34,2.91
C0377,2020,86.25,42.50,1.86
C0377,2021,67.75,49.56,3.44
C0377,2022,55.29,25.17,5.47
C0377,2023,51.95,16.59,3.29
C0377,2024,69.10,40.39,1.14
C0378,2015,67.50,44.99,2.82
C0378,2016,60.26,12.17,3.02
C0378,2017,73.62,23.32,2.42
C0378,2018,60.01,42.29,2.48
C0378,2019,58.65,37.34,1.99
C0378,2020,74.89,40.21,5.78
C0378,2021,87.80,31.73,3.65
C0378,2022,58.11,25.27,3.68
C0378,2023,57.31,42.46,3.13
C0378,2024,70.77,32.18,4.08
C0379,2015,54.78,30.60,3.12
C0379,2016,61.76,39.39,4.44
C0379,2017,89.63,17.63,1.44
C0379,2018,83.64,33.44,1.15
C0379,2019,78.24,22.18,3.81
C0379,2020,51.04,10.86,4.67
C0379,2021,60.60,39.95,4.35
C0379,2022,72.79,28.99,2.99
C0379,2023,78.41,46.13,1.02
C0379,2024,76.74,30.01,1.60
C0380,2015,57.42,10.41,2.96
C0380,2016,68.65,26.35,4.32
C0380,2017,57.94,16.84,2.56
C0380,2018,86.94,46.84,3.66
C0380,2019,72.30,27.83,1.88
C0380,2020,65.61,30.43,1.85
C0380,2021,86.72,24.62,4.71
C0380,2022,86.16,30.89,3.19
C0380,2023,70.16,13.31,5.75
C0380,2024,77.47,28.35,2.06
C0381,2015,62.75,36.54,3.24
C0381,2016,62.31,24.89,1.94
C0381,2017,71.98,25.71,2.28
C0381,2018,83.87,43.50,4.20
C0381,2019,73.89,31.47,5.55
C0381,2020,68.36,33.51,1.64
C0381,2021,76.57,21.87,1.65
C0381,2022,82.49,29.32,5.76
C0381,2023,81.49,12.16,4.68
C0381,2024,64.82,27.21,2.56
C0382,2015,87.43,42.11,3.03
C0382,2016,50.63,16.46,4.94
C0382,2017,68.03,40.58,4.49
C0382,2018,86.30,24.97,4.05
C0382,2019,77.84,11.08,5.32
C0382,2020,78.16,48.13,2.56
C0382,2021,56.26,17.25,2.06
C0382,2022,73.28,23.39,3.05
C0382,2023,88.68,29.23,1.04
C0382,2024,58.46,47.98,3.54
C0383,2015,63.09,33.25,2.83
C0383,2016,65.54,46.21,1.66
C0383,2017,64.40,32.58,5.38
C0383,2018,75.08,18.22,1.97
C0383,2019,59.38,32.57,4.53
C0383,2020,70.23,14.02,4.53
C0383,2021,66.01,14.68,1.21
C0383,2022,75.78,14.63,3.14
C0383,2023,59.68,10.49,3.38
C0383,2024,72.12,16.05,5.09
C0384,2015,79.61,24.12,4.12
C0384,2016,77.72,12.88,1.32
C0384,2017,83.37,10.25,3.24
C0384,2018,88.25,14.49,2.50
C0384,2019,84.16,47.44,1.85
C0384,2020,87.53,31.03,2.38
C0384,2021,50.70,27.40,5.20
C0384,2022,75.16,29.49,4.10
C0384,2023,60.71,32.19,3.18
C0384,2024,82.36,14.31,4.60
C0385,2015,82.76,33.39,5.84
C0385,2016,51.91,43.37,5.64
C0385,2017,73.82,32.43,1.48
C0385,2018,84.04,45.32,2.66
C0385,2019,73.50,15.53,2.57
C0385,2020,67.02,43.04,3.77
C0385,2021,53.07,36.50,1.45
C0385,2022,79.21,34.15,5.61
C0385,2023,52.99,33.55,4.91
C0385,2024,73.92,14.76,1.61
C0386,2015,86.71,35.68,2.27
C0386,2016,66.76,25.95,1.72
C0386,2017,80.81,12.53,3.39
C0386,2018,81.99,18.21,5.45
C0386,2019,50.41,27.70,4.22
C0386,2020,86.60,49.72,4.03
C0386,2021,57.55,27.23,1.37
C0386,2022,61.31,15.99,5.53
C0386,2023,84.83,46.07,2.40
C0386,2024,77.46,11.41,5.50
C0387,2015,64.87,15.07,3.27
C0387,2016,53.52,28.95,3.64
C0387,2017,65.45,13.71,4.02
C0387,2018,88.65,32.86,2.44
C0387,2019,54.18,16.31,5.18
C0387,2020,83.85,36.03,5.79
C0387,2021,63.01,14.71,2.42
C0387,2022,76.18,42.40,1.00
C0387,2023,75.26,39.35,3.63
C0387,2024,63.02,47.02,3.96
C0388,2015,52.17,12.74,1.32
C0388,2016,55.95,32.21,4.36
C0388,2017,72.63,38.35,2.46
C0388,2018,87.95,46.11,5.79
C0388,2019,87.03,29.28,4.91
C0388,2020,54.54,48.05,1.36
C0388,2021,85.01,14.90,5.77
C0388,2022,59.35,27.33,2.14
C0388,2023,86.39,20.13,4.99
C0388,2024,80.34,16.22,4.22
C0389,2015,88.45,21.47,3.68
C0389,2016,67.67,36.59,5.66
C0389,2017,79.26,29.33,4.03
C0389,2018,79.41,17.26,5.29
C0389,2019,69.85,11.27,5.14
C0389,2020,88.98,46.94,4.36
C0389,2021,59.75,22.57,3.45
C0389,2022,89.45,15.10,1.49
C0389,2023,82.48,15.85,1.77
C0389,2024,74.64,20.14,3.66
C0390,2015,53.02,19.23,2.66
C0390,2016,60.37,21.18,2.04
C0390,2017,83.65,19.02,5.84
C0390,2018,79.13,27.23,5.29
C0390,2019,88.51,40.62,3.15
C0390,2020,65.87,11.09,5.36
C0390,2021,85.78,17.62,1.30
C0390,2022,84.47,38.48,1.50
C0390,2023,88.65,15.96,5.74
C0390,2024,60.90,39.65,4.44
C0391,2015,69.78,30.59,4.82
C0391,2016,53.24,45.26,5.16
C0391,2017,73.64,10.41,1.27
C0391,2018,79.29,41.37,4.59
C0391,2019,59.52,32.89,2.78
C0391,2020,56.79,28.76,5.09
C0391,2021,75.58,15.83,2.94
C0391,2022,65.73,19.36,4.84
C0391,2023,67.06,41.44,5.51
C0391,2024,68.84,15.96,2.70
C0392,2015,70.46,31.09,3.35
C0392,2016,57.82,18.31,3.69
C0392,2017,73.11,29.57,4.44
C0392,2018,52.76,20.19,5.22
C0392,2019,54.54,24.04,2.05
C0392,2020,78.46,42.10,5.73
C0392,2021,79.26,11.48,4.93
C0392,2022,60.65,46.97,1.70
C0392,2023,57.39,22.78,2.68
C0392,2024,52.16,33.84,2.26
C0393,2015,66.76,18.87,1.80
C0393,2016,70.36,24.35,4.22
C0393,2017,85.98,28.39,1.33
C0393,2018,50.10,37.55,3.99
C0393,2019,66.23,44.92,5.14
C0393,2020,66.77,44.65,2.81
C0393,2021,85.46,23.48,3.45
C0393,2022,57.84,13.55,1.72
C0393,2023,52.65,47.00,4.60
C0393,2024,65.26,11.23,5.54
C0394,2015,74.49,45.24,4.66
C0394,2016,84.33,11.03,1.61
C0394,2017,60.76,49.06,2.73
C0394,2018,60.05,10.45,1.87
C0394,2019,63.04,10.68,3.95
C0394,2020,54.73,30.35,4.61
C0394,2021,89.09,36.67,5.88
C0394,2022,71.62,24.11,3.51
C0394,2023,60.89,34.24,4.19
C0394,2024,64.47,43.83,1.53
C0395,2015,84.64,41.82,1.78
C0395,2016,76.95,45.36,2.16
C0395,2017,72.13,16.37,1.27
C0395,2018,78.99,18.99,3.04
C0395,2019,80.23,33.51,5.76
C0395,2020,57.77,38.95,4.26
C0395,2021,56.35,14.29,3.18
C0395,2022,88.67,17.03,3.47
C0395,2023,57.43,46.92,1.73
C0395,2024,68.59,11.03,1.48
C0396,2015,89.31,26.07,2.30
C0396,2016,66.69,18.43,2.53
C0396,2017,70.59,40.97,1.61
C0396,2018,81.93,44.54,4.46
C0396,2019,63.62,19.88,5.62
C0396,2020,67.24,33.60,1.87
C0396,2021,63.29,43.73,5.19
C0396,2022,61.50,33.94,2.49
C0396,2023,68.87,34.03,4.03
C0396,2024,79.84,26.51,1.44
C0397,2015,84.69,36.12,2.20
C0397,2016,68.80,48.41,1.79
C0397,2017,62.84,21.99,1.81
C0397,2018,86.46,18.02,5.67
C0397,2019,63.44,48.33,2.82
C0397,2020,81.00,12.41,1.98
C0397,2021,79.94,43.60,1.86
C0397,2022,51.99,46.39,4.36
C0397,2023,57.11,18.78,4.59
C0397,2024,72.91,27.03,5.90
C0398,2015,84.71,14.92,4.13
C0398,2016,73.76,24.68,3.29
C0398,2017,79.71,28.29,2.12
C0398,2018,79.38,30.38,1.20
C0398,2019,69.77,14.90,5.40
C0398,2020,72.43,26.14,4.94
C0398,2021,52.85,35.01,4.98
C0398,2022,87.11,30.01,2.61
C0398,2023,76.97,43.66,2.79
C0398,2024,56.18,48.04,4.92
C0399,2015,59.76,42.67,4.44
C0399,2016,50.19,11.90,4.25
C0399,2017,60.56,18.59,3.77
C0399,2018,62.66,13.50,2.84
C0399,2019,77.33,27.35,4.71
C0399,2020,69.07,38.95,2.80
C0399,2021,83.71,11.29,4.67
C0399,2022,53.47,20.68,1.95
C0399,2023,78.28,13.76,3.95
C0399,2024,85.00,26.40,2.79
C0400,2015,66.85,47.01,5.14
C0400,2016,61.55,26.51,3.59
C0400,2017,67.82,35.39,4.12
C0400,2018,81.55,25.48,1.42
C0400,2019,86.76,39.26,3.48
C0400,2020,52.62,39.72,4.90
C0400,2021,71.14,15.52,5.30
C0400,2022,75.59,36.13,4.61
C0400,2023,50.70,25.45,3.09
C0400,2024,57.25,44.39,2.29
C0401,2015,52.50,16.31,2.95
C0401,2016,61.61,45.90,3.81
C0401,2017,58.22,30.46,1.03
C0401,2018,69.47,20.22,5.56
C0401,2019,76.21,23.39,2.72
C0401,2020,83.69,10.20,4.98
C0401,2021,62.17,48.00,3.67
C0401,2022,52.02,19.00,4.31
C0401,2023,50.15,46.39,4.80
C0401,2024,83.78,44.12,2.44
C0402,2015,85.13,23.96,4.03
C0402,2016,54.04,18.44,4.76
C0402,2017,50.41,27.06,4.85
C0402,2018,82.01,47.34,3.08
C0402,2019,75.63,44.20,4.64
C0402,2020,72.25,29.54,2.51
C0402,2021,71.33,31.82,1.62
C0402,2022,80.95,26.35,1.56
C0402,2023,61.73,47.79,3.53
C0402,2024,65.56,49.56,2.92
C0403,2015,53.11,21.57,2.16
C0403,2016,72.65,47.99,2.96
C0403,2017,88.43,48.02,3.06
C0403,2018,61.35,28.94,3.77
C0403,2019,87.17,26.60,1.29
C0403,2020,79.17,44.77,5.54
C0403,2021,59.36,47.72,2.86
C0403,2022,76.51,26.10,4.08
C0403,2023,64.65,29.69,2.53
C0403,2024,54.89,23.37,4.81
C0404,2015,53.71,18.36,3.29
C0404,2016,50.69,49.85,2.61
C0404,2017,81.91,17.55,5.82
C0404,2018,85.39,42.57,5.33
C0404,2019,69.30,26.82,1.90
C0404,2020,70.80,13.35,4.50
C0404,2021,77.66,23.00,4.77
C0404,2022,78.04,13.33,1.17
C0404,2023,62.97,49.28,5.80
C0404,2024,56.37,20.61,2.16
C0405,2015,67.22,39.84,5.54
C0405,2016,77.88,27.02,4.27
C0405,2017,82.17,37.18,3.56
C0405,2018,53.57,20.20,4.93
C0405,2019,73.53,13.77,4.38
C0405,2020,52.16,42.34,4.70
C0405,2021,82.99,38.67,5.29
C0405,2022,76.67,14.38,3.36
C0405,2023,77.87,39.24,3.13
C0405,2024,80.47,33.91,5.50
C0406,2015,69.83,16.86,4.99
C0406,2016,61.96,43.02,1.10
C0406,2017,81.43,37.96,4.27
C0406,2018,81.09,30.27,5.52
C0406,2019,55.40,17.15,4.42
C0406,2020,86.11,31.61,3.77
C0406,2021,58.85,16.51,1.88
C0406,2022,62.26,17.36,5.75
C0406,2023,58.64,19.65,4.13
C0406,2024,88.62,36.18,1.51
C0407,2015,61.98,37.19,5.64
C0407,2016,88.86,12.91,3.58
C0407,2017,75.52,36.04,1.79
C0407,2018,57.06,11.38,2.13
C0407,2019,72.15,46.20,5.84
C0407,2020,85.29,41.15,3.18
C0407,2021,72.47,38.98,3.10
C0407,2022,55.30,19.57,3.43
C0407,2023,61.48,49.50,4.50
C0407,2024,58.99,46.97,2.83
C0408,2015,55.03,29.60,3.11
C0408,2016,63.09,11.39,4.73
C0408,2017,76.44,30.46,3.31
C0408,2018,65.30,16.16,4.57
C0408,2019,67.75,33.71,5.81
C0408,2020,62.83,49.46,5.81
C0408,2021,89.78,40.28,3.24
C0408,2022,73.45,22.89,2.17
C0408,2023,83.36,25.77,2.26
C0408,2024,67.65,47.78,5.10
C0409,2015,56.75,14.41,1.40
C0409,2016,83.87,45.61,1.20
C0409,2017,80.54,12.98,4.41
C0409,2018,63.19,26.59,5.55
C0409,2019,74.26,39.82,2.15
C0409,2020,53.74,25.80,1.27
C0409,2021,51.05,32.84,5.48
C0409,2022,82.63,29.63,2.77
C0409,2023,87.68,34.19,3.75
C0409,2024,63.76,16.84,5.18
C0410,2015,73.90,33.12,2.25
C0410,2016,78.69,49.49,4.01
C0410,2017,79.84,17.76,5.96
C0410,2018,69.24,12.68,4.71
C0410,2019,74.53,25.67,2.99
C0410,2020,76.28,24.97,4.84
C0410,2021,54.13,15.03,1.11
C0410,2022,75.80,32.86,2.08
C0410,2023,70.43,27.50,4.72
C0410,2024,65.14,43.48,2.31
C0411,2015,60.47,26.92,1.63
C0411,2016,75.52,49.43,2.47
C0411,2017,56.67,41.19,1.86
C0411,2018,82.43,29.50,3.10
C0411,2019,56.87,32.09,1.62
C0411,2020,80.86,44.67,5.19
C0411,2021,82.70,40.97,4.90
C0411,2022,87.59,36.31,2.53
C0411,2023,68.53,20.67,3.60
C0411,2024,52.55,26.41,5.28
C0412,2015,77.11,41.49,5.65
C0412,2016,61.30,35.10,1.46
C0412,2017,53.71,48.26,4.61
C0412,2018,84.23,44.92,1.68
C0412,2019,55.59,27.08,1.10
C0412,2020,70.25,21.75,1.39
C0412,2021,81.54,14.96,3.88
C0412,2022,57.96,26.31,2.89
C0412,2023,85.87,19.07,1.59
C0412,2024,63.26,10.67,3.37
C0413,2015,65.86,15.53,3.54
C0413,2016,55.26,28.12,4.94
C0413,2017,75.78,45.70,4.32
C0413,2018,69.81,22.84,3.33
C0413,2019,88.97,27.64,2.62
C0413,2020,77.93,25.36,1.01
C0413,2021,80.36,24.76,5.16
C0413,2022,57.96,38.91,2.33
C0413,2023,78.51,30.24,2.07
C0413,2024,72.30,26.34,4.67
C0414,2015,66.15,47.73,1.36
C0414,2016,81.31,21.05,2.31
C0414,2017,89.14,43.31,3.18
C0414,2018,53.79,30.60,3.21
C0414,2019,81.56,27.67,1.79
C0414,2020,86.78,12.52,1.20
C0414,2021,62.61,44.34,3.35
C0414,2022,64.52,20.83,2.79
C0414,2023,81.79,37.17,2.42
C0414,2024,88.15,44.98,2.35
C0415,2015,87.56,31.45,3.52
C0415,2016,52.23,35.63,1.11
C0415,2017,84.86,23.61,1.53
C0415,2018,73.46,39.06,2.63
C0415,2019,66.85,36.26,3.40
C0415,2020,83.82,27.79,4.47
C0415,2021,82.02,35.38,2.47
C0415,2022,70.37,20.51,4.34
C0415,2023,66.43,36.31,2.94
C0415,2024,68.90,36.91,4.87
C0416,2015,62.73,27.80,3.40
C0416,2016,77.22,19.97,3.71
C0416,2017,85.68,42.12,3.18
C0416,2018,60.02,40.17,1.66
C0416,2019,83.02,12.28,1.86
C0416,2020,64.43,29.77,3.00
C0416,2021,55.27,13.68,1.49
C0416,2022,51.62,22.78,1.70
C0416,2023,69.17,26.89,4.12
C0416,2024,72.73,17.08,4.17
C0417,2015,50.24,28.76,1.64
C0417,2016,76.11,38.25,5.27
C0417,2017,70.74,27.48,5.28
C0417,2018,89.90,19.37,2.90
C0417,2019,54.18,26.59,3.49
C0417,2020,78.20,33.70,5.01
C0417,2021,58.68,47.46,4.81
C0417,2022,58.25,29.98,2.81
C0417,2023,50.75,45.51,2.59
C0417,2024,50.26,49.38,4.32
C0418,2015,57.46,32.36,2.82
C0418,2016,57.02,15.88,4.45
C0418,2017,50.02,45.01,1.65
C0418,2018,78.69,44.49,4.36
C0418,2019,70.15,44.74,4.93
C0418,2020,65.85,48.02,5.52
C0418,2021,54.15,21.06,3.28
C0418,2022,63.36,23.34,3.80
C0418,2023,68.82,37.48,2.44
C0418,2024,89.92,32.56,1.75
C0419,2015,70.42,44.73,1.87
C0419,2016,50.78,20.18,5.22
C0419,2017,58.31,36.34,3.71
C0419,2018,64.18,47.62,2.88
C0419,2019,68.24,18.63,5.32
C0419,2020,76.97,22.28,1.57
C0419,2021,73.62,26.30,3.97
C0419,2022,70.37,13.48,4.95
C0419,2023,83.52,17.07,1.62
C0419,2024,57.85,25.28,1.60
C0420,2015,53.12,12.98,1.17
C0420,2016,83.53,24.51,5.71
C0420,2017,68.49,19.77,4.46
C0420,2018,72.13,44.58,1.36
C0420,2019,83.50,34.34,4.36
C0420,2020,87.83,45.94,2.52
C0420,2021,72.08,18.12,1.55
C0420,2022,82.49,13.27,5.96
C0420,2023,71.79,24.16,1.90
C0420,2024,51.33,12.26,4.99
C0421,2015,88.23,45.34,5.41
C0421,2016,82.71,17.53,3.65
C0421,2017,80.14,15.64,5.88
C0421,2018,67.67,41.51,1.60
C0421,2019,87.70,38.50,5.80
C0421,2020,69.59,12.28,1.35
C0421,2021,78.83,30.38,3.39
C0421,2022,54.02,27.95,5.28
C0421,2023,58.75,25.47,3.77
C0421,2024,66.97,15.07,3.92
C0422,2015,73.25,41.49,1.80
C0422,2016,82.22,19.60,5.92
C0422,2017,59.63,28.33,2.16
C0422,2018,80.97,45.24,5.29
C0422,2019,85.60,22.73,5.78
C0422,2020,82.74,11.43,2.40
C0422,2021,74.90,45.57,4.65
C0422,2022,82.40,29.76,1.40
C0422,2023,85.10,29.88,4.71
C0422,2024,72.20,32.06,3.42
C0423,2015,82.41,17.20,1.59
C0423,2016,66.85,38.60,5.47
C0423,2017,70.90,19.26,4.39
C0423,2018,52.10,22.05,1.84
C0423,2019,85.34,35.25,3.66
C0423,2020,55.61,39.99,2.63
C0423,2021,61.05,39.22,4.55
C0423,2022,62.70,13.33,4.14
C0423,2023,54.64,40.18,1.95
C0423,2024,86.87,36.51,2.21
C0424,2015,88.80,34.20,4.52
C0424,2016,84.61,48.67,4.38
C0424,2017,63.85,23.87,2.56
C0424,2018,52.21,37.32,3.39
C0424,2019,57.32,32.93,3.34
C0424,2020,80.88,25.52,1.62
C0424,2021,61.44,41.53,4.11
C0424,2022,85.70,26.13,2.32
C0424,2023,83.41,32.34,3.30
C0424,2024,59.48,32.43,1.36
C0425,2015,77.74,30.45,4.07
C0425,2016,67.69,28.30,5.20
C0425,2017,58.60,16.71,3.85
C0425,2018,73.60,19.63,3.98
C0425,2019,83.49,14.94,4.37
C0425,2020,87.07,38.94,1.98
C0425,2021,52.35,39.77,1.34
C0425,2022,66.75,35.54,5.27
C0425,2023,74.18,46.71,5.23
C0425,2024,63.52,20.60,3.72
C0426,2015,62.71,42.84,1.99
C0426,2016,80.88,17.43,5.09
C0426,2017,81.30,12.71,2.10
C0426,2018,79.16,10.01,5.30
C0426,2019,85.94,33.23,3.12
C0426,2020,69.79,41.15,1.29
C0426,2021,81.51,42.92,5.08
C0426,2022,50.45,28.83,3.80
C0426,2023,89.50,12.35,2.59
C0426,2024,86.77,11.43,3.26
C0427,2015,83.65,46.69,5.43
C0427,2016,73.51,13.72,2.02
C0427,2017,71.77,41.39,1.52
C0427,2018,56.01,12.78,4.92
C0427,2019,52.16,17.33,4.11
C0427,2020,60.24,16.51,5.35
C0427,2021,56.04,21.08,2.57
C0427,2022,72.43,26.23,3.81
C0427,2023,63.30,14.99,1.21
C0427,2024,65.51,48.93,5.23
C0428,2015,51.06,10.08,1.96
C0428,2016,71.94,40.88,1.57
C0428,2017,76.25,31.06,3.42
C0428,2018,63.38,13.42,4.72
C0428,2019,55.25,14.80,2.05
C0428,2020,78.15,33.60,2.17
C0428,2021,55.16,22.61,2.58
C0428,2022,82.67,28.01,5.06
C0428,2023,71.84,31.97,4.74
C0428,2024,59.50,32.93,2.35
C0429,2015,85.95,33.30,2.28
C0429,2016,55.67,12.80,5.53
C0429,2017,74.05,39.62,4.07
C0429,2018,74.70,21.74,2.12
C0429,2019,51.49,14.58,1.70
C0429,2020,74.39,14.09,1.33
C0429,2021,77.77,19.48,2.23
C0429,2022,86.41,35.15,4.60
C0429,2023,78.36,28.88,2.86
C0429,2024,69.38,14.28,5.83
C0430,2015,84.13,11.29,2.62
C0430,2016,64.15,10.99,1.75
C0430,2017,84.22,26.84,1.88
C0430,2018,83.76,41.53,3.44
C0430,2019,74.15,32.95,5.69
C0430,2020,63.78,42.39,5.50
C0430,2021,73.65,22.78,1.92
C0430,2022,86.24,15.61,4.77
C0430,2023,75.46,42.12,4.76
C0430,2024,83.60,39.11,1.83
C0431,2015,63.79,33.56,2.49
C0431,2016,61.69,45.51,1.38
C0431,2017,60.23,35.23,1.37
C0431,2018,69.65,31.03,3.21
C0431,2019,67.28,30.09,3.42
C0431,2020,84.17,34.70,1.16
C0431,2021,54.50,30.67,5.83
C0431,2022,72.16,20.91,3.43
C0431,2023,66.14,48.15,4.94
C0431,2024,87.50,48.32,4.17
C0432,2015,81.54,16.67,4.10
C0432,2016,67.33,31.22,2.52
C0432,2017,75.62,41.58,5.44
C0432,2018,79.82,12.19,2.50
C0432,2019,52.85,14.94,5.76
C0432,2020,76.95,31.80,1.20
C0432,2021,55.58,11.13,1.57
C0432,2022,57.56,43.32,4.63
C0432,2023,68.45,44.93,4.04
C0432,2024,89.18,39.45,4.59
C0433,2015,88.09,42.89,4.21
C0433,2016,86.09,36.87,3.64
C0433,2017,51.37,15.67,1.16
C0433,2018,84.11,11.19,5.04
C0433,2019,81.05,43.92,3.55
C0433,2020,69.95,38.29,1.53
C0433,2021,63.02,25.94,1.96
C0433,2022,80.22,41.87,4.31
C0433,2023,54.28,12.13,1.39
C0433,2024,76.02,22.76,5.35
C0434,2015,76.88,23.67,4.95
C0434,2016,72.15,14.20,2.53
C0434,2017,85.11,39.67,5.42
C0434,2018,63.19,41.10,5.43
C0434,2019,69.13,33.33,5.19
C0434,2020,80.35,26.71,2.54
C0434,2021,78.67,34.28,4.28
C0434,2022,72.50,45.94,3.26
C0434,2023,60.89,24.31,3.69
C0434,2024,61.77,23.37,3.05
C0435,2015,79.65,34.91,1.02
C0435,2016,50.23,37.35,1.05
C0435,2017,76.11,28.31,4.86
C0435,2018,59.93,44.38,5.73
C0435,2019,76.92,24.09,2.15
C0435,2020,57.48,35.64,3.72
C0435,2021,65.06,36.71,2.53
C0435,2022,80.15,21.79,3.39
C0435,2023,80.21,10.75,1.59
C0435,2024,58.39,43.06,4.63
C0436,2015,65.05,29.30,3.58
C0436,2016,70.10,13.82,2.54
C0436,2017,73.49,48.30,4.32
C0436,2018,79.70,21.86,3.56
C0436,2019,50.95,28.98,3.02
C0436,2020,54.61,29.36,3.67
C0436,2021,56.31,24.83,5.77
C0436,2022,57.63,16.06,1.35
C0436,2023,51.21,38.17,5.62
C0436,2024,86.82,17.82,1.63
C0437,2015,56.49,37.29,2.03
C0437,2016,52.95,42.08,5.90
C0437,2017,68.87,10.93,5.05
C0437,2018,87.65,39.27,2.76
C0437,2019,88.58,35.52,3.02
C0437,2020,77.06,17.83,2.50
C0437,2021,57.13,34.81,2.13
C0437,2022,50.15,26.83,1.30
C0437,2023,63.40,13.38,1.17
C0437,2024,55.02,30.95,3.51
C0438,2015,80.20,48.93,3.65
C0438,2016,88.76,35.95,4.81
C0438,2017,53.35,23.22,1.48
C0438,2018,65.88,32.54,3.57
C0438,2019,86.10,39.51,5.62
C0438,2020,79.13,16.25,5.26
C0438,2021,84.79,31.15,3.67
C0438,2022,86.92,30.27,1.67
C0438,2023,66.50,25.06,1.78
C0438,2024,77.75,39.88,3.39
C0439,2015,78.37,32.60,4.09
C0439,2016,75.23,37.96,5.89
C0439,2017,63.03,33.84,5.16
C0439,2018,83.29,41.24,3.07
C0439,2019,80.76,35.36,2.75
C0439,2020,67.81,37.11,1.07
C0439,2021,66.84,19.02,1.04
C0439,2022,50.43,43.83,3.37
C0439,2023,83.74,16.21,1.35
C0439,2024,61.36,23.59,1.78
C0440,2015,68.83,45.58,5.90
C0440,2016,66.45,14.34,4.59
C0440,2017,77.13,44.67,3.26
C0440,2018,65.60,29.01,5.29
C0440,2019,57.19,17.34,1.89
C0440,2020,84.74,39.49,2.95
C0440,2021,57.34,21.36,2.47
C0440,2022,51.14,37.12,5.98
C0440,2023,57.85,41.64,5.51
C0440,2024,68.21,32.77,3.63
C0441,2015,66.93,41.44,3.12
C0441,2016,81.85,47.40,5.99
C0441,2017,57.80,32.02,2.03
C0441,2018,81.02,16.09,3.04
C0441,2019,53.85,38.38,4.56
C0441,2020,68.95,26.40,4.52
C0441,2021,84.61,31.25,3.87
C0441,2022,66.52,35.07,5.76
C0441,2023,88.53,38.70,2.23
C0441,2024,75.24,35.59,3.84
C0442,2015,80.27,19.31,5.05
C0442,2016,70.39,39.93,2.16
C0442,2017,67.19,42.29,5.36
C0442,2018,53.39,11.51,4.20
C0442,2019,54.80,22.33,2.91
C0442,2020,72.87,49.11,4.24
C0442,2021,74.55,17.11,5.64
C0442,2022,89.39,17.31,5.94
C0442,2023,84.31,33.65,2.41
C0442,2024,83.78,23.53,5.55
C0443,2015,61.46,36.28,1.19
C0443,2016,66.47,20.51,1.04
C0443,2017,54.09,27.04,4.01
C0443,2018,73.26,49.94,3.41
C0443,2019,52.78,24.94,3.35
C0443,2020,67.87,13.45,2.17
C0443,2021,72.65,39.70,3.99
C0443,2022,59.13,33.54,1.08
C0443,2023,81.02,27.78,3.17
C0443,2024,76.99,46.35,2.83
C0444,2015,55.91,15.87,1.97
C0444,2016,89.35,29.59,3.55
C0444,2017,71.68,17.67,4.45
C0444,2018,51.06,13.34,5.06
C0444,2019,64.00,27.69,3.31
C0444,2020,89.17,47.89,2.20
C0444,2021,86.09,38.88,2.05
C0444,2022,56.05,19.38,3.90
C0444,2023,84.20,28.50,2.95
C0444,2024,74.74,41.90,2.59
C0445,2015,50.87,17.82,3.61
C0445,2016,80.30,18.15,3.78
C0445,2017,66.51,17.24,2.17
C0445,2018,65.85,34.30,2.89
C0445,2019,65.31,11.16,4.54
C0445,2020,73.86,33.50,2.94
C0445,2021,78.57,43.01,3.22
C0445,2022,75.91,41.31,4.20
C0445,2023,59.67,36.67,1.95
C0445,2024,78.27,18.78,5.33
C0446,2015,55.42,42.66,2.69
C0446,2016,88.85,48.30,4.44
C0446,2017,68.94,17.35,2.49
C0446,2018,53.65,46.41,4.24
C0446,2019,73.06,44.12,2.39
C0446,2020,73.08,49.17,4.74
C0446,2021,51.55,22.77,1.52
C0446,2022,50.43,47.36,2.54
C0446,2023,89.84,17.18,3.84
C0446,2024,65.60,17.01,4.17
C0447,2015,59.82,14.28,1.69
C0447,2016,71.91,27.11,2.60
C0447,2017,50.33,10.49,1.51
C0447,2018,50.52,25.25,5.17
C0447,2019,54.51,35.04,5.92
C0447,2020,82.10,13.13,2.42
C0447,2021,59.93,42.74,3.42
C0447,2022,70.14,21.71,3.53
C0447,2023,58.94,11.86,1.82
C0447,2024,71.79,24.98,4.34
C0448,2015,70.35,15.54,3.58
C0448,2016,66.03,41.81,3.57
C0448,2017,67.33,23.36,1.29
C0448,2018,76.14,14.68,1.40
C0448,2019,83.69,28.15,5.82
C0448,2020,62.78,28.08,5.70
C0448,2021,71.29,21.02,1.09
C0448,2022,84.17,23.08,3.70
C0448,2023,56.72,40.75,1.32
C0448,2024,89.18,35.55,4.97
C0449,2015,80.03,18.59,1.25
C0449,2016,64.64,47.93,3.75
C0449,2017,65.01,22.19,4.10
C0449,2018,58.21,31.34,1.48
C0449,2019,60.72,32.84,3.97
C0449,2020,73.48,18.55,5.71
C0449,2021,50.15,21.65,1.49
C0449,2022,50.93,29.23,4.42
C0449,2023,89.46,20.25,2.36
C0449,2024,59.42,22.23,2.37
C0450,2015,83.18,34.53,3.72
C0450,2016,74.50,39.35,5.64
C0450,2017,67.84,42.04,2.15
C0450,2018,79.29,14.87,5.97
C0450,2019,52.00,39.48,1.46
C0450,2020,80.24,47.45,5.70
C0450,2021,84.28,33.23,1.09
C0450,2022,61.21,34.19,1.81
C0450,2023,62.06,48.21,5.88
C0450,2024,54.12,44.78,2.33
C0451,2015,84.24,32.31,1.04
C0451,2016,82.32,40.63,5.43
C0451,2017,67.01,17.24,5.57
C0451,2018,65.11,26.52,4.72
C0451,2019,67.10,38.62,5.70
C0451,2020,66.81,21.54,2.33
C0451,2021,67.18,28.16,4.23
C0451,2022,55.83,16.91,4.71
C0451,2023,50.54,45.91,5.87
C0451,2024,80.50,45.83,5.49
C0452,2015,63.75,29.13,1.30
C0452,2016,69.64,17.68,2.70
C0452,2017,62.30,37.17,4.08
C0452,2018,65.27,18.54,5.28
C0452,2019,52.99,19.14,2.40
C0452,2020,64.81,48.88,1.04
C0452,2021,68.52,13.98,1.93
C0452,2022,83.31,25.17,3.13
C0452,2023,62.89,32.19,1.31
C0452,2024,53.54,14.31,1.21
C0453,2015,80.37,11.56,3.01
C0453,2016,65.03,31.69,4.24
C0453,2017,86.61,14.58,4.55
C0453,2018,88.36,20.05,3.66
C0453,2019,84.87,29.89,3.18
C0453,2020,59.07,23.90,1.09
C0453,2021,60.15,38.42,2.31
C0453,2022,81.76,48.50,4.35
C0453,2023,67.84,40.13,3.25
C0453,2024,61.91,50.00,2.32
C0454,2015,61.76,25.56,2.15
C0454,2016,73.10,22.21,1.09
C0454,2017,85.80,18.50,5.13
C0454,2018,74.76,45.40,5.39
C0454,2019,74.81,25.60,2.83
C0454,2020,79.88,38.44,4.51
C0454,2021,80.41,36.99,1.32
C0454,2022,86.38,12.28,5.44
C0454,2023,56.48,45.19,5.53
C0454,2024,89.39,29.46,1.78
C0455,2015,63.15,18.94,4.90
C0455,2016,61.26,49.16,3.37
C0455,2017,70.39,40.13,4.41
C0455,2018,60.57,34.67,3.37
C0455,2019,59.32,49.54,1.39
C0455,2020,88.67,40.26,5.20
C0455,2021,54.16,14.85,1.43
C0455,2022,89.60,49.65,2.80
C0455,2023,74.90,33.90,5.93
C0455,2024,88.34,21.98,3.13
C0456,2015,85.90,42.70,5.10
C0456,2016,75.94,11.92,1.84
C0456,2017,73.59,36.17,5.15
C0456,2018,89.71,16.37,3.31
C0456,2019,70.61,13.50,3.55
C0456,2020,57.15,24.16,5.84
C0456,2021,89.72,24.25,5.43
C0456,2022,62.94,34.02,2.74
C0456,2023,53.50,32.62,5.75
C0456,2024,78.68,37.52,1.52
C0457,2015,67.84,16.96,1.13
C0457,2016,65.52,44.83,3.66
C0457,2017,75.26,44.35,4.85
C0457,2018,52.11,18.65,2.10
C0457,2019,77.93,28.94,1.40
C0457,2020,70.14,29.52,5.23
C0457,2021,69.61,46.85,5.93
C0457,2022,86.00,46.22,4.47
C0457,2023,83.25,12.70,5.88
C0457,2024,71.26,48.32,5.16
C0458,2015,73.13,12.74,2.26
C0458,2016,82.28,31.98,1.55
C0458,2017,66.45,22.46,5.04
C0458,2018,76.85,25.62,4.30
C0458,2019,71.63,35.07,5.06
C0458,2020,69.99,33.35,4.59
C0458,2021,89.39,16.70,3.53
C0458,2022,50.70,48.79,5.70
C0458,2023,66.59,11.15,4.77
C0458,2024,87.21,23.74,1.04
C0459,2015,87.13,42.06,4.52
C0459,2016,79.91,44.04,3.72
C0459,2017,73.68,41.89,1.69
C0459,2018,77.63,24.90,3.18
C0459,2019,60.12,36.94,3.62
C0459,2020,69.54,40.57,3.34
C0459,2021,71.44,33.12,3.17
C0459,2022,52.55,37.16,4.16
C0459,2023,84.65,32.15,4.29
C0459,2024,68.27,12.20,4.49
C0460,2015,85.96,20.93,4.81
C0460,2016,65.60,38.11,5.17
C0460,2017,66.35,19.66,3.87
C0460,2018,59.77,28.22,1.36
C0460,2019,75.77,31.38,2.82
C0460,2020,71.94,36.84,1.02
C0460,2021,86.52,20.37,3.98
C0460,2022,67.17,33.81,5.88
C0460,2023,75.92,33.86,5.14
C0460,2024,78.30,43.80,3.43
C0461,2015,62.79,32.08,4.54
C0461,2016,85.23,21.80,4.71
C0461,2017,65.23,30.91,3.97
C0461,2018,75.49,14.29,5.43
C0461,2019,74.63,34.31,2.61
C0461,2020,66.86,46.65,4.37
C0461,2021,57.33,31.19,1.32
C0461,2022,73.70,21.69,1.69
C0461,2023,65.02,26.22,5.69
C0461,2024,65.16,46.07,3.72
C0462,2015,69.72,42.52,4.77
C0462,2016,77.09,42.13,5.35
C0462,2017,79.18,32.56,5.67
C0462,2018,67.08,25.86,1.45
C0462,2019,54.80,15.30,4.51
C0462,2020,81.67,49.02,4.15
C0462,2021,76.78,17.16,4.00
C0462,2022,82.03,20.08,1.73
C0462,2023,62.64,40.57,4.87
C0462,2024,86.36,24.03,2.58
C0463,2015,60.51,33.35,2.11
C0463,2016,61.59,40.47,4.54
C0463,2017,71.46,32.24,2.08
C0463,2018,89.89,29.63,3.49
C0463,2019,58.09,12.03,2.59
C0463,2020,83.54,29.51,5.12
C0463,2021,50.09,28.20,5.77
C0463,2022,59.50,45.22,5.12
C0463,2023,63.85,27.90,2.98
C0463,2024,75.94,35.20,1.81
C0464,2015,54.55,40.95,4.49
C0464,2016,55.15,28.71,5.52
C0464,2017,55.85,20.43,3.01
C0464,2018,76.50,45.76,1.20
C0464,2019,54.59,45.82,1.62
C0464,2020,65.93,45.99,2.91
C0464,2021,56.27,20.91,3.50
C0464,2022,65.28,22.62,2.45
C0464,2023,78.56,46.75,3.44
C0464,2024,61.11,15.03,5.79
C0465,2015,74.71,36.24,1.39
C0465,2016,59.94,21.69,5.02
C0465,2017,79.50,38.85,3.28
C0465,2018,81.08,43.35,4.27
C0465,2019,62.42,26.32,5.85
C0465,2020,50.95,16.05,3.30
C0465,2021,55.16,39.29,1.48
C0465,2022,69.64,12.23,5.14
C0465,2023,65.28,10.60,2.32
C0465,2024,63.82,45.09,5.53
C0466,2015,73.17,42.67,1.41
C0466,2016,56.46,33.28,2.14
C0466,2017,68.27,36.61,5.84
C0466,2018,58.14,48.10,5.40
C0466,2019,89.24,12.51,2.09
C0466,2020,51.94,18.66,4.88
C0466,2021,50.63,39.17,1.43
C0466,2022,72.57,20.56,1.79
C0466,2023,52.51,18.29,1.91
C0466,2024,82.44,27.69,1.22
C0467,2015,82.78,38.95,3.42
C0467,2016,67.29,18.42,2.95
C0467,2017,83.53,27.18,3.95
C0467,2018,79.62,30.75,4.44
C0467,2019,55.42,16.89,3.98
C0467,2020,84.38,29.07,2.39
C0467,2021,84.97,44.64,1.41
C0467,2022,62.91,39.84,4.66
C0467,2023,81.00,30.14,2.55
C0467,2024,85.89,15.01,2.24
C0468,2015,79.83,10.93,4.45
C0468,2016,53.76,12.69,3.21
C0468,2017,53.79,40.01,2.02
C0468,2018,89.30,38.17,4.83
C0468,2019,71.65,39.84,5.03
C0468,2020,75.78,22.29,5.93
C0468,2021,86.49,13.60,3.34
C0468,2022,50.30,38.57,1.18
C0468,2023,67.07,46.90,3.59
C0468,2024,72.66,28.09,1.12
C0469,2015,50.09,40.57,5.74
C0469,2016,74.98,39.12,1.87
C0469,2017,84.04,44.15,5.63
C0469,2018,52.20,11.14,5.75
C0469,2019,82.17,48.21,4.88
C0469,2020,89.10,44.61,1.44
C0469,2021,86.81,45.06,3.79
C0469,2022,71.48,49.85,2.77
C0469,2023,84.42,35.58,5.10
C0469,2024,80.83,13.27,2.51
C0470,2015,82.71,42.91,3.26
C0470,2016,65.92,15.40,3.87
C0470,2017,69.02,39.52,1.18
C0470,2018,59.56,26.96,4.04
C0470,2019,52.06,10.26,2.72
C0470,2020,73.89,27.43,3.65
C0470,2021,62.38,41.87,1.62
C0470,2022,70.11,13.50,2.68
C0470,2023,88.51,10.09,3.91
C0470,2024,52.53,28.11,3.86
C0471,2015,84.94,10.06,1.79
C0471,2016,53.47,47.39,3.07
C0471,2017,76.14,42.99,3.60
C0471,2018,63.73,35.20,1.41
C0471,2019,54.01,10.69,4.00
C0471,2020,80.28,32.79,2.16
C0471,2021,77.94,36.84,5.60
C0471,2022,75.61,33.50,2.34
C0471,2023,88.60,47.88,4.94
C0471,2024,50.95,43.25,3.91
C0472,2015,67.39,24.60,4.43
C0472,2016,72.51,37.79,5.51
C0472,2017,64.31,28.45,5.24
C0472,2018,76.78,47.13,1.64
C0472,2019,85.97,34.73,5.67
C0472,2020,77.88,33.28,1.69
C0472,2021,72.77,30.03,2.58
C0472,2022,79.51,25.11,3.62
C0472,2023,54.39,15.92,5.67
C0472,2024,75.20,20.96,4.14
C0473,2015,66.29,23.30,5.37
C0473,2016,62.75,16.16,5.71
C0473,2017,70.28,42.51,4.74
C0473,2018,82.19,10.09,3.41
C0473,2019,66.50,46.63,2.94
C0473,2020,78.10,15.13,2.38
C0473,2021,73.56,12.04,3.53
C0473,2022,86.65,49.81,1.24
C0473,2023,67.79,49.99,2.14
C0473,2024,82.80,17.67,2.79
C0474,2015,83.68,15.35,5.27
C0474,2016,68.57,17.91,2.88
C0474,2017,69.54,30.45,2.20
C0474,2018,63.34,22.85,4.91
C0474,2019,69.82,23.45,5.72
C0474,2020,59.97,42.38,4.87
C0474,2021,84.33,45.61,1.63
C0474,2022,60.00,48.79,2.60
C0474,2023,60.30,30.59,4.01
C0474,2024,85.83,19.85,1.98
C0475,2015,71.29,32.20,4.18
C0475,2016,54.21,44.84,2.18
C0475,2017,63.83,11.24,3.71
C0475,2018,78.22,46.45,4.53
C0475,2019,66.23,19.06,4.93
C0475,2020,66.93,22.42,5.00
C0475,2021,69.95,24.56,4.87
C0475,2022,58.90,46.55,1.69
C0475,2023,66.96,17.04,5.95
C0475,2024,58.61,18.92,4.86
C0476,2015,64.03,39.24,1.52
C0476,2016,71.29,47.39,4.49
C0476,2017,77.75,14.19,3.35
C0476,2018,75.36,30.89,3.14
C0476,2019,73.02,46.58,4.38
C0476,2020,73.82,45.44,1.84
C0476,2021,70.44,47.94,6.00
C0476,2022,74.58,46.08,3.72
C0476,2023,65.02,22.59,3.97
C0476,2024,85.98,18.32,3.13
C0477,2015,73.62,46.06,4.03
C0477,2016,87.46,38.48,4.32
C0477,2017,66.18,25.14,2.73
C0477,2018,65.78,38.52,3.31
C0477,2019,88.60,22.29,2.28
C0477,2020,79.16,33.25,4.86
C0477,2021,70.75,19.33,4.69
C0477,2022,78.74,32.47,5.05
C0477,2023,65.87,46.93,4.51
C0477,2024,80.35,40.86,1.10
C0478,2015,58.38,36.24,1.96
C0478,2016,88.04,19.84,2.94
C0478,2017,68.43,12.53,2.17
C0478,2018,53.72,38.42,3.66
C0478,2019,83.80,33.04,5.49
C0478,2020,85.77,18.50,4.69
C0478,2021,79.20,47.39,2.33
C0478,2022,75.19,32.08,2.99
C0478,2023,87.14,32.87,1.26
C0478,2024,74.88,21.95,1.03
C0479,2015,81.66,45.18,3.13
C0479,2016,68.85,45.66,4.64
C0479,2017,79.09,38.61,5.30
C0479,2018,89.96,13.97,3.16
C0479,2019,65.30,13.38,1.90
C0479,2020,78.80,28.78,2.31
C0479,2021,55.96,15.68,3.23
C0479,2022,75.40,23.28,4.25
C0479,2023,62.92,16.85,3.71
C0479,2024,84.66,22.40,5.20
C0480,2015,64.39,47.72,1.09
C0480,2016,67.81,40.13,5.96
C0480,2017,89.21,15.53,5.65
C0480,2018,58.61,36.76,1.75
C0480,2019,72.59,11.22,1.24
C0480,2020,84.55,49.34,4.09
C0480,2021,62.59,31.27,4.61
C0480,2022,50.61,30.22,3.38
C0480,2023,85.85,19.61,2.39
C0480,2024,74.79,28.31,4.20
C0481,2015,59.22,31.05,4.18
C0481,2016,61.05,36.33,1.74
C0481,2017,81.98,11.84,5.00
C0481,2018,75.68,23.69,4.75
C0481,2019,79.30,25.48,1.42
C0481,2020,73.09,15.97,3.31
C0481,2021,81.60,19.59,2.97
C0481,2022,82.84,19.47,3.31
C0481,2023,65.48,42.42,3.31
C0481,2024,86.04,37.49,3.62
C0482,2015,70.21,46.91,2.39
C0482,2016,56.41,22.40,3.35
C0482,2017,58.74,45.27,1.50
C0482,2018,79.35,44.55,1.88
C0482,2019,65.09,27.92,1.44
C0482,2020,60.50,35.19,1.93
C0482,2021,74.19,33.92,1.02
C0482,2022,81.29,22.31,1.19
C0482,2023,54.37,20.48,4.98
C0482,2024,67.97,16.76,2.00
C0483,2015,80.86,43.51,3.60
C0483,2016,86.15,31.34,2.85
C0483,2017,50.54,23.53,2.65
C0483,2018,76.24,30.40,5.29
C0483,2019,73.89,13.22,3.43
C0483,2020,70.71,14.24,3.58
C0483,2021,56.41,40.37,3.30
C0483,2022,79.67,46.05,2.34
C0483,2023,65.71,22.81,4.42
C0483,2024,59.39,26.37,1.24
C0484,2015,84.00,24.95,2.41
C0484,2016,62.28,29.16,4.31
C0484,2017,57.94,26.56,1.17
C0484,2018,62.48,25.45,1.13
C0484,2019,57.24,36.40,2.86
C0484,2020,81.09,20.88,2.26
C0484,2021,57.28,47.71,4.50
C0484,2022,78.67,22.34,4.78
C0484,2023,56.50,18.58,1.18
C0484,2024,59.05,48.88,3.18
C0485,2015,63.70,19.15,5.72
C0485,2016,88.00,31.47,2.56
C0485,2017,86.55,23.16,1.98
C0485,2018,53.40,13.10,3.61
C0485,2019,63.43,48.12,3.25
C0485,2020,63.85,24.97,2.10
C0485,2021,58.46,35.79,2.13
C0485,2022,67.42,44.49,4.43
C0485,2023,79.92,32.12,2.61
C0485,2024,53.97,38.51,5.93
C0486,2015,76.87,41.38,2.45
C0486,2016,60.43,25.26,3.74
C0486,2017,75.70,35.15,1.37
C0486,2018,77.28,18.24,3.69
C0486,2019,79.13,12.21,3.30
C0486,2020,84.47,49.47,2.75
C0486,2021,85.98,13.70,3.15
C0486,2022,80.37,27.15,1.89
C0486,2023,69.24,12.70,5.10
C0486,2024,51.77,46.91,5.61
C0487,2015,87.48,14.37,5.19
C0487,2016,74.05,41.46,5.02
C0487,2017,71.38,38.63,3.74
C0487,2018,59.58,11.80,2.67
C0487,2019,77.37,38.85,1.86
C0487,2020,89.79,48.77,5.10
C0487,2021,63.20,30.84,1.22
C0487,2022,81.98,21.58,1.91
C0487,2023,61.64,31.80,3.01
C0487,2024,69.51,14.84,1.97
C0488,2015,58.53,48.24,3.91
C0488,2016,70.51,24.61,4.62
C0488,2017,68.37,28.28,5.55
C0488,2018,51.56,26.06,2.05
C0488,2019,65.27,11.11,2.40
C0488,2020,52.51,11.37,4.58
C0488,2021,68.03,32.49,2.09
C0488,2022,89.21,30.09,2.92
C0488,2023,61.72,49.46,4.77
C0488,2024,70.63,20.53,2.88
C0489,2015,55.21,24.74,1.73
C0489,2016,56.16,49.51,2.35
C0489,2017,64.22,11.92,1.40
C0489,2018,69.59,35.71,4.37
C0489,2019,78.06,14.07,1.23
C0489,2020,68.27,47.86,3.87
C0489,2021,50.98,21.52,5.75
C0489,2022,60.84,42.56,5.30
C0489,2023,50.99,46.45,1.36
C0489,2024,86.72,43.88,4.57
C0490,2015,51.16,32.28,4.45
C0490,2016,51.98,48.94,2.49
C0490,2017,61.93,37.06,1.55
C0490,2018,75.29,41.45,5.27
C0490,2019,64.32,19.76,3.77
C0490,2020,52.46,26.73,4.49
C0490,2021,83.45,33.93,3.29
C0490,2022,78.01,15.83,2.11
C0490,2023,65.85,48.63,2.30
C0490,2024,77.08,14.39,3.67
C0491,2015,60.98,39.31,2.17
C0491,2016,71.11,12.32,2.99
C0491,2017,85.22,14.11,1.37
C0491,2018,54.31,34.93,5.98
C0491,2019,83.88,28.10,4.08
C0491,2020,81.54,10.15,1.73
C0491,2021,87.96,25.75,1.65
C0491,2022,70.55,20.00,3.42
C0491,2023,61.00,44.86,1.12
C0491,2024,64.12,38.32,3.06
C0492,2015,75.59,39.50,5.72
C0492,2016,55.63,48.04,5.12
C0492,2017,64.07,38.39,5.65
C0492,2018,79.06,16.42,1.56
C0492,2019,72.95,47.49,2.85
C0492,2020,52.51,14.52,3.77
C0492,2021,69.87,17.70,4.60
C0492,2022,70.97,21.41,2.96
C0492,2023,78.03,17.00,2.59
C0492,2024,50.43,10.73,2.53
C0493,2015,67.14,28.37,4.95
C0493,2016,85.46,37.52,2.91
C0493,2017,51.01,26.85,1.08
C0493,2018,76.90,19.39,4.85
C0493,2019,58.93,45.32,1.81
C0493,2020,65.50,25.53,4.14
C0493,2021,85.36,43.56,1.15
C0493,2022,64.50,17.14,2.93
C0493,2023,71.82,23.34,3.28
C0493,2024,53.59,42.14,5.87
C0494,2015,62.99,11.22,1.44
C0494,2016,55.67,46.82,4.76
C0494,2017,72.46,25.86,5.82
C0494,2018,68.39,49.12,2.38
C0494,2019,60.58,38.05,2.13
C0494,2020,89.98,47.98,5.76
C0494,2021,56.13,12.65,3.45
C0494,2022,83.02,38.88,5.11
C0494,2023,51.43,45.02,4.97
C0494,2024,83.87,49.50,2.63
C0495,2015,69.08,11.34,1.94
C0495,2016,83.13,13.33,4.51
C0495,2017,79.89,39.27,3.51
C0495,2018,72.91,11.56,3.45
C0495,2019,64.86,10.45,3.73
C0495,2020,76.62,31.80,1.13
C0495,2021,83.30,31.18,1.03
C0495,2022,70.13,34.54,2.57
C0495,2023,66.59,10.56,2.62
C0495,2024,55.72,30.13,4.59
C0496,2015,85.85,21.47,2.63
C0496,2016,60.69,40.24,2.80
C0496,2017,54.94,23.93,3.75
C0496,2018,52.65,24.26,3.96
C0496,2019,80.03,36.17,2.67
C0496,2020,77.00,36.43,3.79
C0496,2021,54.82,12.33,4.09
C0496,2022,71.21,35.04,2.31
C0496,2023,56.11,36.31,2.18
C0496,2024,65.34,28.30,5.45
C0497,2015,81.31,43.11,4.24
C0497,2016,59.11,10.36,2.56
C0497,2017,51.11,48.73,3.75
C0497,2018,57.73,25.04,4.54
C0497,2019,66.02,33.83,1.11
C0497,2020,59.67,11.37,5.60
C0497,2021,78.89,38.36,4.59
C0497,2022,81.57,31.75,2.96
C0497,2023,59.62,48.41,5.66
C0497,2024,60.74,26.90,1.28
C0498,2015,72.40,38.87,4.77
C0498,2016,80.10,12.97,3.63
C0498,2017,88.37,12.58,4.32
C0498,2018,62.02,47.96,3.36
C0498,2019,86.44,20.13,1.74
C0498,2020,57.27,46.50,2.30
C0498,2021,51.64,13.50,3.32
C0498,2022,81.70,35.51,5.59
C0498,2023,69.14,32.06,1.34
C0498,2024,53.07,48.65,1.52
C0499,2015,52.84,26.16,1.76
C0499,2016,50.54,11.94,4.16
C0499,2017,62.25,28.96,2.83
C0499,2018,79.41,42.97,1.75
C0499,2019,76.61,12.10,1.61
C0499,2020,89.99,11.45,4.37
C0499,2021,73.76,42.87,3.31
C0499,2022,54.42,42.96,5.36
C0499,2023,89.14,18.00,3.02
C0499,2024,77.72,36.30,4.28
C0500,2015,64.96,12.57,4.98
C0500,2016,59.88,40.62,5.77
C0500,2017,58.89,22.21,5.35
C0500,2018,88.25,19.22,4.88
C0500,2019,66.78,37.11,3.06
C0500,2020,69.47,46.46,5.91
C0500,2021,83.47,11.66,2.32
C0500,2022,88.55,15.75,4.31
C0500,2023,50.18,20.23,1.65
C0500,2024,89.61,47.11,4.03
