Company_ID,Year,Controversy_Score,Regulatory_Fines,ESG_Risk_Rating
C0001,2015,68.99,29.04,High
C0001,2016,9.03,26.35,Low
C0001,2017,29.49,17.55,Low
C0001,2018,64.15,24.66,High
C0001,2019,60.21,18.25,High
C0001,2020,66.82,32.90,High
C0001,2021,12.44,41.75,Low
C0001,2022,51.53,39.34,Medium
C0001,2023,92.76,17.03,High
C0001,2024,95.38,25.47,High
C0002,2015,12.67,0.53,Low
C0002,2016,89.44,43.51,High
C0002,2017,57.65,12.27,Medium
C0002,2018,75.29,22.05,High
C0002,2019,15.06,7.63,Low
C0002,2020,73.79,33.91,High
C0002,2021,7.11,27.26,Low
C0002,2022,63.30,18.24,High
C0002,2023,66.81,26.76,High
C0002,2024,66.47,8.44,High
C0003,2015,5.87,38.78,Low
C0003,2016,38.42,13.30,Medium
C0003,2017,74.44,30.75,High
C0003,2018,79.68,44.97,High
C0003,2019,41.55,1.93,Medium
C0003,2020,16.20,19.38,Low
C0003,2021,49.94,6.75,Medium
C0003,2022,65.03,45.43,High
C0003,2023,92.04,18.00,High
C0003,2024,68.13,10.67,High
C0004,2015,82.27,33.82,High
C0004,2016,26.47,27.16,Low
C0004,2017,83.32,40.85,High
C0004,2018,61.20,37.65,High
C0004,2019,54.90,48.73,Medium
C0004,2020,26.69,4.53,Low
C0004,2021,20.39,4.01,Low
C0004,2022,54.39,45.37,Medium
C0004,2023,89.14,47.79,High
C0004,2024,23.54,20.33,Low
C0005,2015,27.87,22.79,Low
C0005,2016,94.79,18.43,High
C0005,2017,2.66,38.88,Low
C0005,2018,48.54,38.54,Medium
C0005,2019,52.88,11.02,Medium
C0005,2020,67.57,19.19,High
C0005,2021,19.40,10.62,Low
C0005,2022,57.14,2.33,Medium
C0005,2023,10.95,2.81,Low
C0005,2024,26.70,7.34,Low
C0006,2015,1.51,1.49,Low
C0006,2016,45.34,21.16,Medium
C0006,2017,17.51,3.20,Low
C0006,2018,9.68,42.37,Low
C0006,2019,34.43,35.60,Medium
C0006,2020,7.92,39.18,Low
C0006,2021,66.44,30.87,High
C0006,2022,20.09,33.19,Low
C0006,2023,71.03,5.67,High
C0006,2024,83.99,2.91,High
C0007,2015,74.13,49.46,High
C0007,2016,76.29,18.65,High
C0007,2017,64.38,2.56,High
C0007,2018,37.63,7.98,Medium
C0007,2019,34.85,43.71,Medium
C0007,2020,56.89,10.29,Medium
C0007,2021,24.80,23.35,Low
C0007,2022,34.46,33.37,Medium
C0007,2023,15.53,48.29,Low
C0007,2024,78.01,0.70,High
C0008,2015,73.56,24.38,High
C0008,2016,50.33,49.80,Medium
C0008,2017,36.96,6.09,Medium
C0008,2018,69.67,6.19,High
C0008,2019,8.47,4.35,Low
C0008,2020,4.77,25.39,Low
C0008,2021,69.98,17.42,High
C0008,2022,55.01,35.81,Medium
C0008,2023,73.32,28.56,High
C0008,2024,27.96,29.04,Low
C0009,2015,10.83,25.55,Low
C0009,2016,43.00,49.60,Medium
C0009,2017,42.67,26.95,Medium
C0009,2018,75.91,3.62,High
C0009,2019,12.21,16.11,Low
C0009,2020,94.61,39.03,High
C0009,2021,5.60,31.42,Low
C0009,2022,31.29,34.20,Medium
C0009,2023,70.30,46.09,High
C0009,2024,71.75,22.19,High
C0010,2015,56.71,0.98,Medium
C0010,2016,7.09,49.50,Low
C0010,2017,85.64,22.73,High
C0010,2018,63.47,4.88,High
C0010,2019,75.88,27.43,High
C0010,2020,38.62,29.51,Medium
C0010,2021,24.34,28.22,Low
C0010,2022,72.01,48.25,High
C0010,2023,81.55,15.98,High
C0010,2024,81.25,1.73,High
C0011,2015,71.72,45.99,High
C0011,2016,13.89,9.56,Low
C0011,2017,22.18,37.47,Low
C0011,2018,50.04,10.20,Medium
C0011,2019,50.74,41.45,Medium
C0011,2020,48.85,45.32,Medium
C0011,2021,82.60,5.27,High
C0011,2022,12.54,7.36,Low
C0011,2023,79.23,46.26,High
C0011,2024,2.23,38.54,Low
C0012,2015,32.31,1.94,Medium
C0012,2016,19.65,9.11,Low
C0012,2017,52.66,20.60,Medium
C0012,2018,52.39,43.21,Medium
C0012,2019,50.65,7.55,Medium
C0012,2020,28.88,36.21,Low
C0012,2021,52.18,4.19,Medium
C0012,2022,70.58,23.36,High
C0012,2023,39.38,36.45,Medium
C0012,2024,92.86,3.24,High
C0013,2015,6.85,10.21,Low
C0013,2016,98.71,39.59,High
C0013,2017,76.14,8.18,High
C0013,2018,59.32,33.38,Medium
C0013,2019,20.33,32.11,Low
C0013,2020,62.73,26.02,High
C0013,2021,80.21,10.09,High
C0013,2022,25.36,20.85,Low
C0013,2023,3.99,31.09,Low
C0013,2024,44.28,44.09,Medium
C0014,2015,30.44,39.89,Medium
C0014,2016,28.61,30.37,Low
C0014,2017,72.48,11.42,High
C0014,2018,14.80,10.83,Low
C0014,2019,65.09,40.69,High
C0014,2020,6.13,33.22,Low
C0014,2021,91.99,17.90,High
C0014,2022,58.61,48.57,Medium
C0014,2023,93.10,44.49,High
C0014,2024,86.79,33.58,High
C0015,2015,86.98,18.46,High
C0015,2016,11.98,15.44,Low
C0015,2017,69.59,46.97,High
C0015,2018,40.04,22.17,Medium
C0015,2019,45.91,40.00,Medium
C0015,2020,27.91,46.99,Low
C0015,2021,13.98,24.60,Low
C0015,2022,30.63,32.66,Medium
C0015,2023,54.95,4.31,Medium
C0015,2024,41.00,32.63,Medium
C0016,2015,70.39,10.75,High
C0016,2016,83.90,33.53,High
C0016,2017,21.07,5.05,Low
C0016,2018,5.63,24.76,Low
C0016,2019,99.08,26.05,High
C0016,2020,88.26,24.18,High
C0016,2021,26.51,37.84,Low
C0016,2022,16.26,37.73,Low
C0016,2023,95.10,35.32,High
C0016,2024,23.24,31.58,Low
C0017,2015,22.19,45.22,Low
C0017,2016,10.98,28.78,Low
C0017,2017,28.79,17.42,Low
C0017,2018,84.10,2.96,High
C0017,2019,56.98,26.79,Medium
C0017,2020,9.20,11.39,Low
C0017,2021,96.74,19.35,High
C0017,2022,53.95,2.50,Medium
C0017,2023,41.67,32.04,Medium
C0017,2024,78.42,44.33,High
C0018,2015,56.03,16.26,Medium
C0018,2016,89.58,40.24,High
C0018,2017,70.24,6.32,High
C0018,2018,66.82,36.16,High
C0018,2019,33.77,3.99,Medium
C0018,2020,98.98,12.93,High
C0018,2021,65.19,18.01,High
C0018,2022,44.19,7.84,Medium
C0018,2023,14.75,9.22,Low
C0018,2024,55.56,34.95,Medium
C0019,2015,66.62,4.79,High
C0019,2016,37.15,46.70,Medium
C0019,2017,6.46,38.42,Low
C0019,2018,79.84,17.84,High
C0019,2019,65.40,31.44,High
C0019,2020,68.46,35.97,High
C0019,2021,24.50,29.72,Low
C0019,2022,13.07,30.91,Low
C0019,2023,45.21,45.80,Medium
C0019,2024,24.13,44.05,Low
C0020,2015,78.10,45.69,High
C0020,2016,53.20,44.26,Medium
C0020,2017,13.20,34.27,Low
C0020,2018,19.63,24.59,Low
C0020,2019,88.69,24.37,High
C0020,2020,63.16,38.58,High
C0020,2021,40.06,46.20,Medium
C0020,2022,72.08,4.40,High
C0020,2023,80.89,43.84,High
C0020,2024,11.44,42.48,Low
C0021,2015,84.20,4.38,High
C0021,2016,94.65,32.83,High
C0021,2017,9.00,48.59,Low
C0021,2018,32.41,42.58,Medium
C0021,2019,16.79,3.14,Low
C0021,2020,43.00,46.26,Medium
C0021,2021,22.01,8.65,Low
C0021,2022,36.24,3.62,Medium
C0021,2023,24.20,11.39,Low
C0021,2024,0.36,24.16,Low
C0022,2015,1.91,40.76,Low
C0022,2016,51.49,13.36,Medium
C0022,2017,51.36,19.51,Medium
C0022,2018,3.61,7.05,Low
C0022,2019,69.95,14.58,High
C0022,2020,2.69,45.10,Low
C0022,2021,48.66,34.04,Medium
C0022,2022,39.52,33.70,Medium
C0022,2023,88.30,12.49,High
C0022,2024,57.65,7.31,Medium
C0023,2015,82.24,44.37,High
C0023,2016,99.83,47.18,High
C0023,2017,17.74,2.68,Low
C0023,2018,6.28,26.51,Low
C0023,2019,77.45,21.99,High
C0023,2020,63.16,36.92,High
C0023,2021,63.41,15.09,High
C0023,2022,31.63,31.03,Medium
C0023,2023,10.24,4.13,Low
C0023,2024,72.12,41.15,High
C0024,2015,54.33,11.93,Medium
C0024,2016,50.15,15.70,Medium
C0024,2017,73.60,18.91,High
C0024,2018,98.86,10.33,High
C0024,2019,74.02,40.44,High
C0024,2020,93.46,3.43,High
C0024,2021,39.85,46.68,Medium
C0024,2022,89.81,46.53,High
C0024,2023,72.73,41.37,High
C0024,2024,37.17,47.61,Medium
C0025,2015,50.89,38.06,Medium
C0025,2016,20.24,28.13,Low
C0025,2017,8.13,36.08,Low
C0025,2018,46.74,0.20,Medium
C0025,2019,99.32,34.27,High
C0025,2020,87.04,2.10,High
C0025,2021,1.66,44.38,Low
C0025,2022,96.98,44.83,High
C0025,2023,46.89,5.72,Medium
C0025,2024,17.89,33.98,Low
C0026,2015,91.49,33.41,High
C0026,2016,92.49,24.90,High
C0026,2017,84.69,1.25,High
C0026,2018,62.13,5.71,High
C0026,2019,23.66,32.96,Low
C0026,2020,24.10,26.48,Low
C0026,2021,96.56,2.31,High
C0026,2022,27.88,25.88,Low
C0026,2023,42.25,42.46,Medium
C0026,2024,75.28,44.52,High
C0027,2015,82.35,34.85,High
C0027,2016,41.14,33.13,Medium
C0027,2017,39.56,38.46,Medium
C0027,2018,35.70,6.67,Medium
C0027,2019,38.84,9.51,Medium
C0027,2020,75.83,24.29,High
C0027,2021,6.19,22.55,Low
C0027,2022,80.02,9.22,High
C0027,2023,21.48,33.91,Low
C0027,2024,16.15,37.05,Low
C0028,2015,12.08,13.54,Low
C0028,2016,23.56,15.65,Low
C0028,2017,83.39,12.87,High
C0028,2018,53.80,13.93,Medium
C0028,2019,26.90,18.23,Low
C0028,2020,18.59,22.05,Low
C0028,2021,76.95,24.21,High
C0028,2022,50.55,24.25,Medium
C0028,2023,12.03,30.86,Low
C0028,2024,37.52,17.21,Medium
C0029,2015,44.50,25.17,Medium
C0029,2016,35.40,25.30,Medium
C0029,2017,26.52,4.83,Low
C0029,2018,32.90,31.47,Medium
C0029,2019,73.90,13.91,High
C0029,2020,95.30,2.35,High
C0029,2021,2.58,32.36,Low
C0029,2022,62.68,2.42,High
C0029,2023,7.28,22.09,Low
C0029,2024,20.22,31.06,Low
C0030,2015,54.44,49.93,Medium
C0030,2016,79.39,25.76,High
C0030,2017,43.56,15.91,Medium
C0030,2018,87.95,24.60,High
C0030,2019,71.58,9.79,High
C0030,2020,19.37,21.90,Low
C0030,2021,68.62,43.65,High
C0030,2022,31.84,6.81,Medium
C0030,2023,76.67,26.51,High
C0030,2024,23.06,31.04,Low
C0031,2015,14.45,15.65,Low
C0031,2016,63.77,36.80,High
C0031,2017,61.66,33.19,High
C0031,2018,57.35,23.20,Medium
C0031,2019,24.32,32.00,Low
C0031,2020,20.60,42.01,Low
C0031,2021,91.24,30.02,High
C0031,2022,53.27,28.44,Medium
C0031,2023,40.65,31.07,Medium
C0031,2024,81.95,33.78,High
C0032,2015,5.08,20.16,Low
C0032,2016,67.60,41.84,High
C0032,2017,14.74,46.20,Low
C0032,2018,22.61,31.09,Low
C0032,2019,63.95,44.34,High
C0032,2020,27.97,37.23,Low
C0032,2021,77.80,21.15,High
C0032,2022,51.86,24.80,Medium
C0032,2023,32.30,28.51,Medium
C0032,2024,86.46,46.95,High
C0033,2015,62.88,32.40,High
C0033,2016,42.13,25.43,Medium
C0033,2017,45.34,6.17,Medium
C0033,2018,26.86,33.34,Low
C0033,2019,10.85,27.74,Low
C0033,2020,30.26,47.00,Medium
C0033,2021,26.43,17.10,Low
C0033,2022,33.57,39.77,Medium
C0033,2023,46.92,14.13,Medium
C0033,2024,6.30,8.59,Low
C0034,2015,10.60,0.61,Low
C0034,2016,72.94,44.77,High
C0034,2017,18.34,22.23,Low
C0034,2018,33.90,14.06,Medium
C0034,2019,63.69,20.16,High
C0034,2020,97.69,35.59,High
C0034,2021,13.30,19.66,Low
C0034,2022,75.74,11.29,High
C0034,2023,49.13,4.39,Medium
C0034,2024,9.38,31.09,Low
C0035,2015,16.90,48.63,Low
C0035,2016,69.42,31.74,High
C0035,2017,87.95,47.34,High
C0035,2018,1.21,43.90,Low
C0035,2019,22.28,7.79,Low
C0035,2020,35.80,43.95,Medium
C0035,2021,98.88,0.05,High
C0035,2022,65.22,25.48,High
C0035,2023,36.08,26.14,Medium
C0035,2024,20.17,36.34,Low
C0036,2015,22.68,37.80,Low
C0036,2016,4.95,11.58,Low
C0036,2017,99.47,44.10,High
C0036,2018,98.22,8.96,High
C0036,2019,1.12,48.07,Low
C0036,2020,27.08,49.26,Low
C0036,2021,2.04,34.84,Low
C0036,2022,30.17,32.43,Medium
C0036,2023,90.13,48.96,High
C0036,2024,87.48,12.10,High
C0037,2015,68.49,32.13,High
C0037,2016,98.71,20.31,High
C0037,2017,74.60,8.38,High
C0037,2018,24.14,6.39,Low
C0037,2019,83.49,35.02,High
C0037,2020,50.79,11.45,Medium
C0037,2021,50.40,29.97,Medium
C0037,2022,83.29,11.88,High
C0037,2023,53.43,22.69,Medium
C0037,2024,32.73,37.12,Medium
C0038,2015,92.87,26.41,High
C0038,2016,7.36,43.57,Low
C0038,2017,65.78,26.31,High
C0038,2018,78.54,9.71,High
C0038,2019,5.12,44.86,Low
C0038,2020,23.44,20.90,Low
C0038,2021,22.32,43.37,Low
C0038,2022,88.93,11.62,High
C0038,2023,65.03,31.81,High
C0038,2024,21.69,8.26,Low
C0039,2015,90.98,4.00,High
C0039,2016,24.37,49.94,Low
C0039,2017,66.20,0.53,High
C0039,2018,45.24,29.56,Medium
C0039,2019,9.76,0.67,Low
C0039,2020,75.32,27.59,High
C0039,2021,32.77,5.00,Medium
C0039,2022,36.00,39.38,Medium
C0039,2023,21.46,14.64,Low
C0039,2024,80.43,17.22,High
C0040,2015,16.00,12.62,Low
C0040,2016,21.82,5.70,Low
C0040,2017,40.67,25.02,Medium
C0040,2018,14.88,22.38,Low
C0040,2019,11.28,26.97,Low
C0040,2020,52.17,31.30,Medium
C0040,2021,95.36,4.43,High
C0040,2022,80.18,20.68,High
C0040,2023,17.71,29.63,Low
C0040,2024,58.76,16.16,Medium
C0041,2015,79.36,9.57,High
C0041,2016,14.49,30.32,Low
C0041,2017,8.19,35.92,Low
C0041,2018,89.11,37.53,High
C0041,2019,24.50,16.28,Low
C0041,2020,49.79,4.95,Medium
C0041,2021,20.87,45.78,Low
C0041,2022,4.77,34.39,Low
C0041,2023,51.32,47.42,Medium
C0041,2024,43.51,7.28,Medium
C0042,2015,72.65,32.86,High
C0042,2016,85.74,9.82,High
C0042,2017,14.16,43.32,Low
C0042,2018,17.16,25.98,Low
C0042,2019,95.03,26.63,High
C0042,2020,41.79,46.54,Medium
C0042,2021,95.27,15.20,High
C0042,2022,33.84,30.95,Medium
C0042,2023,34.77,7.22,Medium
C0042,2024,70.70,18.16,High
C0043,2015,9.70,9.74,Low
C0043,2016,41.30,10.07,Medium
C0043,2017,38.05,33.05,Medium
C0043,2018,3.53,14.32,Low
C0043,2019,31.26,12.55,Medium
C0043,2020,39.85,40.40,Medium
C0043,2021,5.80,23.69,Low
C0043,2022,2.01,19.00,Low
C0043,2023,59.99,40.76,Medium
C0043,2024,20.58,24.44,Low
C0044,2015,36.26,40.75,Medium
C0044,2016,8.01,15.92,Low
C0044,2017,10.09,48.10,Low
C0044,2018,15.44,46.18,Low
C0044,2019,2.98,41.18,Low
C0044,2020,76.24,10.64,High
C0044,2021,90.62,36.37,High
C0044,2022,52.21,40.88,Medium
C0044,2023,81.64,18.17,High
C0044,2024,13.56,7.02,Low
C0045,2015,44.93,13.48,Medium
C0045,2016,14.30,29.28,Low
C0045,2017,99.53,12.59,High
C0045,2018,5.81,33.08,Low
C0045,2019,44.40,19.59,Medium
C0045,2020,11.22,11.28,Low
C0045,2021,6.87,30.66,Low
C0045,2022,73.50,3.69,High
C0045,2023,8.01,31.24,Low
C0045,2024,2.40,48.72,Low
C0046,2015,94.96,35.57,High
C0046,2016,18.48,16.40,Low
C0046,2017,84.44,45.06,High
C0046,2018,95.30,26.39,High
C0046,2019,75.20,26.42,High
C0046,2020,10.38,18.92,Low
C0046,2021,17.05,2.61,Low
C0046,2022,17.91,13.50,Low
C0046,2023,65.39,40.92,High
C0046,2024,17.96,12.99,Low
C0047,2015,3.00,20.62,Low
C0047,2016,45.86,31.70,Medium
C0047,2017,58.91,14.12,Medium
C0047,2018,46.04,40.59,Medium
C0047,2019,48.91,44.94,Medium
C0047,2020,45.68,3.08,Medium
C0047,2021,26.54,28.73,Low
C0047,2022,95.59,17.47,High
C0047,2023,83.81,27.72,High
C0047,2024,32.29,27.34,Medium
C0048,2015,3.97,0.50,Low
C0048,2016,85.80,32.42,High
C0048,2017,74.22,10.80,High
C0048,2018,8.12,27.96,Low
C0048,2019,69.80,44.77,High
C0048,2020,45.26,9.61,Medium
C0048,2021,13.04,13.51,Low
C0048,2022,72.47,3.18,High
C0048,2023,35.57,24.59,Medium
C0048,2024,91.04,43.50,High
C0049,2015,4.29,27.24,Low
C0049,2016,93.73,17.62,High
C0049,2017,8.80,45.29,Low
C0049,2018,3.62,26.61,Low
C0049,2019,58.18,48.68,Medium
C0049,2020,61.06,37.51,High
C0049,2021,19.76,45.57,Low
C0049,2022,87.60,32.42,High
C0049,2023,80.20,49.47,High
C0049,2024,28.26,26.27,Low
C0050,2015,44.31,32.03,Medium
C0050,2016,78.33,6.71,High
C0050,2017,83.34,46.84,High
C0050,2018,79.63,16.75,High
C0050,2019,26.79,33.25,Low
C0050,2020,76.53,18.03,High
C0050,2021,63.26,44.26,High
C0050,2022,52.62,5.52,Medium
C0050,2023,96.36,45.07,High
C0050,2024,59.80,31.29,Medium
C0051,2015,86.87,47.83,High
C0051,2016,75.23,25.18,High
C0051,2017,4.51,24.66,Low
C0051,2018,26.69,17.94,Low
C0051,2019,60.92,16.45,High
C0051,2020,43.83,6.17,Medium
C0051,2021,95.55,16.36,High
C0051,2022,58.36,30.46,Medium
C0051,2023,92.91,4.22,High
C0051,2024,20.59,9.30,Low
C0052,2015,89.78,43.00,High
C0052,2016,53.71,4.56,Medium
C0052,2017,21.41,12.06,Low
C0052,2018,39.02,0.19,Medium
C0052,2019,96.88,35.94,High
C0052,2020,95.95,42.54,High
C0052,2021,2.20,43.98,Low
C0052,2022,30.74,45.01,Medium
C0052,2023,89.93,20.18,High
C0052,2024,3.25,27.98,Low
C0053,2015,95.69,33.89,High
C0053,2016,38.80,45.73,Medium
C0053,2017,11.48,39.82,Low
C0053,2018,30.11,24.45,Medium
C0053,2019,80.82,25.49,High
C0053,2020,99.84,16.82,High
C0053,2021,13.38,0.58,Low
C0053,2022,63.76,7.22,High
C0053,2023,92.53,16.58,High
C0053,2024,89.97,30.30,High
C0054,2015,38.34,35.70,Medium
C0054,2016,86.58,44.55,High
C0054,2017,19.16,27.73,Low
C0054,2018,63.21,19.71,High
C0054,2019,59.80,34.57,Medium
C0054,2020,78.29,19.59,High
C0054,2021,22.90,5.42,Low
C0054,2022,62.89,0.21,High
C0054,2023,61.04,35.42,High
C0054,2024,8.42,44.95,Low
C0055,2015,33.06,33.90,Medium
C0055,2016,20.74,1.38,Low
C0055,2017,99.96,10.97,High
C0055,2018,99.06,47.32,High
C0055,2019,25.24,35.48,Low
C0055,2020,80.85,36.87,High
C0055,2021,81.65,40.32,High
C0055,2022,93.59,45.63,High
C0055,2023,12.92,21.96,Low
C0055,2024,66.76,21.51,High
C0056,2015,20.59,1.15,Low
C0056,2016,65.77,46.86,High
C0056,2017,87.22,6.53,High
C0056,2018,8.12,22.53,Low
C0056,2019,63.70,30.00,High
C0056,2020,53.76,49.69,Medium
C0056,2021,17.56,19.96,Low
C0056,2022,23.76,33.44,Low
C0056,2023,52.05,47.63,Medium
C0056,2024,86.05,28.57,High
C0057,2015,67.52,26.72,High
C0057,2016,2.74,28.65,Low
C0057,2017,12.62,40.89,Low
C0057,2018,88.27,2.13,High
C0057,2019,65.26,38.01,High
C0057,2020,1.81,8.61,Low
C0057,2021,59.61,38.36,Medium
C0057,2022,16.86,40.00,Low
C0057,2023,91.99,31.31,High
C0057,2024,12.24,21.96,Low
C0058,2015,7.70,36.62,Low
C0058,2016,64.48,0.95,High
C0058,2017,79.27,32.44,High
C0058,2018,27.38,11.62,Low
C0058,2019,30.13,33.02,Medium
C0058,2020,35.68,6.89,Medium
C0058,2021,76.58,8.98,High
C0058,2022,26.20,22.59,Low
C0058,2023,8.82,26.50,Low
C0058,2024,30.92,20.82,Medium
C0059,2015,96.60,30.55,High
C0059,2016,43.45,2.67,Medium
C0059,2017,56.00,9.67,Medium
C0059,2018,76.23,0.18,High
C0059,2019,55.85,28.30,Medium
C0059,2020,65.68,34.53,High
C0059,2021,88.03,24.18,High
C0059,2022,37.30,23.06,Medium
C0059,2023,11.15,21.29,Low
C0059,2024,9.45,16.80,Low
C0060,2015,78.26,29.41,High
C0060,2016,65.49,0.31,High
C0060,2017,56.65,29.77,Medium
C0060,2018,93.00,24.49,High
C0060,2019,62.68,31.28,High
C0060,2020,4.77,42.72,Low
C0060,2021,46.87,41.44,Medium
C0060,2022,21.49,40.36,Low
C0060,2023,62.13,20.57,High
C0060,2024,18.77,19.50,Low
C0061,2015,64.50,10.34,High
C0061,2016,88.33,1.58,High
C0061,2017,7.72,25.26,Low
C0061,2018,25.90,48.74,Low
C0061,2019,67.35,37.61,High
C0061,2020,71.12,27.37,High
C0061,2021,58.68,14.90,Medium
C0061,2022,13.91,6.09,Low
C0061,2023,24.26,13.19,Low
C0061,2024,90.74,26.71,High
C0062,2015,81.92,31.20,High
C0062,2016,95.00,18.30,High
C0062,2017,40.91,5.25,Medium
C0062,2018,43.96,13.15,Medium
C0062,2019,25.89,12.85,Low
C0062,2020,52.45,26.76,Medium
C0062,2021,82.99,5.17,High
C0062,2022,24.77,14.41,Low
C0062,2023,14.06,17.18,Low
C0062,2024,75.05,26.36,High
C0063,2015,69.34,14.94,High
C0063,2016,82.92,7.49,High
C0063,2017,75.15,1.27,High
C0063,2018,41.93,8.65,Medium
C0063,2019,15.68,41.24,Low
C0063,2020,71.45,17.51,High
C0063,2021,87.84,26.95,High
C0063,2022,15.28,24.50,Low
C0063,2023,51.87,13.81,Medium
C0063,2024,32.89,42.17,Medium
C0064,2015,51.95,46.93,Medium
C0064,2016,3.13,10.62,Low
C0064,2017,35.35,40.37,Medium
C0064,2018,48.42,37.79,Medium
C0064,2019,15.09,41.91,Low
C0064,2020,40.75,20.44,Medium
C0064,2021,17.60,34.31,Low
C0064,2022,21.57,9.50,Low
C0064,2023,97.77,48.41,High
C0064,2024,60.18,36.13,High
C0065,2015,38.94,3.83,Medium
C0065,2016,52.13,43.90,Medium
C0065,2017,38.31,47.95,Medium
C0065,2018,60.18,16.68,High
C0065,2019,0.05,26.94,Low
C0065,2020,23.61,49.60,Low
C0065,2021,98.89,22.55,High
C0065,2022,11.23,33.29,Low
C0065,2023,7.89,22.62,Low
C0065,2024,49.32,3.78,Medium
C0066,2015,29.08,25.48,Low
C0066,2016,53.38,41.34,Medium
C0066,2017,96.07,2.08,High
C0066,2018,12.62,22.05,Low
C0066,2019,44.00,41.11,Medium
C0066,2020,75.88,17.67,High
C0066,2021,16.07,48.87,Low
C0066,2022,71.21,19.16,High
C0066,2023,40.02,39.16,Medium
C0066,2024,62.08,12.28,High
C0067,2015,52.56,16.62,Medium
C0067,2016,45.06,36.05,Medium
C0067,2017,47.90,2.85,Medium
C0067,2018,14.72,4.69,Low
C0067,2019,43.42,13.34,Medium
C0067,2020,75.31,12.54,High
C0067,2021,89.67,3.30,High
C0067,2022,62.67,48.59,High
C0067,2023,82.73,14.68,High
C0067,2024,50.76,36.13,Medium
C0068,2015,21.62,19.65,Low
C0068,2016,72.39,49.55,High
C0068,2017,70.18,7.02,High
C0068,2018,0.73,18.72,Low
C0068,2019,47.95,21.59,Medium
C0068,2020,93.67,35.87,High
C0068,2021,98.44,24.80,High
C0068,2022,45.69,37.52,Medium
C0068,2023,72.18,42.06,High
C0068,2024,1.76,14.46,Low
C0069,2015,26.81,40.20,Low
C0069,2016,72.18,24.58,High
C0069,2017,65.30,3.83,High
C0069,2018,66.06,14.85,High
C0069,2019,69.65,40.15,High
C0069,2020,42.93,19.45,Medium
C0069,2021,93.79,4.66,High
C0069,2022,36.61,31.92,Medium
C0069,2023,90.21,42.52,High
C0069,2024,6.03,6.64,Low
C0070,2015,84.92,27.15,High
C0070,2016,30.33,10.39,Medium
C0070,2017,65.98,16.89,High
C0070,2018,5.50,20.70,Low
C0070,2019,8.00,0.26,Low
C0070,2020,5.70,17.79,Low
C0070,2021,48.49,15.47,Medium
C0070,2022,41.62,33.42,Medium
C0070,2023,31.92,44.01,Medium
C0070,2024,44.60,5.26,Medium
C0071,2015,31.36,24.14,Medium
C0071,2016,87.15,13.83,High
C0071,2017,56.28,49.38,Medium
C0071,2018,31.02,39.02,Medium
C0071,2019,45.47,5.89,Medium
C0071,2020,86.72,18.44,High
C0071,2021,40.91,5.56,Medium
C0071,2022,42.72,39.35,Medium
C0071,2023,33.77,24.35,Medium
C0071,2024,26.05,32.36,Low
C0072,2015,47.18,28.74,Medium
C0072,2016,73.66,9.13,High
C0072,2017,36.80,0.65,Medium
C0072,2018,22.68,43.51,Low
C0072,2019,66.00,4.62,High
C0072,2020,80.86,39.57,High
C0072,2021,2.18,9.57,Low
C0072,2022,63.24,42.64,High
C0072,2023,90.09,29.69,High
C0072,2024,8.84,19.96,Low
C0073,2015,89.93,32.92,High
C0073,2016,11.78,13.69,Low
C0073,2017,99.68,20.93,High
C0073,2018,51.18,41.19,Medium
C0073,2019,73.00,0.45,High
C0073,2020,6.28,11.70,Low
C0073,2021,10.25,37.06,Low
C0073,2022,96.33,35.97,High
C0073,2023,98.85,8.18,High
C0073,2024,27.71,49.15,Low
C0074,2015,34.19,33.82,Medium
C0074,2016,1.00,18.57,Low
C0074,2017,95.60,17.54,High
C0074,2018,91.76,26.13,High
C0074,2019,11.60,1.81,Low
C0074,2020,36.51,35.73,Medium
C0074,2021,96.67,3.42,High
C0074,2022,12.58,32.65,Low
C0074,2023,87.37,40.09,High
C0074,2024,20.17,45.26,Low
C0075,2015,6.83,7.38,Low
C0075,2016,14.22,37.27,Low
C0075,2017,70.99,49.16,High
C0075,2018,13.73,3.39,Low
C0075,2019,0.37,1.41,Low
C0075,2020,77.57,10.62,High
C0075,2021,65.55,10.25,High
C0075,2022,87.82,15.97,High
C0075,2023,57.77,46.18,Medium
C0075,2024,4.56,34.15,Low
C0076,2015,2.16,0.54,Low
C0076,2016,78.53,24.77,High
C0076,2017,88.99,43.79,High
C0076,2018,80.03,26.72,High
C0076,2019,37.40,9.71,Medium
C0076,2020,66.21,47.70,High
C0076,2021,7.78,15.37,Low
C0076,2022,71.82,17.50,High
C0076,2023,24.96,17.81,Low
C0076,2024,93.43,19.74,High
C0077,2015,33.77,35.44,Medium
C0077,2016,33.93,15.73,Medium
C0077,2017,28.63,23.25,Low
C0077,2018,63.35,13.17,High
C0077,2019,9.69,25.40,Low
C0077,2020,5.35,47.37,Low
C0077,2021,69.61,14.48,High
C0077,2022,94.56,40.82,High
C0077,2023,74.37,10.95,High
C0077,2024,24.99,7.23,Low
C0078,2015,36.22,4.56,Medium
C0078,2016,20.34,48.99,Low
C0078,2017,68.41,28.52,High
C0078,2018,23.73,25.71,Low
C0078,2019,57.13,0.36,Medium
C0078,2020,83.95,24.21,High
C0078,2021,51.64,33.14,Medium
C0078,2022,59.35,20.50,Medium
C0078,2023,96.81,6.45,High
C0078,2024,31.92,13.38,Medium
C0079,2015,79.74,35.71,High
C0079,2016,68.68,23.77,High
C0079,2017,11.32,23.97,Low
C0079,2018,98.98,1.92,High
C0079,2019,68.96,26.47,High
C0079,2020,1.39,21.24,Low
C0079,2021,72.23,43.98,High
C0079,2022,13.39,19.04,Low
C0079,2023,29.33,30.46,Low
C0079,2024,34.84,46.79,Medium
C0080,2015,30.98,28.31,Medium
C0080,2016,74.44,1.49,High
C0080,2017,75.33,5.08,High
C0080,2018,52.85,48.34,Medium
C0080,2019,56.70,27.60,Medium
C0080,2020,31.36,9.46,Medium
C0080,2021,2.32,28.39,Low
C0080,2022,35.17,47.87,Medium
C0080,2023,0.94,2.24,Low
C0080,2024,86.48,26.36,High
C0081,2015,64.08,6.81,High
C0081,2016,97.93,22.34,High
C0081,2017,18.29,32.73,Low
C0081,2018,65.78,22.96,High
C0081,2019,18.79,48.14,Low
C0081,2020,63.90,29.23,High
C0081,2021,49.18,48.18,Medium
C0081,2022,66.47,15.72,High
C0081,2023,72.53,1.06,High
C0081,2024,52.28,7.73,Medium
C0082,2015,49.38,3.58,Medium
C0082,2016,6.97,36.95,Low
C0082,2017,36.37,9.49,Medium
C0082,2018,30.20,37.85,Medium
C0082,2019,62.56,26.88,High
C0082,2020,27.60,10.84,Low
C0082,2021,23.24,30.67,Low
C0082,2022,84.87,0.57,High
C0082,2023,82.85,16.74,High
C0082,2024,32.85,39.23,Medium
C0083,2015,8.57,37.46,Low
C0083,2016,49.76,39.53,Medium
C0083,2017,45.13,29.38,Medium
C0083,2018,86.98,28.66,High
C0083,2019,54.69,20.37,Medium
C0083,2020,94.28,47.43,High
C0083,2021,48.33,47.47,Medium
C0083,2022,66.73,0.43,High
C0083,2023,47.97,48.11,Medium
C0083,2024,32.11,43.53,Medium
C0084,2015,2.75,30.30,Low
C0084,2016,79.33,16.23,High
C0084,2017,90.31,21.04,High
C0084,2018,73.36,42.41,High
C0084,2019,27.24,7.38,Low
C0084,2020,81.70,31.04,High
C0084,2021,61.29,11.54,High
C0084,2022,68.29,18.91,High
C0084,2023,6.63,0.25,Low
C0084,2024,58.18,48.47,Medium
C0085,2015,56.11,5.43,Medium
C0085,2016,66.17,38.17,High
C0085,2017,77.16,28.08,High
C0085,2018,40.46,41.40,Medium
C0085,2019,15.50,25.78,Low
C0085,2020,92.39,49.22,High
C0085,2021,77.66,30.35,High
C0085,2022,54.04,30.82,Medium
C0085,2023,35.45,46.04,Medium
C0085,2024,98.40,12.90,High
C0086,2015,9.35,18.14,Low
C0086,2016,93.46,33.25,High
C0086,2017,40.41,7.06,Medium
C0086,2018,9.68,40.48,Low
C0086,2019,37.92,29.59,Medium
C0086,2020,74.97,37.75,High
C0086,2021,42.48,49.51,Medium
C0086,2022,49.30,48.84,Medium
C0086,2023,82.35,22.38,High
C0086,2024,61.55,14.06,High
C0087,2015,66.81,31.72,High
C0087,2016,15.40,35.57,Low
C0087,2017,25.25,14.74,Low
C0087,2018,41.13,14.07,Medium
C0087,2019,10.98,10.75,Low
C0087,2020,27.91,45.47,Low
C0087,2021,83.35,5.08,High
C0087,2022,2.21,12.32,Low
C0087,2023,5.09,31.22,Low
C0087,2024,68.70,23.38,High
C0088,2015,38.61,6.04,Medium
C0088,2016,77.30,14.48,High
C0088,2017,93.18,20.41,High
C0088,2018,26.67,47.93,Low
C0088,2019,3.70,19.79,Low
C0088,2020,45.59,5.79,Medium
C0088,2021,96.42,48.62,High
C0088,2022,54.54,21.70,Medium
C0088,2023,37.74,6.99,Medium
C0088,2024,55.20,30.55,Medium
C0089,2015,16.54,40.43,Low
C0089,2016,75.13,35.53,High
C0089,2017,68.05,15.58,High
C0089,2018,72.41,11.95,High
C0089,2019,30.23,44.14,Medium
C0089,2020,81.35,9.69,High
C0089,2021,89.30,37.84,High
C0089,2022,95.55,1.15,High
C0089,2023,63.85,20.98,High
C0089,2024,34.82,49.25,Medium
C0090,2015,38.75,31.69,Medium
C0090,2016,56.56,15.53,Medium
C0090,2017,57.55,34.99,Medium
C0090,2018,79.24,17.67,High
C0090,2019,8.49,46.94,Low
C0090,2020,56.66,11.75,Medium
C0090,2021,34.86,16.00,Medium
C0090,2022,83.39,34.44,High
C0090,2023,35.21,39.76,Medium
C0090,2024,46.78,28.82,Medium
C0091,2015,22.77,14.46,Low
C0091,2016,29.57,28.65,Low
C0091,2017,55.56,10.96,Medium
C0091,2018,42.59,2.87,Medium
C0091,2019,20.15,45.98,Low
C0091,2020,47.39,24.06,Medium
C0091,2021,16.53,24.01,Low
C0091,2022,88.17,37.24,High
C0091,2023,92.42,28.00,High
C0091,2024,22.64,22.71,Low
C0092,2015,5.23,39.73,Low
C0092,2016,92.70,23.75,High
C0092,2017,31.20,45.64,Medium
C0092,2018,18.80,15.31,Low
C0092,2019,91.93,1.68,High
C0092,2020,88.26,7.46,High
C0092,2021,5.32,40.96,Low
C0092,2022,20.77,46.31,Low
C0092,2023,81.26,3.75,High
C0092,2024,26.72,45.44,Low
C0093,2015,66.84,47.18,High
C0093,2016,4.00,37.72,Low
C0093,2017,84.16,38.05,High
C0093,2018,42.22,0.08,Medium
C0093,2019,47.01,11.14,Medium
C0093,2020,80.83,10.73,High
C0093,2021,45.42,29.07,Medium
C0093,2022,10.41,32.85,Low
C0093,2023,50.44,45.08,Medium
C0093,2024,45.68,24.40,Medium
C0094,2015,45.00,25.05,Medium
C0094,2016,19.28,2.71,Low
C0094,2017,16.40,49.87,Low
C0094,2018,77.79,47.28,High
C0094,2019,61.92,3.60,High
C0094,2020,0.64,27.88,Low
C0094,2021,83.53,17.39,High
C0094,2022,12.14,21.42,Low
C0094,2023,73.77,32.58,High
C0094,2024,9.61,20.99,Low
C0095,2015,97.14,24.78,High
C0095,2016,90.05,13.65,High
C0095,2017,18.30,4.12,Low
C0095,2018,0.84,37.76,Low
C0095,2019,5.97,18.92,Low
C0095,2020,80.87,44.33,High
C0095,2021,7.68,47.25,Low
C0095,2022,77.81,4.42,High
C0095,2023,81.98,34.22,High
C0095,2024,30.69,41.01,Medium
C0096,2015,73.51,32.35,High
C0096,2016,82.03,16.43,High
C0096,2017,78.06,14.23,High
C0096,2018,19.16,23.11,Low
C0096,2019,44.93,12.95,Medium
C0096,2020,6.82,44.79,Low
C0096,2021,52.53,2.45,Medium
C0096,2022,44.23,5.63,Medium
C0096,2023,90.26,30.33,High
C0096,2024,1.81,32.92,Low
C0097,2015,53.02,36.80,Medium
C0097,2016,73.23,13.78,High
C0097,2017,46.40,14.72,Medium
C0097,2018,23.81,20.68,Low
C0097,2019,60.98,11.72,High
C0097,2020,98.71,18.86,High
C0097,2021,4.10,34.85,Low
C0097,2022,19.60,24.93,Low
C0097,2023,49.06,48.33,Medium
C0097,2024,59.76,28.98,Medium
C0098,2015,62.42,16.43,High
C0098,2016,6.02,9.09,Low
C0098,2017,12.29,10.99,Low
C0098,2018,94.47,0.80,High
C0098,2019,7.53,22.11,Low
C0098,2020,41.91,48.00,Medium
C0098,2021,57.73,38.87,Medium
C0098,2022,31.42,15.03,Medium
C0098,2023,25.57,39.94,Low
C0098,2024,29.02,46.59,Low
C0099,2015,28.26,33.63,Low
C0099,2016,37.94,25.59,Medium
C0099,2017,11.61,6.79,Low
C0099,2018,85.35,3.98,High
C0099,2019,75.94,10.95,High
C0099,2020,3.41,33.17,Low
C0099,2021,76.13,7.74,High
C0099,2022,82.81,26.66,High
C0099,2023,92.20,21.83,High
C0099,2024,61.29,31.43,High
C0100,2015,85.28,2.60,High
C0100,2016,75.91,49.01,High
C0100,2017,2.54,34.50,Low
C0100,2018,81.10,36.09,High
C0100,2019,58.10,0.81,Medium
C0100,2020,65.06,3.97,High
C0100,2021,88.49,34.39,High
C0100,2022,1.04,5.48,Low
C0100,2023,10.79,44.77,Low
C0100,2024,57.38,31.07,Medium
C0101,2015,40.96,3.55,Medium
C0101,2016,41.80,30.68,Medium
C0101,2017,31.22,40.14,Medium
C0101,2018,81.85,40.05,High
C0101,2019,10.36,20.06,Low
C0101,2020,53.30,23.00,Medium
C0101,2021,45.82,36.81,Medium
C0101,2022,55.13,43.71,Medium
C0101,2023,5.06,39.68,Low
C0101,2024,67.38,29.81,High
C0102,2015,1.35,36.25,Low
C0102,2016,52.78,32.62,Medium
C0102,2017,26.55,28.86,Low
C0102,2018,31.31,45.98,Medium
C0102,2019,73.84,32.39,High
C0102,2020,98.59,19.10,High
C0102,2021,47.54,48.72,Medium
C0102,2022,66.95,47.48,High
C0102,2023,24.85,39.03,Low
C0102,2024,55.40,1.64,Medium
C0103,2015,10.00,36.43,Low
C0103,2016,85.02,1.50,High
C0103,2017,45.57,3.68,Medium
C0103,2018,36.15,17.63,Medium
C0103,2019,51.34,15.81,Medium
C0103,2020,91.29,28.19,High
C0103,2021,77.65,12.19,High
C0103,2022,15.27,9.96,Low
C0103,2023,76.80,33.33,High
C0103,2024,39.29,22.17,Medium
C0104,2015,39.50,2.65,Medium
C0104,2016,75.78,22.12,High
C0104,2017,45.97,37.94,Medium
C0104,2018,7.25,3.33,Low
C0104,2019,24.68,45.79,Low
C0104,2020,89.46,23.82,High
C0104,2021,59.19,25.60,Medium
C0104,2022,86.22,14.97,High
C0104,2023,30.52,32.35,Medium
C0104,2024,68.90,1.07,High
C0105,2015,78.53,36.93,High
C0105,2016,18.29,4.96,Low
C0105,2017,2.33,22.23,Low
C0105,2018,63.44,7.36,High
C0105,2019,57.69,8.47,Medium
C0105,2020,3.98,23.22,Low
C0105,2021,41.08,3.27,Medium
C0105,2022,56.34,7.49,Medium
C0105,2023,21.21,27.18,Low
C0105,2024,9.65,34.80,Low
C0106,2015,80.13,17.97,High
C0106,2016,92.50,43.29,High
C0106,2017,44.75,8.05,Medium
C0106,2018,13.40,28.03,Low
C0106,2019,42.13,4.47,Medium
C0106,2020,27.91,8.37,Low
C0106,2021,49.05,45.44,Medium
C0106,2022,0.90,49.64,Low
C0106,2023,86.70,49.87,High
C0106,2024,5.81,40.02,Low
C0107,2015,42.99,9.98,Medium
C0107,2016,66.11,14.30,High
C0107,2017,65.11,4.45,High
C0107,2018,29.82,2.70,Low
C0107,2019,49.96,36.63,Medium
C0107,2020,49.69,27.02,Medium
C0107,2021,13.13,33.03,Low
C0107,2022,37.24,29.00,Medium
C0107,2023,11.93,0.59,Low
C0107,2024,5.71,15.99,Low
C0108,2015,5.56,34.56,Low
C0108,2016,43.50,43.06,Medium
C0108,2017,72.96,7.72,High
C0108,2018,98.45,5.90,High
C0108,2019,57.12,47.94,Medium
C0108,2020,29.93,48.36,Low
C0108,2021,20.71,37.50,Low
C0108,2022,69.48,2.96,High
C0108,2023,5.18,31.51,Low
C0108,2024,26.23,6.42,Low
C0109,2015,68.85,42.27,High
C0109,2016,44.50,15.16,Medium
C0109,2017,50.02,23.75,Medium
C0109,2018,97.55,9.34,High
C0109,2019,40.46,36.26,Medium
C0109,2020,59.51,25.11,Medium
C0109,2021,99.86,35.29,High
C0109,2022,68.64,15.99,High
C0109,2023,51.45,18.84,Medium
C0109,2024,32.39,44.83,Medium
C0110,2015,97.65,12.71,High
C0110,2016,29.38,45.15,Low
C0110,2017,11.58,3.79,Low
C0110,2018,92.59,7.94,High
C0110,2019,31.90,33.16,Medium
C0110,2020,58.89,49.71,Medium
C0110,2021,64.59,46.69,High
C0110,2022,26.09,25.42,Low
C0110,2023,42.34,26.39,Medium
C0110,2024,15.55,28.67,Low
C0111,2015,88.45,39.61,High
C0111,2016,58.45,27.54,Medium
C0111,2017,89.03,5.89,High
C0111,2018,25.71,41.91,Low
C0111,2019,63.40,44.27,High
C0111,2020,21.80,45.90,Low
C0111,2021,28.90,21.03,Low
C0111,2022,36.11,11.06,Medium
C0111,2023,54.94,5.97,Medium
C0111,2024,55.58,26.23,Medium
C0112,2015,20.03,13.87,Low
C0112,2016,4.61,21.36,Low
C0112,2017,77.21,4.95,High
C0112,2018,52.61,9.96,Medium
C0112,2019,31.33,21.92,Medium
C0112,2020,5.28,8.93,Low
C0112,2021,10.46,11.26,Low
C0112,2022,42.36,1.00,Medium
C0112,2023,48.38,3.65,Medium
C0112,2024,37.75,5.82,Medium
C0113,2015,56.65,32.83,Medium
C0113,2016,81.41,7.50,High
C0113,2017,67.71,44.03,High
C0113,2018,86.70,39.27,High
C0113,2019,61.58,40.86,High
C0113,2020,10.50,17.61,Low
C0113,2021,14.99,2.89,Low
C0113,2022,39.05,3.82,Medium
C0113,2023,28.39,34.49,Low
C0113,2024,65.22,46.16,High
C0114,2015,62.58,8.76,High
C0114,2016,46.26,43.21,Medium
C0114,2017,64.36,32.65,High
C0114,2018,91.12,33.83,High
C0114,2019,49.17,34.88,Medium
C0114,2020,34.73,3.11,Medium
C0114,2021,47.62,30.19,Medium
C0114,2022,14.51,24.16,Low
C0114,2023,9.74,41.83,Low
C0114,2024,41.05,21.41,Medium
C0115,2015,92.34,25.48,High
C0115,2016,86.29,29.02,High
C0115,2017,67.83,29.34,High
C0115,2018,71.89,20.00,High
C0115,2019,86.06,8.31,High
C0115,2020,91.54,12.57,High
C0115,2021,65.94,20.62,High
C0115,2022,38.60,30.99,Medium
C0115,2023,14.75,22.73,Low
C0115,2024,0.69,39.58,Low
C0116,2015,64.79,28.75,High
C0116,2016,39.78,17.13,Medium
C0116,2017,7.97,24.86,Low
C0116,2018,27.87,17.97,Low
C0116,2019,46.87,1.52,Medium
C0116,2020,78.36,14.05,High
C0116,2021,31.48,22.54,Medium
C0116,2022,65.62,12.76,High
C0116,2023,4.32,35.98,Low
C0116,2024,96.24,43.11,High
C0117,2015,97.17,14.85,High
C0117,2016,52.83,1.21,Medium
C0117,2017,65.76,43.78,High
C0117,2018,76.46,28.87,High
C0117,2019,97.04,0.29,High
C0117,2020,54.46,25.00,Medium
C0117,2021,75.54,4.84,High
C0117,2022,19.24,33.70,Low
C0117,2023,15.40,26.69,Low
C0117,2024,71.25,45.66,High
C0118,2015,92.39,19.75,High
C0118,2016,56.76,46.18,Medium
C0118,2017,53.45,41.82,Medium
C0118,2018,57.11,37.62,Medium
C0118,2019,87.95,21.90,High
C0118,2020,80.00,20.71,High
C0118,2021,80.17,19.73,High
C0118,2022,10.65,2.58,Low
C0118,2023,75.97,30.30,High
C0118,2024,76.83,39.90,High
C0119,2015,13.22,37.20,Low
C0119,2016,47.15,29.14,Medium
C0119,2017,9.79,17.86,Low
C0119,2018,39.70,34.74,Medium
C0119,2019,64.10,26.44,High
C0119,2020,21.83,41.99,Low
C0119,2021,13.22,13.67,Low
C0119,2022,63.83,5.10,High
C0119,2023,82.68,0.16,High
C0119,2024,15.43,37.15,Low
C0120,2015,90.42,29.97,High
C0120,2016,73.70,3.00,High
C0120,2017,67.80,42.00,High
C0120,2018,12.10,23.86,Low
C0120,2019,92.97,23.07,High
C0120,2020,47.35,34.23,Medium
C0120,2021,53.56,31.73,Medium
C0120,2022,51.26,11.94,Medium
C0120,2023,53.11,32.24,Medium
C0120,2024,82.29,42.91,High
C0121,2015,9.88,19.59,Low
C0121,2016,48.38,14.49,Medium
C0121,2017,61.39,3.01,High
C0121,2018,11.78,30.26,Low
C0121,2019,58.10,37.77,Medium
C0121,2020,50.92,48.38,Medium
C0121,2021,22.27,30.60,Low
C0121,2022,25.74,22.40,Low
C0121,2023,8.62,46.76,Low
C0121,2024,70.54,8.94,High
C0122,2015,14.83,35.42,Low
C0122,2016,78.90,16.37,High
C0122,2017,88.97,43.07,High
C0122,2018,24.11,37.26,Low
C0122,2019,26.03,16.68,Low
C0122,2020,12.31,38.74,Low
C0122,2021,54.09,44.52,Medium
C0122,2022,96.42,12.62,High
C0122,2023,24.37,28.58,Low
C0122,2024,15.98,20.98,Low
C0123,2015,60.61,46.29,High
C0123,2016,85.65,48.61,High
C0123,2017,87.02,5.19,High
C0123,2018,34.54,27.44,Medium
C0123,2019,78.68,26.54,High
C0123,2020,59.23,43.43,Medium
C0123,2021,73.29,38.95,High
C0123,2022,67.69,14.36,High
C0123,2023,12.77,26.10,Low
C0123,2024,35.75,18.91,Medium
C0124,2015,76.31,17.66,High
C0124,2016,75.99,36.55,High
C0124,2017,12.21,29.97,Low
C0124,2018,46.21,9.95,Medium
C0124,2019,86.90,31.03,High
C0124,2020,79.16,23.18,High
C0124,2021,58.09,17.05,Medium
C0124,2022,20.64,3.33,Low
C0124,2023,32.45,46.43,Medium
C0124,2024,65.37,43.08,High
C0125,2015,78.14,15.18,High
C0125,2016,61.36,27.82,High
C0125,2017,39.54,43.23,Medium
C0125,2018,57.66,25.97,Medium
C0125,2019,0.38,7.09,Low
C0125,2020,73.56,23.73,High
C0125,2021,84.40,15.70,High
C0125,2022,4.61,22.89,Low
C0125,2023,39.95,42.40,Medium
C0125,2024,84.88,20.44,High
C0126,2015,59.71,39.97,Medium
C0126,2016,48.34,11.63,Medium
C0126,2017,8.71,29.69,Low
C0126,2018,73.72,21.30,High
C0126,2019,68.93,48.65,High
C0126,2020,58.97,0.04,Medium
C0126,2021,6.04,18.18,Low
C0126,2022,64.27,40.67,High
C0126,2023,5.17,19.58,Low
C0126,2024,82.22,10.88,High
C0127,2015,86.93,42.66,High
C0127,2016,53.09,29.59,Medium
C0127,2017,84.84,27.83,High
C0127,2018,40.08,20.04,Medium
C0127,2019,29.00,7.88,Low
C0127,2020,48.41,28.78,Medium
C0127,2021,55.88,25.26,Medium
C0127,2022,76.65,20.10,High
C0127,2023,60.21,3.84,High
C0127,2024,85.59,32.55,High
C0128,2015,93.58,31.59,High
C0128,2016,52.20,27.95,Medium
C0128,2017,71.77,6.57,High
C0128,2018,48.15,15.14,Medium
C0128,2019,90.61,23.49,High
C0128,2020,3.05,36.72,Low
C0128,2021,71.86,11.15,High
C0128,2022,49.63,40.04,Medium
C0128,2023,6.11,15.96,Low
C0128,2024,74.57,33.28,High
C0129,2015,39.28,46.85,Medium
C0129,2016,52.72,35.71,Medium
C0129,2017,71.28,3.46,High
C0129,2018,25.21,18.82,Low
C0129,2019,28.83,28.91,Low
C0129,2020,35.67,33.66,Medium
C0129,2021,74.76,17.24,High
C0129,2022,98.18,21.44,High
C0129,2023,36.30,18.80,Medium
C0129,2024,61.08,34.90,High
C0130,2015,32.41,45.68,Medium
C0130,2016,87.68,38.91,High
C0130,2017,93.55,13.16,High
C0130,2018,18.96,27.01,Low
C0130,2019,65.41,23.91,High
C0130,2020,90.59,0.78,High
C0130,2021,47.50,46.92,Medium
C0130,2022,33.53,23.30,Medium
C0130,2023,90.57,47.16,High
C0130,2024,25.79,33.21,Low
C0131,2015,20.71,35.41,Low
C0131,2016,88.05,21.35,High
C0131,2017,63.36,42.90,High
C0131,2018,18.50,9.27,Low
C0131,2019,64.29,47.96,High
C0131,2020,87.62,30.82,High
C0131,2021,8.93,16.62,Low
C0131,2022,25.67,36.97,Low
C0131,2023,60.42,37.26,High
C0131,2024,11.50,38.73,Low
C0132,2015,90.54,14.67,High
C0132,2016,59.30,1.28,Medium
C0132,2017,58.50,44.46,Medium
C0132,2018,5.59,39.88,Low
C0132,2019,42.13,20.09,Medium
C0132,2020,19.49,8.31,Low
C0132,2021,80.85,23.44,High
C0132,2022,33.61,15.29,Medium
C0132,2023,40.30,9.70,Medium
C0132,2024,64.07,24.31,High
C0133,2015,71.74,41.48,High
C0133,2016,79.00,29.08,High
C0133,2017,17.49,24.37,Low
C0133,2018,26.26,49.70,Low
C0133,2019,9.24,38.02,Low
C0133,2020,85.64,6.60,High
C0133,2021,31.54,20.84,Medium
C0133,2022,12.61,23.25,Low
C0133,2023,31.14,30.53,Medium
C0133,2024,5.72,34.09,Low
C0134,2015,83.66,16.28,High
C0134,2016,28.70,18.37,Low
C0134,2017,35.01,5.17,Medium
C0134,2018,94.03,4.47,High
C0134,2019,18.93,37.90,Low
C0134,2020,20.40,46.30,Low
C0134,2021,56.05,9.84,Medium
C0134,2022,97.23,46.16,High
C0134,2023,90.12,17.19,High
C0134,2024,59.29,44.04,Medium
C0135,2015,81.22,1.30,High
C0135,2016,48.76,4.53,Medium
C0135,2017,43.46,21.74,Medium
C0135,2018,40.05,42.40,Medium
C0135,2019,45.45,22.46,Medium
C0135,2020,70.69,41.97,High
C0135,2021,82.15,17.04,High
C0135,2022,57.60,6.62,Medium
C0135,2023,86.89,46.27,High
C0135,2024,63.87,3.83,High
C0136,2015,80.27,35.36,High
C0136,2016,68.96,44.15,High
C0136,2017,77.38,6.00,High
C0136,2018,1.91,25.96,Low
C0136,2019,86.72,2.64,High
C0136,2020,88.59,22.95,High
C0136,2021,84.13,39.37,High
C0136,2022,73.02,15.20,High
C0136,2023,78.75,11.66,High
C0136,2024,18.12,12.58,Low
C0137,2015,4.76,39.56,Low
C0137,2016,28.97,48.69,Low
C0137,2017,44.24,11.42,Medium
C0137,2018,27.08,3.43,Low
C0137,2019,87.07,6.29,High
C0137,2020,96.44,31.41,High
C0137,2021,77.08,33.81,High
C0137,2022,47.66,22.47,Medium
C0137,2023,14.58,3.97,Low
C0137,2024,87.20,46.40,High
C0138,2015,84.20,46.50,High
C0138,2016,16.23,19.68,Low
C0138,2017,4.87,41.05,Low
C0138,2018,89.90,44.93,High
C0138,2019,82.19,25.40,High
C0138,2020,93.43,30.07,High
C0138,2021,35.79,36.65,Medium
C0138,2022,65.79,44.57,High
C0138,2023,86.42,4.46,High
C0138,2024,34.14,2.65,Medium
C0139,2015,47.45,33.75,Medium
C0139,2016,53.17,2.38,Medium
C0139,2017,2.93,5.22,Low
C0139,2018,82.84,21.12,High
C0139,2019,94.38,9.11,High
C0139,2020,41.71,44.94,Medium
C0139,2021,61.12,16.58,High
C0139,2022,54.16,28.88,Medium
C0139,2023,34.79,0.49,Medium
C0139,2024,8.24,25.67,Low
C0140,2015,52.01,40.50,Medium
C0140,2016,24.41,48.42,Low
C0140,2017,65.23,33.94,High
C0140,2018,53.72,10.13,Medium
C0140,2019,59.05,18.15,Medium
C0140,2020,60.17,7.84,High
C0140,2021,88.57,16.89,High
C0140,2022,14.74,28.07,Low
C0140,2023,80.57,24.37,High
C0140,2024,95.47,43.68,High
C0141,2015,72.13,10.20,High
C0141,2016,13.91,21.68,Low
C0141,2017,85.02,31.60,High
C0141,2018,79.18,49.06,High
C0141,2019,86.27,10.69,High
C0141,2020,48.63,41.65,Medium
C0141,2021,82.02,30.89,High
C0141,2022,15.40,6.69,Low
C0141,2023,57.67,39.20,Medium
C0141,2024,55.17,8.75,Medium
C0142,2015,89.67,34.99,High
C0142,2016,86.29,12.03,High
C0142,2017,71.60,23.42,High
C0142,2018,17.48,39.16,Low
C0142,2019,80.67,31.71,High
C0142,2020,61.42,37.02,High
C0142,2021,81.66,40.17,High
C0142,2022,93.84,1.74,High
C0142,2023,45.01,24.03,Medium
C0142,2024,74.45,49.28,High
C0143,2015,97.30,39.77,High
C0143,2016,21.37,18.29,Low
C0143,2017,84.70,14.25,High
C0143,2018,14.19,35.24,Low
C0143,2019,1.71,6.86,Low
C0143,2020,84.70,44.14,High
C0143,2021,95.99,4.09,High
C0143,2022,3.22,27.96,Low
C0143,2023,84.44,42.34,High
C0143,2024,69.94,36.00,High
C0144,2015,69.98,24.28,High
C0144,2016,45.96,11.47,Medium
C0144,2017,41.71,30.02,Medium
C0144,2018,37.30,48.32,Medium
C0144,2019,38.18,4.77,Medium
C0144,2020,93.72,1.58,High
C0144,2021,81.58,20.98,High
C0144,2022,31.37,29.56,Medium
C0144,2023,74.06,17.90,High
C0144,2024,65.65,35.89,High
C0145,2015,84.60,26.14,High
C0145,2016,9.19,17.36,Low
C0145,2017,70.01,39.71,High
C0145,2018,24.49,4.97,Low
C0145,2019,24.16,2.00,Low
C0145,2020,70.57,2.84,High
C0145,2021,89.49,40.71,High
C0145,2022,51.60,39.91,Medium
C0145,2023,46.55,41.54,Medium
C0145,2024,81.51,14.19,High
C0146,2015,2.54,24.58,Low
C0146,2016,70.71,15.99,High
C0146,2017,5.61,29.37,Low
C0146,2018,24.44,42.26,Low
C0146,2019,66.71,1.00,High
C0146,2020,38.02,28.49,Medium
C0146,2021,29.52,10.05,Low
C0146,2022,50.43,43.50,Medium
C0146,2023,84.99,47.85,High
C0146,2024,42.60,41.40,Medium
C0147,2015,53.29,1.68,Medium
C0147,2016,15.80,15.14,Low
C0147,2017,44.46,11.49,Medium
C0147,2018,1.65,41.31,Low
C0147,2019,83.81,0.90,High
C0147,2020,20.68,46.14,Low
C0147,2021,91.99,29.37,High
C0147,2022,35.77,37.20,Medium
C0147,2023,83.59,22.78,High
C0147,2024,38.96,35.35,Medium
C0148,2015,15.27,16.72,Low
C0148,2016,50.37,33.01,Medium
C0148,2017,26.06,21.54,Low
C0148,2018,32.30,46.60,Medium
C0148,2019,31.61,46.52,Medium
C0148,2020,34.58,28.52,Medium
C0148,2021,49.81,38.67,Medium
C0148,2022,12.77,37.12,Low
C0148,2023,25.76,35.32,Low
C0148,2024,63.23,48.70,High
C0149,2015,75.57,43.89,High
C0149,2016,24.38,37.27,Low
C0149,2017,26.20,3.95,Low
C0149,2018,47.80,17.75,Medium
C0149,2019,98.11,17.17,High
C0149,2020,55.02,25.61,Medium
C0149,2021,81.35,42.84,High
C0149,2022,91.87,33.60,High
C0149,2023,63.69,38.58,High
C0149,2024,51.92,2.08,Medium
C0150,2015,76.45,2.68,High
C0150,2016,31.89,46.42,Medium
C0150,2017,97.26,10.48,High
C0150,2018,47.54,39.73,Medium
C0150,2019,92.83,27.41,High
C0150,2020,75.98,17.48,High
C0150,2021,21.15,38.18,Low
C0150,2022,22.07,48.24,Low
C0150,2023,34.98,12.94,Medium
C0150,2024,37.20,17.61,Medium
C0151,2015,1.50,14.66,Low
C0151,2016,85.58,32.23,High
C0151,2017,24.04,36.21,Low
C0151,2018,82.48,23.92,High
C0151,2019,48.29,10.73,Medium
C0151,2020,59.20,16.06,Medium
C0151,2021,53.65,37.37,Medium
C0151,2022,94.47,44.18,High
C0151,2023,41.80,25.40,Medium
C0151,2024,38.88,12.43,Medium
C0152,2015,61.49,33.28,High
C0152,2016,38.19,31.97,Medium
C0152,2017,60.74,45.46,High
C0152,2018,57.24,14.25,Medium
C0152,2019,77.50,40.87,High
C0152,2020,98.99,33.53,High
C0152,2021,97.73,42.00,High
C0152,2022,12.38,5.15,Low
C0152,2023,45.21,41.36,Medium
C0152,2024,42.24,23.85,Medium
C0153,2015,19.07,38.73,Low
C0153,2016,74.37,12.16,High
C0153,2017,96.85,17.38,High
C0153,2018,15.26,20.74,Low
C0153,2019,27.22,27.51,Low
C0153,2020,85.50,25.52,High
C0153,2021,30.53,11.83,Medium
C0153,2022,44.13,45.18,Medium
C0153,2023,74.04,47.22,High
C0153,2024,12.60,11.86,Low
C0154,2015,52.71,19.55,Medium
C0154,2016,10.97,40.23,Low
C0154,2017,30.54,39.13,Medium
C0154,2018,23.69,48.68,Low
C0154,2019,73.02,47.37,High
C0154,2020,15.07,43.75,Low
C0154,2021,66.19,29.33,High
C0154,2022,57.56,16.89,Medium
C0154,2023,67.58,26.12,High
C0154,2024,87.66,38.56,High
C0155,2015,53.41,5.22,Medium
C0155,2016,72.06,35.16,High
C0155,2017,80.46,44.80,High
C0155,2018,69.56,10.52,High
C0155,2019,31.91,40.56,Medium
C0155,2020,96.15,44.54,High
C0155,2021,6.07,3.35,Low
C0155,2022,37.23,47.90,Medium
C0155,2023,82.13,25.11,High
C0155,2024,34.99,22.89,Medium
C0156,2015,54.59,30.13,Medium
C0156,2016,13.45,10.69,Low
C0156,2017,85.69,33.18,High
C0156,2018,93.12,40.44,High
C0156,2019,98.40,16.12,High
C0156,2020,7.71,12.78,Low
C0156,2021,19.92,45.75,Low
C0156,2022,49.50,23.38,Medium
C0156,2023,27.26,31.44,Low
C0156,2024,64.26,42.77,High
C0157,2015,84.54,35.85,High
C0157,2016,12.71,16.09,Low
C0157,2017,0.32,1.02,Low
C0157,2018,99.37,23.45,High
C0157,2019,45.04,12.42,Medium
C0157,2020,6.85,20.98,Low
C0157,2021,58.85,22.92,Medium
C0157,2022,75.32,43.29,High
C0157,2023,80.12,38.34,High
C0157,2024,56.93,9.80,Medium
C0158,2015,67.95,15.80,High
C0158,2016,47.63,29.18,Medium
C0158,2017,61.98,28.27,High
C0158,2018,95.16,27.28,High
C0158,2019,98.75,47.61,High
C0158,2020,62.76,34.63,High
C0158,2021,58.39,4.85,Medium
C0158,2022,34.55,47.02,Medium
C0158,2023,32.42,23.16,Medium
C0158,2024,92.45,29.03,High
C0159,2015,66.52,40.97,High
C0159,2016,45.86,10.66,Medium
C0159,2017,66.59,25.60,High
C0159,2018,12.09,42.97,Low
C0159,2019,94.34,36.83,High
C0159,2020,52.23,17.53,Medium
C0159,2021,33.41,29.46,Medium
C0159,2022,1.33,0.40,Low
C0159,2023,67.72,2.36,High
C0159,2024,96.96,5.67,High
C0160,2015,55.85,34.72,Medium
C0160,2016,33.27,31.00,Medium
C0160,2017,41.83,45.81,Medium
C0160,2018,56.87,35.43,Medium
C0160,2019,68.88,21.03,High
C0160,2020,18.33,43.35,Low
C0160,2021,93.51,2.14,High
C0160,2022,41.43,0.51,Medium
C0160,2023,62.45,12.51,High
C0160,2024,91.14,6.38,High
C0161,2015,57.84,13.51,Medium
C0161,2016,68.35,15.28,High
C0161,2017,63.32,22.77,High
C0161,2018,24.80,30.53,Low
C0161,2019,96.29,17.62,High
C0161,2020,47.24,48.36,Medium
C0161,2021,9.84,27.08,Low
C0161,2022,99.80,43.81,High
C0161,2023,65.00,40.12,High
C0161,2024,60.85,2.40,High
C0162,2015,91.66,23.57,High
C0162,2016,54.19,40.32,Medium
C0162,2017,36.04,45.33,Medium
C0162,2018,17.47,31.64,Low
C0162,2019,81.06,46.60,High
C0162,2020,33.10,33.17,Medium
C0162,2021,51.64,10.42,Medium
C0162,2022,50.89,27.93,Medium
C0162,2023,74.04,37.80,High
C0162,2024,68.42,33.32,High
C0163,2015,42.36,4.17,Medium
C0163,2016,42.60,11.85,Medium
C0163,2017,27.03,34.39,Low
C0163,2018,34.09,26.42,Medium
C0163,2019,71.15,1.54,High
C0163,2020,56.23,36.92,Medium
C0163,2021,5.10,3.97,Low
C0163,2022,50.82,9.24,Medium
C0163,2023,95.50,45.22,High
C0163,2024,10.93,15.75,Low
C0164,2015,10.49,1.71,Low
C0164,2016,66.78,0.87,High
C0164,2017,95.77,46.78,High
C0164,2018,2.67,18.63,Low
C0164,2019,34.45,31.06,Medium
C0164,2020,6.70,20.70,Low
C0164,2021,26.58,10.67,Low
C0164,2022,55.45,43.88,Medium
C0164,2023,44.21,47.48,Medium
C0164,2024,36.33,49.39,Medium
C0165,2015,21.07,2.07,Low
C0165,2016,61.95,2.52,High
C0165,2017,57.58,42.90,Medium
C0165,2018,66.31,8.81,High
C0165,2019,79.32,28.08,High
C0165,2020,72.95,28.99,High
C0165,2021,95.73,33.10,High
C0165,2022,16.94,1.88,Low
C0165,2023,95.14,15.43,High
C0165,2024,17.21,25.71,Low
C0166,2015,84.28,8.72,High
C0166,2016,78.84,47.20,High
C0166,2017,66.61,41.44,High
C0166,2018,70.62,6.97,High
C0166,2019,69.15,33.54,High
C0166,2020,52.99,20.51,Medium
C0166,2021,3.27,15.57,Low
C0166,2022,57.96,14.55,Medium
C0166,2023,38.91,33.13,Medium
C0166,2024,27.24,45.18,Low
C0167,2015,49.01,41.81,Medium
C0167,2016,84.81,17.45,High
C0167,2017,57.84,35.39,Medium
C0167,2018,96.48,26.37,High
C0167,2019,42.06,22.02,Medium
C0167,2020,16.83,14.84,Low
C0167,2021,31.47,4.06,Medium
C0167,2022,14.47,9.62,Low
C0167,2023,68.49,28.32,High
C0167,2024,15.95,36.43,Low
C0168,2015,51.83,1.84,Medium
C0168,2016,92.34,18.96,High
C0168,2017,43.39,8.29,Medium
C0168,2018,40.27,30.11,Medium
C0168,2019,20.31,43.23,Low
C0168,2020,75.38,46.48,High
C0168,2021,30.43,44.26,Medium
C0168,2022,99.04,43.62,High
C0168,2023,16.68,30.05,Low
C0168,2024,0.22,12.15,Low
C0169,2015,53.94,37.35,Medium
C0169,2016,6.86,36.23,Low
C0169,2017,36.97,8.33,Medium
C0169,2018,45.16,9.74,Medium
C0169,2019,24.83,5.47,Low
C0169,2020,97.81,24.93,High
C0169,2021,34.48,16.08,Medium
C0169,2022,14.47,45.01,Low
C0169,2023,3.73,1.83,Low
C0169,2024,30.94,16.20,Medium
C0170,2015,82.11,43.80,High
C0170,2016,24.59,49.95,Low
C0170,2017,59.87,36.15,Medium
C0170,2018,98.91,45.03,High
C0170,2019,34.36,0.81,Medium
C0170,2020,61.60,38.59,High
C0170,2021,59.95,23.08,Medium
C0170,2022,59.43,34.52,Medium
C0170,2023,95.34,21.50,High
C0170,2024,78.59,28.47,High
C0171,2015,0.88,13.00,Low
C0171,2016,2.79,28.70,Low
C0171,2017,4.00,14.54,Low
C0171,2018,36.46,14.01,Medium
C0171,2019,43.96,16.36,Medium
C0171,2020,80.72,10.04,High
C0171,2021,63.63,11.14,High
C0171,2022,100.00,46.58,High
C0171,2023,79.40,22.72,High
C0171,2024,87.35,30.71,High
C0172,2015,18.20,28.59,Low
C0172,2016,64.14,13.27,High
C0172,2017,14.90,0.01,Low
C0172,2018,67.50,5.22,High
C0172,2019,80.97,41.54,High
C0172,2020,30.03,5.47,Medium
C0172,2021,16.72,10.34,Low
C0172,2022,23.74,45.64,Low
C0172,2023,81.09,40.39,High
C0172,2024,54.71,2.66,Medium
C0173,2015,53.65,32.17,Medium
C0173,2016,57.68,25.78,Medium
C0173,2017,49.23,18.25,Medium
C0173,2018,86.34,24.88,High
C0173,2019,50.74,7.55,Medium
C0173,2020,59.60,47.74,Medium
C0173,2021,97.98,8.57,High
C0173,2022,45.53,9.30,Medium
C0173,2023,18.71,18.44,Low
C0173,2024,56.30,10.63,Medium
C0174,2015,70.46,15.64,High
C0174,2016,12.52,1.99,Low
C0174,2017,16.20,30.71,Low
C0174,2018,2.44,12.06,Low
C0174,2019,74.44,48.55,High
C0174,2020,20.21,5.71,Low
C0174,2021,90.11,3.87,High
C0174,2022,51.54,8.71,Medium
C0174,2023,95.52,27.12,High
C0174,2024,38.31,37.37,Medium
C0175,2015,95.58,27.95,High
C0175,2016,97.76,43.02,High
C0175,2017,13.00,29.68,Low
C0175,2018,12.49,6.93,Low
C0175,2019,42.35,9.28,Medium
C0175,2020,41.39,17.88,Medium
C0175,2021,64.99,46.00,High
C0175,2022,11.27,23.00,Low
C0175,2023,75.63,43.71,High
C0175,2024,22.49,3.73,Low
C0176,2015,15.06,34.34,Low
C0176,2016,79.45,23.36,High
C0176,2017,8.03,8.65,Low
C0176,2018,71.16,4.08,High
C0176,2019,11.11,15.76,Low
C0176,2020,74.01,41.03,High
C0176,2021,79.05,32.03,High
C0176,2022,58.47,23.10,Medium
C0176,2023,35.18,42.27,Medium
C0176,2024,23.62,9.05,Low
C0177,2015,80.89,13.95,High
C0177,2016,10.68,27.70,Low
C0177,2017,97.45,29.48,High
C0177,2018,77.91,16.05,High
C0177,2019,69.04,25.22,High
C0177,2020,98.86,6.00,High
C0177,2021,68.87,0.55,High
C0177,2022,10.40,45.25,Low
C0177,2023,32.26,22.08,Medium
C0177,2024,58.54,11.55,Medium
C0178,2015,57.54,16.49,Medium
C0178,2016,1.01,25.88,Low
C0178,2017,26.00,47.32,Low
C0178,2018,73.63,36.05,High
C0178,2019,65.96,47.41,High
C0178,2020,89.75,5.60,High
C0178,2021,96.02,8.91,High
C0178,2022,86.95,18.15,High
C0178,2023,55.31,12.22,Medium
C0178,2024,54.30,47.85,Medium
C0179,2015,36.95,8.56,Medium
C0179,2016,89.88,8.50,High
C0179,2017,83.06,24.38,High
C0179,2018,77.90,34.84,High
C0179,2019,77.84,18.96,High
C0179,2020,84.89,2.19,High
C0179,2021,91.89,38.29,High
C0179,2022,82.10,47.27,High
C0179,2023,81.50,40.52,High
C0179,2024,66.03,42.00,High
C0180,2015,45.81,42.40,Medium
C0180,2016,55.09,37.98,Medium
C0180,2017,53.53,40.27,Medium
C0180,2018,82.42,3.83,High
C0180,2019,26.60,2.73,Low
C0180,2020,36.32,3.76,Medium
C0180,2021,55.72,29.58,Medium
C0180,2022,98.50,12.06,High
C0180,2023,48.94,1.41,Medium
C0180,2024,12.64,3.83,Low
C0181,2015,67.41,3.43,High
C0181,2016,61.63,31.38,High
C0181,2017,84.66,7.14,High
C0181,2018,85.49,42.29,High
C0181,2019,25.91,49.63,Low
C0181,2020,4.53,22.06,Low
C0181,2021,78.50,26.88,High
C0181,2022,65.24,13.00,High
C0181,2023,14.14,32.78,Low
C0181,2024,98.55,45.75,High
C0182,2015,92.59,9.04,High
C0182,2016,72.31,47.66,High
C0182,2017,5.37,11.07,Low
C0182,2018,21.33,13.30,Low
C0182,2019,32.46,45.58,Medium
C0182,2020,5.59,29.67,Low
C0182,2021,82.74,1.58,High
C0182,2022,7.66,40.15,Low
C0182,2023,20.54,32.10,Low
C0182,2024,31.89,37.15,Medium
C0183,2015,33.19,8.09,Medium
C0183,2016,26.51,43.65,Low
C0183,2017,97.86,39.14,High
C0183,2018,96.08,47.87,High
C0183,2019,62.03,20.44,High
C0183,2020,12.51,25.92,Low
C0183,2021,70.67,35.09,High
C0183,2022,97.54,5.22,High
C0183,2023,99.83,10.52,High
C0183,2024,61.66,14.41,High
C0184,2015,18.86,47.26,Low
C0184,2016,83.17,0.07,High
C0184,2017,62.28,49.70,High
C0184,2018,45.21,19.78,Medium
C0184,2019,15.00,32.41,Low
C0184,2020,23.98,20.54,Low
C0184,2021,57.87,39.20,Medium
C0184,2022,26.07,47.53,Low
C0184,2023,47.79,22.39,Medium
C0184,2024,71.56,9.01,High
C0185,2015,98.74,11.10,High
C0185,2016,4.39,13.29,Low
C0185,2017,79.68,11.08,High
C0185,2018,12.79,0.66,Low
C0185,2019,94.35,43.10,High
C0185,2020,77.00,34.05,High
C0185,2021,39.79,25.79,Medium
C0185,2022,51.26,7.35,Medium
C0185,2023,67.67,2.04,High
C0185,2024,56.10,19.23,Medium
C0186,2015,98.00,0.27,High
C0186,2016,99.86,2.86,High
C0186,2017,5.70,3.67,Low
C0186,2018,72.79,40.79,High
C0186,2019,74.68,36.31,High
C0186,2020,79.01,15.47,High
C0186,2021,91.71,15.19,High
C0186,2022,59.34,17.22,Medium
C0186,2023,25.45,28.28,Low
C0186,2024,67.17,43.01,High
C0187,2015,32.30,23.85,Medium
C0187,2016,34.25,7.42,Medium
C0187,2017,61.30,7.93,High
C0187,2018,28.91,2.85,Low
C0187,2019,69.45,37.02,High
C0187,2020,85.31,19.96,High
C0187,2021,98.55,45.90,High
C0187,2022,16.84,15.50,Low
C0187,2023,45.53,39.92,Medium
C0187,2024,74.07,24.76,High
C0188,2015,57.74,42.43,Medium
C0188,2016,6.46,28.06,Low
C0188,2017,34.80,9.62,Medium
C0188,2018,79.37,40.06,High
C0188,2019,49.28,0.28,Medium
C0188,2020,69.44,25.22,High
C0188,2021,64.05,9.79,High
C0188,2022,94.33,16.90,High
C0188,2023,85.82,20.45,High
C0188,2024,34.38,28.00,Medium
C0189,2015,49.77,17.73,Medium
C0189,2016,47.64,32.24,Medium
C0189,2017,27.89,9.37,Low
C0189,2018,62.11,39.50,High
C0189,2019,26.05,30.09,Low
C0189,2020,15.97,17.59,Low
C0189,2021,11.03,26.59,Low
C0189,2022,28.65,20.20,Low
C0189,2023,47.32,43.75,Medium
C0189,2024,11.57,27.32,Low
C0190,2015,67.58,39.43,High
C0190,2016,87.02,39.75,High
C0190,2017,42.71,36.70,Medium
C0190,2018,87.32,37.54,High
C0190,2019,15.10,11.23,Low
C0190,2020,7.75,43.55,Low
C0190,2021,81.39,35.39,High
C0190,2022,97.48,2.70,High
C0190,2023,34.06,32.38,Medium
C0190,2024,65.73,24.10,High
C0191,2015,65.45,7.12,High
C0191,2016,68.55,23.65,High
C0191,2017,57.23,46.12,Medium
C0191,2018,25.64,43.80,Low
C0191,2019,8.08,4.32,Low
C0191,2020,1.36,22.03,Low
C0191,2021,18.03,25.48,Low
C0191,2022,12.00,34.55,Low
C0191,2023,3.82,38.33,Low
C0191,2024,9.04,41.42,Low
C0192,2015,4.88,29.82,Low
C0192,2016,54.81,44.11,Medium
C0192,2017,5.72,27.83,Low
C0192,2018,99.62,1.15,High
C0192,2019,50.17,22.93,Medium
C0192,2020,90.11,8.06,High
C0192,2021,48.78,28.70,Medium
C0192,2022,13.59,34.04,Low
C0192,2023,84.06,34.05,High
C0192,2024,23.77,24.52,Low
C0193,2015,4.05,35.85,Low
C0193,2016,19.10,5.72,Low
C0193,2017,59.95,47.39,Medium
C0193,2018,43.47,42.16,Medium
C0193,2019,16.16,42.75,Low
C0193,2020,53.30,1.65,Medium
C0193,2021,95.31,11.47,High
C0193,2022,72.66,4.96,High
C0193,2023,6.92,43.27,Low
C0193,2024,31.98,37.50,Medium
C0194,2015,69.24,4.81,High
C0194,2016,14.01,20.10,Low
C0194,2017,53.87,25.60,Medium
C0194,2018,54.61,35.76,Medium
C0194,2019,8.84,14.67,Low
C0194,2020,60.61,14.52,High
C0194,2021,90.01,26.58,High
C0194,2022,65.17,26.28,High
C0194,2023,91.55,5.61,High
C0194,2024,61.35,35.63,High
C0195,2015,75.18,8.93,High
C0195,2016,89.26,42.49,High
C0195,2017,46.33,38.66,Medium
C0195,2018,15.80,49.05,Low
C0195,2019,11.93,8.55,Low
C0195,2020,95.35,47.23,High
C0195,2021,54.69,36.63,Medium
C0195,2022,68.31,44.06,High
C0195,2023,61.18,1.71,High
C0195,2024,56.49,16.05,Medium
C0196,2015,55.94,1.47,Medium
C0196,2016,47.30,9.10,Medium
C0196,2017,88.44,44.21,High
C0196,2018,12.09,20.54,Low
C0196,2019,71.59,33.58,High
C0196,2020,68.08,24.20,High
C0196,2021,6.24,23.68,Low
C0196,2022,21.71,32.49,Low
C0196,2023,78.77,21.74,High
C0196,2024,23.38,1.04,Low
C0197,2015,57.77,40.03,Medium
C0197,2016,8.37,13.67,Low
C0197,2017,22.29,33.57,Low
C0197,2018,89.09,32.91,High
C0197,2019,36.18,7.23,Medium
C0197,2020,80.59,8.23,High
C0197,2021,47.85,22.39,Medium
C0197,2022,32.23,17.09,Medium
C0197,2023,56.66,13.67,Medium
C0197,2024,53.40,15.46,Medium
C0198,2015,98.48,12.72,High
C0198,2016,34.44,5.54,Medium
C0198,2017,65.37,4.39,High
C0198,2018,68.95,44.00,High
C0198,2019,62.63,40.74,High
C0198,2020,47.92,24.71,Medium
C0198,2021,78.35,15.99,High
C0198,2022,76.82,34.34,High
C0198,2023,95.90,5.46,High
C0198,2024,97.70,5.08,High
C0199,2015,21.52,7.06,Low
C0199,2016,65.44,34.60,High
C0199,2017,85.65,41.08,High
C0199,2018,96.23,26.81,High
C0199,2019,14.27,8.43,Low
C0199,2020,94.91,16.84,High
C0199,2021,22.55,41.15,Low
C0199,2022,57.25,25.63,Medium
C0199,2023,65.43,22.56,High
C0199,2024,87.95,32.95,High
C0200,2015,80.37,17.74,High
C0200,2016,93.45,0.22,High
C0200,2017,78.74,47.04,High
C0200,2018,33.87,35.53,Medium
C0200,2019,17.88,47.90,Low
C0200,2020,15.57,42.50,Low
C0200,2021,8.75,18.70,Low
C0200,2022,93.24,18.93,High
C0200,2023,48.62,7.21,Medium
C0200,2024,96.54,40.36,High
C0201,2015,77.49,30.99,High
C0201,2016,95.38,12.79,High
C0201,2017,86.86,48.00,High
C0201,2018,58.33,38.39,Medium
C0201,2019,22.58,44.13,Low
C0201,2020,25.40,8.70,Low
C0201,2021,37.14,29.63,Medium
C0201,2022,2.43,49.54,Low
C0201,2023,66.68,17.47,High
C0201,2024,55.52,20.17,Medium
C0202,2015,10.10,26.86,Low
C0202,2016,82.49,2.23,High
C0202,2017,82.27,11.29,High
C0202,2018,11.86,16.14,Low
C0202,2019,20.39,0.46,Low
C0202,2020,25.04,15.79,Low
C0202,2021,52.56,27.27,Medium
C0202,2022,94.49,0.96,High
C0202,2023,66.53,26.59,High
C0202,2024,68.11,39.99,High
C0203,2015,29.14,7.30,Low
C0203,2016,62.41,48.07,High
C0203,2017,21.13,20.75,Low
C0203,2018,71.10,21.92,High
C0203,2019,23.49,25.74,Low
C0203,2020,1.40,19.66,Low
C0203,2021,52.37,32.62,Medium
C0203,2022,29.80,8.90,Low
C0203,2023,62.90,46.02,High
C0203,2024,74.61,43.42,High
C0204,2015,81.38,32.24,High
C0204,2016,98.15,39.47,High
C0204,2017,55.56,35.43,Medium
C0204,2018,48.25,23.72,Medium
C0204,2019,24.56,7.78,Low
C0204,2020,74.69,16.21,High
C0204,2021,48.27,44.22,Medium
C0204,2022,32.70,33.29,Medium
C0204,2023,43.21,43.26,Medium
C0204,2024,37.05,43.89,Medium
C0205,2015,97.85,26.36,High
C0205,2016,22.64,21.83,Low
C0205,2017,41.45,21.47,Medium
C0205,2018,30.73,22.20,Medium
C0205,2019,17.16,47.31,Low
C0205,2020,29.95,7.52,Low
C0205,2021,48.93,7.59,Medium
C0205,2022,63.16,19.36,High
C0205,2023,61.69,40.09,High
C0205,2024,77.27,42.61,High
C0206,2015,7.13,41.27,Low
C0206,2016,31.44,29.10,Medium
C0206,2017,35.26,42.89,Medium
C0206,2018,69.22,9.64,High
C0206,2019,20.75,29.93,Low
C0206,2020,21.43,16.43,Low
C0206,2021,9.52,13.65,Low
C0206,2022,53.33,4.98,Medium
C0206,2023,72.68,18.24,High
C0206,2024,69.77,1.75,High
C0207,2015,74.28,17.62,High
C0207,2016,16.96,23.74,Low
C0207,2017,58.66,17.89,Medium
C0207,2018,9.33,38.56,Low
C0207,2019,96.67,14.04,High
C0207,2020,10.51,3.74,Low
C0207,2021,87.76,9.96,High
C0207,2022,3.84,41.00,Low
C0207,2023,53.11,31.80,Medium
C0207,2024,85.28,28.86,High
C0208,2015,63.46,26.93,High
C0208,2016,49.38,37.45,Medium
C0208,2017,12.74,9.81,Low
C0208,2018,65.92,10.49,High
C0208,2019,60.23,6.51,High
C0208,2020,45.87,16.97,Medium
C0208,2021,23.49,13.69,Low
C0208,2022,22.01,45.76,Low
C0208,2023,97.00,0.62,High
C0208,2024,96.51,23.71,High
C0209,2015,93.70,36.53,High
C0209,2016,51.60,45.33,Medium
C0209,2017,98.83,48.30,High
C0209,2018,29.74,3.46,Low
C0209,2019,42.69,9.75,Medium
C0209,2020,17.43,49.95,Low
C0209,2021,46.41,15.67,Medium
C0209,2022,18.50,2.78,Low
C0209,2023,6.62,46.68,Low
C0209,2024,1.00,20.17,Low
C0210,2015,37.85,14.55,Medium
C0210,2016,89.76,7.53,High
C0210,2017,43.74,21.26,Medium
C0210,2018,64.56,18.39,High
C0210,2019,81.79,46.21,High
C0210,2020,55.30,10.59,Medium
C0210,2021,56.32,4.32,Medium
C0210,2022,52.41,13.82,Medium
C0210,2023,12.51,27.30,Low
C0210,2024,63.57,16.39,High
C0211,2015,72.32,15.61,High
C0211,2016,0.03,19.90,Low
C0211,2017,8.33,43.62,Low
C0211,2018,54.17,33.14,Medium
C0211,2019,83.89,26.36,High
C0211,2020,53.31,20.15,Medium
C0211,2021,43.45,3.52,Medium
C0211,2022,93.68,44.23,High
C0211,2023,7.63,6.42,Low
C0211,2024,13.82,9.32,Low
C0212,2015,68.51,22.51,High
C0212,2016,10.88,7.01,Low
C0212,2017,13.51,32.00,Low
C0212,2018,87.19,24.72,High
C0212,2019,21.02,24.89,Low
C0212,2020,62.24,48.35,High
C0212,2021,39.68,33.69,Medium
C0212,2022,13.67,36.60,Low
C0212,2023,38.61,30.47,Medium
C0212,2024,41.62,12.98,Medium
C0213,2015,62.86,3.15,High
C0213,2016,15.35,28.05,Low
C0213,2017,3.74,22.33,Low
C0213,2018,60.60,6.16,High
C0213,2019,6.54,42.98,Low
C0213,2020,15.39,24.84,Low
C0213,2021,98.15,22.69,High
C0213,2022,2.28,20.87,Low
C0213,2023,64.23,36.89,High
C0213,2024,13.88,2.59,Low
C0214,2015,82.12,10.77,High
C0214,2016,58.18,45.12,Medium
C0214,2017,47.25,2.01,Medium
C0214,2018,46.04,30.54,Medium
C0214,2019,67.09,12.07,High
C0214,2020,83.87,27.02,High
C0214,2021,0.69,26.56,Low
C0214,2022,2.03,32.81,Low
C0214,2023,27.25,8.59,Low
C0214,2024,73.83,32.04,High
C0215,2015,19.38,39.08,Low
C0215,2016,40.67,8.79,Medium
C0215,2017,50.76,39.47,Medium
C0215,2018,37.29,6.09,Medium
C0215,2019,46.46,13.14,Medium
C0215,2020,79.87,18.09,High
C0215,2021,22.92,15.57,Low
C0215,2022,32.67,36.69,Medium
C0215,2023,52.66,13.45,Medium
C0215,2024,86.51,37.54,High
C0216,2015,20.52,2.86,Low
C0216,2016,52.48,15.93,Medium
C0216,2017,87.58,45.64,High
C0216,2018,11.25,19.28,Low
C0216,2019,72.14,23.51,High
C0216,2020,22.37,37.64,Low
C0216,2021,17.36,2.69,Low
C0216,2022,23.63,35.03,Low
C0216,2023,50.29,3.22,Medium
C0216,2024,60.34,27.63,High
C0217,2015,19.43,30.58,Low
C0217,2016,11.20,7.23,Low
C0217,2017,45.27,42.55,Medium
C0217,2018,5.74,28.45,Low
C0217,2019,53.89,7.74,Medium
C0217,2020,68.29,43.04,High
C0217,2021,94.58,41.24,High
C0217,2022,14.29,33.54,Low
C0217,2023,43.33,20.27,Medium
C0217,2024,25.67,24.71,Low
C0218,2015,21.79,35.17,Low
C0218,2016,51.95,15.02,Medium
C0218,2017,14.34,29.77,Low
C0218,2018,1.54,31.10,Low
C0218,2019,16.21,11.10,Low
C0218,2020,33.55,6.43,Medium
C0218,2021,1.10,8.24,Low
C0218,2022,85.71,1.06,High
C0218,2023,58.36,37.56,Medium
C0218,2024,2.72,40.47,Low
C0219,2015,22.86,39.98,Low
C0219,2016,66.43,46.50,High
C0219,2017,2.99,4.24,Low
C0219,2018,37.70,46.53,Medium
C0219,2019,9.67,25.09,Low
C0219,2020,39.16,19.67,Medium
C0219,2021,96.80,7.09,High
C0219,2022,45.50,24.16,Medium
C0219,2023,61.37,34.09,High
C0219,2024,40.84,4.45,Medium
C0220,2015,31.50,48.89,Medium
C0220,2016,61.06,45.84,High
C0220,2017,62.07,44.36,High
C0220,2018,61.53,20.48,High
C0220,2019,2.68,42.80,Low
C0220,2020,69.65,6.27,High
C0220,2021,67.58,45.54,High
C0220,2022,7.01,42.73,Low
C0220,2023,19.02,29.36,Low
C0220,2024,52.04,33.12,Medium
C0221,2015,36.08,17.54,Medium
C0221,2016,57.60,47.44,Medium
C0221,2017,76.04,3.34,High
C0221,2018,54.81,44.55,Medium
C0221,2019,45.90,13.07,Medium
C0221,2020,26.36,40.25,Low
C0221,2021,61.55,2.47,High
C0221,2022,82.72,12.21,High
C0221,2023,26.24,9.89,Low
C0221,2024,78.81,48.91,High
C0222,2015,41.76,10.49,Medium
C0222,2016,11.19,18.56,Low
C0222,2017,91.06,14.90,High
C0222,2018,68.16,49.30,High
C0222,2019,84.10,30.79,High
C0222,2020,65.49,17.99,High
C0222,2021,12.35,45.40,Low
C0222,2022,54.16,35.36,Medium
C0222,2023,63.36,35.17,High
C0222,2024,26.12,24.32,Low
C0223,2015,63.09,24.89,High
C0223,2016,56.68,36.54,Medium
C0223,2017,2.16,0.51,Low
C0223,2018,88.26,21.86,High
C0223,2019,53.39,49.06,Medium
C0223,2020,58.44,32.69,Medium
C0223,2021,15.13,18.94,Low
C0223,2022,80.40,8.51,High
C0223,2023,53.15,17.93,Medium
C0223,2024,8.85,24.00,Low
C0224,2015,70.09,31.54,High
C0224,2016,48.89,49.16,Medium
C0224,2017,33.47,24.81,Medium
C0224,2018,92.16,18.18,High
C0224,2019,82.13,12.69,High
C0224,2020,4.28,38.30,Low
C0224,2021,69.86,23.19,High
C0224,2022,17.21,36.26,Low
C0224,2023,1.67,14.18,Low
C0224,2024,21.86,18.56,Low
C0225,2015,4.78,47.79,Low
C0225,2016,63.82,11.67,High
C0225,2017,75.75,15.93,High
C0225,2018,17.81,25.44,Low
C0225,2019,20.94,26.29,Low
C0225,2020,13.41,3.33,Low
C0225,2021,56.24,48.57,Medium
C0225,2022,48.93,15.13,Medium
C0225,2023,0.62,2.69,Low
C0225,2024,36.96,12.75,Medium
C0226,2015,8.80,19.98,Low
C0226,2016,57.90,11.58,Medium
C0226,2017,47.38,7.75,Medium
C0226,2018,45.89,25.35,Medium
C0226,2019,73.51,39.82,High
C0226,2020,45.94,35.24,Medium
C0226,2021,48.62,21.27,Medium
C0226,2022,63.26,6.19,High
C0226,2023,30.14,47.74,Medium
C0226,2024,93.74,16.84,High
C0227,2015,28.15,5.16,Low
C0227,2016,91.38,16.82,High
C0227,2017,81.37,34.85,High
C0227,2018,90.62,12.55,High
C0227,2019,18.33,9.15,Low
C0227,2020,23.13,13.18,Low
C0227,2021,84.78,27.59,High
C0227,2022,95.72,43.73,High
C0227,2023,75.32,6.60,High
C0227,2024,63.80,7.19,High
C0228,2015,80.94,21.42,High
C0228,2016,4.16,6.27,Low
C0228,2017,85.43,48.96,High
C0228,2018,28.11,43.93,Low
C0228,2019,5.67,3.24,Low
C0228,2020,68.16,45.34,High
C0228,2021,75.28,14.22,High
C0228,2022,62.72,16.15,High
C0228,2023,35.01,16.92,Medium
C0228,2024,11.72,3.50,Low
C0229,2015,76.90,38.93,High
C0229,2016,4.74,9.13,Low
C0229,2017,75.97,10.40,High
C0229,2018,95.74,38.43,High
C0229,2019,99.68,3.01,High
C0229,2020,39.63,16.80,Medium
C0229,2021,10.87,28.05,Low
C0229,2022,9.45,5.79,Low
C0229,2023,49.15,21.27,Medium
C0229,2024,79.18,17.69,High
C0230,2015,4.79,16.08,Low
C0230,2016,16.83,13.52,Low
C0230,2017,58.86,16.96,Medium
C0230,2018,8.55,19.60,Low
C0230,2019,87.84,6.41,High
C0230,2020,50.31,10.39,Medium
C0230,2021,38.68,45.52,Medium
C0230,2022,1.32,47.23,Low
C0230,2023,11.30,49.63,Low
C0230,2024,82.76,23.93,High
C0231,2015,69.90,6.78,High
C0231,2016,2.04,34.19,Low
C0231,2017,97.40,46.84,High
C0231,2018,35.33,1.55,Medium
C0231,2019,60.64,1.10,High
C0231,2020,72.26,30.63,High
C0231,2021,95.65,1.97,High
C0231,2022,89.04,19.58,High
C0231,2023,59.74,18.87,Medium
C0231,2024,13.94,4.95,Low
C0232,2015,84.50,37.29,High
C0232,2016,81.68,5.44,High
C0232,2017,63.91,13.69,High
C0232,2018,98.92,36.36,High
C0232,2019,52.83,30.91,Medium
C0232,2020,21.37,23.63,Low
C0232,2021,25.38,2.45,Low
C0232,2022,40.66,38.15,Medium
C0232,2023,42.27,41.27,Medium
C0232,2024,83.12,5.11,High
C0233,2015,88.69,49.31,High
C0233,2016,38.27,17.37,Medium
C0233,2017,94.53,21.22,High
C0233,2018,92.81,20.72,High
C0233,2019,41.06,31.65,Medium
C0233,2020,86.81,28.66,High
C0233,2021,11.28,28.04,Low
C0233,2022,51.12,39.07,Medium
C0233,2023,71.27,46.40,High
C0233,2024,34.56,41.09,Medium
C0234,2015,2.31,36.05,Low
C0234,2016,5.55,2.53,Low
C0234,2017,89.46,12.42,High
C0234,2018,51.85,5.24,Medium
C0234,2019,15.23,42.74,Low
C0234,2020,90.21,32.61,High
C0234,2021,94.22,1.68,High
C0234,2022,32.61,36.16,Medium
C0234,2023,58.60,16.85,Medium
C0234,2024,32.58,27.17,Medium
C0235,2015,72.53,28.99,High
C0235,2016,94.79,8.12,High
C0235,2017,2.79,19.94,Low
C0235,2018,47.09,21.32,Medium
C0235,2019,79.91,30.74,High
C0235,2020,68.92,44.48,High
C0235,2021,18.22,30.76,Low
C0235,2022,39.22,34.18,Medium
C0235,2023,46.83,33.23,Medium
C0235,2024,74.50,4.22,High
C0236,2015,45.91,14.99,Medium
C0236,2016,31.40,20.09,Medium
C0236,2017,41.50,22.22,Medium
C0236,2018,96.69,42.10,High
C0236,2019,4.68,26.27,Low
C0236,2020,33.38,40.78,Medium
C0236,2021,19.80,45.33,Low
C0236,2022,40.05,34.80,Medium
C0236,2023,58.58,5.66,Medium
C0236,2024,19.43,10.05,Low
C0237,2015,42.65,41.40,Medium
C0237,2016,82.79,28.19,High
C0237,2017,64.21,25.79,High
C0237,2018,67.92,48.44,High
C0237,2019,94.04,18.40,High
C0237,2020,40.90,2.05,Medium
C0237,2021,99.80,12.76,High
C0237,2022,38.20,14.24,Medium
C0237,2023,18.27,25.62,Low
C0237,2024,80.75,0.36,High
C0238,2015,51.00,49.41,Medium
C0238,2016,34.49,3.10,Medium
C0238,2017,24.63,11.61,Low
C0238,2018,82.15,33.62,High
C0238,2019,56.40,48.88,Medium
C0238,2020,62.44,25.59,High
C0238,2021,46.23,17.09,Medium
C0238,2022,21.45,8.12,Low
C0238,2023,33.76,45.17,Medium
C0238,2024,12.87,2.50,Low
C0239,2015,34.12,3.50,Medium
C0239,2016,91.27,3.19,High
C0239,2017,57.49,23.32,Medium
C0239,2018,4.62,46.56,Low
C0239,2019,76.42,27.79,High
C0239,2020,76.77,17.73,High
C0239,2021,75.95,11.93,High
C0239,2022,61.65,25.72,High
C0239,2023,3.15,22.08,Low
C0239,2024,38.26,4.67,Medium
C0240,2015,32.53,0.31,Medium
C0240,2016,2.11,29.75,Low
C0240,2017,8.57,42.92,Low
C0240,2018,42.04,30.44,Medium
C0240,2019,88.08,16.32,High
C0240,2020,96.17,7.66,High
C0240,2021,74.34,36.95,High
C0240,2022,22.56,35.11,Low
C0240,2023,92.17,42.35,High
C0240,2024,97.80,49.14,High
C0241,2015,43.02,5.61,Medium
C0241,2016,52.19,13.23,Medium
C0241,2017,34.60,17.19,Medium
C0241,2018,85.20,26.89,High
C0241,2019,29.77,2.66,Low
C0241,2020,10.87,13.79,Low
C0241,2021,45.60,39.71,Medium
C0241,2022,16.95,2.42,Low
C0241,2023,43.10,40.89,Medium
C0241,2024,58.54,9.23,Medium
C0242,2015,80.26,15.25,High
C0242,2016,69.20,35.90,High
C0242,2017,73.86,38.23,High
C0242,2018,59.05,10.54,Medium
C0242,2019,8.14,20.27,Low
C0242,2020,88.00,12.09,High
C0242,2021,69.81,25.66,High
C0242,2022,78.99,32.62,High
C0242,2023,94.09,13.50,High
C0242,2024,96.81,23.11,High
C0243,2015,96.35,26.79,High
C0243,2016,26.96,20.95,Low
C0243,2017,85.16,25.70,High
C0243,2018,95.87,7.20,High
C0243,2019,70.63,2.02,High
C0243,2020,71.59,3.16,High
C0243,2021,88.42,48.64,High
C0243,2022,28.75,3.70,Low
C0243,2023,19.19,19.30,Low
C0243,2024,43.70,39.58,Medium
C0244,2015,94.99,42.53,High
C0244,2016,6.05,13.42,Low
C0244,2017,44.25,32.00,Medium
C0244,2018,69.08,36.20,High
C0244,2019,65.13,45.80,High
C0244,2020,80.99,44.46,High
C0244,2021,26.96,21.76,Low
C0244,2022,23.40,27.07,Low
C0244,2023,82.74,40.05,High
C0244,2024,82.57,29.94,High
C0245,2015,24.88,17.80,Low
C0245,2016,44.03,47.52,Medium
C0245,2017,45.17,49.89,Medium
C0245,2018,51.33,46.65,Medium
C0245,2019,83.64,17.29,High
C0245,2020,60.34,12.12,High
C0245,2021,51.82,24.66,Medium
C0245,2022,28.95,39.24,Low
C0245,2023,4.04,13.51,Low
C0245,2024,91.81,20.33,High
C0246,2015,71.62,7.57,High
C0246,2016,7.44,35.08,Low
C0246,2017,29.75,36.87,Low
C0246,2018,64.70,24.78,High
C0246,2019,20.91,36.87,Low
C0246,2020,10.51,32.22,Low
C0246,2021,55.03,46.47,Medium
C0246,2022,32.90,29.33,Medium
C0246,2023,82.77,17.84,High
C0246,2024,95.07,36.48,High
C0247,2015,58.77,2.84,Medium
C0247,2016,71.29,23.82,High
C0247,2017,98.34,48.30,High
C0247,2018,22.60,35.26,Low
C0247,2019,90.49,49.93,High
C0247,2020,55.93,19.64,Medium
C0247,2021,18.76,19.65,Low
C0247,2022,28.92,2.98,Low
C0247,2023,68.81,18.03,High
C0247,2024,92.20,7.06,High
C0248,2015,11.90,19.78,Low
C0248,2016,63.93,0.09,High
C0248,2017,37.69,21.91,Medium
C0248,2018,32.17,46.96,Medium
C0248,2019,18.00,38.12,Low
C0248,2020,88.82,12.06,High
C0248,2021,36.43,13.50,Medium
C0248,2022,44.33,15.46,Medium
C0248,2023,20.74,4.63,Low
C0248,2024,60.78,49.60,High
C0249,2015,44.02,33.39,Medium
C0249,2016,19.30,36.92,Low
C0249,2017,31.05,34.74,Medium
C0249,2018,39.12,23.25,Medium
C0249,2019,7.70,40.82,Low
C0249,2020,5.19,11.89,Low
C0249,2021,99.25,19.41,High
C0249,2022,92.77,16.29,High
C0249,2023,59.32,47.63,Medium
C0249,2024,24.48,1.95,Low
C0250,2015,23.24,3.77,Low
C0250,2016,44.05,47.81,Medium
C0250,2017,38.62,34.38,Medium
C0250,2018,73.30,31.79,High
C0250,2019,40.71,40.96,Medium
C0250,2020,95.54,45.84,High
C0250,2021,25.29,44.81,Low
C0250,2022,2.66,44.49,Low
C0250,2023,60.33,41.94,High
C0250,2024,98.79,6.02,High
C0251,2015,85.14,31.77,High
C0251,2016,0.52,24.55,Low
C0251,2017,57.52,39.03,Medium
C0251,2018,45.38,47.76,Medium
C0251,2019,76.84,18.22,High
C0251,2020,25.27,37.74,Low
C0251,2021,24.37,10.61,Low
C0251,2022,31.67,21.07,Medium
C0251,2023,24.62,36.16,Low
C0251,2024,2.19,4.35,Low
C0252,2015,62.82,43.10,High
C0252,2016,61.28,45.85,High
C0252,2017,85.18,43.60,High
C0252,2018,69.77,0.04,High
C0252,2019,64.09,40.17,High
C0252,2020,23.21,44.85,Low
C0252,2021,74.01,49.19,High
C0252,2022,85.54,1.68,High
C0252,2023,44.39,28.19,Medium
C0252,2024,54.05,44.10,Medium
C0253,2015,78.43,36.55,High
C0253,2016,46.56,42.72,Medium
C0253,2017,66.65,34.92,High
C0253,2018,21.48,1.21,Low
C0253,2019,58.43,43.91,Medium
C0253,2020,3.72,30.89,Low
C0253,2021,20.90,12.37,Low
C0253,2022,92.09,33.99,High
C0253,2023,59.52,25.72,Medium
C0253,2024,45.55,35.87,Medium
C0254,2015,52.20,23.64,Medium
C0254,2016,0.00,5.12,Low
C0254,2017,45.96,45.61,Medium
C0254,2018,14.40,34.14,Low
C0254,2019,85.81,35.70,High
C0254,2020,41.35,38.38,Medium
C0254,2021,23.20,25.62,Low
C0254,2022,51.18,35.69,Medium
C0254,2023,36.57,10.58,Medium
C0254,2024,46.00,23.44,Medium
C0255,2015,72.58,34.58,High
C0255,2016,50.92,40.25,Medium
C0255,2017,91.50,48.40,High
C0255,2018,25.68,43.04,Low
C0255,2019,32.61,2.08,Medium
C0255,2020,77.75,8.84,High
C0255,2021,78.34,33.97,High
C0255,2022,97.66,4.10,High
C0255,2023,62.84,49.77,High
C0255,2024,57.38,23.56,Medium
C0256,2015,58.88,34.32,Medium
C0256,2016,36.13,2.39,Medium
C0256,2017,38.50,21.52,Medium
C0256,2018,27.99,11.98,Low
C0256,2019,59.69,5.24,Medium
C0256,2020,84.02,33.63,High
C0256,2021,63.35,48.84,High
C0256,2022,47.26,15.26,Medium
C0256,2023,6.36,46.43,Low
C0256,2024,24.77,0.16,Low
C0257,2015,84.50,33.14,High
C0257,2016,39.62,26.53,Medium
C0257,2017,88.56,18.45,High
C0257,2018,24.27,20.88,Low
C0257,2019,57.57,30.04,Medium
C0257,2020,96.37,27.90,High
C0257,2021,55.68,25.41,Medium
C0257,2022,20.89,49.15,Low
C0257,2023,22.95,38.43,Low
C0257,2024,15.77,8.92,Low
C0258,2015,2.12,45.87,Low
C0258,2016,69.24,24.62,High
C0258,2017,78.31,0.70,High
C0258,2018,82.03,39.30,High
C0258,2019,7.37,17.64,Low
C0258,2020,94.23,49.94,High
C0258,2021,61.85,27.19,High
C0258,2022,8.83,13.52,Low
C0258,2023,8.49,37.60,Low
C0258,2024,50.98,13.91,Medium
C0259,2015,24.43,1.24,Low
C0259,2016,23.91,4.82,Low
C0259,2017,1.18,32.86,Low
C0259,2018,48.23,10.70,Medium
C0259,2019,8.66,11.89,Low
C0259,2020,7.68,7.45,Low
C0259,2021,15.86,12.82,Low
C0259,2022,1.07,38.00,Low
C0259,2023,10.35,25.69,Low
C0259,2024,59.43,10.80,Medium
C0260,2015,25.67,12.38,Low
C0260,2016,6.88,18.91,Low
C0260,2017,13.55,49.82,Low
C0260,2018,4.31,8.70,Low
C0260,2019,77.70,40.14,High
C0260,2020,56.15,43.28,Medium
C0260,2021,47.41,47.76,Medium
C0260,2022,87.33,30.24,High
C0260,2023,7.97,5.01,Low
C0260,2024,3.72,1.16,Low
C0261,2015,42.41,22.15,Medium
C0261,2016,26.40,17.54,Low
C0261,2017,47.58,43.11,Medium
C0261,2018,90.34,29.85,High
C0261,2019,44.63,42.16,Medium
C0261,2020,17.12,28.52,Low
C0261,2021,79.78,11.37,High
C0261,2022,38.88,9.98,Medium
C0261,2023,75.50,19.76,High
C0261,2024,14.14,1.47,Low
C0262,2015,33.72,24.87,Medium
C0262,2016,2.26,13.63,Low
C0262,2017,23.54,2.28,Low
C0262,2018,64.70,23.73,High
C0262,2019,29.31,32.05,Low
C0262,2020,13.92,5.04,Low
C0262,2021,5.62,30.43,Low
C0262,2022,60.28,47.15,High
C0262,2023,7.71,18.83,Low
C0262,2024,79.88,49.09,High
C0263,2015,35.72,39.10,Medium
C0263,2016,30.49,0.48,Medium
C0263,2017,62.48,47.26,High
C0263,2018,55.66,25.50,Medium
C0263,2019,98.76,30.03,High
C0263,2020,5.12,30.46,Low
C0263,2021,85.14,19.56,High
C0263,2022,59.95,22.21,Medium
C0263,2023,88.26,25.94,High
C0263,2024,69.39,48.28,High
C0264,2015,76.23,10.92,High
C0264,2016,78.67,45.73,High
C0264,2017,1.52,48.79,Low
C0264,2018,83.83,21.24,High
C0264,2019,67.94,12.36,High
C0264,2020,94.74,23.09,High
C0264,2021,13.32,5.08,Low
C0264,2022,92.16,41.07,High
C0264,2023,85.45,15.74,High
C0264,2024,22.63,15.21,Low
C0265,2015,12.41,33.67,Low
C0265,2016,62.86,28.07,High
C0265,2017,67.60,29.29,High
C0265,2018,71.09,24.23,High
C0265,2019,84.56,22.53,High
C0265,2020,55.67,15.79,Medium
C0265,2021,28.40,14.14,Low
C0265,2022,85.71,49.69,High
C0265,2023,43.34,20.15,Medium
C0265,2024,43.46,25.35,Medium
C0266,2015,49.25,19.86,Medium
C0266,2016,83.56,36.31,High
C0266,2017,97.08,8.69,High
C0266,2018,17.11,2.60,Low
C0266,2019,12.21,48.70,Low
C0266,2020,28.78,26.78,Low
C0266,2021,90.42,27.53,High
C0266,2022,52.81,23.34,Medium
C0266,2023,0.57,2.49,Low
C0266,2024,58.19,33.83,Medium
C0267,2015,54.90,28.29,Medium
C0267,2016,7.98,7.13,Low
C0267,2017,14.90,26.18,Low
C0267,2018,9.30,11.68,Low
C0267,2019,52.12,32.00,Medium
C0267,2020,53.10,33.39,Medium
C0267,2021,46.01,14.83,Medium
C0267,2022,45.10,4.71,Medium
C0267,2023,58.04,39.90,Medium
C0267,2024,66.22,31.82,High
C0268,2015,96.38,30.21,High
C0268,2016,54.51,29.90,Medium
C0268,2017,26.57,35.96,Low
C0268,2018,97.46,11.42,High
C0268,2019,10.58,20.34,Low
C0268,2020,31.27,11.08,Medium
C0268,2021,90.24,3.56,High
C0268,2022,94.39,45.33,High
C0268,2023,64.50,2.33,High
C0268,2024,1.46,2.30,Low
C0269,2015,44.26,16.10,Medium
C0269,2016,93.28,15.94,High
C0269,2017,88.97,1.99,High
C0269,2018,89.38,38.37,High
C0269,2019,29.39,5.87,Low
C0269,2020,82.48,4.42,High
C0269,2021,67.23,4.37,High
C0269,2022,89.37,32.22,High
C0269,2023,63.79,8.46,High
C0269,2024,37.52,28.92,Medium
C0270,2015,63.44,10.05,High
C0270,2016,35.78,41.83,Medium
C0270,2017,0.25,9.35,Low
C0270,2018,81.68,21.49,High
C0270,2019,84.94,27.62,High
C0270,2020,74.81,44.01,High
C0270,2021,22.75,10.76,Low
C0270,2022,13.59,31.02,Low
C0270,2023,16.99,1.56,Low
C0270,2024,50.10,38.77,Medium
C0271,2015,26.43,26.36,Low
C0271,2016,87.83,47.25,High
C0271,2017,54.44,38.77,Medium
C0271,2018,45.02,20.04,Medium
C0271,2019,87.16,20.79,High
C0271,2020,8.11,0.32,Low
C0271,2021,87.10,41.90,High
C0271,2022,80.21,40.27,High
C0271,2023,68.71,28.43,High
C0271,2024,11.10,18.77,Low
C0272,2015,5.24,40.25,Low
C0272,2016,16.61,30.51,Low
C0272,2017,27.03,9.49,Low
C0272,2018,61.62,12.12,High
C0272,2019,8.03,30.28,Low
C0272,2020,18.30,33.90,Low
C0272,2021,20.04,5.66,Low
C0272,2022,67.07,41.98,High
C0272,2023,34.62,25.17,Medium
C0272,2024,27.53,9.99,Low
C0273,2015,2.91,28.27,Low
C0273,2016,9.44,43.81,Low
C0273,2017,54.97,2.76,Medium
C0273,2018,63.33,11.05,High
C0273,2019,74.23,28.16,High
C0273,2020,49.75,0.09,Medium
C0273,2021,26.90,8.99,Low
C0273,2022,29.24,11.84,Low
C0273,2023,65.08,44.20,High
C0273,2024,42.64,26.21,Medium
C0274,2015,15.84,31.61,Low
C0274,2016,0.39,0.15,Low
C0274,2017,26.00,19.34,Low
C0274,2018,75.56,22.36,High
C0274,2019,66.47,41.94,High
C0274,2020,9.76,9.73,Low
C0274,2021,44.42,3.26,Medium
C0274,2022,14.46,41.24,Low
C0274,2023,47.29,10.60,Medium
C0274,2024,11.07,34.54,Low
C0275,2015,67.94,4.58,High
C0275,2016,58.40,33.63,Medium
C0275,2017,25.90,21.16,Low
C0275,2018,99.24,46.40,High
C0275,2019,58.86,10.02,Medium
C0275,2020,26.87,3.36,Low
C0275,2021,35.77,26.68,Medium
C0275,2022,91.62,45.88,High
C0275,2023,20.32,10.18,Low
C0275,2024,20.38,41.74,Low
C0276,2015,57.06,16.97,Medium
C0276,2016,33.21,4.95,Medium
C0276,2017,30.42,29.49,Medium
C0276,2018,41.03,26.10,Medium
C0276,2019,83.11,41.92,High
C0276,2020,84.10,5.15,High
C0276,2021,66.59,32.26,High
C0276,2022,57.73,31.02,Medium
C0276,2023,1.56,49.75,Low
C0276,2024,56.51,16.40,Medium
C0277,2015,95.41,2.23,High
C0277,2016,83.73,20.56,High
C0277,2017,14.44,23.22,Low
C0277,2018,97.40,18.45,High
C0277,2019,21.66,31.52,Low
C0277,2020,12.38,13.29,Low
C0277,2021,28.89,9.16,Low
C0277,2022,14.11,22.64,Low
C0277,2023,22.47,36.35,Low
C0277,2024,30.88,44.57,Medium
C0278,2015,59.08,33.19,Medium
C0278,2016,61.38,18.87,High
C0278,2017,53.44,37.33,Medium
C0278,2018,29.82,9.44,Low
C0278,2019,95.34,37.60,High
C0278,2020,29.68,24.04,Low
C0278,2021,40.10,13.54,Medium
C0278,2022,42.23,34.61,Medium
C0278,2023,2.24,20.82,Low
C0278,2024,42.88,31.00,Medium
C0279,2015,33.83,33.18,Medium
C0279,2016,7.07,19.66,Low
C0279,2017,81.11,49.30,High
C0279,2018,71.17,22.85,High
C0279,2019,28.35,49.21,Low
C0279,2020,26.06,11.76,Low
C0279,2021,90.47,8.35,High
C0279,2022,18.91,31.54,Low
C0279,2023,87.37,27.35,High
C0279,2024,7.78,27.02,Low
C0280,2015,83.95,49.75,High
C0280,2016,54.16,0.05,Medium
C0280,2017,77.59,22.68,High
C0280,2018,9.29,15.35,Low
C0280,2019,42.00,21.40,Medium
C0280,2020,45.03,46.91,Medium
C0280,2021,51.53,40.43,Medium
C0280,2022,62.78,10.08,High
C0280,2023,38.94,35.21,Medium
C0280,2024,44.74,28.98,Medium
C0281,2015,37.03,20.40,Medium
C0281,2016,69.87,17.10,High
C0281,2017,90.84,29.92,High
C0281,2018,11.43,23.45,Low
C0281,2019,28.75,27.49,Low
C0281,2020,21.97,38.65,Low
C0281,2021,93.94,48.35,High
C0281,2022,59.45,20.54,Medium
C0281,2023,14.29,21.33,Low
C0281,2024,39.79,42.03,Medium
C0282,2015,47.37,6.49,Medium
C0282,2016,62.30,40.04,High
C0282,2017,21.53,19.56,Low
C0282,2018,50.20,20.76,Medium
C0282,2019,80.15,14.83,High
C0282,2020,66.00,6.14,High
C0282,2021,10.42,37.26,Low
C0282,2022,91.23,44.94,High
C0282,2023,33.86,25.10,Medium
C0282,2024,42.45,9.59,Medium
C0283,2015,69.24,15.51,High
C0283,2016,46.13,4.22,Medium
C0283,2017,58.80,41.53,Medium
C0283,2018,47.77,26.04,Medium
C0283,2019,30.78,48.93,Medium
C0283,2020,44.09,38.62,Medium
C0283,2021,31.16,36.31,Medium
C0283,2022,44.86,21.90,Medium
C0283,2023,20.25,17.44,Low
C0283,2024,6.07,13.80,Low
C0284,2015,69.88,49.43,High
C0284,2016,12.59,11.54,Low
C0284,2017,82.23,7.34,High
C0284,2018,36.39,23.55,Medium
C0284,2019,24.89,25.90,Low
C0284,2020,40.98,8.87,Medium
C0284,2021,14.96,17.49,Low
C0284,2022,84.90,14.63,High
C0284,2023,16.67,37.07,Low
C0284,2024,49.38,24.42,Medium
C0285,2015,16.20,38.86,Low
C0285,2016,4.57,4.60,Low
C0285,2017,79.77,15.80,High
C0285,2018,55.74,14.91,Medium
C0285,2019,7.81,22.92,Low
C0285,2020,89.29,20.15,High
C0285,2021,39.26,13.05,Medium
C0285,2022,42.61,40.89,Medium
C0285,2023,49.49,45.34,Medium
C0285,2024,22.46,38.75,Low
C0286,2015,55.08,35.03,Medium
C0286,2016,25.00,29.45,Low
C0286,2017,83.60,16.79,High
C0286,2018,82.62,45.92,High
C0286,2019,47.71,32.43,Medium
C0286,2020,53.18,44.47,Medium
C0286,2021,99.29,22.64,High
C0286,2022,79.54,20.60,High
C0286,2023,6.29,3.85,Low
C0286,2024,17.26,16.87,Low
C0287,2015,59.61,19.29,Medium
C0287,2016,37.17,24.71,Medium
C0287,2017,80.39,23.76,High
C0287,2018,64.11,45.90,High
C0287,2019,99.07,25.37,High
C0287,2020,1.29,42.26,Low
C0287,2021,43.84,6.42,Medium
C0287,2022,40.75,28.61,Medium
C0287,2023,43.42,26.89,Medium
C0287,2024,88.52,7.79,High
C0288,2015,40.60,12.26,Medium
C0288,2016,79.63,25.02,High
C0288,2017,63.26,26.06,High
C0288,2018,48.77,45.00,Medium
C0288,2019,69.28,8.22,High
C0288,2020,22.91,15.24,Low
C0288,2021,14.23,12.00,Low
C0288,2022,96.72,39.13,High
C0288,2023,39.15,10.80,Medium
C0288,2024,30.37,44.94,Medium
C0289,2015,26.53,46.53,Low
C0289,2016,62.23,5.60,High
C0289,2017,99.64,10.84,High
C0289,2018,89.49,19.22,High
C0289,2019,40.05,43.35,Medium
C0289,2020,89.53,6.10,High
C0289,2021,45.71,17.23,Medium
C0289,2022,10.93,35.06,Low
C0289,2023,18.79,36.16,Low
C0289,2024,24.30,17.82,Low
C0290,2015,91.77,48.16,High
C0290,2016,97.90,17.62,High
C0290,2017,22.71,30.68,Low
C0290,2018,40.31,30.77,Medium
C0290,2019,98.15,40.02,High
C0290,2020,84.72,17.84,High
C0290,2021,44.28,20.52,Medium
C0290,2022,45.26,20.91,Medium
C0290,2023,87.86,2.94,High
C0290,2024,2.93,36.63,Low
C0291,2015,93.07,38.43,High
C0291,2016,8.94,41.03,Low
C0291,2017,90.14,35.72,High
C0291,2018,6.41,29.63,Low
C0291,2019,96.91,28.21,High
C0291,2020,0.86,32.19,Low
C0291,2021,96.49,0.40,High
C0291,2022,6.21,22.39,Low
C0291,2023,12.52,1.99,Low
C0291,2024,96.29,24.42,High
C0292,2015,79.18,7.44,High
C0292,2016,83.98,0.47,High
C0292,2017,43.15,36.52,Medium
C0292,2018,8.02,35.23,Low
C0292,2019,14.89,19.33,Low
C0292,2020,92.37,3.27,High
C0292,2021,38.44,48.75,Medium
C0292,2022,75.57,7.54,High
C0292,2023,69.02,24.42,High
C0292,2024,47.38,13.60,Medium
C0293,2015,86.06,6.62,High
C0293,2016,65.45,25.64,High
C0293,2017,73.98,9.80,High
C0293,2018,83.69,18.04,High
C0293,2019,22.26,30.33,Low
C0293,2020,29.33,19.34,Low
C0293,2021,75.55,25.97,High
C0293,2022,82.92,11.60,High
C0293,2023,59.76,34.80,Medium
C0293,2024,99.33,31.73,High
C0294,2015,87.80,34.65,High
C0294,2016,80.05,16.99,High
C0294,2017,24.54,47.02,Low
C0294,2018,33.30,31.20,Medium
C0294,2019,36.07,6.36,Medium
C0294,2020,9.28,48.75,Low
C0294,2021,73.14,28.44,High
C0294,2022,41.22,34.92,Medium
C0294,2023,62.10,18.61,High
C0294,2024,70.95,22.11,High
C0295,2015,0.84,36.62,Low
C0295,2016,4.78,43.27,Low
C0295,2017,33.51,48.02,Medium
C0295,2018,65.55,49.50,High
C0295,2019,47.83,29.76,Medium
C0295,2020,93.89,4.37,High
C0295,2021,25.69,28.92,Low
C0295,2022,10.39,10.22,Low
C0295,2023,11.44,32.42,Low
C0295,2024,22.50,16.78,Low
C0296,2015,23.62,26.11,Low
C0296,2016,37.89,33.05,Medium
C0296,2017,56.41,45.42,Medium
C0296,2018,24.92,39.64,Low
C0296,2019,51.54,1.06,Medium
C0296,2020,47.78,7.65,Medium
C0296,2021,30.91,43.44,Medium
C0296,2022,43.41,37.16,Medium
C0296,2023,38.34,7.39,Medium
C0296,2024,95.00,29.45,High
C0297,2015,6.89,29.38,Low
C0297,2016,76.70,38.75,High
C0297,2017,30.94,40.67,Medium
C0297,2018,18.54,33.70,Low
C0297,2019,87.07,35.66,High
C0297,2020,46.95,33.33,Medium
C0297,2021,51.01,7.55,Medium
C0297,2022,41.58,34.23,Medium
C0297,2023,40.45,23.56,Medium
C0297,2024,69.29,48.89,High
C0298,2015,75.94,35.44,High
C0298,2016,78.91,18.71,High
C0298,2017,52.52,45.50,Medium
C0298,2018,70.20,11.52,High
C0298,2019,77.76,23.37,High
C0298,2020,68.33,3.18,High
C0298,2021,19.36,31.44,Low
C0298,2022,71.18,27.93,High
C0298,2023,64.82,25.22,High
C0298,2024,9.62,10.33,Low
C0299,2015,64.62,24.72,High
C0299,2016,87.51,22.96,High
C0299,2017,41.32,1.09,Medium
C0299,2018,13.36,8.12,Low
C0299,2019,61.06,45.09,High
C0299,2020,23.90,39.45,Low
C0299,2021,54.50,5.99,Medium
C0299,2022,66.93,48.64,High
C0299,2023,51.03,23.27,Medium
C0299,2024,30.86,37.50,Medium
C0300,2015,85.70,27.09,High
C0300,2016,13.59,38.22,Low
C0300,2017,4.28,33.12,Low
C0300,2018,82.87,3.26,High
C0300,2019,3.42,45.68,Low
C0300,2020,48.72,38.42,Medium
C0300,2021,53.78,11.08,Medium
C0300,2022,33.84,11.32,Medium
C0300,2023,27.59,34.33,Low
C0300,2024,74.03,35.05,High
C0301,2015,36.63,4.35,Medium
C0301,2016,12.37,45.25,Low
C0301,2017,46.32,37.35,Medium
C0301,2018,72.64,49.20,High
C0301,2019,30.81,21.64,Medium
C0301,2020,13.21,4.31,Low
C0301,2021,34.11,45.28,Medium
C0301,2022,54.55,40.64,Medium
C0301,2023,10.17,0.01,Low
C0301,2024,23.45,26.50,Low
C0302,2015,97.08,0.37,High
C0302,2016,20.42,17.58,Low
C0302,2017,6.35,43.47,Low
C0302,2018,43.22,33.69,Medium
C0302,2019,7.38,42.53,Low
C0302,2020,1.36,27.86,Low
C0302,2021,1.55,38.71,Low
C0302,2022,29.64,24.31,Low
C0302,2023,7.38,25.14,Low
C0302,2024,19.29,29.90,Low
C0303,2015,64.83,7.03,High
C0303,2016,28.84,32.17,Low
C0303,2017,57.55,42.78,Medium
C0303,2018,41.13,7.98,Medium
C0303,2019,88.47,18.84,High
C0303,2020,69.64,46.02,High
C0303,2021,85.25,15.57,High
C0303,2022,51.89,43.76,Medium
C0303,2023,78.12,32.06,High
C0303,2024,61.56,42.17,High
C0304,2015,74.39,7.14,High
C0304,2016,68.46,39.35,High
C0304,2017,30.05,1.48,Medium
C0304,2018,12.54,19.73,Low
C0304,2019,80.64,13.99,High
C0304,2020,7.73,32.06,Low
C0304,2021,60.52,38.23,High
C0304,2022,98.88,17.25,High
C0304,2023,18.27,41.85,Low
C0304,2024,74.35,27.59,High
C0305,2015,95.32,37.65,High
C0305,2016,49.55,36.26,Medium
C0305,2017,57.30,6.92,Medium
C0305,2018,36.77,36.57,Medium
C0305,2019,44.18,41.32,Medium
C0305,2020,63.01,1.75,High
C0305,2021,87.15,8.12,High
C0305,2022,95.23,26.02,High
C0305,2023,54.32,2.94,Medium
C0305,2024,78.23,18.30,High
C0306,2015,73.65,41.97,High
C0306,2016,24.70,5.05,Low
C0306,2017,46.19,7.00,Medium
C0306,2018,68.35,5.96,High
C0306,2019,12.89,27.24,Low
C0306,2020,88.40,15.20,High
C0306,2021,40.25,40.82,Medium
C0306,2022,45.35,29.11,Medium
C0306,2023,86.97,33.50,High
C0306,2024,17.23,15.38,Low
C0307,2015,3.55,24.59,Low
C0307,2016,28.60,18.53,Low
C0307,2017,15.02,24.86,Low
C0307,2018,98.56,34.41,High
C0307,2019,56.62,22.54,Medium
C0307,2020,56.45,3.33,Medium
C0307,2021,79.41,18.54,High
C0307,2022,25.85,44.43,Low
C0307,2023,52.27,41.16,Medium
C0307,2024,14.21,41.65,Low
C0308,2015,9.35,9.05,Low
C0308,2016,43.97,3.97,Medium
C0308,2017,91.29,40.66,High
C0308,2018,44.11,33.30,Medium
C0308,2019,45.17,25.41,Medium
C0308,2020,86.51,34.36,High
C0308,2021,28.60,46.54,Low
C0308,2022,48.99,6.46,Medium
C0308,2023,16.44,8.48,Low
C0308,2024,84.62,29.49,High
C0309,2015,3.72,35.34,Low
C0309,2016,41.31,32.18,Medium
C0309,2017,27.66,12.70,Low
C0309,2018,25.73,31.11,Low
C0309,2019,24.42,28.01,Low
C0309,2020,36.95,1.21,Medium
C0309,2021,90.15,31.12,High
C0309,2022,70.88,22.56,High
C0309,2023,88.94,42.67,High
C0309,2024,19.64,32.77,Low
C0310,2015,84.91,27.34,High
C0310,2016,42.99,44.78,Medium
C0310,2017,98.11,33.19,High
C0310,2018,59.37,12.53,Medium
C0310,2019,48.74,23.38,Medium
C0310,2020,92.52,33.62,High
C0310,2021,38.13,41.03,Medium
C0310,2022,74.87,14.17,High
C0310,2023,47.34,36.33,Medium
C0310,2024,73.36,34.14,High
C0311,2015,27.57,7.36,Low
C0311,2016,40.67,7.65,Medium
C0311,2017,34.53,25.08,Medium
C0311,2018,86.88,20.56,High
C0311,2019,92.86,6.68,High
C0311,2020,73.55,4.38,High
C0311,2021,82.16,44.88,High
C0311,2022,35.39,9.58,Medium
C0311,2023,15.07,18.38,Low
C0311,2024,68.66,23.31,High
C0312,2015,63.73,4.15,High
C0312,2016,26.38,6.91,Low
C0312,2017,91.24,26.27,High
C0312,2018,35.75,34.97,Medium
C0312,2019,81.52,42.22,High
C0312,2020,12.91,43.13,Low
C0312,2021,28.67,27.25,Low
C0312,2022,61.44,14.34,High
C0312,2023,24.19,28.98,Low
C0312,2024,95.65,31.15,High
C0313,2015,55.16,14.35,Medium
C0313,2016,73.15,33.36,High
C0313,2017,56.15,8.71,Medium
C0313,2018,40.68,14.79,Medium
C0313,2019,82.21,46.50,High
C0313,2020,2.26,25.50,Low
C0313,2021,42.68,7.53,Medium
C0313,2022,88.11,33.42,High
C0313,2023,8.51,11.49,Low
C0313,2024,20.75,1.74,Low
C0314,2015,96.06,43.60,High
C0314,2016,95.90,21.72,High
C0314,2017,38.45,38.87,Medium
C0314,2018,75.23,42.72,High
C0314,2019,62.58,28.68,High
C0314,2020,49.30,4.84,Medium
C0314,2021,81.39,16.01,High
C0314,2022,65.09,12.65,High
C0314,2023,9.11,30.21,Low
C0314,2024,83.96,20.54,High
C0315,2015,27.44,20.61,Low
C0315,2016,63.30,32.73,High
C0315,2017,77.54,1.59,High
C0315,2018,89.76,6.61,High
C0315,2019,92.53,44.43,High
C0315,2020,92.58,41.81,High
C0315,2021,65.72,47.05,High
C0315,2022,62.42,10.49,High
C0315,2023,1.48,17.05,Low
C0315,2024,8.45,5.59,Low
C0316,2015,39.26,32.02,Medium
C0316,2016,79.29,39.07,High
C0316,2017,59.21,30.89,Medium
C0316,2018,23.52,29.82,Low
C0316,2019,12.29,40.12,Low
C0316,2020,46.82,4.41,Medium
C0316,2021,91.29,37.11,High
C0316,2022,5.31,44.63,Low
C0316,2023,46.26,32.30,Medium
C0316,2024,5.90,34.20,Low
C0317,2015,25.01,32.16,Low
C0317,2016,95.38,41.19,High
C0317,2017,10.47,19.84,Low
C0317,2018,5.08,42.91,Low
C0317,2019,8.72,13.50,Low
C0317,2020,69.17,5.76,High
C0317,2021,1.22,3.08,Low
C0317,2022,39.37,4.92,Medium
C0317,2023,95.33,22.81,High
C0317,2024,6.89,29.76,Low
C0318,2015,93.21,31.78,High
C0318,2016,11.75,28.23,Low
C0318,2017,12.78,10.35,Low
C0318,2018,60.48,43.29,High
C0318,2019,24.39,10.55,Low
C0318,2020,0.31,41.29,Low
C0318,2021,74.95,35.71,High
C0318,2022,37.09,17.76,Medium
C0318,2023,90.81,21.10,High
C0318,2024,27.81,40.69,Low
C0319,2015,66.93,49.26,High
C0319,2016,32.64,12.16,Medium
C0319,2017,14.83,34.43,Low
C0319,2018,97.48,3.72,High
C0319,2019,58.82,4.04,Medium
C0319,2020,83.97,22.55,High
C0319,2021,25.02,0.92,Low
C0319,2022,39.32,45.52,Medium
C0319,2023,47.69,19.32,Medium
C0319,2024,62.96,19.06,High
C0320,2015,39.49,16.29,Medium
C0320,2016,24.74,14.94,Low
C0320,2017,18.99,4.66,Low
C0320,2018,59.93,30.37,Medium
C0320,2019,24.77,12.67,Low
C0320,2020,39.66,17.35,Medium
C0320,2021,3.47,16.81,Low
C0320,2022,25.64,16.98,Low
C0320,2023,48.30,43.97,Medium
C0320,2024,79.60,23.55,High
C0321,2015,37.30,25.50,Medium
C0321,2016,29.52,39.20,Low
C0321,2017,51.61,15.39,Medium
C0321,2018,4.98,38.03,Low
C0321,2019,35.39,9.02,Medium
C0321,2020,13.53,35.42,Low
C0321,2021,25.35,7.19,Low
C0321,2022,39.07,34.45,Medium
C0321,2023,5.80,23.44,Low
C0321,2024,79.72,3.26,High
C0322,2015,27.47,30.05,Low
C0322,2016,23.28,34.57,Low
C0322,2017,34.36,10.11,Medium
C0322,2018,36.78,46.76,Medium
C0322,2019,81.27,11.37,High
C0322,2020,28.48,15.57,Low
C0322,2021,46.05,36.80,Medium
C0322,2022,49.82,10.02,Medium
C0322,2023,30.56,46.06,Medium
C0322,2024,78.33,32.05,High
C0323,2015,62.40,37.44,High
C0323,2016,72.10,5.95,High
C0323,2017,5.46,41.08,Low
C0323,2018,81.95,28.44,High
C0323,2019,24.04,38.48,Low
C0323,2020,9.18,3.58,Low
C0323,2021,66.10,30.42,High
C0323,2022,21.80,34.48,Low
C0323,2023,40.65,24.74,Medium
C0323,2024,70.79,41.76,High
C0324,2015,10.27,46.98,Low
C0324,2016,12.77,11.15,Low
C0324,2017,66.49,3.03,High
C0324,2018,44.96,38.65,Medium
C0324,2019,22.12,24.03,Low
C0324,2020,51.58,2.90,Medium
C0324,2021,61.86,4.46,High
C0324,2022,40.51,11.39,Medium
C0324,2023,17.29,0.23,Low
C0324,2024,64.75,23.50,High
C0325,2015,12.12,18.52,Low
C0325,2016,65.35,2.29,High
C0325,2017,27.08,12.05,Low
C0325,2018,0.14,37.00,Low
C0325,2019,46.58,40.37,Medium
C0325,2020,31.00,0.20,Medium
C0325,2021,22.94,5.32,Low
C0325,2022,49.85,49.91,Medium
C0325,2023,33.66,32.44,Medium
C0325,2024,29.50,34.24,Low
C0326,2015,76.26,18.97,High
C0326,2016,8.30,25.22,Low
C0326,2017,39.79,25.39,Medium
C0326,2018,24.68,17.39,Low
C0326,2019,28.54,34.49,Low
C0326,2020,44.19,28.63,Medium
C0326,2021,92.27,47.18,High
C0326,2022,65.92,0.34,High
C0326,2023,19.31,44.26,Low
C0326,2024,57.24,47.45,Medium
C0327,2015,15.38,7.36,Low
C0327,2016,88.53,11.10,High
C0327,2017,42.39,2.53,Medium
C0327,2018,94.97,11.75,High
C0327,2019,66.24,31.96,High
C0327,2020,83.35,10.84,High
C0327,2021,17.93,42.61,Low
C0327,2022,85.49,45.73,High
C0327,2023,18.95,1.39,Low
C0327,2024,97.62,25.35,High
C0328,2015,27.99,0.78,Low
C0328,2016,68.41,30.96,High
C0328,2017,54.65,17.37,Medium
C0328,2018,47.86,42.29,Medium
C0328,2019,42.86,45.87,Medium
C0328,2020,38.36,24.92,Medium
C0328,2021,30.32,47.63,Medium
C0328,2022,59.72,43.34,Medium
C0328,2023,98.42,4.83,High
C0328,2024,67.22,17.81,High
C0329,2015,75.69,17.02,High
C0329,2016,65.42,15.18,High
C0329,2017,51.57,39.87,Medium
C0329,2018,81.71,15.05,High
C0329,2019,32.32,18.96,Medium
C0329,2020,27.32,4.29,Low
C0329,2021,38.38,26.00,Medium
C0329,2022,57.88,5.85,Medium
C0329,2023,0.01,43.46,Low
C0329,2024,83.52,39.92,High
C0330,2015,30.32,15.11,Medium
C0330,2016,60.08,0.23,High
C0330,2017,5.24,3.58,Low
C0330,2018,43.16,10.90,Medium
C0330,2019,6.79,24.91,Low
C0330,2020,1.13,36.56,Low
C0330,2021,78.83,4.95,High
C0330,2022,40.48,35.42,Medium
C0330,2023,81.47,27.33,High
C0330,2024,33.73,30.98,Medium
C0331,2015,64.78,46.39,High
C0331,2016,9.43,47.65,Low
C0331,2017,19.05,36.87,Low
C0331,2018,47.13,34.63,Medium
C0331,2019,44.05,38.14,Medium
C0331,2020,19.42,33.65,Low
C0331,2021,87.08,0.51,High
C0331,2022,28.43,49.83,Low
C0331,2023,42.73,31.85,Medium
C0331,2024,33.74,24.43,Medium
C0332,2015,99.55,22.64,High
C0332,2016,34.66,11.71,Medium
C0332,2017,26.46,23.85,Low
C0332,2018,90.68,36.67,High
C0332,2019,15.74,12.71,Low
C0332,2020,91.82,42.26,High
C0332,2021,56.85,10.54,Medium
C0332,2022,22.32,42.92,Low
C0332,2023,25.20,29.20,Low
C0332,2024,71.10,41.88,High
C0333,2015,3.94,20.85,Low
C0333,2016,71.55,16.06,High
C0333,2017,30.99,34.88,Medium
C0333,2018,80.83,18.15,High
C0333,2019,12.50,47.64,Low
C0333,2020,24.92,37.03,Low
C0333,2021,43.90,21.47,Medium
C0333,2022,87.92,8.67,High
C0333,2023,28.41,27.83,Low
C0333,2024,84.38,29.78,High
C0334,2015,10.21,48.44,Low
C0334,2016,17.36,37.19,Low
C0334,2017,15.80,12.68,Low
C0334,2018,61.30,13.10,High
C0334,2019,38.87,29.01,Medium
C0334,2020,86.35,5.97,High
C0334,2021,48.58,34.77,Medium
C0334,2022,83.80,3.96,High
C0334,2023,24.03,28.67,Low
C0334,2024,93.13,49.12,High
C0335,2015,63.49,43.65,High
C0335,2016,50.56,42.22,Medium
C0335,2017,60.88,37.50,High
C0335,2018,91.71,46.44,High
C0335,2019,34.25,46.50,Medium
C0335,2020,24.58,8.11,Low
C0335,2021,24.54,11.43,Low
C0335,2022,97.27,46.22,High
C0335,2023,33.75,13.73,Medium
C0335,2024,88.39,18.99,High
C0336,2015,13.75,2.08,Low
C0336,2016,43.06,44.96,Medium
C0336,2017,61.92,3.61,High
C0336,2018,96.35,26.48,High
C0336,2019,67.73,10.98,High
C0336,2020,0.20,1.37,Low
C0336,2021,76.01,14.49,High
C0336,2022,64.98,33.20,High
C0336,2023,18.52,4.46,Low
C0336,2024,62.05,42.57,High
C0337,2015,92.56,34.59,High
C0337,2016,0.45,2.92,Low
C0337,2017,97.44,20.19,High
C0337,2018,29.62,40.44,Low
C0337,2019,60.75,46.60,High
C0337,2020,27.76,31.45,Low
C0337,2021,73.09,34.06,High
C0337,2022,51.58,43.83,Medium
C0337,2023,26.29,22.72,Low
C0337,2024,50.34,35.37,Medium
C0338,2015,35.16,28.88,Medium
C0338,2016,24.97,34.75,Low
C0338,2017,59.28,44.12,Medium
C0338,2018,63.82,39.49,High
C0338,2019,14.05,6.37,Low
C0338,2020,92.92,46.60,High
C0338,2021,0.67,2.50,Low
C0338,2022,27.69,37.83,Low
C0338,2023,34.33,14.27,Medium
C0338,2024,6.64,38.99,Low
C0339,2015,9.00,0.74,Low
C0339,2016,84.74,11.03,High
C0339,2017,36.18,4.00,Medium
C0339,2018,36.53,37.62,Medium
C0339,2019,68.86,9.70,High
C0339,2020,72.43,46.38,High
C0339,2021,70.75,20.55,High
C0339,2022,46.89,35.97,Medium
C0339,2023,70.67,41.25,High
C0339,2024,92.39,47.66,High
C0340,2015,13.48,23.08,Low
C0340,2016,57.48,33.55,Medium
C0340,2017,87.87,18.21,High
C0340,2018,96.57,14.18,High
C0340,2019,8.79,34.34,Low
C0340,2020,94.98,20.21,High
C0340,2021,72.65,28.62,High
C0340,2022,72.46,9.93,High
C0340,2023,14.76,35.74,Low
C0340,2024,57.58,48.47,Medium
C0341,2015,35.86,26.89,Medium
C0341,2016,58.56,26.00,Medium
C0341,2017,73.74,42.71,High
C0341,2018,18.34,7.58,Low
C0341,2019,15.30,19.67,Low
C0341,2020,35.68,8.69,Medium
C0341,2021,64.23,27.32,High
C0341,2022,67.38,30.82,High
C0341,2023,60.88,45.70,High
C0341,2024,84.95,41.54,High
C0342,2015,73.49,32.32,High
C0342,2016,50.47,38.73,Medium
C0342,2017,48.25,31.43,Medium
C0342,2018,79.77,28.54,High
C0342,2019,88.40,2.39,High
C0342,2020,84.91,1.22,High
C0342,2021,49.63,42.61,Medium
C0342,2022,57.92,14.10,Medium
C0342,2023,78.63,17.55,High
C0342,2024,57.94,22.47,Medium
C0343,2015,22.49,2.12,Low
C0343,2016,88.68,48.08,High
C0343,2017,49.34,5.15,Medium
C0343,2018,98.21,48.41,High
C0343,2019,55.32,35.39,Medium
C0343,2020,38.69,47.15,Medium
C0343,2021,21.33,2.61,Low
C0343,2022,34.49,22.37,Medium
C0343,2023,22.06,47.64,Low
C0343,2024,92.16,32.32,High
C0344,2015,60.05,27.34,High
C0344,2016,82.02,33.58,High
C0344,2017,20.83,9.31,Low
C0344,2018,6.21,37.30,Low
C0344,2019,41.89,13.78,Medium
C0344,2020,93.62,14.08,High
C0344,2021,11.31,29.87,Low
C0344,2022,78.86,1.05,High
C0344,2023,5.92,2.70,Low
C0344,2024,16.52,0.79,Low
C0345,2015,72.99,38.34,High
C0345,2016,21.10,1.35,Low
C0345,2017,2.20,4.79,Low
C0345,2018,21.94,30.33,Low
C0345,2019,73.28,23.75,High
C0345,2020,53.22,18.30,Medium
C0345,2021,54.72,17.78,Medium
C0345,2022,41.04,42.98,Medium
C0345,2023,14.58,3.89,Low
C0345,2024,21.55,46.31,Low
C0346,2015,18.51,11.79,Low
C0346,2016,70.72,24.38,High
C0346,2017,84.71,47.85,High
C0346,2018,23.75,31.94,Low
C0346,2019,17.25,12.56,Low
C0346,2020,25.17,49.12,Low
C0346,2021,93.88,40.73,High
C0346,2022,21.36,15.71,Low
C0346,2023,69.00,29.96,High
C0346,2024,11.67,27.81,Low
C0347,2015,66.03,30.83,High
C0347,2016,24.45,6.12,Low
C0347,2017,83.72,32.27,High
C0347,2018,2.32,10.71,Low
C0347,2019,50.03,15.97,Medium
C0347,2020,66.33,27.27,High
C0347,2021,74.35,10.65,High
C0347,2022,90.04,44.61,High
C0347,2023,62.59,20.88,High
C0347,2024,12.86,8.27,Low
C0348,2015,72.35,3.04,High
C0348,2016,52.80,39.07,Medium
C0348,2017,9.96,41.42,Low
C0348,2018,14.04,4.00,Low
C0348,2019,82.84,27.13,High
C0348,2020,56.55,32.66,Medium
C0348,2021,15.78,45.41,Low
C0348,2022,78.85,2.41,High
C0348,2023,58.65,17.38,Medium
C0348,2024,16.74,5.97,Low
C0349,2015,44.98,21.43,Medium
C0349,2016,92.89,18.61,High
C0349,2017,75.15,29.77,High
C0349,2018,38.68,33.76,Medium
C0349,2019,0.53,48.23,Low
C0349,2020,22.60,8.14,Low
C0349,2021,18.08,39.96,Low
C0349,2022,37.77,42.30,Medium
C0349,2023,88.25,28.25,High
C0349,2024,18.00,39.39,Low
C0350,2015,4.97,17.48,Low
C0350,2016,13.13,1.73,Low
C0350,2017,44.62,7.53,Medium
C0350,2018,6.75,8.37,Low
C0350,2019,55.65,43.77,Medium
C0350,2020,27.39,47.89,Low
C0350,2021,37.49,20.13,Medium
C0350,2022,15.61,32.82,Low
C0350,2023,74.57,15.17,High
C0350,2024,38.14,22.28,Medium
C0351,2015,11.51,31.03,Low
C0351,2016,36.15,42.81,Medium
C0351,2017,98.35,21.34,High
C0351,2018,71.40,34.95,High
C0351,2019,86.93,12.44,High
C0351,2020,89.20,16.43,High
C0351,2021,54.88,10.97,Medium
C0351,2022,55.69,43.25,Medium
C0351,2023,90.67,5.92,High
C0351,2024,87.33,38.50,High
C0352,2015,71.64,31.59,High
C0352,2016,82.20,32.50,High
C0352,2017,74.14,43.85,High
C0352,2018,30.78,26.54,Medium
C0352,2019,12.08,3.79,Low
C0352,2020,71.72,46.56,High
C0352,2021,90.56,16.87,High
C0352,2022,97.85,1.49,High
C0352,2023,4.89,26.66,Low
C0352,2024,63.68,17.92,High
C0353,2015,61.74,45.59,High
C0353,2016,36.92,25.54,Medium
C0353,2017,55.26,2.67,Medium
C0353,2018,45.58,11.90,Medium
C0353,2019,92.46,11.16,High
C0353,2020,29.92,38.20,Low
C0353,2021,17.93,3.29,Low
C0353,2022,67.31,16.27,High
C0353,2023,28.58,33.54,Low
C0353,2024,5.57,30.67,Low
C0354,2015,80.15,32.38,High
C0354,2016,32.46,27.97,Medium
C0354,2017,99.25,8.79,High
C0354,2018,31.20,33.72,Medium
C0354,2019,55.57,47.55,Medium
C0354,2020,16.11,2.05,Low
C0354,2021,53.29,18.09,Medium
C0354,2022,26.50,14.58,Low
C0354,2023,68.22,7.41,High
C0354,2024,2.84,13.22,Low
C0355,2015,69.91,1.27,High
C0355,2016,51.77,32.14,Medium
C0355,2017,38.00,30.62,Medium
C0355,2018,6.46,25.17,Low
C0355,2019,6.24,15.70,Low
C0355,2020,79.22,48.81,High
C0355,2021,74.07,30.96,High
C0355,2022,46.57,44.37,Medium
C0355,2023,0.69,15.30,Low
C0355,2024,81.31,37.76,High
C0356,2015,66.56,0.30,High
C0356,2016,7.68,33.84,Low
C0356,2017,27.65,37.41,Low
C0356,2018,6.78,13.50,Low
C0356,2019,86.98,49.91,High
C0356,2020,50.38,24.91,Medium
C0356,2021,37.42,18.47,Medium
C0356,2022,63.17,9.25,High
C0356,2023,74.58,7.77,High
C0356,2024,65.30,10.33,High
C0357,2015,82.88,26.81,High
C0357,2016,59.44,26.83,Medium
C0357,2017,0.31,26.52,Low
C0357,2018,13.61,42.98,Low
C0357,2019,86.72,0.08,High
C0357,2020,12.78,13.35,Low
C0357,2021,61.96,44.28,High
C0357,2022,20.60,5.00,Low
C0357,2023,96.05,9.74,High
C0357,2024,22.54,16.34,Low
C0358,2015,36.19,40.63,Medium
C0358,2016,77.37,29.19,High
C0358,2017,65.81,27.78,High
C0358,2018,32.16,46.25,Medium
C0358,2019,69.80,24.37,High
C0358,2020,97.99,47.35,High
C0358,2021,14.50,6.71,Low
C0358,2022,24.04,19.99,Low
C0358,2023,44.90,41.11,Medium
C0358,2024,31.34,7.52,Medium
C0359,2015,31.69,8.78,Medium
C0359,2016,42.90,19.09,Medium
C0359,2017,78.97,46.43,High
C0359,2018,35.70,9.10,Medium
C0359,2019,25.68,47.78,Low
C0359,2020,55.08,33.60,Medium
C0359,2021,87.17,23.56,High
C0359,2022,69.95,0.88,High
C0359,2023,34.01,26.24,Medium
C0359,2024,97.22,20.78,High
C0360,2015,69.08,39.54,High
C0360,2016,13.83,27.96,Low
C0360,2017,69.46,48.69,High
C0360,2018,90.58,5.60,High
C0360,2019,47.30,45.75,Medium
C0360,2020,72.94,18.98,High
C0360,2021,15.08,25.37,Low
C0360,2022,11.06,42.66,Low
C0360,2023,62.80,34.24,High
C0360,2024,40.03,47.31,Medium
C0361,2015,45.94,49.23,Medium
C0361,2016,30.74,32.08,Medium
C0361,2017,45.56,27.99,Medium
C0361,2018,9.90,12.65,Low
C0361,2019,10.80,13.77,Low
C0361,2020,44.42,12.69,Medium
C0361,2021,45.31,39.24,Medium
C0361,2022,87.14,30.77,High
C0361,2023,33.04,36.79,Medium
C0361,2024,67.69,40.81,High
C0362,2015,30.31,44.67,Medium
C0362,2016,30.79,7.35,Medium
C0362,2017,70.88,43.75,High
C0362,2018,56.20,32.29,Medium
C0362,2019,37.29,45.90,Medium
C0362,2020,48.33,46.44,Medium
C0362,2021,84.44,21.33,High
C0362,2022,74.59,35.71,High
C0362,2023,93.46,41.30,High
C0362,2024,87.69,12.87,High
C0363,2015,66.95,24.30,High
C0363,2016,19.00,12.96,Low
C0363,2017,36.19,4.42,Medium
C0363,2018,55.46,34.90,Medium
C0363,2019,3.38,28.61,Low
C0363,2020,68.13,20.00,High
C0363,2021,98.00,10.63,High
C0363,2022,82.75,9.47,High
C0363,2023,68.79,13.97,High
C0363,2024,67.79,49.11,High
C0364,2015,89.70,48.13,High
C0364,2016,31.03,42.24,Medium
C0364,2017,44.67,3.42,Medium
C0364,2018,66.04,41.59,High
C0364,2019,57.27,37.78,Medium
C0364,2020,84.41,46.93,High
C0364,2021,36.63,23.34,Medium
C0364,2022,41.63,25.75,Medium
C0364,2023,24.92,28.39,Low
C0364,2024,63.86,27.30,High
C0365,2015,39.03,15.69,Medium
C0365,2016,54.86,8.07,Medium
C0365,2017,6.06,35.59,Low
C0365,2018,70.44,45.63,High
C0365,2019,53.26,33.32,Medium
C0365,2020,74.22,41.46,High
C0365,2021,25.00,26.06,Low
C0365,2022,85.55,25.26,High
C0365,2023,87.08,49.27,High
C0365,2024,43.71,49.73,Medium
C0366,2015,9.53,30.44,Low
C0366,2016,50.72,18.54,Medium
C0366,2017,64.70,18.62,High
C0366,2018,59.94,33.59,Medium
C0366,2019,89.77,11.22,High
C0366,2020,91.82,49.01,High
C0366,2021,62.21,35.65,High
C0366,2022,64.23,8.06,High
C0366,2023,12.98,18.21,Low
C0366,2024,39.33,11.18,Medium
C0367,2015,33.01,4.30,Medium
C0367,2016,34.58,32.24,Medium
C0367,2017,72.74,5.22,High
C0367,2018,48.80,19.81,Medium
C0367,2019,50.26,33.48,Medium
C0367,2020,24.77,8.06,Low
C0367,2021,16.72,44.21,Low
C0367,2022,40.94,9.25,Medium
C0367,2023,5.77,30.53,Low
C0367,2024,15.95,46.19,Low
C0368,2015,81.85,4.77,High
C0368,2016,43.74,5.25,Medium
C0368,2017,97.64,6.28,High
C0368,2018,0.44,17.88,Low
C0368,2019,92.06,33.58,High
C0368,2020,65.24,26.93,High
C0368,2021,62.31,14.91,High
C0368,2022,84.04,30.90,High
C0368,2023,62.68,22.32,High
C0368,2024,3.49,17.63,Low
C0369,2015,90.53,19.12,High
C0369,2016,87.32,17.97,High
C0369,2017,51.99,25.59,Medium
C0369,2018,12.60,19.01,Low
C0369,2019,82.15,15.98,High
C0369,2020,52.98,16.05,Medium
C0369,2021,32.62,10.95,Medium
C0369,2022,99.33,10.49,High
C0369,2023,16.45,14.30,Low
C0369,2024,16.46,48.61,Low
C0370,2015,59.97,10.21,Medium
C0370,2016,26.70,22.23,Low
C0370,2017,41.21,45.43,Medium
C0370,2018,24.05,0.58,Low
C0370,2019,78.26,30.24,High
C0370,2020,27.46,43.51,Low
C0370,2021,84.22,8.38,High
C0370,2022,73.59,40.64,High
C0370,2023,29.78,32.31,Low
C0370,2024,79.90,41.06,High
C0371,2015,31.88,3.55,Medium
C0371,2016,40.66,3.55,Medium
C0371,2017,7.83,7.15,Low
C0371,2018,56.88,48.95,Medium
C0371,2019,81.63,43.97,High
C0371,2020,62.30,28.62,High
C0371,2021,55.17,26.42,Medium
C0371,2022,89.79,12.75,High
C0371,2023,44.13,10.60,Medium
C0371,2024,99.58,11.73,High
C0372,2015,46.07,36.50,Medium
C0372,2016,64.33,31.70,High
C0372,2017,4.64,25.09,Low
C0372,2018,69.85,41.68,High
C0372,2019,31.95,2.96,Medium
C0372,2020,12.77,1.81,Low
C0372,2021,14.81,41.04,Low
C0372,2022,50.83,20.82,Medium
C0372,2023,58.96,33.28,Medium
C0372,2024,70.33,20.21,High
C0373,2015,44.61,21.93,Medium
C0373,2016,86.47,1.13,High
C0373,2017,6.85,26.52,Low
C0373,2018,12.14,1.77,Low
C0373,2019,22.79,17.57,Low
C0373,2020,10.17,6.84,Low
C0373,2021,75.59,10.89,High
C0373,2022,36.29,45.37,Medium
C0373,2023,60.43,48.47,High
C0373,2024,76.49,1.65,High
C0374,2015,54.72,45.70,Medium
C0374,2016,53.35,42.56,Medium
C0374,2017,45.03,25.81,Medium
C0374,2018,69.55,24.18,High
C0374,2019,52.96,19.35,Medium
C0374,2020,40.36,32.67,Medium
C0374,2021,61.78,9.12,High
C0374,2022,96.15,3.71,High
C0374,2023,80.81,48.99,High
C0374,2024,44.71,41.06,Medium
C0375,2015,60.76,19.00,High
C0375,2016,39.14,3.28,Medium
C0375,2017,52.02,47.86,Medium
C0375,2018,73.36,2.57,High
C0375,2019,83.79,0.13,High
C0375,2020,6.12,14.43,Low
C0375,2021,16.47,37.26,Low
C0375,2022,58.04,42.26,Medium
C0375,2023,70.35,29.25,High
C0375,2024,66.08,23.01,High
C0376,2015,24.95,0.75,Low
C0376,2016,65.44,17.40,High
C0376,2017,46.19,4.19,Medium
C0376,2018,24.49,10.97,Low
C0376,2019,88.47,3.43,High
C0376,2020,53.00,44.84,Medium
C0376,2021,86.24,35.40,High
C0376,2022,41.80,22.72,Medium
C0376,2023,63.29,46.55,High
C0376,2024,81.70,10.43,High
C0377,2015,32.88,47.68,Medium
C0377,2016,85.76,3.71,High
C0377,2017,35.15,39.99,Medium
C0377,2018,20.20,16.43,Low
C0377,2019,74.01,6.60,High
C0377,2020,33.48,33.08,Medium
C0377,2021,95.34,31.77,High
C0377,2022,80.45,46.71,High
C0377,2023,23.05,13.81,Low
C0377,2024,98.65,38.31,High
C0378,2015,36.37,46.08,Medium
C0378,2016,55.79,22.81,Medium
C0378,2017,7.35,20.85,Low
C0378,2018,4.16,18.43,Low
C0378,2019,29.56,49.19,Low
C0378,2020,1.23,30.41,Low
C0378,2021,27.76,46.12,Low
C0378,2022,52.23,22.47,Medium
C0378,2023,69.09,44.11,High
C0378,2024,25.13,23.13,Low
C0379,2015,40.74,7.88,Medium
C0379,2016,38.29,29.95,Medium
C0379,2017,32.76,43.47,Medium
C0379,2018,38.86,1.71,Medium
C0379,2019,48.81,14.18,Medium
C0379,2020,19.85,47.31,Low
C0379,2021,46.46,13.51,Medium
C0379,2022,26.05,19.92,Low
C0379,2023,6.36,16.39,Low
C0379,2024,21.36,13.02,Low
C0380,2015,93.41,19.60,High
C0380,2016,50.52,42.59,Medium
C0380,2017,98.26,16.50,High
C0380,2018,22.52,35.17,Low
C0380,2019,29.20,12.29,Low
C0380,2020,64.04,9.05,High
C0380,2021,35.53,40.35,Medium
C0380,2022,36.12,6.39,Medium
C0380,2023,84.39,38.67,High
C0380,2024,2.92,31.82,Low
C0381,2015,66.62,26.81,High
C0381,2016,88.03,23.03,High
C0381,2017,17.43,26.77,Low
C0381,2018,40.35,6.26,Medium
C0381,2019,80.91,12.33,High
C0381,2020,53.51,0.95,Medium
C0381,2021,35.77,34.95,Medium
C0381,2022,62.59,39.88,High
C0381,2023,32.47,34.48,Medium
C0381,2024,62.63,35.44,High
C0382,2015,14.50,43.18,Low
C0382,2016,22.54,35.10,Low
C0382,2017,1.47,17.52,Low
C0382,2018,18.45,11.97,Low
C0382,2019,13.07,20.52,Low
C0382,2020,59.81,23.16,Medium
C0382,2021,94.44,13.64,High
C0382,2022,21.54,14.69,Low
C0382,2023,12.93,35.49,Low
C0382,2024,53.53,10.37,Medium
C0383,2015,18.11,38.37,Low
C0383,2016,54.16,12.87,Medium
C0383,2017,50.45,20.32,Medium
C0383,2018,1.94,13.78,Low
C0383,2019,96.43,41.08,High
C0383,2020,20.14,19.71,Low
C0383,2021,89.48,48.93,High
C0383,2022,38.31,30.04,Medium
C0383,2023,15.84,0.83,Low
C0383,2024,10.68,40.76,Low
C0384,2015,51.07,34.46,Medium
C0384,2016,36.18,12.81,Medium
C0384,2017,91.75,13.43,High
C0384,2018,20.14,24.61,Low
C0384,2019,72.36,33.32,High
C0384,2020,18.58,44.98,Low
C0384,2021,87.17,8.32,High
C0384,2022,51.05,8.37,Medium
C0384,2023,83.12,34.86,High
C0384,2024,43.75,15.89,Medium
C0385,2015,17.53,11.35,Low
C0385,2016,53.93,34.37,Medium
C0385,2017,27.25,3.02,Low
C0385,2018,18.46,26.57,Low
C0385,2019,90.38,32.03,High
C0385,2020,55.14,19.24,Medium
C0385,2021,80.03,6.29,High
C0385,2022,77.60,17.13,High
C0385,2023,0.11,21.56,Low
C0385,2024,88.59,8.06,High
C0386,2015,77.34,24.42,High
C0386,2016,26.87,16.94,Low
C0386,2017,22.93,45.00,Low
C0386,2018,5.68,3.22,Low
C0386,2019,9.25,33.50,Low
C0386,2020,19.46,36.10,Low
C0386,2021,0.35,30.45,Low
C0386,2022,31.58,26.09,Medium
C0386,2023,92.22,5.76,High
C0386,2024,55.52,30.41,Medium
C0387,2015,58.06,28.33,Medium
C0387,2016,23.68,45.64,Low
C0387,2017,22.51,43.61,Low
C0387,2018,36.73,1.03,Medium
C0387,2019,26.22,49.23,Low
C0387,2020,85.84,28.27,High
C0387,2021,17.75,45.80,Low
C0387,2022,67.49,7.46,High
C0387,2023,48.96,34.82,Medium
C0387,2024,67.72,22.92,High
C0388,2015,83.47,6.71,High
C0388,2016,34.14,1.14,Medium
C0388,2017,54.07,10.81,Medium
C0388,2018,49.89,0.84,Medium
C0388,2019,37.32,29.89,Medium
C0388,2020,81.19,15.25,High
C0388,2021,1.03,47.68,Low
C0388,2022,31.01,31.63,Medium
C0388,2023,83.21,38.19,High
C0388,2024,87.21,21.69,High
C0389,2015,69.37,13.36,High
C0389,2016,34.08,38.37,Medium
C0389,2017,82.23,23.38,High
C0389,2018,8.40,49.98,Low
C0389,2019,26.54,29.63,Low
C0389,2020,9.25,42.26,Low
C0389,2021,11.03,14.39,Low
C0389,2022,59.30,21.34,Medium
C0389,2023,7.21,12.03,Low
C0389,2024,67.98,38.77,High
C0390,2015,34.88,37.86,Medium
C0390,2016,5.57,29.63,Low
C0390,2017,28.56,36.55,Low
C0390,2018,39.93,18.03,Medium
C0390,2019,36.66,43.90,Medium
C0390,2020,51.01,46.12,Medium
C0390,2021,50.28,33.20,Medium
C0390,2022,35.96,18.65,Medium
C0390,2023,89.92,42.09,High
C0390,2024,22.00,49.03,Low
C0391,2015,34.03,28.95,Medium
C0391,2016,55.37,32.99,Medium
C0391,2017,24.53,42.53,Low
C0391,2018,15.02,33.63,Low
C0391,2019,0.63,9.84,Low
C0391,2020,94.53,21.16,High
C0391,2021,78.42,30.60,High
C0391,2022,88.89,23.19,High
C0391,2023,4.02,34.00,Low
C0391,2024,7.34,14.08,Low
C0392,2015,55.20,7.94,Medium
C0392,2016,2.32,1.42,Low
C0392,2017,27.14,1.95,Low
C0392,2018,97.26,17.84,High
C0392,2019,35.75,1.09,Medium
C0392,2020,97.94,13.58,High
C0392,2021,11.85,25.67,Low
C0392,2022,38.51,37.21,Medium
C0392,2023,0.58,29.45,Low
C0392,2024,59.15,26.73,Medium
C0393,2015,34.18,12.11,Medium
C0393,2016,50.40,0.79,Medium
C0393,2017,79.47,6.49,High
C0393,2018,55.12,49.09,Medium
C0393,2019,66.53,46.39,High
C0393,2020,47.22,15.56,Medium
C0393,2021,74.79,16.05,High
C0393,2022,60.25,44.57,High
C0393,2023,86.58,3.93,High
C0393,2024,75.59,8.57,High
C0394,2015,23.20,5.90,Low
C0394,2016,52.45,43.55,Medium
C0394,2017,87.50,0.33,High
C0394,2018,85.89,0.72,High
C0394,2019,47.71,40.69,Medium
C0394,2020,31.38,31.85,Medium
C0394,2021,21.06,28.16,Low
C0394,2022,19.43,46.14,Low
C0394,2023,14.38,24.17,Low
C0394,2024,99.96,23.34,High
C0395,2015,66.26,21.04,High
C0395,2016,31.46,32.61,Medium
C0395,2017,29.33,16.16,Low
C0395,2018,30.55,33.42,Medium
C0395,2019,87.25,35.18,High
C0395,2020,51.32,10.57,Medium
C0395,2021,27.15,29.75,Low
C0395,2022,79.84,36.34,High
C0395,2023,75.02,48.06,High
C0395,2024,46.76,46.95,Medium
C0396,2015,68.88,10.25,High
C0396,2016,73.81,28.86,High
C0396,2017,4.95,23.47,Low
C0396,2018,87.55,17.46,High
C0396,2019,28.70,17.11,Low
C0396,2020,98.11,48.55,High
C0396,2021,90.82,1.83,High
C0396,2022,1.93,42.63,Low
C0396,2023,62.09,22.67,High
C0396,2024,96.51,28.33,High
C0397,2015,56.50,36.96,Medium
C0397,2016,61.56,22.82,High
C0397,2017,93.10,49.37,High
C0397,2018,57.28,43.38,Medium
C0397,2019,24.44,10.67,Low
C0397,2020,46.03,33.52,Medium
C0397,2021,35.00,23.77,Medium
C0397,2022,16.71,18.05,Low
C0397,2023,21.41,17.58,Low
C0397,2024,6.11,8.14,Low
C0398,2015,16.88,22.88,Low
C0398,2016,25.93,29.78,Low
C0398,2017,75.83,39.92,High
C0398,2018,36.60,14.44,Medium
C0398,2019,69.10,38.69,High
C0398,2020,99.62,27.69,High
C0398,2021,58.17,12.90,Medium
C0398,2022,61.41,39.35,High
C0398,2023,55.22,30.14,Medium
C0398,2024,39.55,47.74,Medium
C0399,2015,18.57,14.42,Low
C0399,2016,97.75,48.66,High
C0399,2017,47.80,27.78,Medium
C0399,2018,93.59,22.74,High
C0399,2019,25.98,43.75,Low
C0399,2020,10.85,7.89,Low
C0399,2021,63.69,23.10,High
C0399,2022,85.13,6.27,High
C0399,2023,66.22,30.66,High
C0399,2024,74.28,2.12,High
C0400,2015,60.84,49.01,High
C0400,2016,74.64,0.41,High
C0400,2017,34.45,46.61,Medium
C0400,2018,38.95,32.21,Medium
C0400,2019,78.03,41.14,High
C0400,2020,80.15,17.91,High
C0400,2021,8.26,12.20,Low
C0400,2022,1.69,8.66,Low
C0400,2023,66.65,26.56,High
C0400,2024,8.44,13.33,Low
C0401,2015,17.14,44.01,Low
C0401,2016,19.72,1.50,Low
C0401,2017,50.93,4.23,Medium
C0401,2018,20.11,10.79,Low
C0401,2019,18.09,4.12,Low
C0401,2020,1.06,41.40,Low
C0401,2021,76.65,0.20,High
C0401,2022,13.59,32.58,Low
C0401,2023,56.88,22.77,Medium
C0401,2024,29.97,38.64,Low
C0402,2015,18.30,20.52,Low
C0402,2016,34.69,32.25,Medium
C0402,2017,25.75,31.96,Low
C0402,2018,43.32,18.19,Medium
C0402,2019,69.02,5.71,High
C0402,2020,5.09,21.65,Low
C0402,2021,18.33,43.75,Low
C0402,2022,8.03,39.82,Low
C0402,2023,96.78,18.57,High
C0402,2024,57.39,43.36,Medium
C0403,2015,82.03,21.94,High
C0403,2016,26.67,9.81,Low
C0403,2017,89.54,43.20,High
C0403,2018,62.90,24.68,High
C0403,2019,40.60,21.69,Medium
C0403,2020,60.06,11.75,High
C0403,2021,12.75,38.23,Low
C0403,2022,31.31,27.51,Medium
C0403,2023,53.92,10.37,Medium
C0403,2024,64.04,12.97,High
C0404,2015,21.68,19.12,Low
C0404,2016,99.19,26.72,High
C0404,2017,83.31,40.26,High
C0404,2018,58.00,10.36,Medium
C0404,2019,97.33,36.93,High
C0404,2020,51.26,45.81,Medium
C0404,2021,94.72,19.78,High
C0404,2022,75.18,18.29,High
C0404,2023,21.73,23.89,Low
C0404,2024,40.55,40.86,Medium
C0405,2015,26.28,4.63,Low
C0405,2016,72.18,19.36,High
C0405,2017,76.66,1.47,High
C0405,2018,68.42,25.89,High
C0405,2019,54.56,47.21,Medium
C0405,2020,40.21,8.01,Medium
C0405,2021,98.43,12.77,High
C0405,2022,2.80,34.95,Low
C0405,2023,12.39,34.53,Low
C0405,2024,59.87,29.84,Medium
C0406,2015,75.58,12.09,High
C0406,2016,95.76,3.33,High
C0406,2017,49.05,11.11,Medium
C0406,2018,26.59,31.95,Low
C0406,2019,86.33,14.81,High
C0406,2020,44.06,42.09,Medium
C0406,2021,12.91,30.81,Low
C0406,2022,52.21,2.50,Medium
C0406,2023,52.55,4.41,Medium
C0406,2024,22.92,14.03,Low
C0407,2015,14.20,28.68,Low
C0407,2016,14.25,46.84,Low
C0407,2017,82.33,5.16,High
C0407,2018,50.10,41.53,Medium
C0407,2019,73.64,28.64,High
C0407,2020,96.25,18.20,High
C0407,2021,79.20,32.15,High
C0407,2022,15.70,39.25,Low
C0407,2023,41.99,17.94,Medium
C0407,2024,49.61,45.98,Medium
C0408,2015,70.13,27.55,High
C0408,2016,96.49,7.85,High
C0408,2017,28.51,27.34,Low
C0408,2018,86.12,38.27,High
C0408,2019,7.22,29.33,Low
C0408,2020,87.20,29.21,High
C0408,2021,69.46,1.39,High
C0408,2022,2.85,23.17,Low
C0408,2023,61.08,18.28,High
C0408,2024,93.13,2.19,High
C0409,2015,43.26,34.06,Medium
C0409,2016,11.73,9.16,Low
C0409,2017,98.86,17.50,High
C0409,2018,41.67,28.88,Medium
C0409,2019,52.78,22.01,Medium
C0409,2020,96.73,35.09,High
C0409,2021,58.48,42.24,Medium
C0409,2022,67.62,8.46,High
C0409,2023,70.99,13.93,High
C0409,2024,75.35,9.29,High
C0410,2015,80.02,24.96,High
C0410,2016,7.48,3.96,Low
C0410,2017,93.43,37.06,High
C0410,2018,54.54,6.40,Medium
C0410,2019,53.39,47.34,Medium
C0410,2020,83.55,42.02,High
C0410,2021,30.68,48.46,Medium
C0410,2022,65.59,2.03,High
C0410,2023,31.70,10.26,Medium
C0410,2024,76.09,48.05,High
C0411,2015,43.29,49.23,Medium
C0411,2016,18.66,14.04,Low
C0411,2017,90.89,29.94,High
C0411,2018,75.33,10.37,High
C0411,2019,1.42,44.74,Low
C0411,2020,6.45,6.84,Low
C0411,2021,37.91,34.41,Medium
C0411,2022,78.01,14.51,High
C0411,2023,27.60,18.69,Low
C0411,2024,99.08,27.40,High
C0412,2015,91.91,21.37,High
C0412,2016,86.46,26.17,High
C0412,2017,0.91,33.98,Low
C0412,2018,96.40,14.81,High
C0412,2019,59.14,36.94,Medium
C0412,2020,59.13,20.86,Medium
C0412,2021,9.87,1.09,Low
C0412,2022,60.94,42.33,High
C0412,2023,52.87,14.08,Medium
C0412,2024,54.14,43.01,Medium
C0413,2015,19.14,37.23,Low
C0413,2016,54.31,20.34,Medium
C0413,2017,7.23,32.51,Low
C0413,2018,2.14,49.60,Low
C0413,2019,21.32,15.38,Low
C0413,2020,80.17,22.52,High
C0413,2021,60.35,7.43,High
C0413,2022,89.43,43.57,High
C0413,2023,38.90,27.64,Medium
C0413,2024,34.98,5.10,Medium
C0414,2015,70.00,29.88,High
C0414,2016,40.71,23.40,Medium
C0414,2017,38.12,15.37,Medium
C0414,2018,46.60,0.93,Medium
C0414,2019,11.47,10.82,Low
C0414,2020,20.28,10.30,Low
C0414,2021,60.33,35.77,High
C0414,2022,60.85,12.96,High
C0414,2023,59.02,48.93,Medium
C0414,2024,19.98,9.20,Low
C0415,2015,43.56,44.65,Medium
C0415,2016,92.10,18.26,High
C0415,2017,86.10,49.97,High
C0415,2018,55.75,40.19,Medium
C0415,2019,90.08,30.20,High
C0415,2020,67.50,41.53,High
C0415,2021,41.23,44.84,Medium
C0415,2022,77.64,49.88,High
C0415,2023,30.20,8.51,Medium
C0415,2024,85.47,29.24,High
C0416,2015,32.95,19.34,Medium
C0416,2016,79.46,19.27,High
C0416,2017,28.13,31.62,Low
C0416,2018,91.69,25.21,High
C0416,2019,18.48,40.53,Low
C0416,2020,71.90,16.41,High
C0416,2021,40.87,26.50,Medium
C0416,2022,1.85,48.28,Low
C0416,2023,33.18,4.53,Medium
C0416,2024,20.26,13.43,Low
C0417,2015,55.52,5.08,Medium
C0417,2016,25.99,3.14,Low
C0417,2017,7.26,0.83,Low
C0417,2018,95.31,18.27,High
C0417,2019,84.51,42.43,High
C0417,2020,4.53,12.08,Low
C0417,2021,27.14,16.22,Low
C0417,2022,63.05,42.82,High
C0417,2023,32.14,7.50,Medium
C0417,2024,28.18,11.84,Low
C0418,2015,59.59,35.60,Medium
C0418,2016,19.43,37.05,Low
C0418,2017,64.85,17.93,High
C0418,2018,8.93,0.52,Low
C0418,2019,32.50,19.08,Medium
C0418,2020,11.56,35.77,Low
C0418,2021,29.66,35.74,Low
C0418,2022,68.28,20.99,High
C0418,2023,76.39,17.44,High
C0418,2024,14.50,35.10,Low
C0419,2015,74.62,47.45,High
C0419,2016,8.43,39.64,Low
C0419,2017,21.65,11.46,Low
C0419,2018,50.03,48.13,Medium
C0419,2019,97.13,30.49,High
C0419,2020,97.36,5.62,High
C0419,2021,47.83,16.84,Medium
C0419,2022,80.50,36.20,High
C0419,2023,55.34,43.49,Medium
C0419,2024,75.17,26.47,High
C0420,2015,65.31,6.89,High
C0420,2016,69.72,6.18,High
C0420,2017,43.96,16.30,Medium
C0420,2018,83.31,1.88,High
C0420,2019,44.57,20.93,Medium
C0420,2020,70.58,38.86,High
C0420,2021,87.02,23.05,High
C0420,2022,65.56,41.52,High
C0420,2023,50.98,32.86,Medium
C0420,2024,52.83,9.67,Medium
C0421,2015,70.88,10.72,High
C0421,2016,9.22,17.48,Low
C0421,2017,63.66,26.90,High
C0421,2018,37.49,33.91,Medium
C0421,2019,13.52,8.65,Low
C0421,2020,91.25,7.66,High
C0421,2021,49.76,0.62,Medium
C0421,2022,45.70,5.64,Medium
C0421,2023,54.24,37.59,Medium
C0421,2024,62.25,2.77,High
C0422,2015,19.46,30.29,Low
C0422,2016,62.55,30.04,High
C0422,2017,35.25,49.63,Medium
C0422,2018,71.47,33.88,High
C0422,2019,77.19,34.96,High
C0422,2020,0.75,4.48,Low
C0422,2021,71.63,43.82,High
C0422,2022,35.25,16.00,Medium
C0422,2023,30.37,15.63,Medium
C0422,2024,37.29,23.28,Medium
C0423,2015,57.56,35.38,Medium
C0423,2016,11.45,14.72,Low
C0423,2017,69.83,38.88,High
C0423,2018,44.52,12.28,Medium
C0423,2019,15.98,6.14,Low
C0423,2020,50.94,34.83,Medium
C0423,2021,57.41,46.08,Medium
C0423,2022,34.63,45.48,Medium
C0423,2023,89.96,3.13,High
C0423,2024,69.72,19.58,High
C0424,2015,66.13,14.37,High
C0424,2016,5.33,22.73,Low
C0424,2017,50.16,2.52,Medium
C0424,2018,85.08,20.54,High
C0424,2019,66.83,48.05,High
C0424,2020,23.28,28.35,Low
C0424,2021,86.12,10.86,High
C0424,2022,36.95,40.46,Medium
C0424,2023,91.50,19.87,High
C0424,2024,51.23,3.19,Medium
C0425,2015,78.66,17.62,High
C0425,2016,61.20,40.70,High
C0425,2017,29.14,11.05,Low
C0425,2018,65.38,16.33,High
C0425,2019,0.96,13.58,Low
C0425,2020,83.52,44.90,High
C0425,2021,96.58,14.71,High
C0425,2022,20.70,12.02,Low
C0425,2023,88.36,46.36,High
C0425,2024,16.78,49.99,Low
C0426,2015,49.15,29.68,Medium
C0426,2016,29.26,46.74,Low
C0426,2017,19.18,38.40,Low
C0426,2018,75.57,9.38,High
C0426,2019,80.66,34.20,High
C0426,2020,83.86,39.51,High
C0426,2021,0.85,37.15,Low
C0426,2022,84.78,26.50,High
C0426,2023,5.15,25.76,Low
C0426,2024,44.84,41.09,Medium
C0427,2015,17.53,34.45,Low
C0427,2016,90.67,39.65,High
C0427,2017,57.67,10.37,Medium
C0427,2018,46.85,48.32,Medium
C0427,2019,44.42,36.64,Medium
C0427,2020,40.44,21.12,Medium
C0427,2021,47.39,29.96,Medium
C0427,2022,56.56,31.99,Medium
C0427,2023,81.71,40.06,High
C0427,2024,23.77,35.04,Low
C0428,2015,80.44,42.22,High
C0428,2016,83.05,19.74,High
C0428,2017,85.13,21.06,High
C0428,2018,94.16,9.43,High
C0428,2019,95.66,25.79,High
C0428,2020,10.79,20.08,Low
C0428,2021,87.77,33.24,High
C0428,2022,84.55,30.15,High
C0428,2023,37.74,42.87,Medium
C0428,2024,69.14,8.41,High
C0429,2015,92.67,45.77,High
C0429,2016,9.13,11.03,Low
C0429,2017,35.45,36.04,Medium
C0429,2018,97.40,24.91,High
C0429,2019,54.82,35.13,Medium
C0429,2020,9.18,26.81,Low
C0429,2021,96.10,32.62,High
C0429,2022,90.27,37.60,High
C0429,2023,80.64,9.66,High
C0429,2024,79.36,17.12,High
C0430,2015,48.60,43.36,Medium
C0430,2016,87.52,41.81,High
C0430,2017,30.57,34.06,Medium
C0430,2018,35.86,15.27,Medium
C0430,2019,21.60,10.31,Low
C0430,2020,40.31,2.43,Medium
C0430,2021,23.36,46.70,Low
C0430,2022,33.98,31.79,Medium
C0430,2023,69.04,20.66,High
C0430,2024,43.01,34.51,Medium
C0431,2015,76.77,22.90,High
C0431,2016,47.90,17.53,Medium
C0431,2017,13.92,25.06,Low
C0431,2018,74.21,36.83,High
C0431,2019,6.59,41.89,Low
C0431,2020,94.24,4.98,High
C0431,2021,84.10,3.24,High
C0431,2022,96.31,17.01,High
C0431,2023,24.87,1.96,Low
C0431,2024,48.12,24.74,Medium
C0432,2015,19.30,41.20,Low
C0432,2016,42.25,17.38,Medium
C0432,2017,24.37,23.79,Low
C0432,2018,85.28,28.72,High
C0432,2019,12.16,45.68,Low
C0432,2020,22.51,46.33,Low
C0432,2021,26.41,31.59,Low
C0432,2022,73.82,0.51,High
C0432,2023,63.04,9.48,High
C0432,2024,13.63,10.08,Low
C0433,2015,60.56,29.95,High
C0433,2016,84.64,35.38,High
C0433,2017,45.22,4.45,Medium
C0433,2018,61.18,14.48,High
C0433,2019,53.20,25.36,Medium
C0433,2020,35.78,38.57,Medium
C0433,2021,0.26,17.22,Low
C0433,2022,18.63,24.86,Low
C0433,2023,94.72,24.81,High
C0433,2024,35.46,46.34,Medium
C0434,2015,29.71,42.26,Low
C0434,2016,61.39,42.89,High
C0434,2017,90.38,8.33,High
C0434,2018,30.25,45.04,Medium
C0434,2019,22.31,19.69,Low
C0434,2020,90.20,27.24,High
C0434,2021,77.35,30.72,High
C0434,2022,70.26,21.51,High
C0434,2023,55.72,17.16,Medium
C0434,2024,42.56,12.40,Medium
C0435,2015,63.79,25.68,High
C0435,2016,21.69,41.88,Low
C0435,2017,81.74,38.26,High
C0435,2018,41.64,25.50,Medium
C0435,2019,75.47,17.14,High
C0435,2020,81.17,0.64,High
C0435,2021,7.53,10.39,Low
C0435,2022,67.55,9.34,High
C0435,2023,30.28,29.42,Medium
C0435,2024,35.88,46.04,Medium
C0436,2015,73.34,15.81,High
C0436,2016,95.74,39.66,High
C0436,2017,80.37,16.49,High
C0436,2018,29.17,48.21,Low
C0436,2019,70.78,9.74,High
C0436,2020,32.78,20.34,Medium
C0436,2021,43.96,7.47,Medium
C0436,2022,12.31,11.31,Low
C0436,2023,83.43,5.30,High
C0436,2024,64.69,5.48,High
C0437,2015,86.30,31.42,High
C0437,2016,22.35,39.19,Low
C0437,2017,12.93,4.05,Low
C0437,2018,81.55,11.07,High
C0437,2019,87.90,16.05,High
C0437,2020,17.19,46.84,Low
C0437,2021,64.19,29.90,High
C0437,2022,16.51,5.36,Low
C0437,2023,1.45,18.49,Low
C0437,2024,54.23,35.76,Medium
C0438,2015,95.03,48.91,High
C0438,2016,59.05,36.92,Medium
C0438,2017,42.91,9.06,Medium
C0438,2018,28.21,40.96,Low
C0438,2019,28.15,0.17,Low
C0438,2020,26.31,24.12,Low
C0438,2021,20.92,17.25,Low
C0438,2022,6.65,47.32,Low
C0438,2023,75.71,2.30,High
C0438,2024,31.54,12.78,Medium
C0439,2015,15.61,12.99,Low
C0439,2016,60.42,21.17,High
C0439,2017,93.44,46.17,High
C0439,2018,68.85,32.63,High
C0439,2019,19.18,6.07,Low
C0439,2020,41.41,41.24,Medium
C0439,2021,82.52,31.49,High
C0439,2022,5.06,0.81,Low
C0439,2023,33.66,45.93,Medium
C0439,2024,38.78,2.37,Medium
C0440,2015,45.26,30.50,Medium
C0440,2016,55.86,30.04,Medium
C0440,2017,49.37,30.44,Medium
C0440,2018,16.27,42.41,Low
C0440,2019,41.69,6.18,Medium
C0440,2020,36.90,26.73,Medium
C0440,2021,92.93,28.68,High
C0440,2022,74.28,19.88,High
C0440,2023,86.61,26.40,High
C0440,2024,70.96,25.05,High
C0441,2015,5.69,37.95,Low
C0441,2016,47.41,7.29,Medium
C0441,2017,77.80,1.48,High
C0441,2018,59.14,46.57,Medium
C0441,2019,75.85,15.68,High
C0441,2020,96.19,39.59,High
C0441,2021,24.74,15.99,Low
C0441,2022,98.34,0.20,High
C0441,2023,12.05,10.78,Low
C0441,2024,92.00,5.27,High
C0442,2015,19.32,41.14,Low
C0442,2016,71.94,8.54,High
C0442,2017,78.33,49.68,High
C0442,2018,81.11,30.64,High
C0442,2019,43.77,16.15,Medium
C0442,2020,16.94,25.24,Low
C0442,2021,79.60,48.09,High
C0442,2022,64.45,31.81,High
C0442,2023,25.79,37.68,Low
C0442,2024,39.26,24.69,Medium
C0443,2015,29.76,26.64,Low
C0443,2016,91.48,49.20,High
C0443,2017,80.37,30.22,High
C0443,2018,88.25,27.10,High
C0443,2019,5.16,43.67,Low
C0443,2020,66.10,22.46,High
C0443,2021,26.76,23.68,Low
C0443,2022,74.82,35.51,High
C0443,2023,89.11,7.99,High
C0443,2024,76.59,6.51,High
C0444,2015,91.09,30.92,High
C0444,2016,39.87,9.17,Medium
C0444,2017,62.42,21.78,High
C0444,2018,47.49,40.22,Medium
C0444,2019,83.01,15.50,High
C0444,2020,56.31,37.11,Medium
C0444,2021,70.99,16.39,High
C0444,2022,63.09,1.99,High
C0444,2023,86.21,4.58,High
C0444,2024,52.83,21.69,Medium
C0445,2015,10.88,15.89,Low
C0445,2016,94.89,23.45,High
C0445,2017,55.59,26.15,Medium
C0445,2018,78.28,47.13,High
C0445,2019,67.90,23.61,High
C0445,2020,43.16,42.87,Medium
C0445,2021,95.13,42.53,High
C0445,2022,73.29,44.37,High
C0445,2023,23.15,26.90,Low
C0445,2024,99.58,14.31,High
C0446,2015,99.99,39.31,High
C0446,2016,28.95,16.13,Low
C0446,2017,98.52,44.79,High
C0446,2018,61.74,5.24,High
C0446,2019,18.52,33.91,Low
C0446,2020,97.82,24.06,High
C0446,2021,10.19,30.35,Low
C0446,2022,63.74,5.56,High
C0446,2023,83.71,48.56,High
C0446,2024,82.93,35.72,High
C0447,2015,0.62,14.25,Low
C0447,2016,42.52,44.47,Medium
C0447,2017,8.88,22.64,Low
C0447,2018,25.96,9.30,Low
C0447,2019,93.80,21.53,High
C0447,2020,88.44,15.97,High
C0447,2021,65.92,35.42,High
C0447,2022,89.84,1.06,High
C0447,2023,31.62,44.01,Medium
C0447,2024,82.81,21.62,High
C0448,2015,68.50,5.65,High
C0448,2016,73.40,38.39,High
C0448,2017,8.57,49.42,Low
C0448,2018,34.90,45.14,Medium
C0448,2019,4.87,8.24,Low
C0448,2020,15.05,10.83,Low
C0448,2021,27.15,49.38,Low
C0448,2022,58.57,10.14,Medium
C0448,2023,75.99,15.08,High
C0448,2024,10.85,31.14,Low
C0449,2015,5.47,14.57,Low
C0449,2016,88.36,19.07,High
C0449,2017,13.04,37.06,Low
C0449,2018,44.83,29.67,Medium
C0449,2019,11.27,40.51,Low
C0449,2020,53.50,38.77,Medium
C0449,2021,10.63,39.96,Low
C0449,2022,76.23,8.89,High
C0449,2023,8.56,12.85,Low
C0449,2024,43.02,9.13,Medium
C0450,2015,42.06,6.13,Medium
C0450,2016,92.08,42.51,High
C0450,2017,42.98,0.19,Medium
C0450,2018,7.09,31.38,Low
C0450,2019,54.34,43.64,Medium
C0450,2020,72.50,8.37,High
C0450,2021,33.74,46.58,Medium
C0450,2022,60.86,47.87,High
C0450,2023,12.17,29.04,Low
C0450,2024,42.53,33.36,Medium
C0451,2015,16.59,9.33,Low
C0451,2016,27.37,49.21,Low
C0451,2017,64.10,36.97,High
C0451,2018,75.36,25.81,High
C0451,2019,31.15,25.05,Medium
C0451,2020,98.98,30.90,High
C0451,2021,28.48,9.31,Low
C0451,2022,15.01,29.85,Low
C0451,2023,86.75,3.50,High
C0451,2024,64.97,30.24,High
C0452,2015,67.96,28.74,High
C0452,2016,79.43,17.88,High
C0452,2017,99.95,4.51,High
C0452,2018,28.41,27.51,Low
C0452,2019,54.81,21.87,Medium
C0452,2020,70.43,15.62,High
C0452,2021,14.62,21.40,Low
C0452,2022,30.68,3.05,Medium
C0452,2023,30.66,4.26,Medium
C0452,2024,32.75,7.22,Medium
C0453,2015,71.82,27.67,High
C0453,2016,59.25,14.16,Medium
C0453,2017,71.59,11.76,High
C0453,2018,51.24,31.52,Medium
C0453,2019,95.55,29.84,High
C0453,2020,52.07,16.91,Medium
C0453,2021,60.35,46.86,High
C0453,2022,29.83,19.91,Low
C0453,2023,5.88,9.48,Low
C0453,2024,81.55,44.44,High
C0454,2015,85.65,35.11,High
C0454,2016,85.09,37.44,High
C0454,2017,80.17,42.45,High
C0454,2018,26.86,39.81,Low
C0454,2019,57.48,42.39,Medium
C0454,2020,81.49,11.38,High
C0454,2021,62.54,30.79,High
C0454,2022,95.86,33.79,High
C0454,2023,67.77,14.64,High
C0454,2024,56.07,49.71,Medium
C0455,2015,99.54,40.36,High
C0455,2016,53.45,45.73,Medium
C0455,2017,96.70,7.60,High
C0455,2018,1.21,1.89,Low
C0455,2019,55.01,1.43,Medium
C0455,2020,28.90,43.34,Low
C0455,2021,39.56,27.32,Medium
C0455,2022,8.79,15.39,Low
C0455,2023,26.42,40.28,Low
C0455,2024,56.97,32.20,Medium
C0456,2015,72.13,30.96,High
C0456,2016,91.03,39.88,High
C0456,2017,23.18,23.46,Low
C0456,2018,79.54,8.09,High
C0456,2019,2.45,45.88,Low
C0456,2020,89.38,43.26,High
C0456,2021,59.48,12.43,Medium
C0456,2022,84.57,16.44,High
C0456,2023,25.52,41.01,Low
C0456,2024,37.30,48.61,Medium
C0457,2015,9.71,38.77,Low
C0457,2016,7.89,2.62,Low
C0457,2017,82.65,20.42,High
C0457,2018,29.70,38.80,Low
C0457,2019,35.26,23.30,Medium
C0457,2020,53.06,33.79,Medium
C0457,2021,67.07,1.82,High
C0457,2022,4.66,10.58,Low
C0457,2023,57.42,37.95,Medium
C0457,2024,61.01,9.63,High
C0458,2015,85.04,48.56,High
C0458,2016,15.46,18.34,Low
C0458,2017,45.03,9.71,Medium
C0458,2018,47.42,9.72,Medium
C0458,2019,84.76,8.75,High
C0458,2020,36.25,17.37,Medium
C0458,2021,8.10,29.08,Low
C0458,2022,60.13,44.16,High
C0458,2023,66.20,46.68,High
C0458,2024,58.24,29.99,Medium
C0459,2015,48.99,31.64,Medium
C0459,2016,21.31,26.05,Low
C0459,2017,53.86,16.83,Medium
C0459,2018,3.61,26.70,Low
C0459,2019,56.67,8.27,Medium
C0459,2020,48.91,16.14,Medium
C0459,2021,95.26,9.98,High
C0459,2022,32.00,41.99,Medium
C0459,2023,2.18,8.15,Low
C0459,2024,76.01,37.35,High
C0460,2015,16.77,3.32,Low
C0460,2016,54.45,32.99,Medium
C0460,2017,21.48,38.28,Low
C0460,2018,53.94,5.03,Medium
C0460,2019,58.10,38.60,Medium
C0460,2020,66.17,29.30,High
C0460,2021,37.30,34.31,Medium
C0460,2022,6.11,36.16,Low
C0460,2023,59.69,8.16,Medium
C0460,2024,86.45,39.90,High
C0461,2015,52.54,39.09,Medium
C0461,2016,25.02,32.34,Low
C0461,2017,41.35,25.24,Medium
C0461,2018,54.02,42.50,Medium
C0461,2019,8.77,44.03,Low
C0461,2020,56.81,16.74,Medium
C0461,2021,10.93,26.64,Low
C0461,2022,17.79,22.49,Low
C0461,2023,39.30,21.26,Medium
C0461,2024,79.93,41.39,High
C0462,2015,82.38,33.18,High
C0462,2016,28.26,23.69,Low
C0462,2017,53.80,39.42,Medium
C0462,2018,9.37,47.16,Low
C0462,2019,99.77,20.38,High
C0462,2020,65.40,6.77,High
C0462,2021,22.42,45.99,Low
C0462,2022,89.97,47.87,High
C0462,2023,34.98,20.46,Medium
C0462,2024,27.53,32.42,Low
C0463,2015,29.74,4.52,Low
C0463,2016,48.60,2.32,Medium
C0463,2017,3.35,4.72,Low
C0463,2018,65.15,38.72,High
C0463,2019,94.78,22.95,High
C0463,2020,81.55,32.77,High
C0463,2021,81.11,27.73,High
C0463,2022,77.41,9.69,High
C0463,2023,35.68,40.72,Medium
C0463,2024,19.04,10.71,Low
C0464,2015,31.44,9.12,Medium
C0464,2016,17.28,30.89,Low
C0464,2017,85.09,43.46,High
C0464,2018,42.10,43.31,Medium
C0464,2019,81.20,21.92,High
C0464,2020,29.03,34.27,Low
C0464,2021,14.38,41.27,Low
C0464,2022,87.06,10.81,High
C0464,2023,79.89,19.75,High
C0464,2024,55.61,31.67,Medium
C0465,2015,12.33,41.97,Low
C0465,2016,33.63,16.80,Medium
C0465,2017,5.75,31.06,Low
C0465,2018,89.82,2.93,High
C0465,2019,24.03,46.63,Low
C0465,2020,52.33,44.80,Medium
C0465,2021,94.19,46.11,High
C0465,2022,62.31,48.41,High
C0465,2023,62.31,42.28,High
C0465,2024,83.28,10.55,High
C0466,2015,69.34,29.06,High
C0466,2016,48.58,8.99,Medium
C0466,2017,12.22,1.02,Low
C0466,2018,49.67,7.17,Medium
C0466,2019,18.19,42.09,Low
C0466,2020,49.19,37.18,Medium
C0466,2021,2.19,37.99,Low
C0466,2022,35.25,20.29,Medium
C0466,2023,5.53,1.34,Low
C0466,2024,14.56,15.89,Low
C0467,2015,69.49,22.76,High
C0467,2016,97.63,17.90,High
C0467,2017,56.47,25.07,Medium
C0467,2018,16.95,30.61,Low
C0467,2019,37.65,5.90,Medium
C0467,2020,23.44,45.39,Low
C0467,2021,4.78,28.00,Low
C0467,2022,91.31,42.81,High
C0467,2023,54.22,23.72,Medium
C0467,2024,14.89,36.57,Low
C0468,2015,74.57,44.76,High
C0468,2016,17.13,30.05,Low
C0468,2017,20.65,20.44,Low
C0468,2018,60.16,28.79,High
C0468,2019,42.65,8.34,Medium
C0468,2020,89.47,35.12,High
C0468,2021,59.67,1.87,Medium
C0468,2022,18.24,22.62,Low
C0468,2023,47.47,27.30,Medium
C0468,2024,72.67,20.13,High
C0469,2015,60.01,24.14,High
C0469,2016,32.12,8.79,Medium
C0469,2017,38.64,3.91,Medium
C0469,2018,66.56,22.16,High
C0469,2019,51.90,46.69,Medium
C0469,2020,7.38,8.99,Low
C0469,2021,54.87,14.16,Medium
C0469,2022,45.48,43.95,Medium
C0469,2023,81.49,13.37,High
C0469,2024,11.23,19.29,Low
C0470,2015,0.10,5.09,Low
C0470,2016,82.08,2.33,High
C0470,2017,21.12,33.02,Low
C0470,2018,3.15,7.44,Low
C0470,2019,22.10,27.93,Low
C0470,2020,88.60,21.51,High
C0470,2021,17.12,4.72,Low
C0470,2022,32.00,21.45,Medium
C0470,2023,61.06,12.41,High
C0470,2024,17.95,42.92,Low
C0471,2015,64.51,13.14,High
C0471,2016,70.67,34.93,High
C0471,2017,23.10,34.23,Low
C0471,2018,9.62,9.66,Low
C0471,2019,40.20,27.78,Medium
C0471,2020,69.86,42.07,High
C0471,2021,81.35,5.02,High
C0471,2022,3.67,30.53,Low
C0471,2023,53.66,8.48,Medium
C0471,2024,25.74,12.04,Low
C0472,2015,41.61,32.42,Medium
C0472,2016,52.88,31.91,Medium
C0472,2017,73.52,33.23,High
C0472,2018,3.98,27.13,Low
C0472,2019,17.04,39.20,Low
C0472,2020,61.63,32.42,High
C0472,2021,44.09,10.67,Medium
C0472,2022,20.99,5.07,Low
C0472,2023,6.50,0.51,Low
C0472,2024,91.48,0.35,High
C0473,2015,36.29,5.32,Medium
C0473,2016,41.06,21.71,Medium
C0473,2017,4.91,0.29,Low
C0473,2018,73.86,19.13,High
C0473,2019,99.22,38.86,High
C0473,2020,97.83,6.43,High
C0473,2021,31.12,39.40,Medium
C0473,2022,96.11,9.50,High
C0473,2023,40.77,11.40,Medium
C0473,2024,38.72,12.20,Medium
C0474,2015,83.17,16.19,High
C0474,2016,79.18,25.05,High
C0474,2017,47.49,34.03,Medium
C0474,2018,44.74,38.80,Medium
C0474,2019,96.84,1.08,High
C0474,2020,40.85,7.27,Medium
C0474,2021,86.17,37.42,High
C0474,2022,74.64,38.62,High
C0474,2023,10.69,47.22,Low
C0474,2024,15.90,14.56,Low
C0475,2015,3.75,11.27,Low
C0475,2016,3.52,28.69,Low
C0475,2017,60.45,3.94,High
C0475,2018,7.70,36.26,Low
C0475,2019,13.62,23.91,Low
C0475,2020,24.43,35.50,Low
C0475,2021,55.33,7.93,Medium
C0475,2022,22.89,23.24,Low
C0475,2023,39.59,17.26,Medium
C0475,2024,35.33,23.57,Medium
C0476,2015,39.63,27.90,Medium
C0476,2016,92.90,34.23,High
C0476,2017,96.97,43.34,High
C0476,2018,7.25,11.65,Low
C0476,2019,11.05,21.34,Low
C0476,2020,5.47,5.66,Low
C0476,2021,38.76,16.71,Medium
C0476,2022,85.11,19.00,High
C0476,2023,79.98,22.07,High
C0476,2024,35.48,46.34,Medium
C0477,2015,75.07,45.50,High
C0477,2016,97.90,3.45,High
C0477,2017,19.39,20.69,Low
C0477,2018,96.39,16.00,High
C0477,2019,77.08,18.05,High
C0477,2020,11.47,37.53,Low
C0477,2021,79.45,9.86,High
C0477,2022,10.23,37.79,Low
C0477,2023,2.97,45.85,Low
C0477,2024,76.46,34.69,High
C0478,2015,89.50,20.57,High
C0478,2016,40.04,3.13,Medium
C0478,2017,2.41,5.20,Low
C0478,2018,59.76,35.74,Medium
C0478,2019,23.33,5.68,Low
C0478,2020,54.38,20.71,Medium
C0478,2021,31.79,43.58,Medium
C0478,2022,62.24,26.81,High
C0478,2023,26.03,16.84,Low
C0478,2024,14.84,11.55,Low
C0479,2015,75.24,27.00,High
C0479,2016,53.88,17.01,Medium
C0479,2017,31.74,47.95,Medium
C0479,2018,62.79,0.68,High
C0479,2019,28.72,47.26,Low
C0479,2020,36.53,10.57,Medium
C0479,2021,37.58,28.71,Medium
C0479,2022,22.65,13.19,Low
C0479,2023,44.09,40.88,Medium
C0479,2024,81.53,34.95,High
C0480,2015,97.10,11.72,High
C0480,2016,21.94,28.25,Low
C0480,2017,93.88,45.43,High
C0480,2018,27.79,11.20,Low
C0480,2019,46.99,40.69,Medium
C0480,2020,10.06,39.65,Low
C0480,2021,60.80,19.14,High
C0480,2022,51.08,1.92,Medium
C0480,2023,67.89,8.35,High
C0480,2024,60.04,23.70,High
C0481,2015,98.14,23.53,High
C0481,2016,77.01,5.29,High
C0481,2017,96.55,14.34,High
C0481,2018,52.55,18.89,Medium
C0481,2019,28.14,40.83,Low
C0481,2020,53.20,44.92,Medium
C0481,2021,46.67,30.18,Medium
C0481,2022,42.72,13.68,Medium
C0481,2023,40.11,34.28,Medium
C0481,2024,81.14,47.23,High
C0482,2015,74.11,5.50,High
C0482,2016,64.39,14.04,High
C0482,2017,64.50,27.34,High
C0482,2018,37.39,17.05,Medium
C0482,2019,43.83,43.22,Medium
C0482,2020,15.25,13.07,Low
C0482,2021,57.90,44.14,Medium
C0482,2022,14.02,41.63,Low
C0482,2023,91.53,8.40,High
C0482,2024,41.57,4.70,Medium
C0483,2015,4.27,33.85,Low
C0483,2016,0.18,19.96,Low
C0483,2017,67.63,11.62,High
C0483,2018,61.15,45.75,High
C0483,2019,77.03,4.43,High
C0483,2020,74.94,41.55,High
C0483,2021,0.31,28.06,Low
C0483,2022,16.70,6.10,Low
C0483,2023,32.59,18.75,Medium
C0483,2024,6.15,26.72,Low
C0484,2015,17.82,8.61,Low
C0484,2016,58.14,6.39,Medium
C0484,2017,45.71,13.65,Medium
C0484,2018,86.06,28.06,High
C0484,2019,22.39,38.60,Low
C0484,2020,53.53,48.08,Medium
C0484,2021,86.17,7.42,High
C0484,2022,6.04,0.43,Low
C0484,2023,87.01,49.09,High
C0484,2024,34.40,6.85,Medium
C0485,2015,85.95,37.60,High
C0485,2016,68.18,38.68,High
C0485,2017,67.28,4.22,High
C0485,2018,4.79,40.56,Low
C0485,2019,94.12,12.48,High
C0485,2020,43.11,39.67,Medium
C0485,2021,10.84,15.93,Low
C0485,2022,76.68,37.53,High
C0485,2023,86.68,42.00,High
C0485,2024,92.95,0.22,High
C0486,2015,50.64,26.16,Medium
C0486,2016,40.38,17.10,Medium
C0486,2017,58.34,42.19,Medium
C0486,2018,29.68,24.14,Low
C0486,2019,39.28,19.12,Medium
C0486,2020,53.90,7.39,Medium
C0486,2021,82.44,14.16,High
C0486,2022,85.35,49.70,High
C0486,2023,13.12,42.83,Low
C0486,2024,13.39,15.33,Low
C0487,2015,18.42,30.90,Low
C0487,2016,59.64,49.89,Medium
C0487,2017,20.28,34.46,Low
C0487,2018,61.26,16.95,High
C0487,2019,72.54,2.03,High
C0487,2020,85.85,39.96,High
C0487,2021,86.73,14.28,High
C0487,2022,21.47,7.18,Low
C0487,2023,31.22,5.77,Medium
C0487,2024,18.17,5.36,Low
C0488,2015,68.05,5.70,High
C0488,2016,68.68,25.80,High
C0488,2017,0.40,38.18,Low
C0488,2018,16.48,44.64,Low
C0488,2019,33.48,34.30,Medium
C0488,2020,20.72,4.78,Low
C0488,2021,55.13,47.35,Medium
C0488,2022,4.04,0.29,Low
C0488,2023,82.62,37.62,High
C0488,2024,46.61,49.12,Medium
C0489,2015,59.38,44.72,Medium
C0489,2016,57.98,35.81,Medium
C0489,2017,45.07,26.24,Medium
C0489,2018,56.74,49.98,Medium
C0489,2019,7.61,31.26,Low
C0489,2020,38.45,41.53,Medium
C0489,2021,70.99,9.08,High
C0489,2022,36.62,32.00,Medium
C0489,2023,25.40,0.67,Low
C0489,2024,56.51,40.41,Medium
C0490,2015,47.66,20.64,Medium
C0490,2016,53.34,12.90,Medium
C0490,2017,95.84,12.94,High
C0490,2018,15.00,48.99,Low
C0490,2019,61.65,43.31,High
C0490,2020,3.06,39.44,Low
C0490,2021,64.72,25.26,High
C0490,2022,19.73,19.95,Low
C0490,2023,80.69,29.55,High
C0490,2024,26.97,27.27,Low
C0491,2015,40.11,44.35,Medium
C0491,2016,51.58,48.65,Medium
C0491,2017,61.00,46.55,High
C0491,2018,29.91,38.40,Low
C0491,2019,15.67,20.27,Low
C0491,2020,63.52,38.07,High
C0491,2021,44.19,38.99,Medium
C0491,2022,5.76,8.50,Low
C0491,2023,53.69,40.95,Medium
C0491,2024,46.71,45.61,Medium
C0492,2015,51.23,37.57,Medium
C0492,2016,10.71,34.05,Low
C0492,2017,47.30,10.88,Medium
C0492,2018,74.53,31.89,High
C0492,2019,13.27,31.55,Low
C0492,2020,62.36,18.76,High
C0492,2021,17.79,5.64,Low
C0492,2022,30.91,21.70,Medium
C0492,2023,36.27,46.04,Medium
C0492,2024,76.34,39.06,High
C0493,2015,22.61,17.71,Low
C0493,2016,26.37,9.80,Low
C0493,2017,87.01,23.03,High
C0493,2018,74.34,37.90,High
C0493,2019,50.62,34.26,Medium
C0493,2020,31.60,44.15,Medium
C0493,2021,79.17,15.58,High
C0493,2022,56.26,24.72,Medium
C0493,2023,33.04,12.86,Medium
C0493,2024,31.48,38.67,Medium
C0494,2015,45.73,21.00,Medium
C0494,2016,94.87,21.42,High
C0494,2017,64.33,40.74,High
C0494,2018,67.94,36.49,High
C0494,2019,38.69,23.59,Medium
C0494,2020,97.66,18.83,High
C0494,2021,40.70,34.42,Medium
C0494,2022,1.20,47.12,Low
C0494,2023,80.12,21.23,High
C0494,2024,51.29,1.95,Medium
C0495,2015,15.02,43.94,Low
C0495,2016,2.29,8.32,Low
C0495,2017,99.22,45.07,High
C0495,2018,64.74,41.48,High
C0495,2019,46.58,32.98,Medium
C0495,2020,33.39,42.30,Medium
C0495,2021,7.22,12.99,Low
C0495,2022,64.53,42.79,High
C0495,2023,36.90,28.08,Medium
C0495,2024,98.97,8.86,High
C0496,2015,10.85,12.73,Low
C0496,2016,24.61,39.49,Low
C0496,2017,40.34,42.14,Medium
C0496,2018,79.74,43.74,High
C0496,2019,77.70,9.22,High
C0496,2020,24.42,45.10,Low
C0496,2021,36.13,24.69,Medium
C0496,2022,5.91,49.66,Low
C0496,2023,37.84,23.82,Medium
C0496,2024,16.83,12.61,Low
C0497,2015,91.96,2.99,High
C0497,2016,80.80,33.25,High
C0497,2017,16.51,0.25,Low
C0497,2018,49.08,41.80,Medium
C0497,2019,95.83,15.54,High
C0497,2020,41.06,33.29,Medium
C0497,2021,44.81,24.99,Medium
C0497,2022,34.15,32.86,Medium
C0497,2023,49.23,2.66,Medium
C0497,2024,59.66,9.84,Medium
C0498,2015,9.00,44.66,Low
C0498,2016,9.25,20.88,Low
C0498,2017,76.90,28.27,High
C0498,2018,98.28,22.85,High
C0498,2019,49.12,45.54,Medium
C0498,2020,86.14,9.97,High
C0498,2021,86.90,41.95,High
C0498,2022,36.96,3.00,Medium
C0498,2023,32.89,42.87,Medium
C0498,2024,72.96,45.15,High
C0499,2015,91.05,39.49,High
C0499,2016,85.36,13.86,High
C0499,2017,31.93,5.71,Medium
C0499,2018,35.50,25.04,Medium
C0499,2019,73.62,33.29,High
C0499,2020,31.74,40.96,Medium
C0499,2021,85.20,25.30,High
C0499,2022,50.93,27.33,Medium
C0499,2023,29.27,46.80,Low
C0499,2024,28.64,2.39,Low
C0500,2015,78.39,15.95,High
C0500,2016,12.47,21.91,Low
C0500,2017,93.19,31.98,High
C0500,2018,41.34,4.75,Medium
C0500,2019,84.39,43.74,High
C0500,2020,79.23,15.82,High
C0500,2021,77.93,9.25,High
C0500,2022,67.45,29.58,High
C0500,2023,49.94,7.03,Medium
C0500,2024,38.99,16.50,Medium
