Company_ID,Year,Employee_Turnover,Diversity,Training_Hours
C0001,2015,14.34,21.71,10.09
C0001,2016,11.65,53.14,58.00
C0001,2017,19.76,29.97,36.77
C0001,2018,7.45,31.36,45.02
C0001,2019,20.01,29.05,55.63
C0001,2020,8.22,53.60,31.66
C0001,2021,11.12,59.16,32.03
C0001,2022,11.67,50.21,18.35
C0001,2023,24.81,52.94,55.29
C0001,2024,16.80,44.82,42.38
C0002,2015,20.55,41.15,19.01
C0002,2016,16.11,48.86,37.99
C0002,2017,24.66,21.43,26.41
C0002,2018,8.55,22.46,17.36
C0002,2019,17.10,47.49,19.09
C0002,2020,20.95,33.40,37.96
C0002,2021,17.57,39.55,38.22
C0002,2022,22.94,51.28,49.50
C0002,2023,17.01,43.09,22.40
C0002,2024,21.53,52.21,55.79
C0003,2015,8.52,36.77,35.93
C0003,2016,10.24,31.50,20.21
C0003,2017,13.88,29.39,30.66
C0003,2018,22.03,25.27,56.17
C0003,2019,13.53,21.47,33.91
C0003,2020,17.55,22.13,53.74
C0003,2021,12.92,30.84,17.99
C0003,2022,21.11,31.14,55.70
C0003,2023,9.01,35.27,31.53
C0003,2024,16.88,43.66,56.81
C0004,2015,16.56,50.37,53.30
C0004,2016,13.06,27.91,43.00
C0004,2017,19.10,50.37,43.64
C0004,2018,5.57,25.56,20.58
C0004,2019,21.83,59.55,40.14
C0004,2020,11.96,31.40,37.47
C0004,2021,20.86,53.49,26.71
C0004,2022,11.10,27.62,35.28
C0004,2023,8.76,58.03,56.46
C0004,2024,12.79,53.07,10.27
C0005,2015,20.95,34.38,30.86
C0005,2016,19.07,36.86,26.68
C0005,2017,13.02,20.15,58.06
C0005,2018,23.76,30.06,58.69
C0005,2019,13.18,31.57,39.28
C0005,2020,12.02,38.11,37.50
C0005,2021,7.89,25.56,55.16
C0005,2022,6.41,39.15,10.33
C0005,2023,12.00,46.74,38.11
C0005,2024,6.84,34.85,11.23
C0006,2015,14.25,29.29,58.41
C0006,2016,22.20,41.91,26.01
C0006,2017,14.52,21.16,36.04
C0006,2018,14.61,33.63,30.88
C0006,2019,10.07,41.10,54.68
C0006,2020,8.33,33.43,59.99
C0006,2021,9.45,33.82,13.42
C0006,2022,16.36,53.93,46.60
C0006,2023,16.84,57.36,28.40
C0006,2024,9.40,53.10,16.95
C0007,2015,12.98,23.95,30.27
C0007,2016,16.37,31.59,59.91
C0007,2017,20.21,48.45,27.88
C0007,2018,11.40,58.98,23.87
C0007,2019,10.43,29.69,52.31
C0007,2020,19.61,55.93,53.40
C0007,2021,15.28,49.56,26.94
C0007,2022,22.13,59.34,24.93
C0007,2023,9.22,23.74,42.36
C0007,2024,20.42,35.79,20.26
C0008,2015,8.24,39.12,34.18
C0008,2016,16.70,46.88,17.07
C0008,2017,10.67,46.16,25.24
C0008,2018,7.02,56.25,24.87
C0008,2019,17.34,53.55,44.74
C0008,2020,15.14,22.21,24.11
C0008,2021,14.72,39.46,54.92
C0008,2022,16.85,36.28,59.15
C0008,2023,12.45,59.89,14.05
C0008,2024,18.40,37.09,29.88
C0009,2015,7.62,47.30,25.09
C0009,2016,19.30,31.38,27.60
C0009,2017,16.60,44.59,23.27
C0009,2018,14.73,28.27,29.13
C0009,2019,7.55,44.14,17.07
C0009,2020,10.57,54.73,23.99
C0009,2021,10.91,20.77,47.39
C0009,2022,9.68,40.18,27.20
C0009,2023,24.08,59.29,20.39
C0009,2024,23.31,26.37,15.42
C0010,2015,15.92,27.34,27.40
C0010,2016,9.11,38.83,42.17
C0010,2017,23.22,54.84,22.67
C0010,2018,19.99,42.51,31.12
C0010,2019,5.78,40.35,57.62
C0010,2020,14.81,23.47,37.62
C0010,2021,17.10,58.48,36.60
C0010,2022,6.33,33.88,30.50
C0010,2023,6.00,30.07,37.84
C0010,2024,14.27,36.47,59.23
C0011,2015,5.04,36.57,22.69
C0011,2016,5.94,38.34,57.10
C0011,2017,8.30,47.54,17.45
C0011,2018,23.20,54.72,15.56
C0011,2019,20.33,22.29,42.73
C0011,2020,14.01,39.63,22.56
C0011,2021,14.58,36.56,32.22
C0011,2022,18.72,20.44,46.48
C0011,2023,14.49,52.66,36.74
C0011,2024,6.28,24.17,10.69
C0012,2015,19.77,24.59,25.29
C0012,2016,6.15,21.93,13.23
C0012,2017,14.72,28.02,56.31
C0012,2018,22.23,27.07,49.73
C0012,2019,7.35,33.91,59.19
C0012,2020,19.13,46.37,54.26
C0012,2021,5.93,22.17,33.77
C0012,2022,24.86,54.41,54.13
C0012,2023,18.64,33.06,43.62
C0012,2024,24.38,44.26,36.23
C0013,2015,18.36,20.48,28.53
C0013,2016,9.85,34.63,44.05
C0013,2017,23.53,20.08,39.51
C0013,2018,17.53,26.62,40.71
C0013,2019,16.52,37.91,29.99
C0013,2020,13.58,41.40,46.97
C0013,2021,10.69,26.12,14.07
C0013,2022,15.60,49.81,46.31
C0013,2023,12.32,27.56,46.54
C0013,2024,22.08,24.63,35.80
C0014,2015,5.58,33.34,23.16
C0014,2016,15.60,42.06,35.96
C0014,2017,21.73,59.56,16.15
C0014,2018,5.55,36.75,24.26
C0014,2019,10.65,37.04,31.06
C0014,2020,6.03,22.37,43.66
C0014,2021,16.90,50.63,19.36
C0014,2022,11.33,27.27,17.91
C0014,2023,24.19,49.79,40.39
C0014,2024,17.33,56.42,43.98
C0015,2015,16.24,50.73,14.18
C0015,2016,23.34,45.70,11.66
C0015,2017,9.47,44.16,17.36
C0015,2018,16.24,38.15,55.05
C0015,2019,15.86,25.78,43.63
C0015,2020,6.64,51.15,56.05
C0015,2021,23.64,39.09,43.24
C0015,2022,19.00,45.03,58.26
C0015,2023,22.76,34.96,31.95
C0015,2024,24.65,28.03,39.95
C0016,2015,14.59,52.26,40.06
C0016,2016,21.07,33.70,10.16
C0016,2017,16.55,54.67,11.37
C0016,2018,24.54,58.63,17.26
C0016,2019,9.94,53.20,35.56
C0016,2020,5.28,25.13,31.53
C0016,2021,8.72,54.20,36.99
C0016,2022,7.56,40.77,50.02
C0016,2023,13.74,29.66,51.11
C0016,2024,6.55,23.73,58.85
C0017,2015,9.40,31.14,37.88
C0017,2016,6.93,25.50,27.36
C0017,2017,14.74,21.03,25.40
C0017,2018,10.34,59.51,27.04
C0017,2019,14.42,53.26,26.19
C0017,2020,6.78,49.56,29.65
C0017,2021,15.34,27.72,13.74
C0017,2022,7.60,21.11,41.67
C0017,2023,6.99,39.41,38.40
C0017,2024,11.20,49.67,33.10
C0018,2015,22.49,58.51,14.06
C0018,2016,20.77,53.76,14.66
C0018,2017,24.18,55.74,37.26
C0018,2018,14.20,29.55,11.83
C0018,2019,11.25,26.21,46.24
C0018,2020,24.42,29.91,59.69
C0018,2021,12.64,25.54,39.87
C0018,2022,5.18,51.94,46.17
C0018,2023,21.40,56.12,31.95
C0018,2024,8.38,32.29,43.37
C0019,2015,19.36,55.08,42.59
C0019,2016,5.30,22.20,51.20
C0019,2017,7.22,47.09,45.57
C0019,2018,14.67,41.10,47.45
C0019,2019,6.36,31.07,37.83
C0019,2020,22.77,50.73,34.23
C0019,2021,20.00,28.48,32.94
C0019,2022,11.56,36.65,29.60
C0019,2023,16.95,48.39,23.30
C0019,2024,19.31,33.53,11.67
C0020,2015,20.11,54.21,43.55
C0020,2016,12.91,54.62,55.05
C0020,2017,22.98,28.10,56.52
C0020,2018,23.84,37.62,39.03
C0020,2019,8.91,37.28,14.71
C0020,2020,23.22,36.40,53.93
C0020,2021,19.25,40.08,47.39
C0020,2022,22.76,22.97,22.57
C0020,2023,13.50,54.80,50.18
C0020,2024,18.22,31.60,33.60
C0021,2015,9.71,20.07,54.38
C0021,2016,20.02,47.40,22.38
C0021,2017,16.63,46.02,50.05
C0021,2018,14.62,59.33,45.60
C0021,2019,18.85,48.77,10.72
C0021,2020,16.05,33.31,38.17
C0021,2021,20.31,58.10,45.78
C0021,2022,22.17,34.61,17.82
C0021,2023,21.01,52.85,36.59
C0021,2024,11.15,33.43,25.20
C0022,2015,24.52,21.95,44.81
C0022,2016,17.99,49.35,37.01
C0022,2017,11.47,34.01,41.07
C0022,2018,5.85,33.56,13.63
C0022,2019,24.76,48.63,16.89
C0022,2020,16.98,32.88,37.60
C0022,2021,9.55,24.72,19.06
C0022,2022,14.82,36.18,34.93
C0022,2023,12.95,52.95,44.50
C0022,2024,24.03,25.21,50.49
C0023,2015,14.85,42.18,17.15
C0023,2016,14.69,25.29,47.09
C0023,2017,20.89,21.97,28.16
C0023,2018,12.82,35.15,43.95
C0023,2019,8.93,46.32,17.26
C0023,2020,20.37,31.00,35.76
C0023,2021,23.20,37.83,51.88
C0023,2022,5.91,39.65,15.32
C0023,2023,22.20,53.65,51.38
C0023,2024,13.76,52.76,32.64
C0024,2015,10.78,20.09,51.16
C0024,2016,5.78,36.56,57.92
C0024,2017,9.11,46.24,17.98
C0024,2018,11.66,54.10,43.73
C0024,2019,6.41,21.96,21.75
C0024,2020,8.78,45.13,16.78
C0024,2021,19.74,53.68,41.40
C0024,2022,18.74,30.20,15.40
C0024,2023,20.40,28.21,33.26
C0024,2024,8.31,38.71,41.80
C0025,2015,5.86,58.50,34.98
C0025,2016,14.37,47.72,44.85
C0025,2017,11.86,36.98,50.07
C0025,2018,20.53,20.83,53.61
C0025,2019,15.78,42.27,37.99
C0025,2020,23.62,33.95,23.83
C0025,2021,6.22,27.43,35.48
C0025,2022,12.27,40.01,29.38
C0025,2023,13.10,33.66,21.30
C0025,2024,7.52,21.55,36.45
C0026,2015,16.66,49.02,11.13
C0026,2016,5.80,49.30,40.28
C0026,2017,19.25,44.75,51.08
C0026,2018,5.75,53.63,59.97
C0026,2019,22.47,28.13,56.08
C0026,2020,6.30,31.45,14.49
C0026,2021,14.13,38.35,18.12
C0026,2022,8.11,22.41,16.93
C0026,2023,7.66,55.34,37.92
C0026,2024,19.42,39.63,12.30
C0027,2015,20.49,32.99,56.85
C0027,2016,19.78,39.12,13.09
C0027,2017,13.08,33.01,29.56
C0027,2018,24.82,31.45,54.70
C0027,2019,11.80,37.92,57.42
C0027,2020,9.91,39.28,33.26
C0027,2021,24.93,37.33,34.42
C0027,2022,24.55,41.92,41.81
C0027,2023,16.84,51.34,30.38
C0027,2024,9.18,22.29,26.23
C0028,2015,9.77,52.46,46.97
C0028,2016,15.42,29.14,39.77
C0028,2017,20.52,30.08,34.08
C0028,2018,6.55,43.98,15.04
C0028,2019,18.75,59.03,13.44
C0028,2020,7.06,20.70,35.54
C0028,2021,21.88,46.93,40.97
C0028,2022,15.64,47.88,42.88
C0028,2023,24.79,42.95,54.74
C0028,2024,20.06,20.39,50.81
C0029,2015,14.94,44.25,17.04
C0029,2016,7.82,24.60,49.72
C0029,2017,15.85,23.12,43.82
C0029,2018,7.29,47.84,51.40
C0029,2019,23.10,48.01,52.17
C0029,2020,9.60,55.60,27.28
C0029,2021,22.31,20.14,23.16
C0029,2022,11.08,35.15,37.63
C0029,2023,9.44,20.49,24.93
C0029,2024,11.08,34.59,27.48
C0030,2015,19.15,39.67,13.46
C0030,2016,15.50,41.19,59.57
C0030,2017,7.15,34.24,25.46
C0030,2018,7.74,49.01,49.00
C0030,2019,12.57,36.62,59.66
C0030,2020,11.77,40.69,58.46
C0030,2021,22.03,52.00,41.69
C0030,2022,16.45,26.97,36.93
C0030,2023,8.73,32.84,25.46
C0030,2024,5.57,40.86,53.08
C0031,2015,7.05,50.70,26.90
C0031,2016,19.01,37.01,15.34
C0031,2017,21.94,22.91,24.70
C0031,2018,20.65,59.55,25.75
C0031,2019,20.80,48.32,45.92
C0031,2020,10.22,48.91,18.48
C0031,2021,24.78,38.60,25.84
C0031,2022,6.73,41.88,13.83
C0031,2023,21.42,59.76,52.42
C0031,2024,6.94,43.80,46.24
C0032,2015,10.35,28.76,31.87
C0032,2016,14.91,58.58,31.50
C0032,2017,6.07,41.51,18.32
C0032,2018,12.88,20.83,29.22
C0032,2019,12.00,42.93,55.34
C0032,2020,17.94,22.82,16.93
C0032,2021,19.36,41.10,48.25
C0032,2022,6.81,53.01,12.36
C0032,2023,5.76,41.55,25.58
C0032,2024,20.52,34.94,52.35
C0033,2015,15.56,55.30,32.25
C0033,2016,15.69,57.10,45.13
C0033,2017,24.61,33.90,15.18
C0033,2018,13.75,39.96,44.17
C0033,2019,8.92,59.32,50.95
C0033,2020,18.61,27.12,50.26
C0033,2021,21.31,31.93,31.94
C0033,2022,15.05,37.14,55.21
C0033,2023,18.84,24.04,38.75
C0033,2024,15.28,30.88,50.89
C0034,2015,13.15,41.79,20.67
C0034,2016,5.69,29.14,20.51
C0034,2017,8.47,47.45,47.72
C0034,2018,14.60,33.91,42.33
C0034,2019,12.93,23.59,43.82
C0034,2020,21.86,50.58,21.83
C0034,2021,7.17,42.70,29.98
C0034,2022,6.00,52.99,22.92
C0034,2023,6.74,34.41,13.41
C0034,2024,18.56,20.78,20.20
C0035,2015,16.89,21.87,59.76
C0035,2016,17.64,51.82,21.70
C0035,2017,8.14,36.43,17.96
C0035,2018,15.33,59.06,44.84
C0035,2019,20.35,53.21,40.11
C0035,2020,18.68,20.64,47.30
C0035,2021,13.77,54.80,42.68
C0035,2022,7.07,28.51,21.15
C0035,2023,22.41,39.45,35.05
C0035,2024,15.52,40.24,18.83
C0036,2015,22.79,22.39,22.68
C0036,2016,13.77,25.03,59.35
C0036,2017,9.74,36.92,46.43
C0036,2018,11.15,45.70,49.14
C0036,2019,13.36,30.58,11.50
C0036,2020,17.28,41.06,29.11
C0036,2021,20.38,35.17,37.76
C0036,2022,9.85,45.21,17.48
C0036,2023,8.75,36.98,52.43
C0036,2024,9.05,54.07,16.98
C0037,2015,23.69,59.35,41.83
C0037,2016,8.28,56.52,37.66
C0037,2017,11.91,26.74,52.47
C0037,2018,14.72,38.29,25.59
C0037,2019,16.12,38.35,24.20
C0037,2020,22.16,53.62,52.32
C0037,2021,7.26,34.29,21.07
C0037,2022,7.16,41.98,47.30
C0037,2023,11.33,44.37,19.56
C0037,2024,13.26,24.46,53.78
C0038,2015,12.48,42.32,51.95
C0038,2016,12.84,29.87,49.37
C0038,2017,22.03,28.26,34.57
C0038,2018,21.73,30.01,11.69
C0038,2019,21.11,23.97,16.62
C0038,2020,20.11,22.79,32.83
C0038,2021,5.81,45.87,12.18
C0038,2022,7.99,57.64,13.17
C0038,2023,19.64,47.52,16.28
C0038,2024,16.90,32.47,23.04
C0039,2015,18.48,33.40,47.47
C0039,2016,19.34,41.66,12.40
C0039,2017,23.23,54.65,59.18
C0039,2018,17.70,28.10,23.69
C0039,2019,10.51,38.74,26.01
C0039,2020,6.66,39.96,22.39
C0039,2021,13.64,57.25,40.12
C0039,2022,19.20,41.45,10.97
C0039,2023,10.64,51.23,14.68
C0039,2024,7.40,23.51,14.94
C0040,2015,24.97,33.08,43.23
C0040,2016,13.38,44.46,26.48
C0040,2017,9.33,47.11,31.87
C0040,2018,8.29,55.41,57.50
C0040,2019,22.26,43.62,20.00
C0040,2020,21.39,31.58,13.51
C0040,2021,17.27,41.56,32.07
C0040,2022,15.94,48.46,18.20
C0040,2023,24.03,51.37,17.23
C0040,2024,9.57,57.78,30.51
C0041,2015,13.31,27.63,43.48
C0041,2016,5.49,46.44,22.14
C0041,2017,13.37,28.01,53.80
C0041,2018,12.68,32.71,28.12
C0041,2019,23.99,25.71,56.70
C0041,2020,12.16,50.92,34.62
C0041,2021,21.70,56.56,46.34
C0041,2022,20.33,21.20,52.45
C0041,2023,7.95,52.54,36.49
C0041,2024,24.25,29.67,52.52
C0042,2015,17.62,39.48,28.90
C0042,2016,16.93,49.93,28.17
C0042,2017,5.23,40.27,49.70
C0042,2018,18.98,29.25,22.06
C0042,2019,6.11,56.25,45.85
C0042,2020,8.71,43.74,13.85
C0042,2021,6.97,57.25,41.78
C0042,2022,12.56,53.87,57.10
C0042,2023,20.91,55.06,32.82
C0042,2024,19.15,34.47,30.80
C0043,2015,7.13,59.49,37.03
C0043,2016,20.97,54.10,45.98
C0043,2017,14.22,33.50,27.94
C0043,2018,5.65,55.86,10.01
C0043,2019,9.48,50.21,35.10
C0043,2020,20.70,49.01,30.96
C0043,2021,19.67,20.25,36.64
C0043,2022,8.77,20.90,45.77
C0043,2023,5.76,47.79,24.17
C0043,2024,10.90,31.15,35.26
C0044,2015,20.90,22.34,22.67
C0044,2016,23.77,31.44,32.97
C0044,2017,16.46,53.52,27.23
C0044,2018,6.82,38.82,28.45
C0044,2019,15.04,44.62,38.97
C0044,2020,24.98,52.02,44.48
C0044,2021,23.77,32.93,10.63
C0044,2022,24.86,20.45,53.83
C0044,2023,18.99,32.93,28.22
C0044,2024,13.52,58.27,42.18
C0045,2015,22.86,39.29,16.12
C0045,2016,22.90,42.79,38.57
C0045,2017,7.89,50.42,43.92
C0045,2018,20.51,24.60,17.87
C0045,2019,23.39,49.36,55.61
C0045,2020,22.97,31.91,47.87
C0045,2021,19.14,35.53,36.70
C0045,2022,15.75,30.78,18.30
C0045,2023,20.53,26.14,53.28
C0045,2024,15.32,34.46,13.43
C0046,2015,11.42,23.79,15.76
C0046,2016,10.18,53.79,44.91
C0046,2017,15.81,32.24,22.69
C0046,2018,14.12,46.14,32.97
C0046,2019,15.49,31.87,36.95
C0046,2020,10.21,28.43,32.91
C0046,2021,16.81,48.55,14.19
C0046,2022,18.24,44.96,46.87
C0046,2023,21.14,28.72,22.00
C0046,2024,16.80,44.48,46.93
C0047,2015,20.12,20.20,53.26
C0047,2016,8.39,27.08,36.82
C0047,2017,7.42,49.11,45.32
C0047,2018,8.59,36.41,11.85
C0047,2019,21.93,28.15,11.84
C0047,2020,16.12,40.24,19.86
C0047,2021,14.11,38.61,27.92
C0047,2022,20.24,45.36,19.14
C0047,2023,7.48,22.90,41.75
C0047,2024,5.12,52.77,23.84
C0048,2015,11.22,22.33,52.29
C0048,2016,9.98,38.15,38.03
C0048,2017,11.15,48.42,28.90
C0048,2018,24.47,33.79,54.65
C0048,2019,16.35,56.40,51.42
C0048,2020,16.78,50.21,51.00
C0048,2021,18.11,37.04,46.42
C0048,2022,12.95,27.35,40.71
C0048,2023,24.58,21.74,28.34
C0048,2024,24.47,52.07,31.13
C0049,2015,20.38,27.77,42.36
C0049,2016,9.23,30.79,18.64
C0049,2017,22.60,20.42,51.39
C0049,2018,7.02,20.73,56.93
C0049,2019,17.60,29.22,14.90
C0049,2020,14.14,54.91,11.12
C0049,2021,5.78,51.23,17.14
C0049,2022,23.08,50.79,48.00
C0049,2023,24.22,53.08,15.39
C0049,2024,23.15,27.46,28.61
C0050,2015,8.85,59.16,13.16
C0050,2016,11.66,29.29,31.63
C0050,2017,24.11,26.00,40.19
C0050,2018,7.13,31.79,41.43
C0050,2019,16.67,41.22,35.95
C0050,2020,14.71,24.98,56.91
C0050,2021,8.04,49.54,36.56
C0050,2022,22.73,34.86,52.96
C0050,2023,7.68,42.74,59.65
C0050,2024,16.85,49.37,21.49
C0051,2015,11.36,56.08,23.28
C0051,2016,13.36,52.77,36.09
C0051,2017,9.23,41.50,19.12
C0051,2018,17.49,59.65,38.21
C0051,2019,24.77,41.19,44.22
C0051,2020,21.67,41.44,13.02
C0051,2021,18.66,26.34,44.07
C0051,2022,20.13,25.95,17.97
C0051,2023,21.79,26.75,24.97
C0051,2024,14.45,43.67,46.94
C0052,2015,16.34,36.61,18.18
C0052,2016,22.91,35.44,36.58
C0052,2017,18.92,25.10,39.46
C0052,2018,7.72,35.24,18.22
C0052,2019,20.59,35.12,23.74
C0052,2020,5.45,44.83,40.32
C0052,2021,21.95,35.54,33.06
C0052,2022,20.77,36.75,43.00
C0052,2023,21.61,30.90,52.74
C0052,2024,5.47,25.26,16.75
C0053,2015,24.45,32.00,13.53
C0053,2016,17.28,21.71,43.34
C0053,2017,21.00,28.15,48.53
C0053,2018,16.33,33.00,32.47
C0053,2019,11.79,25.83,29.70
C0053,2020,10.92,46.60,39.84
C0053,2021,6.40,31.23,37.57
C0053,2022,15.85,44.62,34.51
C0053,2023,7.87,45.76,50.94
C0053,2024,16.35,37.89,18.68
C0054,2015,17.50,37.96,44.06
C0054,2016,13.84,43.26,47.07
C0054,2017,8.13,30.50,55.07
C0054,2018,13.65,20.85,57.26
C0054,2019,22.57,45.80,35.39
C0054,2020,14.16,44.34,31.68
C0054,2021,11.85,39.06,35.20
C0054,2022,17.60,55.03,46.63
C0054,2023,17.38,40.34,10.86
C0054,2024,6.81,32.14,18.71
C0055,2015,9.73,48.54,55.38
C0055,2016,14.89,58.50,19.77
C0055,2017,12.33,49.48,21.42
C0055,2018,11.40,56.35,56.97
C0055,2019,13.91,24.51,24.71
C0055,2020,10.81,24.84,24.52
C0055,2021,11.95,26.18,56.19
C0055,2022,20.47,48.11,28.75
C0055,2023,15.20,35.59,34.70
C0055,2024,22.46,39.11,38.02
C0056,2015,23.97,30.48,53.41
C0056,2016,23.44,49.44,13.88
C0056,2017,10.07,53.81,23.04
C0056,2018,14.46,26.41,39.35
C0056,2019,15.70,27.71,31.73
C0056,2020,22.04,33.58,23.91
C0056,2021,16.18,31.21,30.48
C0056,2022,10.05,41.26,58.31
C0056,2023,15.95,50.10,11.05
C0056,2024,5.89,51.73,17.35
C0057,2015,21.68,28.34,10.93
C0057,2016,16.32,27.02,39.67
C0057,2017,18.03,34.55,10.65
C0057,2018,9.02,25.91,32.70
C0057,2019,16.16,23.67,52.96
C0057,2020,15.61,29.70,14.86
C0057,2021,17.39,35.76,28.26
C0057,2022,21.95,43.51,28.90
C0057,2023,20.29,48.93,28.11
C0057,2024,15.94,28.91,46.37
C0058,2015,22.87,52.75,10.22
C0058,2016,12.17,21.35,49.00
C0058,2017,14.85,37.76,51.95
C0058,2018,17.99,45.32,31.57
C0058,2019,13.82,31.65,54.36
C0058,2020,12.23,47.35,29.05
C0058,2021,7.25,54.68,44.74
C0058,2022,17.72,23.57,29.44
C0058,2023,8.85,40.50,11.89
C0058,2024,7.77,20.75,14.17
C0059,2015,8.64,31.18,32.10
C0059,2016,18.77,25.48,59.50
C0059,2017,7.77,44.97,18.88
C0059,2018,24.52,29.95,54.78
C0059,2019,20.17,31.30,55.97
C0059,2020,12.85,28.23,30.48
C0059,2021,16.87,29.75,33.09
C0059,2022,5.15,29.00,35.14
C0059,2023,21.89,47.91,48.52
C0059,2024,10.42,58.23,16.19
C0060,2015,6.44,39.61,26.43
C0060,2016,20.16,44.02,18.54
C0060,2017,11.59,52.72,53.92
C0060,2018,16.35,39.04,13.53
C0060,2019,21.88,32.08,47.39
C0060,2020,20.52,58.04,31.99
C0060,2021,11.74,56.25,45.73
C0060,2022,22.37,28.81,54.49
C0060,2023,12.78,48.12,26.98
C0060,2024,15.00,45.89,21.35
C0061,2015,17.25,45.99,42.51
C0061,2016,6.42,53.22,59.88
C0061,2017,16.94,46.96,46.48
C0061,2018,16.55,40.72,49.78
C0061,2019,22.47,53.84,41.49
C0061,2020,12.07,30.59,28.41
C0061,2021,9.84,47.17,42.73
C0061,2022,14.53,48.06,16.43
C0061,2023,18.75,54.81,34.44
C0061,2024,16.24,59.93,38.65
C0062,2015,7.76,42.30,55.34
C0062,2016,11.96,39.38,55.99
C0062,2017,6.28,44.03,13.01
C0062,2018,19.79,46.35,41.59
C0062,2019,22.66,48.52,49.82
C0062,2020,5.91,31.25,36.82
C0062,2021,15.51,39.48,14.78
C0062,2022,16.32,34.84,21.64
C0062,2023,13.78,21.55,25.68
C0062,2024,15.05,44.38,43.14
C0063,2015,19.21,54.99,13.28
C0063,2016,14.67,56.86,37.48
C0063,2017,23.39,40.70,15.45
C0063,2018,15.82,50.64,29.76
C0063,2019,6.44,48.50,31.28
C0063,2020,24.07,29.16,32.59
C0063,2021,7.94,22.52,45.54
C0063,2022,20.69,49.91,14.06
C0063,2023,15.54,31.31,23.41
C0063,2024,19.82,41.98,42.06
C0064,2015,15.27,40.96,57.18
C0064,2016,6.18,52.71,41.04
C0064,2017,12.50,45.79,54.17
C0064,2018,17.41,53.89,58.42
C0064,2019,17.58,50.09,54.20
C0064,2020,24.46,59.99,58.61
C0064,2021,17.13,54.55,48.85
C0064,2022,10.73,28.44,54.36
C0064,2023,5.87,58.46,34.57
C0064,2024,20.77,33.61,27.27
C0065,2015,22.79,44.31,59.99
C0065,2016,17.27,57.65,14.89
C0065,2017,14.65,28.57,57.91
C0065,2018,22.22,54.29,31.54
C0065,2019,9.81,58.13,11.12
C0065,2020,12.97,54.15,50.15
C0065,2021,15.15,52.77,32.21
C0065,2022,5.99,30.58,49.93
C0065,2023,18.77,36.28,12.24
C0065,2024,8.77,50.41,58.71
C0066,2015,11.66,24.73,43.55
C0066,2016,13.29,55.53,12.40
C0066,2017,17.77,28.41,10.23
C0066,2018,6.31,42.59,39.70
C0066,2019,11.82,24.20,58.82
C0066,2020,10.49,27.41,36.20
C0066,2021,5.03,43.42,27.69
C0066,2022,18.83,45.39,56.95
C0066,2023,9.72,30.79,59.20
C0066,2024,8.33,24.76,49.22
C0067,2015,20.96,41.98,45.90
C0067,2016,5.78,53.63,10.10
C0067,2017,23.00,28.06,25.68
C0067,2018,18.74,47.66,56.26
C0067,2019,8.43,35.44,28.41
C0067,2020,12.00,57.72,26.73
C0067,2021,24.00,23.30,36.86
C0067,2022,17.38,21.60,32.39
C0067,2023,17.17,24.97,52.94
C0067,2024,18.06,51.30,14.08
C0068,2015,14.25,56.91,42.94
C0068,2016,8.35,52.90,44.86
C0068,2017,8.02,48.71,54.01
C0068,2018,18.75,22.30,30.79
C0068,2019,22.68,28.55,24.75
C0068,2020,11.00,57.42,41.33
C0068,2021,15.07,44.91,46.25
C0068,2022,24.84,38.73,18.55
C0068,2023,10.14,46.09,17.91
C0068,2024,12.80,27.14,23.18
C0069,2015,12.27,55.71,22.40
C0069,2016,5.65,46.25,47.53
C0069,2017,15.19,38.85,36.54
C0069,2018,9.17,38.30,37.39
C0069,2019,7.57,52.90,10.74
C0069,2020,19.21,32.31,59.71
C0069,2021,20.32,25.49,51.49
C0069,2022,22.78,27.43,32.18
C0069,2023,23.68,23.25,13.34
C0069,2024,22.38,40.31,44.71
C0070,2015,7.45,47.09,36.75
C0070,2016,9.47,57.36,43.88
C0070,2017,7.45,50.03,43.88
C0070,2018,12.07,43.32,17.74
C0070,2019,7.48,54.56,26.44
C0070,2020,18.07,55.69,10.89
C0070,2021,19.33,48.50,59.11
C0070,2022,8.19,22.25,50.32
C0070,2023,17.43,31.67,56.44
C0070,2024,5.46,33.45,12.21
C0071,2015,13.69,59.90,35.02
C0071,2016,10.71,38.57,47.37
C0071,2017,24.97,50.48,15.19
C0071,2018,23.46,52.55,48.85
C0071,2019,7.95,46.13,42.38
C0071,2020,23.35,20.73,59.25
C0071,2021,13.38,20.77,17.04
C0071,2022,16.53,52.75,41.46
C0071,2023,15.68,49.57,57.36
C0071,2024,19.52,41.44,47.18
C0072,2015,11.70,29.95,26.81
C0072,2016,6.39,23.47,15.96
C0072,2017,13.35,26.57,58.19
C0072,2018,15.89,43.21,13.60
C0072,2019,16.10,41.83,58.76
C0072,2020,20.85,57.65,25.18
C0072,2021,5.88,58.29,53.02
C0072,2022,24.76,43.04,37.72
C0072,2023,24.81,53.66,55.63
C0072,2024,6.98,52.49,31.33
C0073,2015,11.88,50.10,52.49
C0073,2016,16.81,37.49,21.92
C0073,2017,12.47,35.58,33.34
C0073,2018,14.75,30.57,52.32
C0073,2019,11.52,57.48,15.92
C0073,2020,19.24,53.38,46.43
C0073,2021,12.28,27.08,31.84
C0073,2022,13.60,30.10,35.66
C0073,2023,16.52,43.25,38.95
C0073,2024,24.38,36.54,23.78
C0074,2015,17.84,28.56,14.82
C0074,2016,6.94,51.65,10.93
C0074,2017,11.38,20.06,31.55
C0074,2018,13.39,33.73,23.44
C0074,2019,19.80,57.17,41.65
C0074,2020,13.94,50.43,45.80
C0074,2021,18.18,36.05,35.19
C0074,2022,21.79,57.15,40.95
C0074,2023,7.09,56.03,38.04
C0074,2024,20.31,22.10,10.23
C0075,2015,19.91,25.12,52.09
C0075,2016,21.39,35.49,12.98
C0075,2017,24.12,57.18,30.52
C0075,2018,11.19,53.77,15.55
C0075,2019,13.58,21.91,43.12
C0075,2020,10.25,40.49,26.28
C0075,2021,11.54,48.81,13.56
C0075,2022,11.60,31.04,12.27
C0075,2023,22.40,48.90,21.86
C0075,2024,6.26,34.79,43.36
C0076,2015,9.05,30.96,45.91
C0076,2016,17.21,35.70,16.42
C0076,2017,20.30,58.03,16.96
C0076,2018,18.95,56.21,39.66
C0076,2019,5.93,56.56,57.86
C0076,2020,14.08,56.70,37.65
C0076,2021,8.69,27.13,45.59
C0076,2022,24.76,55.84,38.77
C0076,2023,24.98,28.49,15.24
C0076,2024,6.02,53.53,57.32
C0077,2015,18.35,41.68,13.60
C0077,2016,21.26,29.60,47.99
C0077,2017,11.50,35.94,58.97
C0077,2018,18.87,37.34,25.95
C0077,2019,8.75,49.33,18.58
C0077,2020,7.56,44.24,38.31
C0077,2021,23.51,52.67,49.75
C0077,2022,17.85,35.87,57.47
C0077,2023,21.34,49.74,44.68
C0077,2024,15.65,51.71,26.79
C0078,2015,8.09,22.53,34.72
C0078,2016,12.53,35.03,48.06
C0078,2017,22.63,55.44,49.40
C0078,2018,5.31,48.20,13.72
C0078,2019,9.14,36.74,40.69
C0078,2020,10.07,27.32,58.37
C0078,2021,10.26,23.86,49.26
C0078,2022,6.97,29.17,10.37
C0078,2023,21.96,29.79,21.25
C0078,2024,8.19,34.83,32.25
C0079,2015,21.59,27.08,45.31
C0079,2016,12.10,25.84,37.76
C0079,2017,14.15,53.76,13.87
C0079,2018,14.26,29.98,46.91
C0079,2019,19.26,42.46,51.94
C0079,2020,19.63,27.97,20.29
C0079,2021,17.81,39.67,13.37
C0079,2022,20.48,31.07,49.55
C0079,2023,5.17,23.47,42.02
C0079,2024,15.10,59.29,50.18
C0080,2015,15.48,38.31,38.33
C0080,2016,9.79,35.72,31.43
C0080,2017,16.13,27.96,58.15
C0080,2018,14.34,39.81,49.00
C0080,2019,14.44,45.41,30.60
C0080,2020,7.37,32.19,55.38
C0080,2021,13.71,39.22,59.67
C0080,2022,20.33,29.48,25.41
C0080,2023,13.20,41.11,54.62
C0080,2024,14.75,51.49,12.27
C0081,2015,24.35,22.41,20.72
C0081,2016,22.44,40.71,18.05
C0081,2017,23.57,35.97,27.83
C0081,2018,6.55,22.96,38.13
C0081,2019,17.37,57.62,46.00
C0081,2020,9.47,30.39,55.14
C0081,2021,13.08,42.58,17.93
C0081,2022,18.60,34.90,38.91
C0081,2023,16.58,30.85,37.73
C0081,2024,15.11,41.09,32.92
C0082,2015,21.29,47.56,44.73
C0082,2016,18.65,51.42,35.67
C0082,2017,21.42,45.36,37.51
C0082,2018,23.64,41.05,55.17
C0082,2019,19.24,51.09,53.01
C0082,2020,12.91,40.70,38.87
C0082,2021,9.26,58.97,17.81
C0082,2022,10.42,41.07,57.94
C0082,2023,12.93,32.69,41.13
C0082,2024,19.80,37.85,50.37
C0083,2015,5.80,39.60,12.75
C0083,2016,21.29,31.34,54.84
C0083,2017,20.16,26.35,44.67
C0083,2018,14.99,37.26,44.27
C0083,2019,12.99,55.88,15.51
C0083,2020,7.25,30.22,45.64
C0083,2021,10.79,34.47,13.83
C0083,2022,7.19,50.31,12.79
C0083,2023,21.38,23.29,26.27
C0083,2024,15.19,53.00,11.16
C0084,2015,9.94,48.81,17.98
C0084,2016,5.36,41.99,46.31
C0084,2017,15.48,28.38,51.75
C0084,2018,20.04,23.71,18.98
C0084,2019,20.33,29.27,51.16
C0084,2020,9.29,50.46,34.03
C0084,2021,24.90,57.34,57.89
C0084,2022,16.38,49.52,16.97
C0084,2023,11.64,41.10,12.68
C0084,2024,12.86,58.03,52.25
C0085,2015,7.49,53.14,28.10
C0085,2016,14.87,46.23,32.86
C0085,2017,20.07,21.52,35.59
C0085,2018,13.19,31.51,51.26
C0085,2019,22.34,32.33,13.80
C0085,2020,14.54,33.89,37.56
C0085,2021,23.01,35.58,31.53
C0085,2022,19.06,57.57,27.01
C0085,2023,6.10,49.67,27.41
C0085,2024,6.34,47.68,56.52
C0086,2015,21.00,37.06,23.41
C0086,2016,12.14,33.50,32.73
C0086,2017,8.78,24.78,34.64
C0086,2018,22.31,38.14,45.99
C0086,2019,24.67,28.21,35.95
C0086,2020,21.17,35.64,41.06
C0086,2021,19.50,26.26,29.94
C0086,2022,5.02,33.76,45.93
C0086,2023,7.12,21.72,33.29
C0086,2024,18.42,20.24,21.14
C0087,2015,13.19,54.80,50.85
C0087,2016,5.39,45.65,48.27
C0087,2017,19.82,43.51,41.37
C0087,2018,13.38,40.55,36.10
C0087,2019,18.18,49.07,20.42
C0087,2020,14.37,49.45,53.42
C0087,2021,5.53,57.41,14.86
C0087,2022,17.72,29.78,29.16
C0087,2023,20.76,51.41,52.63
C0087,2024,8.12,59.65,39.78
C0088,2015,22.82,21.16,31.93
C0088,2016,8.63,34.96,49.57
C0088,2017,13.46,37.44,59.48
C0088,2018,15.54,52.87,19.44
C0088,2019,11.28,20.55,12.54
C0088,2020,15.01,43.94,33.15
C0088,2021,19.37,55.70,24.37
C0088,2022,19.29,25.91,43.34
C0088,2023,23.45,24.62,34.71
C0088,2024,22.24,59.99,34.95
C0089,2015,24.70,53.04,27.75
C0089,2016,16.91,47.90,20.53
C0089,2017,13.01,35.96,20.67
C0089,2018,9.80,54.16,29.35
C0089,2019,9.88,56.91,44.09
C0089,2020,8.02,49.30,26.86
C0089,2021,19.53,35.92,26.30
C0089,2022,18.08,43.34,31.25
C0089,2023,10.85,23.94,59.54
C0089,2024,22.84,26.32,14.56
C0090,2015,16.05,51.32,24.73
C0090,2016,6.38,21.17,24.60
C0090,2017,6.23,21.97,58.73
C0090,2018,7.86,40.32,30.36
C0090,2019,9.23,26.82,38.35
C0090,2020,22.75,31.75,19.91
C0090,2021,20.57,35.95,10.64
C0090,2022,9.03,40.89,26.96
C0090,2023,9.97,31.34,41.95
C0090,2024,17.74,39.34,44.58
C0091,2015,22.43,34.83,47.69
C0091,2016,11.33,23.24,53.03
C0091,2017,15.51,54.69,15.78
C0091,2018,22.81,31.25,14.14
C0091,2019,20.41,44.37,49.38
C0091,2020,22.83,42.79,31.79
C0091,2021,10.56,27.97,57.36
C0091,2022,18.82,21.20,57.17
C0091,2023,7.28,54.28,17.08
C0091,2024,17.32,39.91,44.56
C0092,2015,11.08,36.58,13.36
C0092,2016,19.03,50.52,30.17
C0092,2017,7.84,21.33,52.09
C0092,2018,18.31,50.61,33.05
C0092,2019,19.17,36.36,11.68
C0092,2020,22.14,42.06,22.02
C0092,2021,18.74,50.10,14.32
C0092,2022,15.46,41.87,30.41
C0092,2023,20.68,22.47,44.83
C0092,2024,10.69,49.14,43.02
C0093,2015,18.55,51.45,45.95
C0093,2016,19.49,38.48,29.19
C0093,2017,12.85,37.56,23.26
C0093,2018,24.78,30.08,12.85
C0093,2019,12.12,45.77,57.08
C0093,2020,6.69,55.28,15.91
C0093,2021,11.07,46.24,18.91
C0093,2022,6.99,50.85,11.25
C0093,2023,11.79,53.50,25.86
C0093,2024,7.56,29.05,50.94
C0094,2015,13.79,36.08,26.61
C0094,2016,20.56,37.44,43.30
C0094,2017,6.35,42.36,58.28
C0094,2018,16.26,21.97,54.63
C0094,2019,5.88,43.54,19.00
C0094,2020,22.69,23.54,27.96
C0094,2021,23.43,52.26,47.56
C0094,2022,14.85,58.52,58.88
C0094,2023,20.38,31.59,45.80
C0094,2024,16.86,40.26,22.61
C0095,2015,11.81,52.93,16.64
C0095,2016,9.90,32.59,34.76
C0095,2017,20.17,26.31,19.65
C0095,2018,13.60,49.56,21.38
C0095,2019,23.40,47.93,41.72
C0095,2020,24.51,42.80,35.74
C0095,2021,9.21,57.78,16.03
C0095,2022,16.22,58.20,17.68
C0095,2023,15.74,54.46,10.97
C0095,2024,22.36,31.72,20.98
C0096,2015,18.82,29.01,54.37
C0096,2016,17.15,53.43,49.65
C0096,2017,18.58,46.05,30.74
C0096,2018,12.79,35.85,47.10
C0096,2019,24.21,36.39,30.35
C0096,2020,6.15,54.13,49.61
C0096,2021,5.58,26.53,19.10
C0096,2022,13.31,57.76,17.63
C0096,2023,8.09,45.33,13.90
C0096,2024,15.90,51.65,22.09
C0097,2015,5.18,34.83,17.32
C0097,2016,14.19,43.48,49.93
C0097,2017,10.90,50.00,22.00
C0097,2018,9.05,37.41,35.81
C0097,2019,13.89,39.52,47.81
C0097,2020,22.09,43.28,43.85
C0097,2021,18.11,22.54,20.23
C0097,2022,8.20,54.53,13.85
C0097,2023,14.98,54.67,55.59
C0097,2024,23.63,31.26,41.10
C0098,2015,13.78,55.19,45.33
C0098,2016,14.41,49.81,29.30
C0098,2017,23.83,39.33,22.08
C0098,2018,7.72,33.91,36.53
C0098,2019,19.70,35.98,13.89
C0098,2020,10.98,41.38,50.00
C0098,2021,22.32,36.50,42.73
C0098,2022,6.09,36.81,48.08
C0098,2023,24.81,28.12,38.46
C0098,2024,20.37,48.31,38.90
C0099,2015,10.69,44.38,40.02
C0099,2016,20.22,59.68,49.21
C0099,2017,23.46,25.65,21.27
C0099,2018,7.26,24.55,44.08
C0099,2019,23.27,40.64,37.64
C0099,2020,12.20,26.08,34.76
C0099,2021,5.13,44.42,37.05
C0099,2022,7.25,27.84,23.61
C0099,2023,22.70,39.32,11.85
C0099,2024,24.65,44.45,47.96
C0100,2015,22.91,38.32,55.81
C0100,2016,13.83,32.80,34.04
C0100,2017,24.23,51.29,51.90
C0100,2018,13.14,54.19,37.76
C0100,2019,7.27,31.12,56.52
C0100,2020,11.82,52.54,35.42
C0100,2021,24.97,35.67,20.24
C0100,2022,17.52,39.50,53.51
C0100,2023,11.80,29.27,50.01
C0100,2024,17.48,45.03,29.90
C0101,2015,13.58,24.04,52.10
C0101,2016,5.99,43.67,10.45
C0101,2017,9.02,59.59,49.99
C0101,2018,5.38,50.14,44.40
C0101,2019,10.10,55.80,28.98
C0101,2020,19.79,38.57,49.58
C0101,2021,8.87,25.68,16.33
C0101,2022,15.56,31.54,20.17
C0101,2023,19.03,21.96,36.68
C0101,2024,15.97,40.07,54.05
C0102,2015,5.31,45.99,16.51
C0102,2016,12.27,36.98,38.21
C0102,2017,13.83,42.53,47.66
C0102,2018,11.86,32.83,47.17
C0102,2019,15.93,23.43,41.40
C0102,2020,15.26,37.28,57.05
C0102,2021,8.75,41.91,34.11
C0102,2022,20.04,59.31,54.01
C0102,2023,8.22,33.89,40.98
C0102,2024,14.18,47.11,46.87
C0103,2015,20.13,52.90,33.24
C0103,2016,18.95,33.42,18.38
C0103,2017,13.64,57.20,15.45
C0103,2018,20.78,33.55,44.12
C0103,2019,19.28,58.79,28.82
C0103,2020,12.69,20.09,38.37
C0103,2021,22.91,45.37,47.30
C0103,2022,7.84,51.60,49.32
C0103,2023,12.17,31.20,35.48
C0103,2024,18.96,24.68,25.73
C0104,2015,22.46,20.97,48.79
C0104,2016,11.45,22.98,30.77
C0104,2017,16.22,41.72,56.84
C0104,2018,5.24,53.57,51.23
C0104,2019,12.42,22.53,47.35
C0104,2020,11.62,24.53,22.06
C0104,2021,21.85,20.20,28.14
C0104,2022,6.48,31.29,52.45
C0104,2023,6.24,56.85,11.16
C0104,2024,13.85,31.05,49.07
C0105,2015,13.15,37.63,30.21
C0105,2016,8.23,27.16,49.97
C0105,2017,10.27,24.65,37.62
C0105,2018,24.48,27.30,36.34
C0105,2019,15.26,28.42,45.08
C0105,2020,6.76,25.21,50.32
C0105,2021,5.99,51.66,44.67
C0105,2022,5.84,39.09,32.54
C0105,2023,12.78,41.59,26.04
C0105,2024,22.31,34.99,52.28
C0106,2015,21.66,28.43,36.04
C0106,2016,12.36,23.76,49.17
C0106,2017,20.49,23.04,59.79
C0106,2018,20.04,27.41,42.19
C0106,2019,14.66,54.01,23.92
C0106,2020,13.09,28.66,53.28
C0106,2021,8.61,34.19,23.68
C0106,2022,10.58,42.91,23.02
C0106,2023,11.77,40.46,13.70
C0106,2024,21.25,46.63,13.93
C0107,2015,16.06,27.77,53.12
C0107,2016,9.02,40.96,21.54
C0107,2017,6.92,50.71,15.43
C0107,2018,14.93,35.50,27.63
C0107,2019,18.33,58.88,45.68
C0107,2020,21.38,43.12,26.98
C0107,2021,20.95,46.99,25.46
C0107,2022,21.48,38.36,34.40
C0107,2023,13.96,54.31,11.06
C0107,2024,22.31,38.06,34.55
C0108,2015,13.89,57.69,59.50
C0108,2016,8.36,32.30,49.97
C0108,2017,12.95,54.63,13.52
C0108,2018,11.80,45.57,42.74
C0108,2019,12.84,51.96,33.06
C0108,2020,18.17,21.51,51.31
C0108,2021,18.14,31.09,14.93
C0108,2022,9.50,53.88,21.64
C0108,2023,11.32,32.73,49.56
C0108,2024,16.91,48.51,52.46
C0109,2015,6.68,59.69,36.47
C0109,2016,18.77,27.09,10.98
C0109,2017,8.58,36.70,54.69
C0109,2018,22.01,26.61,29.14
C0109,2019,13.03,26.17,11.98
C0109,2020,9.42,45.32,50.94
C0109,2021,18.36,27.66,30.90
C0109,2022,16.08,39.31,19.50
C0109,2023,8.44,59.12,50.08
C0109,2024,21.54,33.33,32.89
C0110,2015,14.07,54.95,40.39
C0110,2016,8.04,35.85,51.16
C0110,2017,20.92,30.51,36.12
C0110,2018,7.67,33.45,15.52
C0110,2019,24.36,25.11,58.19
C0110,2020,13.84,47.16,24.33
C0110,2021,19.56,40.36,59.71
C0110,2022,14.04,44.55,10.30
C0110,2023,8.75,32.12,34.19
C0110,2024,20.16,46.14,45.25
C0111,2015,10.79,26.58,55.32
C0111,2016,18.65,46.10,49.02
C0111,2017,10.15,23.25,22.78
C0111,2018,9.82,36.01,22.17
C0111,2019,14.15,44.39,27.83
C0111,2020,21.32,54.21,15.53
C0111,2021,17.27,52.50,43.48
C0111,2022,6.29,41.08,57.06
C0111,2023,19.68,55.33,42.11
C0111,2024,16.60,40.24,36.67
C0112,2015,17.47,40.69,35.17
C0112,2016,12.07,48.82,39.63
C0112,2017,16.12,55.11,45.53
C0112,2018,12.44,44.11,49.75
C0112,2019,6.63,57.77,44.92
C0112,2020,21.89,29.30,45.25
C0112,2021,18.56,56.97,57.59
C0112,2022,18.41,28.87,54.97
C0112,2023,8.87,41.06,51.20
C0112,2024,18.27,51.84,12.17
C0113,2015,9.64,52.06,43.44
C0113,2016,18.75,31.13,32.75
C0113,2017,11.67,59.44,40.88
C0113,2018,8.15,23.22,44.31
C0113,2019,23.13,21.39,45.73
C0113,2020,7.09,53.66,53.47
C0113,2021,20.24,52.76,55.50
C0113,2022,7.04,48.51,40.34
C0113,2023,18.69,54.03,54.71
C0113,2024,7.21,25.50,48.23
C0114,2015,15.18,23.83,20.14
C0114,2016,8.76,58.78,11.77
C0114,2017,22.33,44.97,10.49
C0114,2018,13.03,56.79,39.33
C0114,2019,5.31,56.26,36.08
C0114,2020,17.56,46.13,44.82
C0114,2021,13.90,45.14,52.14
C0114,2022,22.19,34.40,18.22
C0114,2023,13.66,25.96,52.82
C0114,2024,13.22,47.46,14.90
C0115,2015,14.08,52.71,54.16
C0115,2016,22.20,41.78,52.52
C0115,2017,16.74,22.03,44.85
C0115,2018,18.39,25.80,25.00
C0115,2019,19.41,24.08,14.67
C0115,2020,23.75,46.31,48.90
C0115,2021,21.75,42.59,20.89
C0115,2022,23.55,38.66,32.05
C0115,2023,11.87,41.74,36.54
C0115,2024,9.30,31.04,44.27
C0116,2015,9.07,52.19,34.37
C0116,2016,22.16,33.14,44.73
C0116,2017,21.61,45.77,50.70
C0116,2018,18.01,35.63,45.65
C0116,2019,6.26,22.89,24.98
C0116,2020,11.36,30.28,54.71
C0116,2021,19.68,58.60,37.53
C0116,2022,9.97,27.62,33.27
C0116,2023,17.48,24.20,38.75
C0116,2024,15.85,31.65,34.16
C0117,2015,10.25,55.12,47.76
C0117,2016,23.69,32.24,31.03
C0117,2017,10.13,36.70,48.84
C0117,2018,22.90,32.40,48.01
C0117,2019,15.82,59.56,23.84
C0117,2020,6.84,60.00,14.80
C0117,2021,21.67,39.31,52.55
C0117,2022,20.83,51.39,18.45
C0117,2023,21.62,28.80,11.56
C0117,2024,17.76,34.97,30.12
C0118,2015,19.23,47.17,22.71
C0118,2016,23.14,31.45,21.02
C0118,2017,7.55,28.99,18.62
C0118,2018,6.66,56.89,47.46
C0118,2019,7.50,29.77,49.17
C0118,2020,22.40,22.37,12.32
C0118,2021,16.26,50.04,37.34
C0118,2022,8.52,29.73,16.76
C0118,2023,7.83,38.01,34.98
C0118,2024,13.91,24.46,27.40
C0119,2015,21.31,22.74,20.09
C0119,2016,21.10,38.42,57.40
C0119,2017,22.03,33.48,57.84
C0119,2018,20.38,40.24,38.20
C0119,2019,6.23,58.63,19.40
C0119,2020,19.40,36.30,39.16
C0119,2021,15.38,44.11,56.42
C0119,2022,19.53,23.90,28.89
C0119,2023,14.69,55.44,16.89
C0119,2024,14.67,52.23,44.68
C0120,2015,7.52,40.90,42.81
C0120,2016,23.10,27.34,10.07
C0120,2017,12.49,37.04,52.68
C0120,2018,16.65,31.90,43.04
C0120,2019,9.14,59.78,19.78
C0120,2020,12.38,39.63,10.16
C0120,2021,22.41,36.89,58.62
C0120,2022,9.19,26.76,47.73
C0120,2023,9.12,29.56,28.25
C0120,2024,10.21,48.46,31.64
C0121,2015,16.49,41.40,36.94
C0121,2016,15.41,34.32,45.93
C0121,2017,8.51,31.88,18.65
C0121,2018,18.84,28.03,19.79
C0121,2019,23.15,21.36,12.41
C0121,2020,8.98,59.09,59.29
C0121,2021,18.46,50.12,53.78
C0121,2022,16.73,57.11,37.65
C0121,2023,11.58,36.50,31.51
C0121,2024,17.36,54.78,21.87
C0122,2015,9.20,30.25,39.75
C0122,2016,21.68,40.39,44.53
C0122,2017,5.44,28.10,44.46
C0122,2018,16.34,50.81,10.32
C0122,2019,11.38,39.90,45.10
C0122,2020,22.63,41.45,53.32
C0122,2021,14.99,54.38,15.75
C0122,2022,21.05,49.57,47.77
C0122,2023,23.48,58.65,51.16
C0122,2024,11.69,36.21,23.81
C0123,2015,22.61,38.46,45.61
C0123,2016,19.53,44.61,14.84
C0123,2017,7.16,38.13,42.46
C0123,2018,7.08,36.78,35.52
C0123,2019,21.35,33.62,52.49
C0123,2020,14.37,53.28,32.60
C0123,2021,14.90,41.34,31.40
C0123,2022,22.82,44.30,56.69
C0123,2023,23.08,28.16,56.71
C0123,2024,7.25,30.07,11.79
C0124,2015,12.47,33.59,34.28
C0124,2016,22.90,38.61,18.05
C0124,2017,21.40,21.76,23.69
C0124,2018,19.42,55.54,43.31
C0124,2019,7.04,56.15,16.46
C0124,2020,17.42,46.47,10.56
C0124,2021,16.64,32.64,46.36
C0124,2022,8.34,35.41,42.07
C0124,2023,20.48,49.36,55.13
C0124,2024,11.24,31.45,37.12
C0125,2015,17.41,44.36,57.27
C0125,2016,12.24,56.25,40.47
C0125,2017,6.69,36.42,29.36
C0125,2018,15.50,43.48,40.42
C0125,2019,11.13,57.14,47.46
C0125,2020,6.43,33.62,27.38
C0125,2021,8.97,50.39,28.63
C0125,2022,17.38,50.20,41.50
C0125,2023,7.03,57.14,32.78
C0125,2024,6.75,54.34,36.35
C0126,2015,23.88,49.95,59.10
C0126,2016,7.15,45.46,12.19
C0126,2017,12.52,29.65,42.40
C0126,2018,7.67,46.83,56.14
C0126,2019,23.79,31.06,21.81
C0126,2020,14.62,37.60,20.60
C0126,2021,7.22,48.39,28.15
C0126,2022,20.38,47.00,13.70
C0126,2023,20.62,36.05,38.01
C0126,2024,23.02,27.31,42.27
C0127,2015,19.11,39.37,50.99
C0127,2016,6.09,30.80,13.31
C0127,2017,16.01,30.22,31.81
C0127,2018,12.68,33.07,49.21
C0127,2019,19.97,48.25,48.42
C0127,2020,16.82,39.89,13.68
C0127,2021,19.50,34.93,10.57
C0127,2022,8.61,56.02,49.17
C0127,2023,13.74,48.27,16.90
C0127,2024,13.64,39.79,38.89
C0128,2015,24.62,36.85,14.71
C0128,2016,5.38,52.76,24.78
C0128,2017,21.32,26.92,17.90
C0128,2018,6.94,46.57,46.82
C0128,2019,6.61,20.84,43.64
C0128,2020,11.56,20.28,16.77
C0128,2021,19.02,57.27,12.97
C0128,2022,18.57,40.56,33.32
C0128,2023,17.56,32.60,19.78
C0128,2024,20.49,51.79,10.41
C0129,2015,9.65,59.39,23.21
C0129,2016,17.68,21.38,20.76
C0129,2017,17.76,21.52,44.25
C0129,2018,18.09,54.19,53.04
C0129,2019,16.89,42.27,21.88
C0129,2020,9.43,55.31,21.15
C0129,2021,23.29,47.79,29.39
C0129,2022,24.52,38.82,18.63
C0129,2023,18.78,26.45,57.34
C0129,2024,13.88,35.59,22.18
C0130,2015,15.74,51.49,14.67
C0130,2016,7.17,29.36,37.84
C0130,2017,12.27,48.49,36.88
C0130,2018,24.52,29.89,41.60
C0130,2019,15.95,38.54,58.34
C0130,2020,16.21,23.42,26.17
C0130,2021,24.08,38.20,27.98
C0130,2022,22.73,44.51,26.85
C0130,2023,16.37,42.53,41.43
C0130,2024,10.38,36.26,40.20
C0131,2015,7.34,34.79,36.44
C0131,2016,22.27,31.02,28.22
C0131,2017,23.40,50.68,31.38
C0131,2018,14.89,51.31,49.63
C0131,2019,6.89,39.32,40.46
C0131,2020,17.12,35.30,45.82
C0131,2021,12.35,45.50,23.84
C0131,2022,8.16,42.31,55.57
C0131,2023,23.38,46.69,11.76
C0131,2024,9.79,32.24,39.78
C0132,2015,19.22,51.53,50.62
C0132,2016,13.59,32.67,53.31
C0132,2017,21.56,36.75,25.98
C0132,2018,19.02,25.30,32.99
C0132,2019,7.46,54.21,11.74
C0132,2020,13.99,45.77,49.49
C0132,2021,10.20,29.41,16.23
C0132,2022,19.27,54.07,31.40
C0132,2023,15.89,48.19,59.54
C0132,2024,11.80,37.69,55.89
C0133,2015,11.59,59.59,26.50
C0133,2016,7.29,33.49,21.19
C0133,2017,9.28,23.98,22.58
C0133,2018,19.27,49.34,44.24
C0133,2019,17.20,50.28,46.29
C0133,2020,12.11,22.36,20.82
C0133,2021,21.72,52.78,22.00
C0133,2022,14.69,51.04,26.17
C0133,2023,20.89,57.18,31.66
C0133,2024,20.62,24.74,55.87
C0134,2015,21.96,44.03,11.33
C0134,2016,22.00,28.78,41.91
C0134,2017,18.58,35.98,53.08
C0134,2018,19.99,30.60,46.17
C0134,2019,20.54,37.97,20.84
C0134,2020,8.38,24.52,33.84
C0134,2021,11.00,32.14,55.51
C0134,2022,7.08,22.84,15.79
C0134,2023,8.79,39.67,59.38
C0134,2024,20.57,31.87,17.18
C0135,2015,23.94,43.61,17.12
C0135,2016,18.47,38.26,50.64
C0135,2017,22.72,29.75,51.42
C0135,2018,11.36,24.12,11.90
C0135,2019,21.92,50.13,18.42
C0135,2020,11.78,45.33,57.43
C0135,2021,22.88,21.32,23.97
C0135,2022,20.96,59.57,10.61
C0135,2023,24.67,45.70,22.70
C0135,2024,21.55,28.29,46.77
C0136,2015,12.96,53.62,55.82
C0136,2016,7.20,55.28,17.76
C0136,2017,22.49,42.95,21.22
C0136,2018,16.42,55.42,32.08
C0136,2019,22.16,21.17,47.42
C0136,2020,12.74,57.81,42.93
C0136,2021,5.58,22.29,26.38
C0136,2022,6.05,45.70,13.32
C0136,2023,18.41,33.84,22.65
C0136,2024,7.29,21.57,20.98
C0137,2015,19.91,57.17,11.05
C0137,2016,13.39,25.41,58.75
C0137,2017,16.26,54.15,22.77
C0137,2018,21.02,33.21,51.83
C0137,2019,10.06,49.65,34.24
C0137,2020,13.26,30.17,58.61
C0137,2021,19.59,43.34,17.48
C0137,2022,23.37,51.98,15.53
C0137,2023,10.81,42.65,10.12
C0137,2024,17.45,32.26,45.92
C0138,2015,24.02,29.34,25.32
C0138,2016,17.98,26.99,53.52
C0138,2017,22.86,53.55,41.69
C0138,2018,23.79,44.44,38.87
C0138,2019,23.59,40.35,34.34
C0138,2020,20.17,29.98,22.91
C0138,2021,16.04,37.35,13.23
C0138,2022,6.94,44.80,32.18
C0138,2023,9.45,22.88,14.96
C0138,2024,10.12,34.43,55.29
C0139,2015,5.67,29.58,51.47
C0139,2016,7.04,45.86,40.99
C0139,2017,10.90,44.25,32.62
C0139,2018,6.81,31.98,32.71
C0139,2019,8.39,21.67,33.23
C0139,2020,6.09,27.31,47.27
C0139,2021,13.33,26.40,16.31
C0139,2022,21.43,42.74,36.56
C0139,2023,21.24,26.77,50.63
C0139,2024,23.10,39.29,35.51
C0140,2015,19.91,44.58,10.69
C0140,2016,9.89,55.18,22.23
C0140,2017,19.05,29.80,43.43
C0140,2018,20.08,27.44,56.71
C0140,2019,15.86,26.93,54.69
C0140,2020,21.14,34.42,51.14
C0140,2021,6.43,45.97,57.51
C0140,2022,16.90,46.87,24.00
C0140,2023,14.60,28.44,10.62
C0140,2024,21.10,25.25,27.72
C0141,2015,7.56,37.95,38.85
C0141,2016,9.25,25.65,25.82
C0141,2017,16.17,52.52,12.21
C0141,2018,23.94,23.36,35.36
C0141,2019,6.66,50.08,19.98
C0141,2020,19.87,21.71,46.38
C0141,2021,9.11,52.28,14.46
C0141,2022,7.11,45.09,57.91
C0141,2023,12.90,32.89,53.83
C0141,2024,16.66,36.22,53.69
C0142,2015,21.54,46.94,49.49
C0142,2016,17.69,27.43,41.68
C0142,2017,14.83,55.61,12.67
C0142,2018,10.71,39.32,43.12
C0142,2019,10.85,50.41,47.35
C0142,2020,20.41,40.27,16.54
C0142,2021,7.28,38.09,40.79
C0142,2022,7.93,38.78,33.94
C0142,2023,19.39,34.52,33.62
C0142,2024,24.22,49.31,19.97
C0143,2015,7.40,53.85,46.97
C0143,2016,17.19,54.18,56.26
C0143,2017,9.78,24.85,49.39
C0143,2018,5.52,50.45,28.45
C0143,2019,21.65,28.00,59.21
C0143,2020,15.17,20.49,28.21
C0143,2021,5.48,31.02,21.72
C0143,2022,22.91,31.71,58.40
C0143,2023,15.71,52.39,49.49
C0143,2024,19.74,49.70,48.06
C0144,2015,13.47,23.39,13.87
C0144,2016,8.70,33.04,19.60
C0144,2017,14.31,30.05,10.93
C0144,2018,10.75,43.82,48.83
C0144,2019,10.93,41.66,23.91
C0144,2020,17.88,47.16,16.61
C0144,2021,6.88,56.43,19.09
C0144,2022,12.94,36.84,42.06
C0144,2023,15.93,46.24,31.65
C0144,2024,19.20,56.73,57.07
C0145,2015,17.66,41.67,28.29
C0145,2016,22.72,32.33,51.69
C0145,2017,24.85,36.12,37.32
C0145,2018,23.75,50.18,45.27
C0145,2019,20.28,48.80,18.43
C0145,2020,18.72,49.94,47.45
C0145,2021,5.71,49.73,14.28
C0145,2022,15.67,56.82,44.56
C0145,2023,18.27,50.56,33.28
C0145,2024,13.26,54.22,21.43
C0146,2015,12.70,42.95,34.02
C0146,2016,15.85,45.77,52.78
C0146,2017,23.13,58.71,17.74
C0146,2018,10.22,54.81,18.48
C0146,2019,12.98,51.09,36.70
C0146,2020,18.06,47.42,41.26
C0146,2021,8.72,34.34,31.01
C0146,2022,21.70,41.93,23.32
C0146,2023,18.32,22.21,13.36
C0146,2024,12.05,36.65,12.49
C0147,2015,19.44,24.48,12.04
C0147,2016,10.59,49.15,55.06
C0147,2017,20.49,55.69,16.57
C0147,2018,6.41,26.96,24.76
C0147,2019,13.54,29.83,59.29
C0147,2020,10.23,54.28,56.37
C0147,2021,21.33,43.43,12.14
C0147,2022,20.05,43.53,37.56
C0147,2023,21.84,42.52,41.67
C0147,2024,18.03,28.73,12.71
C0148,2015,20.91,29.73,46.41
C0148,2016,13.78,57.99,59.39
C0148,2017,18.56,48.94,31.47
C0148,2018,5.62,23.62,32.47
C0148,2019,22.61,28.92,42.97
C0148,2020,18.70,45.08,46.83
C0148,2021,22.32,31.34,49.49
C0148,2022,20.42,30.07,13.88
C0148,2023,10.73,28.09,50.03
C0148,2024,10.46,27.43,53.20
C0149,2015,20.99,44.53,12.26
C0149,2016,8.69,56.23,11.96
C0149,2017,7.21,34.45,37.54
C0149,2018,5.30,24.86,34.84
C0149,2019,10.97,24.97,59.00
C0149,2020,6.99,57.35,24.72
C0149,2021,21.03,41.15,39.51
C0149,2022,14.69,38.65,35.33
C0149,2023,10.05,55.63,36.79
C0149,2024,17.04,40.28,42.98
C0150,2015,6.41,39.22,36.88
C0150,2016,19.52,57.07,10.35
C0150,2017,15.03,38.98,52.19
C0150,2018,5.13,35.64,20.06
C0150,2019,11.38,43.27,21.56
C0150,2020,20.00,59.09,42.40
C0150,2021,8.76,58.55,33.89
C0150,2022,24.24,51.02,38.72
C0150,2023,22.93,39.97,34.87
C0150,2024,20.56,55.26,30.89
C0151,2015,6.57,36.78,34.17
C0151,2016,12.08,45.61,17.05
C0151,2017,10.96,27.18,58.47
C0151,2018,7.75,46.45,38.74
C0151,2019,24.99,31.04,24.34
C0151,2020,7.94,50.87,45.64
C0151,2021,11.31,36.56,54.01
C0151,2022,22.60,35.94,24.82
C0151,2023,7.89,49.86,26.23
C0151,2024,14.39,37.01,31.93
C0152,2015,24.51,48.56,20.86
C0152,2016,9.95,54.20,50.49
C0152,2017,19.06,25.48,39.21
C0152,2018,6.60,39.16,12.85
C0152,2019,17.02,57.80,59.84
C0152,2020,11.78,52.49,38.75
C0152,2021,18.99,58.94,54.50
C0152,2022,13.66,54.41,35.08
C0152,2023,10.98,32.41,39.12
C0152,2024,15.92,27.17,32.72
C0153,2015,7.79,28.42,31.14
C0153,2016,21.29,28.68,20.92
C0153,2017,20.01,23.03,58.11
C0153,2018,15.90,56.27,19.09
C0153,2019,12.34,40.10,36.32
C0153,2020,23.30,24.05,14.35
C0153,2021,17.69,50.51,59.67
C0153,2022,10.70,33.03,37.78
C0153,2023,21.13,22.84,50.73
C0153,2024,17.70,27.59,38.15
C0154,2015,7.54,46.30,50.25
C0154,2016,7.28,51.76,36.72
C0154,2017,23.76,30.15,32.25
C0154,2018,10.76,43.08,32.80
C0154,2019,18.27,20.03,10.12
C0154,2020,5.73,31.14,28.53
C0154,2021,16.13,27.27,57.60
C0154,2022,9.62,23.06,43.78
C0154,2023,7.79,39.36,55.97
C0154,2024,20.47,45.24,20.01
C0155,2015,21.19,21.86,34.56
C0155,2016,19.30,25.52,11.72
C0155,2017,5.22,57.29,43.85
C0155,2018,10.70,28.92,49.20
C0155,2019,12.22,50.40,47.39
C0155,2020,18.82,49.91,14.34
C0155,2021,20.11,32.86,22.38
C0155,2022,17.56,28.16,42.79
C0155,2023,20.78,29.76,47.95
C0155,2024,13.55,42.64,23.71
C0156,2015,15.84,35.25,30.31
C0156,2016,6.29,39.82,27.56
C0156,2017,13.54,52.46,10.23
C0156,2018,13.65,40.09,38.83
C0156,2019,17.23,59.81,43.46
C0156,2020,12.56,46.63,23.82
C0156,2021,9.77,28.29,44.39
C0156,2022,9.75,39.98,22.14
C0156,2023,7.68,52.54,45.78
C0156,2024,19.02,28.73,32.86
C0157,2015,17.45,49.18,53.60
C0157,2016,16.58,21.34,37.24
C0157,2017,15.62,57.71,19.23
C0157,2018,12.35,46.53,51.10
C0157,2019,20.37,26.50,48.88
C0157,2020,23.44,54.97,14.21
C0157,2021,13.80,23.27,12.40
C0157,2022,13.18,36.24,16.81
C0157,2023,8.25,49.48,52.27
C0157,2024,18.41,57.50,26.02
C0158,2015,16.16,33.95,35.24
C0158,2016,24.76,53.22,40.15
C0158,2017,16.69,27.87,47.17
C0158,2018,10.77,21.40,51.50
C0158,2019,16.26,21.15,35.79
C0158,2020,24.69,46.33,30.79
C0158,2021,19.47,26.17,19.80
C0158,2022,7.57,22.01,40.38
C0158,2023,11.86,59.07,37.49
C0158,2024,10.97,29.68,24.56
C0159,2015,22.14,38.50,32.31
C0159,2016,17.22,44.52,46.98
C0159,2017,21.20,25.78,41.35
C0159,2018,8.52,34.29,34.09
C0159,2019,23.16,45.91,23.62
C0159,2020,6.17,45.59,43.40
C0159,2021,12.50,53.68,41.38
C0159,2022,5.28,37.50,32.91
C0159,2023,8.69,55.59,21.93
C0159,2024,24.24,47.29,18.74
C0160,2015,6.57,42.48,26.97
C0160,2016,7.91,24.69,55.44
C0160,2017,23.50,42.99,47.69
C0160,2018,19.20,43.79,54.55
C0160,2019,13.14,50.35,52.13
C0160,2020,6.38,48.77,32.94
C0160,2021,20.70,41.20,36.52
C0160,2022,14.85,43.71,18.48
C0160,2023,11.46,50.89,46.04
C0160,2024,12.22,34.06,31.10
C0161,2015,15.11,25.40,18.06
C0161,2016,16.02,54.97,14.77
C0161,2017,21.36,58.60,44.81
C0161,2018,20.43,37.17,34.11
C0161,2019,20.34,59.61,10.45
C0161,2020,19.59,32.91,51.23
C0161,2021,20.16,22.66,40.97
C0161,2022,18.55,42.90,11.92
C0161,2023,22.36,54.73,25.23
C0161,2024,16.15,44.70,46.12
C0162,2015,15.42,20.38,12.95
C0162,2016,19.03,20.47,46.81
C0162,2017,8.32,48.97,35.24
C0162,2018,20.54,53.81,49.14
C0162,2019,23.72,30.12,52.76
C0162,2020,10.93,38.81,48.39
C0162,2021,17.22,58.44,13.90
C0162,2022,5.65,38.42,33.02
C0162,2023,20.32,25.43,25.94
C0162,2024,16.19,56.47,35.42
C0163,2015,18.47,39.81,58.29
C0163,2016,7.86,33.77,16.22
C0163,2017,21.19,23.90,53.28
C0163,2018,10.12,38.33,59.54
C0163,2019,18.70,50.79,59.50
C0163,2020,16.86,48.69,49.83
C0163,2021,18.08,39.86,33.28
C0163,2022,6.00,48.78,18.90
C0163,2023,19.84,34.03,40.41
C0163,2024,20.90,49.41,40.52
C0164,2015,14.50,23.43,25.82
C0164,2016,13.18,27.97,40.84
C0164,2017,11.85,55.11,15.83
C0164,2018,23.56,31.75,41.70
C0164,2019,20.10,28.24,54.84
C0164,2020,18.97,23.56,33.60
C0164,2021,23.51,35.72,48.23
C0164,2022,11.98,22.68,41.78
C0164,2023,17.60,39.88,10.15
C0164,2024,18.72,56.77,16.10
C0165,2015,24.92,51.49,48.74
C0165,2016,13.54,21.63,12.02
C0165,2017,13.00,31.99,57.81
C0165,2018,6.69,27.51,54.70
C0165,2019,6.97,22.68,28.12
C0165,2020,15.24,24.35,25.52
C0165,2021,8.42,56.33,40.65
C0165,2022,6.46,32.40,40.59
C0165,2023,24.30,35.69,14.45
C0165,2024,24.03,39.43,20.77
C0166,2015,11.51,49.80,41.82
C0166,2016,20.80,51.93,50.04
C0166,2017,22.45,58.55,19.60
C0166,2018,14.29,28.43,45.10
C0166,2019,9.47,32.04,53.52
C0166,2020,7.60,32.52,15.89
C0166,2021,7.82,37.81,31.96
C0166,2022,20.94,52.30,52.53
C0166,2023,12.69,29.58,28.53
C0166,2024,18.87,51.32,23.47
C0167,2015,15.77,28.16,47.28
C0167,2016,12.89,48.41,30.04
C0167,2017,7.48,51.96,45.32
C0167,2018,11.67,54.15,16.32
C0167,2019,21.80,40.41,37.68
C0167,2020,21.23,33.15,28.97
C0167,2021,5.57,50.90,59.87
C0167,2022,7.81,32.84,39.57
C0167,2023,20.12,25.92,44.11
C0167,2024,11.71,53.39,16.55
C0168,2015,17.87,36.45,59.60
C0168,2016,16.25,42.83,12.57
C0168,2017,18.04,56.74,13.54
C0168,2018,6.07,25.43,13.79
C0168,2019,23.62,42.29,53.53
C0168,2020,5.42,42.35,46.43
C0168,2021,5.16,54.48,58.65
C0168,2022,9.52,33.65,13.33
C0168,2023,24.87,36.05,44.58
C0168,2024,6.45,40.77,36.66
C0169,2015,22.49,26.69,41.96
C0169,2016,8.18,38.83,35.65
C0169,2017,7.18,37.44,43.77
C0169,2018,20.58,27.90,55.35
C0169,2019,21.93,53.32,39.37
C0169,2020,20.84,37.24,54.82
C0169,2021,9.82,32.24,49.11
C0169,2022,22.60,25.21,53.25
C0169,2023,6.44,23.59,42.96
C0169,2024,11.84,58.41,35.93
C0170,2015,14.26,59.81,13.48
C0170,2016,6.35,55.92,51.75
C0170,2017,16.60,38.35,22.10
C0170,2018,16.19,52.32,11.83
C0170,2019,24.84,53.37,35.95
C0170,2020,17.43,31.99,41.63
C0170,2021,12.95,43.44,43.09
C0170,2022,20.80,58.27,43.49
C0170,2023,11.70,31.20,42.69
C0170,2024,15.66,46.52,50.41
C0171,2015,6.11,46.50,48.47
C0171,2016,11.45,38.11,50.64
C0171,2017,15.56,39.61,33.01
C0171,2018,19.05,38.26,13.14
C0171,2019,6.98,40.84,41.98
C0171,2020,20.94,25.95,20.51
C0171,2021,23.00,51.79,52.98
C0171,2022,10.62,46.44,46.08
C0171,2023,20.31,58.95,48.29
C0171,2024,8.61,29.83,24.32
C0172,2015,15.47,25.84,41.65
C0172,2016,20.95,33.70,36.40
C0172,2017,12.73,40.39,23.42
C0172,2018,5.53,28.20,50.61
C0172,2019,15.80,38.42,37.50
C0172,2020,21.89,45.70,19.54
C0172,2021,7.17,22.25,25.26
C0172,2022,5.59,50.32,21.36
C0172,2023,21.18,57.59,25.62
C0172,2024,10.34,30.73,19.41
C0173,2015,12.29,51.05,28.56
C0173,2016,6.74,36.72,44.70
C0173,2017,6.93,46.58,57.96
C0173,2018,17.29,49.72,20.53
C0173,2019,16.04,31.80,24.99
C0173,2020,10.85,51.50,10.11
C0173,2021,14.05,24.20,21.27
C0173,2022,12.76,59.47,30.92
C0173,2023,18.90,33.48,33.09
C0173,2024,22.24,28.95,23.32
C0174,2015,20.30,25.55,17.52
C0174,2016,5.09,52.49,38.15
C0174,2017,6.99,43.44,30.46
C0174,2018,13.59,58.07,31.31
C0174,2019,22.04,45.91,54.75
C0174,2020,9.74,33.62,38.07
C0174,2021,22.58,53.46,29.42
C0174,2022,7.20,31.25,22.69
C0174,2023,6.45,31.63,31.43
C0174,2024,23.27,21.13,53.09
C0175,2015,8.24,30.08,58.26
C0175,2016,14.28,30.46,28.86
C0175,2017,11.52,31.90,20.45
C0175,2018,7.95,34.75,55.73
C0175,2019,17.64,43.07,17.22
C0175,2020,24.27,28.66,24.87
C0175,2021,18.16,45.47,20.21
C0175,2022,12.07,25.33,38.29
C0175,2023,19.24,57.24,30.43
C0175,2024,7.86,21.04,24.36
C0176,2015,16.60,56.33,48.40
C0176,2016,14.39,41.89,43.21
C0176,2017,12.20,48.40,59.78
C0176,2018,19.79,31.93,25.60
C0176,2019,7.37,26.95,52.26
C0176,2020,15.66,57.89,25.13
C0176,2021,22.09,37.64,10.45
C0176,2022,9.03,39.22,17.54
C0176,2023,10.29,59.43,35.42
C0176,2024,18.21,33.44,50.50
C0177,2015,20.45,24.01,12.87
C0177,2016,10.67,43.48,51.60
C0177,2017,12.20,42.19,45.80
C0177,2018,19.80,50.92,11.73
C0177,2019,10.71,58.20,15.31
C0177,2020,18.32,32.31,13.78
C0177,2021,8.18,48.87,43.95
C0177,2022,13.23,37.38,38.05
C0177,2023,18.77,51.35,27.94
C0177,2024,14.20,26.57,14.42
C0178,2015,5.38,40.03,29.65
C0178,2016,13.13,23.09,44.11
C0178,2017,10.77,42.45,14.67
C0178,2018,7.03,26.76,52.83
C0178,2019,5.18,58.40,13.15
C0178,2020,5.91,42.17,40.41
C0178,2021,23.98,41.17,19.46
C0178,2022,20.00,58.89,14.58
C0178,2023,23.79,39.94,27.75
C0178,2024,7.30,47.07,43.35
C0179,2015,16.41,21.87,16.05
C0179,2016,6.67,48.33,33.78
C0179,2017,5.54,24.17,30.31
C0179,2018,14.33,51.21,31.37
C0179,2019,17.93,55.07,57.17
C0179,2020,6.27,32.62,27.45
C0179,2021,12.30,55.13,59.58
C0179,2022,6.80,39.31,36.92
C0179,2023,12.24,42.86,52.12
C0179,2024,14.44,36.44,27.44
C0180,2015,11.75,39.06,14.24
C0180,2016,16.52,56.33,14.22
C0180,2017,16.69,57.89,38.71
C0180,2018,11.66,37.83,56.50
C0180,2019,12.79,40.57,13.56
C0180,2020,13.82,24.65,44.46
C0180,2021,12.51,33.02,38.16
C0180,2022,20.21,40.53,42.61
C0180,2023,7.80,28.10,20.78
C0180,2024,22.14,43.06,13.53
C0181,2015,11.63,47.41,13.74
C0181,2016,19.48,46.00,22.34
C0181,2017,22.68,37.70,20.68
C0181,2018,22.75,50.77,16.32
C0181,2019,14.05,32.78,23.23
C0181,2020,10.13,38.77,36.70
C0181,2021,17.12,30.81,57.48
C0181,2022,8.68,44.15,56.11
C0181,2023,20.81,37.63,23.59
C0181,2024,19.23,28.68,13.31
C0182,2015,20.91,32.33,59.78
C0182,2016,13.67,31.18,33.82
C0182,2017,16.15,56.44,58.92
C0182,2018,7.05,40.88,36.88
C0182,2019,18.75,46.11,54.32
C0182,2020,14.74,57.39,32.36
C0182,2021,15.18,27.29,41.10
C0182,2022,21.94,57.48,36.79
C0182,2023,20.45,41.59,20.99
C0182,2024,15.70,54.25,48.19
C0183,2015,12.10,26.72,12.74
C0183,2016,13.93,30.92,28.12
C0183,2017,12.02,27.77,53.50
C0183,2018,8.03,46.14,35.13
C0183,2019,17.92,25.63,13.88
C0183,2020,18.83,51.70,20.38
C0183,2021,24.42,30.02,15.48
C0183,2022,14.11,30.22,23.88
C0183,2023,24.95,31.24,18.27
C0183,2024,8.74,49.86,45.60
C0184,2015,18.13,56.97,42.97
C0184,2016,24.90,56.30,16.75
C0184,2017,17.81,24.05,32.25
C0184,2018,14.05,30.50,24.79
C0184,2019,15.31,46.89,26.86
C0184,2020,21.91,44.74,38.80
C0184,2021,23.78,34.00,54.93
C0184,2022,14.08,54.51,54.87
C0184,2023,20.45,25.22,30.65
C0184,2024,23.67,45.56,29.66
C0185,2015,10.64,30.92,35.90
C0185,2016,14.86,41.09,33.71
C0185,2017,24.91,35.50,13.09
C0185,2018,12.07,59.19,38.94
C0185,2019,17.39,39.47,39.24
C0185,2020,18.14,59.04,32.52
C0185,2021,8.08,30.20,30.70
C0185,2022,21.13,50.72,56.95
C0185,2023,13.26,48.68,40.04
C0185,2024,15.01,53.91,50.81
C0186,2015,17.86,47.74,57.69
C0186,2016,13.21,47.29,50.51
C0186,2017,11.50,46.43,57.15
C0186,2018,15.93,59.40,47.96
C0186,2019,11.94,29.12,18.51
C0186,2020,13.68,21.20,21.35
C0186,2021,7.17,47.12,19.69
C0186,2022,21.89,26.89,26.11
C0186,2023,13.23,47.18,27.75
C0186,2024,6.66,32.79,50.56
C0187,2015,20.80,21.73,28.04
C0187,2016,5.39,50.79,46.36
C0187,2017,16.99,22.07,55.19
C0187,2018,19.05,28.97,15.73
C0187,2019,8.82,33.46,10.01
C0187,2020,7.63,25.31,54.43
C0187,2021,7.28,56.54,21.91
C0187,2022,24.87,44.87,17.67
C0187,2023,20.10,55.02,24.76
C0187,2024,11.25,47.28,19.30
C0188,2015,11.71,59.68,49.68
C0188,2016,17.97,41.01,41.73
C0188,2017,14.15,22.15,18.37
C0188,2018,10.43,26.43,39.18
C0188,2019,6.14,43.54,20.40
C0188,2020,20.68,33.91,19.88
C0188,2021,22.76,24.52,39.77
C0188,2022,9.12,29.53,43.23
C0188,2023,6.27,38.98,27.31
C0188,2024,7.37,40.73,48.17
C0189,2015,13.29,57.38,51.86
C0189,2016,10.99,23.63,55.82
C0189,2017,6.47,34.31,41.30
C0189,2018,14.10,40.24,21.00
C0189,2019,9.08,24.53,47.42
C0189,2020,6.34,47.51,15.39
C0189,2021,18.16,40.60,19.06
C0189,2022,16.45,38.38,51.64
C0189,2023,21.53,46.24,55.54
C0189,2024,11.05,31.51,13.34
C0190,2015,7.72,33.57,25.61
C0190,2016,12.20,26.51,41.46
C0190,2017,20.57,40.95,56.93
C0190,2018,9.83,34.90,38.54
C0190,2019,10.10,30.41,51.05
C0190,2020,7.95,24.99,56.14
C0190,2021,24.73,20.93,35.95
C0190,2022,24.35,27.73,47.02
C0190,2023,18.16,29.90,43.12
C0190,2024,9.30,39.42,43.57
C0191,2015,20.33,29.64,35.85
C0191,2016,16.68,52.71,41.16
C0191,2017,19.99,38.97,37.72
C0191,2018,22.21,44.95,41.89
C0191,2019,11.37,28.32,35.26
C0191,2020,23.27,36.65,21.12
C0191,2021,22.97,44.11,44.68
C0191,2022,15.94,32.44,29.20
C0191,2023,18.69,33.45,16.39
C0191,2024,13.22,52.30,52.57
C0192,2015,18.10,53.49,19.07
C0192,2016,15.98,41.32,37.04
C0192,2017,11.46,55.86,46.06
C0192,2018,11.46,49.47,42.39
C0192,2019,18.03,22.21,18.04
C0192,2020,24.13,42.38,19.71
C0192,2021,9.03,47.91,17.44
C0192,2022,12.85,41.64,13.63
C0192,2023,21.11,53.28,24.16
C0192,2024,7.46,32.03,36.21
C0193,2015,24.88,22.62,18.65
C0193,2016,18.56,45.34,58.54
C0193,2017,23.22,49.23,44.94
C0193,2018,21.76,50.61,39.17
C0193,2019,20.54,20.44,44.07
C0193,2020,5.66,46.94,31.80
C0193,2021,13.13,20.83,33.50
C0193,2022,9.04,50.99,54.43
C0193,2023,22.43,48.12,46.10
C0193,2024,18.61,42.70,39.41
C0194,2015,7.14,40.25,57.51
C0194,2016,12.19,48.60,43.13
C0194,2017,6.39,22.29,29.93
C0194,2018,19.80,53.29,12.37
C0194,2019,13.37,28.05,29.53
C0194,2020,9.69,39.11,56.24
C0194,2021,15.35,39.47,12.23
C0194,2022,5.84,51.08,19.23
C0194,2023,10.15,27.72,50.44
C0194,2024,8.51,31.99,28.25
C0195,2015,23.61,46.52,19.29
C0195,2016,12.54,36.51,50.78
C0195,2017,16.69,31.95,37.92
C0195,2018,15.06,44.86,37.42
C0195,2019,18.18,23.46,24.69
C0195,2020,10.58,51.59,43.76
C0195,2021,7.42,40.99,53.09
C0195,2022,6.63,28.24,47.51
C0195,2023,8.87,36.34,40.62
C0195,2024,14.66,25.24,27.53
C0196,2015,9.72,44.66,52.74
C0196,2016,13.68,46.77,38.31
C0196,2017,5.59,36.21,54.48
C0196,2018,17.55,33.59,22.71
C0196,2019,22.56,53.99,42.71
C0196,2020,5.95,43.04,56.76
C0196,2021,9.36,46.68,28.70
C0196,2022,11.36,25.10,57.56
C0196,2023,10.74,48.53,29.62
C0196,2024,5.81,37.78,31.88
C0197,2015,7.13,34.67,50.32
C0197,2016,23.25,57.18,23.04
C0197,2017,19.23,22.16,45.29
C0197,2018,24.17,27.82,24.92
C0197,2019,13.81,35.00,39.69
C0197,2020,22.58,32.96,48.80
C0197,2021,21.33,40.43,11.31
C0197,2022,22.50,36.04,14.42
C0197,2023,5.78,51.53,56.72
C0197,2024,18.05,50.72,50.79
C0198,2015,16.33,50.89,53.85
C0198,2016,15.90,34.77,31.95
C0198,2017,15.09,36.29,45.82
C0198,2018,20.92,48.82,59.91
C0198,2019,24.36,24.97,31.63
C0198,2020,21.58,54.08,52.34
C0198,2021,22.41,41.65,13.96
C0198,2022,14.68,53.94,37.19
C0198,2023,18.81,51.74,26.66
C0198,2024,13.31,34.98,36.15
C0199,2015,12.21,24.06,15.70
C0199,2016,22.91,56.83,28.38
C0199,2017,23.10,33.78,13.83
C0199,2018,18.64,34.95,32.65
C0199,2019,21.76,56.36,32.09
C0199,2020,12.21,56.69,26.49
C0199,2021,13.68,30.52,57.42
C0199,2022,21.42,23.56,14.15
C0199,2023,12.96,20.04,51.24
C0199,2024,5.80,37.53,27.75
C0200,2015,12.07,42.74,19.97
C0200,2016,12.96,30.81,23.63
C0200,2017,8.09,30.39,55.09
C0200,2018,11.88,34.27,51.24
C0200,2019,23.69,30.52,10.79
C0200,2020,22.17,54.34,17.37
C0200,2021,13.92,45.71,43.75
C0200,2022,19.20,53.16,25.87
C0200,2023,8.04,54.42,55.96
C0200,2024,20.05,37.40,49.33
C0201,2015,14.52,39.10,53.75
C0201,2016,19.45,59.11,19.64
C0201,2017,17.88,52.67,17.54
C0201,2018,9.66,51.92,56.60
C0201,2019,21.69,43.35,30.21
C0201,2020,16.44,38.45,30.79
C0201,2021,20.68,55.78,44.23
C0201,2022,6.88,52.18,29.87
C0201,2023,17.31,40.67,53.76
C0201,2024,10.84,30.82,57.95
C0202,2015,22.22,25.89,26.63
C0202,2016,23.99,42.11,20.40
C0202,2017,6.12,31.84,13.77
C0202,2018,19.49,30.57,20.72
C0202,2019,7.06,24.23,16.97
C0202,2020,22.15,21.38,11.46
C0202,2021,7.49,51.33,12.33
C0202,2022,8.90,24.32,35.47
C0202,2023,10.03,55.54,45.39
C0202,2024,19.56,28.55,59.16
C0203,2015,10.85,50.39,17.78
C0203,2016,16.92,52.92,44.91
C0203,2017,16.44,51.70,37.70
C0203,2018,13.05,54.91,33.91
C0203,2019,15.79,33.59,46.09
C0203,2020,7.36,59.44,21.93
C0203,2021,22.52,31.18,25.56
C0203,2022,9.14,57.37,29.23
C0203,2023,22.60,37.50,19.12
C0203,2024,15.37,22.28,33.93
C0204,2015,17.28,51.40,16.59
C0204,2016,10.15,51.50,25.91
C0204,2017,9.45,27.89,15.66
C0204,2018,14.81,52.94,11.79
C0204,2019,10.35,26.30,27.76
C0204,2020,13.46,26.06,40.88
C0204,2021,13.80,52.36,17.59
C0204,2022,10.42,31.61,59.67
C0204,2023,10.83,23.08,23.72
C0204,2024,24.46,58.25,11.13
C0205,2015,16.75,42.28,11.40
C0205,2016,21.64,37.92,43.33
C0205,2017,5.91,40.16,43.49
C0205,2018,5.04,46.82,55.14
C0205,2019,15.38,54.47,14.54
C0205,2020,21.54,46.90,28.82
C0205,2021,17.22,49.58,54.46
C0205,2022,17.38,27.21,49.88
C0205,2023,7.79,35.36,21.67
C0205,2024,24.57,43.39,54.50
C0206,2015,15.59,44.78,44.04
C0206,2016,7.05,30.83,23.22
C0206,2017,13.28,59.00,12.24
C0206,2018,6.44,24.73,34.87
C0206,2019,13.36,24.49,45.65
C0206,2020,19.23,29.17,23.43
C0206,2021,11.47,50.16,18.44
C0206,2022,11.26,21.46,13.76
C0206,2023,15.29,59.51,52.10
C0206,2024,14.97,59.51,12.74
C0207,2015,14.34,26.39,40.47
C0207,2016,15.34,36.05,48.16
C0207,2017,5.96,28.16,49.02
C0207,2018,14.49,36.32,42.68
C0207,2019,24.84,41.31,42.64
C0207,2020,20.29,52.91,33.70
C0207,2021,10.75,21.43,30.84
C0207,2022,18.55,59.48,16.87
C0207,2023,11.60,57.62,36.77
C0207,2024,8.83,42.82,13.55
C0208,2015,20.47,39.24,33.41
C0208,2016,9.19,42.03,46.55
C0208,2017,22.17,20.74,32.14
C0208,2018,12.61,49.51,35.41
C0208,2019,20.14,39.86,52.11
C0208,2020,10.19,31.44,42.33
C0208,2021,18.05,38.46,16.38
C0208,2022,9.25,31.70,37.15
C0208,2023,5.44,48.00,28.23
C0208,2024,21.29,44.58,20.34
C0209,2015,22.12,35.52,42.40
C0209,2016,22.61,32.57,29.33
C0209,2017,5.73,55.12,48.37
C0209,2018,20.22,47.29,39.33
C0209,2019,21.72,48.63,15.21
C0209,2020,11.23,44.74,27.52
C0209,2021,14.41,23.01,23.49
C0209,2022,13.16,22.37,17.50
C0209,2023,13.80,37.17,50.01
C0209,2024,21.93,57.22,28.93
C0210,2015,13.36,40.99,40.66
C0210,2016,11.05,55.04,54.10
C0210,2017,7.61,23.86,37.15
C0210,2018,18.50,48.97,22.90
C0210,2019,6.68,29.81,49.53
C0210,2020,6.22,40.98,31.79
C0210,2021,18.63,31.72,38.19
C0210,2022,18.89,48.49,55.10
C0210,2023,8.98,36.04,34.46
C0210,2024,24.14,38.49,26.73
C0211,2015,20.76,29.81,46.37
C0211,2016,18.73,31.26,16.68
C0211,2017,20.09,27.18,55.69
C0211,2018,13.24,42.15,55.78
C0211,2019,14.11,25.80,38.97
C0211,2020,22.40,30.73,17.71
C0211,2021,5.51,41.22,32.60
C0211,2022,21.05,30.99,31.17
C0211,2023,13.95,43.54,24.92
C0211,2024,14.28,20.57,18.76
C0212,2015,11.51,58.93,23.18
C0212,2016,17.14,49.20,37.78
C0212,2017,18.51,40.15,44.29
C0212,2018,8.22,56.83,58.98
C0212,2019,16.31,54.79,20.79
C0212,2020,14.30,34.66,20.20
C0212,2021,20.64,24.65,15.85
C0212,2022,15.91,30.09,56.95
C0212,2023,13.59,28.35,29.09
C0212,2024,15.58,50.00,56.20
C0213,2015,14.81,41.92,54.47
C0213,2016,23.70,54.00,12.20
C0213,2017,11.24,39.59,23.99
C0213,2018,5.75,50.79,25.13
C0213,2019,18.24,32.94,23.87
C0213,2020,17.08,44.09,31.27
C0213,2021,23.20,45.58,34.97
C0213,2022,7.35,50.37,47.91
C0213,2023,15.45,51.98,23.39
C0213,2024,8.02,31.06,24.94
C0214,2015,14.11,35.40,39.93
C0214,2016,20.99,28.29,18.96
C0214,2017,22.15,49.91,33.66
C0214,2018,21.68,30.83,22.55
C0214,2019,15.95,35.64,19.90
C0214,2020,17.68,52.12,49.78
C0214,2021,16.03,33.59,45.36
C0214,2022,16.22,31.66,22.49
C0214,2023,22.70,46.05,30.76
C0214,2024,9.19,59.01,17.71
C0215,2015,13.78,22.50,12.66
C0215,2016,17.20,53.39,39.26
C0215,2017,20.31,24.86,28.18
C0215,2018,20.24,33.80,20.36
C0215,2019,7.34,36.67,15.73
C0215,2020,9.44,48.75,44.00
C0215,2021,23.23,57.06,23.57
C0215,2022,12.15,24.08,55.37
C0215,2023,5.05,49.79,19.64
C0215,2024,9.00,32.89,22.19
C0216,2015,24.39,56.08,52.59
C0216,2016,11.19,31.13,38.62
C0216,2017,17.27,47.75,15.42
C0216,2018,19.53,26.59,37.47
C0216,2019,17.93,58.32,25.41
C0216,2020,12.55,20.17,46.85
C0216,2021,13.61,29.31,13.89
C0216,2022,21.76,47.04,55.89
C0216,2023,18.26,54.14,33.91
C0216,2024,5.47,59.74,46.71
C0217,2015,9.07,26.93,45.23
C0217,2016,10.73,32.29,18.91
C0217,2017,12.31,55.67,54.00
C0217,2018,16.54,21.30,21.64
C0217,2019,12.33,49.33,19.53
C0217,2020,21.50,36.92,36.03
C0217,2021,14.48,47.55,59.23
C0217,2022,15.04,41.00,25.67
C0217,2023,13.55,45.08,58.22
C0217,2024,11.21,46.67,31.75
C0218,2015,19.50,45.25,51.73
C0218,2016,9.59,46.58,36.50
C0218,2017,18.79,42.73,20.26
C0218,2018,15.59,48.56,54.00
C0218,2019,7.05,51.04,13.60
C0218,2020,5.36,51.52,44.14
C0218,2021,8.39,54.14,51.54
C0218,2022,20.22,32.66,51.60
C0218,2023,12.69,49.83,42.76
C0218,2024,21.10,57.87,22.55
C0219,2015,15.04,34.70,36.58
C0219,2016,5.65,51.11,41.48
C0219,2017,21.92,31.66,54.48
C0219,2018,23.73,27.02,17.98
C0219,2019,6.48,37.86,33.25
C0219,2020,9.17,52.26,26.66
C0219,2021,19.31,32.28,31.39
C0219,2022,24.94,31.80,19.15
C0219,2023,22.53,31.11,20.87
C0219,2024,6.98,28.72,48.49
C0220,2015,17.14,44.44,33.92
C0220,2016,18.30,29.73,35.71
C0220,2017,17.62,57.40,54.87
C0220,2018,16.36,33.84,22.00
C0220,2019,10.84,41.70,26.46
C0220,2020,18.37,36.37,25.43
C0220,2021,19.57,58.51,42.96
C0220,2022,16.52,36.96,38.12
C0220,2023,14.94,42.55,33.58
C0220,2024,9.38,50.54,43.40
C0221,2015,15.89,26.85,34.20
C0221,2016,7.57,21.31,50.80
C0221,2017,6.45,38.20,30.51
C0221,2018,20.56,42.03,54.53
C0221,2019,18.53,31.48,15.98
C0221,2020,17.98,38.50,14.70
C0221,2021,23.56,44.61,42.79
C0221,2022,12.62,58.93,29.49
C0221,2023,12.99,44.07,32.79
C0221,2024,13.27,37.95,44.80
C0222,2015,14.31,20.90,20.73
C0222,2016,15.26,32.42,12.20
C0222,2017,20.56,34.34,31.94
C0222,2018,9.35,39.08,54.74
C0222,2019,13.68,51.29,32.54
C0222,2020,15.10,51.04,38.60
C0222,2021,8.38,53.81,20.42
C0222,2022,19.04,31.60,33.20
C0222,2023,6.13,33.86,34.03
C0222,2024,16.72,26.01,21.76
C0223,2015,9.04,54.30,18.19
C0223,2016,5.17,46.09,27.51
C0223,2017,11.32,23.10,11.94
C0223,2018,13.58,32.15,18.32
C0223,2019,21.35,26.11,46.57
C0223,2020,13.16,58.77,42.46
C0223,2021,23.31,32.98,25.64
C0223,2022,21.85,39.86,37.56
C0223,2023,8.85,32.72,51.47
C0223,2024,8.11,38.97,51.96
C0224,2015,9.88,59.94,42.72
C0224,2016,12.19,31.50,16.20
C0224,2017,16.67,31.30,18.15
C0224,2018,7.48,34.86,24.58
C0224,2019,15.64,26.77,43.54
C0224,2020,16.62,49.56,22.90
C0224,2021,18.22,35.17,33.22
C0224,2022,16.00,43.23,51.28
C0224,2023,21.50,46.45,54.59
C0224,2024,17.83,21.42,51.93
C0225,2015,23.49,45.76,15.82
C0225,2016,19.02,41.31,55.54
C0225,2017,13.72,23.31,44.21
C0225,2018,9.19,24.98,40.94
C0225,2019,5.21,37.63,22.38
C0225,2020,6.81,33.85,56.41
C0225,2021,8.79,37.50,10.87
C0225,2022,9.33,45.42,14.11
C0225,2023,19.84,26.18,17.68
C0225,2024,12.72,46.50,44.71
C0226,2015,11.49,52.73,41.14
C0226,2016,6.05,20.12,57.23
C0226,2017,15.77,34.74,27.45
C0226,2018,17.26,31.01,27.38
C0226,2019,22.56,37.28,43.48
C0226,2020,15.06,44.61,18.71
C0226,2021,5.15,27.50,33.20
C0226,2022,6.31,25.36,10.77
C0226,2023,10.42,49.15,39.60
C0226,2024,7.78,47.43,49.20
C0227,2015,20.41,38.43,20.19
C0227,2016,7.16,40.05,25.36
C0227,2017,8.22,30.79,16.59
C0227,2018,18.34,33.17,40.78
C0227,2019,9.79,32.80,38.20
C0227,2020,24.38,49.05,51.32
C0227,2021,22.26,42.23,58.52
C0227,2022,19.89,49.18,59.18
C0227,2023,11.86,43.63,15.36
C0227,2024,6.14,41.83,37.66
C0228,2015,11.73,32.82,49.48
C0228,2016,12.53,35.82,42.95
C0228,2017,7.55,55.50,54.85
C0228,2018,7.41,43.04,32.09
C0228,2019,18.36,40.98,31.35
C0228,2020,9.65,22.13,11.31
C0228,2021,18.56,46.84,10.78
C0228,2022,15.97,47.44,44.63
C0228,2023,23.03,47.63,33.57
C0228,2024,20.94,23.65,43.01
C0229,2015,8.03,32.02,21.91
C0229,2016,17.20,34.85,53.15
C0229,2017,18.06,53.06,55.14
C0229,2018,22.24,59.23,43.11
C0229,2019,17.82,36.59,23.89
C0229,2020,7.81,42.17,20.81
C0229,2021,10.17,20.29,41.27
C0229,2022,17.75,20.35,57.04
C0229,2023,23.24,22.98,38.91
C0229,2024,22.83,48.78,51.97
C0230,2015,12.18,27.13,38.27
C0230,2016,21.61,50.31,43.73
C0230,2017,15.23,37.28,38.39
C0230,2018,14.29,54.00,38.77
C0230,2019,12.02,54.81,46.96
C0230,2020,18.56,55.19,29.81
C0230,2021,16.99,41.74,55.20
C0230,2022,12.49,51.54,53.17
C0230,2023,20.26,46.48,46.27
C0230,2024,12.59,27.47,47.17
C0231,2015,16.69,35.26,30.66
C0231,2016,12.85,58.49,51.63
C0231,2017,7.34,50.90,56.63
C0231,2018,8.22,30.52,49.76
C0231,2019,18.13,31.24,16.65
C0231,2020,21.22,30.17,49.33
C0231,2021,14.37,33.15,33.23
C0231,2022,11.51,57.13,40.43
C0231,2023,11.73,37.34,59.56
C0231,2024,16.95,34.57,27.97
C0232,2015,14.35,29.57,27.43
C0232,2016,5.01,55.70,23.16
C0232,2017,20.43,58.30,16.36
C0232,2018,7.85,32.94,18.41
C0232,2019,18.50,44.67,35.71
C0232,2020,11.88,58.34,55.49
C0232,2021,16.56,39.98,50.49
C0232,2022,22.10,38.75,19.12
C0232,2023,8.09,41.11,38.08
C0232,2024,20.55,21.33,52.35
C0233,2015,5.77,32.00,36.97
C0233,2016,23.43,47.96,55.57
C0233,2017,9.03,58.67,55.39
C0233,2018,20.89,42.75,27.41
C0233,2019,6.34,27.62,53.70
C0233,2020,11.54,37.07,39.26
C0233,2021,17.67,39.60,33.99
C0233,2022,18.18,26.09,48.71
C0233,2023,18.98,33.17,49.48
C0233,2024,12.02,37.80,43.77
C0234,2015,18.32,30.48,50.54
C0234,2016,13.57,34.16,57.57
C0234,2017,16.32,31.05,53.65
C0234,2018,15.94,44.51,13.71
C0234,2019,8.36,43.14,52.50
C0234,2020,21.93,42.07,49.08
C0234,2021,22.34,23.87,56.34
C0234,2022,9.07,27.34,46.98
C0234,2023,13.33,24.43,53.89
C0234,2024,14.30,22.53,10.51
C0235,2015,15.98,29.87,58.89
C0235,2016,5.45,27.78,19.55
C0235,2017,20.18,49.00,53.21
C0235,2018,22.24,47.84,56.48
C0235,2019,7.84,28.05,10.11
C0235,2020,22.93,26.62,55.68
C0235,2021,22.02,25.80,51.46
C0235,2022,15.85,32.80,56.12
C0235,2023,10.49,31.77,18.84
C0235,2024,9.15,21.14,48.87
C0236,2015,14.78,42.71,34.37
C0236,2016,15.14,55.92,22.88
C0236,2017,18.04,41.55,47.81
C0236,2018,21.03,22.55,33.66
C0236,2019,23.69,43.98,54.99
C0236,2020,20.93,39.40,45.54
C0236,2021,23.18,56.28,16.96
C0236,2022,14.99,34.53,22.54
C0236,2023,5.78,50.08,23.23
C0236,2024,6.04,21.54,27.20
C0237,2015,10.37,48.86,43.32
C0237,2016,17.28,21.66,54.72
C0237,2017,11.70,33.79,39.69
C0237,2018,8.32,57.92,47.59
C0237,2019,22.01,48.13,25.84
C0237,2020,24.70,57.00,36.12
C0237,2021,5.33,39.83,35.21
C0237,2022,6.79,44.25,45.05
C0237,2023,14.99,40.71,35.90
C0237,2024,11.75,39.15,26.71
C0238,2015,20.64,43.13,22.20
C0238,2016,18.09,21.56,22.74
C0238,2017,6.37,27.43,59.04
C0238,2018,15.90,28.58,27.87
C0238,2019,11.73,35.31,50.33
C0238,2020,24.30,37.38,13.57
C0238,2021,14.51,49.59,14.48
C0238,2022,23.55,26.62,44.31
C0238,2023,5.60,42.80,32.86
C0238,2024,7.07,30.89,54.02
C0239,2015,12.73,40.63,53.11
C0239,2016,22.74,45.06,47.78
C0239,2017,15.89,43.30,50.77
C0239,2018,21.48,28.62,53.53
C0239,2019,10.67,48.38,49.18
C0239,2020,7.23,46.15,36.34
C0239,2021,9.92,57.28,23.24
C0239,2022,17.91,45.37,49.37
C0239,2023,22.43,48.81,25.89
C0239,2024,14.10,52.44,22.24
C0240,2015,8.87,24.24,18.58
C0240,2016,17.75,47.85,41.36
C0240,2017,8.94,32.74,22.12
C0240,2018,16.41,52.93,28.74
C0240,2019,7.05,39.21,45.45
C0240,2020,21.22,43.22,49.69
C0240,2021,21.10,30.41,25.74
C0240,2022,15.83,46.02,52.14
C0240,2023,5.76,21.43,12.90
C0240,2024,10.60,49.94,59.29
C0241,2015,7.77,26.53,30.84
C0241,2016,15.47,29.10,26.24
C0241,2017,7.03,20.04,56.18
C0241,2018,22.39,32.53,16.62
C0241,2019,22.00,35.53,27.89
C0241,2020,8.12,29.36,27.95
C0241,2021,18.90,29.21,31.22
C0241,2022,18.93,55.72,52.42
C0241,2023,12.94,33.06,52.47
C0241,2024,8.06,48.89,39.58
C0242,2015,7.64,29.50,59.59
C0242,2016,19.79,52.36,52.21
C0242,2017,9.40,47.11,44.05
C0242,2018,17.07,50.25,19.97
C0242,2019,22.32,37.58,37.49
C0242,2020,16.86,55.18,20.70
C0242,2021,24.48,34.96,25.08
C0242,2022,17.91,44.04,44.29
C0242,2023,11.29,45.60,19.22
C0242,2024,22.05,58.09,14.54
C0243,2015,11.22,25.38,36.58
C0243,2016,24.43,25.42,10.05
C0243,2017,14.55,38.48,40.45
C0243,2018,24.06,56.72,55.07
C0243,2019,8.67,20.87,19.51
C0243,2020,5.23,31.05,29.14
C0243,2021,8.92,31.34,55.82
C0243,2022,6.97,32.20,45.19
C0243,2023,19.68,20.99,16.77
C0243,2024,10.29,53.02,29.10
C0244,2015,17.79,20.36,47.80
C0244,2016,18.37,39.11,43.24
C0244,2017,18.76,22.25,17.78
C0244,2018,21.65,51.95,13.12
C0244,2019,7.98,49.86,44.08
C0244,2020,6.01,48.86,40.45
C0244,2021,5.59,49.45,12.97
C0244,2022,7.08,57.61,58.74
C0244,2023,12.58,36.67,22.62
C0244,2024,24.35,54.46,29.30
C0245,2015,12.06,27.37,18.88
C0245,2016,14.06,38.05,51.43
C0245,2017,21.29,20.36,58.13
C0245,2018,23.37,31.37,20.67
C0245,2019,24.43,38.33,24.16
C0245,2020,21.53,56.37,45.33
C0245,2021,15.05,32.68,36.39
C0245,2022,9.59,46.90,15.25
C0245,2023,16.97,53.36,56.43
C0245,2024,8.94,33.06,40.56
C0246,2015,6.11,26.77,25.06
C0246,2016,23.39,43.65,34.49
C0246,2017,14.70,31.38,35.01
C0246,2018,15.16,46.10,36.27
C0246,2019,17.18,25.39,34.87
C0246,2020,14.03,26.06,38.09
C0246,2021,13.89,47.04,29.67
C0246,2022,23.30,58.94,17.31
C0246,2023,21.33,29.88,43.23
C0246,2024,9.25,48.56,49.62
C0247,2015,10.84,41.28,52.05
C0247,2016,18.21,53.75,11.10
C0247,2017,16.42,35.56,30.23
C0247,2018,20.32,58.87,58.92
C0247,2019,19.55,23.30,13.13
C0247,2020,19.17,59.39,49.28
C0247,2021,22.60,53.85,16.31
C0247,2022,20.33,54.66,51.23
C0247,2023,9.86,53.70,43.61
C0247,2024,22.46,54.47,46.25
C0248,2015,11.71,52.61,58.87
C0248,2016,23.22,55.98,56.97
C0248,2017,21.49,38.43,25.22
C0248,2018,6.48,57.57,28.76
C0248,2019,20.43,35.40,30.36
C0248,2020,15.00,49.14,19.03
C0248,2021,24.54,48.41,29.06
C0248,2022,14.17,52.84,58.95
C0248,2023,6.34,49.54,34.48
C0248,2024,10.86,21.42,57.63
C0249,2015,13.60,49.57,13.57
C0249,2016,16.84,20.93,11.96
C0249,2017,8.04,41.33,38.77
C0249,2018,15.30,53.56,46.81
C0249,2019,14.67,53.18,20.87
C0249,2020,21.73,53.65,35.17
C0249,2021,11.05,44.10,53.65
C0249,2022,13.99,27.35,48.09
C0249,2023,12.77,40.32,21.59
C0249,2024,17.64,40.65,26.72
C0250,2015,21.72,32.99,25.29
C0250,2016,18.51,36.96,45.98
C0250,2017,14.30,54.89,58.41
C0250,2018,17.76,40.72,24.00
C0250,2019,11.44,48.19,39.42
C0250,2020,7.88,39.83,59.43
C0250,2021,11.39,44.70,17.88
C0250,2022,13.87,23.70,42.95
C0250,2023,13.79,57.26,26.60
C0250,2024,19.75,37.44,59.58
C0251,2015,23.73,49.93,15.44
C0251,2016,12.78,46.68,32.56
C0251,2017,6.73,51.97,22.75
C0251,2018,5.67,21.39,11.58
C0251,2019,5.08,57.41,58.18
C0251,2020,23.76,53.19,38.41
C0251,2021,24.91,53.35,45.04
C0251,2022,6.03,38.68,41.01
C0251,2023,12.16,51.85,17.42
C0251,2024,18.39,43.01,18.53
C0252,2015,8.58,40.14,41.32
C0252,2016,16.89,51.40,48.99
C0252,2017,21.27,45.11,40.55
C0252,2018,22.16,23.09,38.52
C0252,2019,19.13,32.58,47.30
C0252,2020,6.64,44.88,22.18
C0252,2021,11.97,56.15,46.58
C0252,2022,24.35,57.32,30.56
C0252,2023,8.86,53.56,43.70
C0252,2024,14.08,30.17,23.74
C0253,2015,11.68,38.94,16.87
C0253,2016,9.11,37.34,11.46
C0253,2017,11.47,37.55,50.17
C0253,2018,8.79,21.99,19.85
C0253,2019,22.55,26.95,28.17
C0253,2020,8.49,26.13,48.44
C0253,2021,17.47,44.69,32.51
C0253,2022,23.85,36.47,20.88
C0253,2023,24.05,32.98,19.74
C0253,2024,17.01,37.76,30.40
C0254,2015,10.42,32.97,38.26
C0254,2016,9.96,50.30,29.62
C0254,2017,19.95,26.68,55.23
C0254,2018,24.61,22.25,10.19
C0254,2019,6.55,46.03,30.10
C0254,2020,20.79,29.22,47.14
C0254,2021,7.46,45.73,54.54
C0254,2022,10.96,22.34,27.92
C0254,2023,16.33,29.88,43.68
C0254,2024,10.94,26.16,39.02
C0255,2015,18.01,31.63,20.08
C0255,2016,13.34,33.15,44.05
C0255,2017,9.38,39.81,22.48
C0255,2018,15.62,40.81,49.20
C0255,2019,5.48,45.20,53.30
C0255,2020,19.82,33.27,33.92
C0255,2021,15.45,41.28,12.71
C0255,2022,23.93,59.60,46.87
C0255,2023,7.06,28.43,33.36
C0255,2024,19.65,26.11,14.73
C0256,2015,11.02,53.70,26.56
C0256,2016,12.46,36.41,24.53
C0256,2017,11.97,53.88,46.32
C0256,2018,12.16,36.99,31.20
C0256,2019,13.62,20.87,39.35
C0256,2020,5.42,34.99,35.05
C0256,2021,21.94,44.41,46.21
C0256,2022,22.64,37.90,45.90
C0256,2023,5.79,38.37,32.44
C0256,2024,20.52,59.93,16.75
C0257,2015,6.45,41.77,30.39
C0257,2016,21.16,47.88,18.01
C0257,2017,17.26,48.84,57.96
C0257,2018,11.13,20.01,57.51
C0257,2019,17.28,42.10,32.83
C0257,2020,15.13,58.52,11.38
C0257,2021,17.72,50.03,28.73
C0257,2022,14.51,33.62,54.75
C0257,2023,20.46,34.58,24.40
C0257,2024,5.91,32.14,41.10
C0258,2015,11.89,45.21,19.20
C0258,2016,16.19,23.89,51.26
C0258,2017,16.76,31.60,54.59
C0258,2018,8.39,39.93,40.76
C0258,2019,6.49,41.41,41.19
C0258,2020,5.42,44.30,28.93
C0258,2021,13.26,51.89,45.35
C0258,2022,11.61,26.53,33.92
C0258,2023,16.36,29.00,47.27
C0258,2024,13.99,54.89,58.43
C0259,2015,12.88,53.25,51.12
C0259,2016,21.87,52.86,35.87
C0259,2017,17.43,28.34,58.94
C0259,2018,17.92,22.33,40.35
C0259,2019,12.64,40.94,13.24
C0259,2020,20.54,54.80,46.52
C0259,2021,8.04,29.50,51.00
C0259,2022,13.04,56.17,16.74
C0259,2023,5.94,25.66,43.96
C0259,2024,7.31,31.92,56.05
C0260,2015,6.63,31.93,22.57
C0260,2016,13.83,26.04,39.25
C0260,2017,18.95,54.91,23.73
C0260,2018,11.25,36.50,48.72
C0260,2019,5.53,27.63,39.03
C0260,2020,19.14,25.89,31.40
C0260,2021,9.15,36.84,11.45
C0260,2022,19.45,20.69,57.24
C0260,2023,5.15,24.84,34.89
C0260,2024,11.25,20.15,50.21
C0261,2015,17.42,20.98,29.59
C0261,2016,22.42,59.89,52.46
C0261,2017,20.08,37.96,18.00
C0261,2018,13.99,49.16,21.57
C0261,2019,19.37,49.48,26.67
C0261,2020,15.75,55.22,14.43
C0261,2021,21.27,24.15,32.19
C0261,2022,20.44,41.03,34.30
C0261,2023,24.52,32.87,15.74
C0261,2024,7.10,41.94,31.35
C0262,2015,11.81,33.28,19.86
C0262,2016,8.85,27.35,53.76
C0262,2017,17.62,46.91,35.46
C0262,2018,18.28,21.54,57.60
C0262,2019,9.08,55.82,27.07
C0262,2020,13.43,25.85,27.07
C0262,2021,17.04,44.61,26.94
C0262,2022,18.18,50.17,23.41
C0262,2023,7.05,22.92,49.21
C0262,2024,23.42,56.13,24.14
C0263,2015,5.68,34.25,24.40
C0263,2016,24.46,59.87,12.34
C0263,2017,11.33,22.75,58.27
C0263,2018,11.33,48.67,54.31
C0263,2019,13.92,26.43,24.63
C0263,2020,18.90,36.11,36.04
C0263,2021,8.19,37.73,34.14
C0263,2022,10.10,36.25,14.39
C0263,2023,24.23,33.50,36.56
C0263,2024,22.54,50.69,15.67
C0264,2015,9.25,52.80,31.70
C0264,2016,16.46,33.42,14.39
C0264,2017,9.07,39.31,39.45
C0264,2018,16.00,36.87,12.45
C0264,2019,12.32,43.74,41.42
C0264,2020,12.25,26.01,45.36
C0264,2021,17.70,52.23,38.54
C0264,2022,10.04,51.88,33.47
C0264,2023,13.09,43.62,13.04
C0264,2024,23.51,49.85,10.57
C0265,2015,20.11,59.54,27.12
C0265,2016,12.67,56.90,48.56
C0265,2017,9.61,44.46,42.36
C0265,2018,18.18,40.46,16.26
C0265,2019,21.15,41.38,44.40
C0265,2020,22.22,38.66,38.75
C0265,2021,16.29,39.21,18.34
C0265,2022,15.34,49.28,47.77
C0265,2023,19.39,59.68,51.52
C0265,2024,8.52,21.81,21.63
C0266,2015,22.04,29.21,41.79
C0266,2016,6.48,28.41,28.91
C0266,2017,17.06,53.31,12.92
C0266,2018,16.79,36.79,53.07
C0266,2019,11.21,41.01,51.04
C0266,2020,5.71,38.77,25.90
C0266,2021,19.36,54.15,36.58
C0266,2022,5.48,39.99,35.62
C0266,2023,8.59,46.71,18.87
C0266,2024,15.88,20.78,17.28
C0267,2015,23.80,46.10,52.21
C0267,2016,6.32,29.64,53.37
C0267,2017,16.58,54.67,46.26
C0267,2018,11.58,50.06,13.64
C0267,2019,18.39,24.37,55.46
C0267,2020,24.06,24.14,59.04
C0267,2021,10.37,31.72,48.78
C0267,2022,24.12,25.03,27.67
C0267,2023,22.41,49.61,30.29
C0267,2024,17.14,59.47,53.48
C0268,2015,20.16,46.21,24.01
C0268,2016,22.30,29.96,17.09
C0268,2017,21.07,42.57,51.14
C0268,2018,11.53,52.23,19.67
C0268,2019,21.25,58.49,55.36
C0268,2020,11.27,20.20,39.78
C0268,2021,22.34,40.95,37.77
C0268,2022,10.11,38.13,48.79
C0268,2023,16.45,36.58,10.82
C0268,2024,18.86,40.15,45.68
C0269,2015,13.52,36.14,39.92
C0269,2016,20.66,33.76,36.19
C0269,2017,23.51,24.59,20.87
C0269,2018,8.73,39.99,51.47
C0269,2019,5.67,52.84,22.53
C0269,2020,17.53,24.19,34.49
C0269,2021,17.04,49.54,17.90
C0269,2022,11.83,30.71,58.69
C0269,2023,20.71,35.25,19.73
C0269,2024,21.52,59.52,50.16
C0270,2015,11.64,47.01,23.15
C0270,2016,18.65,48.76,22.80
C0270,2017,17.84,44.10,31.09
C0270,2018,11.85,32.89,52.29
C0270,2019,24.38,47.00,44.38
C0270,2020,11.93,38.29,53.58
C0270,2021,17.41,53.28,12.36
C0270,2022,12.60,42.84,57.78
C0270,2023,5.24,50.85,13.86
C0270,2024,6.83,53.94,46.05
C0271,2015,9.65,52.84,20.36
C0271,2016,21.24,36.08,52.04
C0271,2017,13.84,34.75,53.12
C0271,2018,16.77,54.76,37.56
C0271,2019,23.88,25.72,30.14
C0271,2020,7.94,31.18,49.67
C0271,2021,22.24,24.84,53.70
C0271,2022,12.58,21.68,46.91
C0271,2023,11.75,44.63,55.35
C0271,2024,17.51,56.03,41.33
C0272,2015,22.97,25.18,43.52
C0272,2016,11.97,51.83,38.59
C0272,2017,20.23,35.17,34.41
C0272,2018,5.38,44.73,42.74
C0272,2019,17.46,50.55,38.06
C0272,2020,17.61,48.40,46.56
C0272,2021,16.12,25.47,56.71
C0272,2022,23.76,24.62,28.65
C0272,2023,23.77,56.97,30.56
C0272,2024,11.84,23.18,10.75
C0273,2015,14.13,28.74,36.35
C0273,2016,20.85,37.53,16.57
C0273,2017,21.88,52.84,45.80
C0273,2018,13.36,44.11,48.98
C0273,2019,11.98,42.85,46.14
C0273,2020,21.41,47.68,37.33
C0273,2021,12.54,52.09,36.71
C0273,2022,13.10,29.30,42.33
C0273,2023,7.71,20.76,37.74
C0273,2024,15.86,25.09,47.51
C0274,2015,11.53,26.61,54.73
C0274,2016,16.81,21.60,36.81
C0274,2017,13.96,49.90,15.52
C0274,2018,19.96,55.40,16.55
C0274,2019,10.56,48.43,28.80
C0274,2020,8.44,27.54,34.81
C0274,2021,19.06,44.26,21.25
C0274,2022,12.68,40.82,32.64
C0274,2023,16.27,52.80,16.79
C0274,2024,23.82,57.69,22.04
C0275,2015,14.68,49.72,46.70
C0275,2016,8.05,40.50,59.28
C0275,2017,13.53,40.44,19.31
C0275,2018,14.57,52.31,26.95
C0275,2019,20.32,24.90,27.53
C0275,2020,8.90,26.13,21.17
C0275,2021,11.94,33.74,20.20
C0275,2022,6.00,49.89,16.58
C0275,2023,19.04,22.64,55.38
C0275,2024,19.88,33.77,42.47
C0276,2015,14.14,32.74,24.52
C0276,2016,15.77,39.43,22.90
C0276,2017,20.00,38.55,39.49
C0276,2018,10.37,48.58,44.86
C0276,2019,17.14,45.02,22.65
C0276,2020,24.28,56.11,27.36
C0276,2021,18.16,27.23,24.53
C0276,2022,6.56,37.28,14.39
C0276,2023,10.81,36.00,29.33
C0276,2024,15.38,24.50,36.68
C0277,2015,6.45,26.59,42.77
C0277,2016,18.53,33.47,30.84
C0277,2017,18.08,49.39,59.17
C0277,2018,22.53,26.01,41.29
C0277,2019,15.00,30.61,54.33
C0277,2020,18.84,47.06,55.80
C0277,2021,8.64,43.87,51.07
C0277,2022,5.06,24.18,23.50
C0277,2023,8.45,57.75,31.56
C0277,2024,6.24,25.92,10.02
C0278,2015,13.55,22.46,32.57
C0278,2016,14.37,32.17,24.69
C0278,2017,17.89,21.06,15.59
C0278,2018,7.82,21.23,51.93
C0278,2019,9.29,43.15,43.67
C0278,2020,20.97,55.72,59.96
C0278,2021,16.53,36.10,34.92
C0278,2022,5.59,32.09,26.54
C0278,2023,21.97,56.59,23.19
C0278,2024,17.60,22.46,31.77
C0279,2015,8.73,38.93,25.49
C0279,2016,10.04,30.10,59.54
C0279,2017,16.07,35.27,19.14
C0279,2018,16.22,36.43,10.96
C0279,2019,21.10,41.81,16.50
C0279,2020,12.17,38.13,54.58
C0279,2021,15.99,59.52,44.70
C0279,2022,16.65,21.02,49.20
C0279,2023,16.17,50.31,26.02
C0279,2024,6.46,22.04,41.14
C0280,2015,13.23,37.24,45.39
C0280,2016,11.78,28.07,26.32
C0280,2017,24.86,57.81,46.23
C0280,2018,14.31,48.90,41.48
C0280,2019,13.70,38.51,24.81
C0280,2020,14.67,58.09,12.64
C0280,2021,23.39,48.85,21.89
C0280,2022,17.23,58.08,40.98
C0280,2023,12.78,48.18,39.95
C0280,2024,23.25,23.11,35.38
C0281,2015,23.60,44.65,22.57
C0281,2016,10.29,59.21,32.23
C0281,2017,12.87,28.57,17.20
C0281,2018,24.33,51.71,43.12
C0281,2019,15.82,27.39,53.46
C0281,2020,13.63,38.09,33.18
C0281,2021,8.91,23.39,20.65
C0281,2022,12.69,33.62,51.39
C0281,2023,17.62,51.05,25.65
C0281,2024,5.77,21.81,39.70
C0282,2015,6.67,32.81,13.77
C0282,2016,5.11,45.19,45.90
C0282,2017,9.38,57.94,33.03
C0282,2018,8.66,29.81,31.17
C0282,2019,22.02,26.93,56.74
C0282,2020,8.70,28.15,34.57
C0282,2021,18.22,29.47,10.84
C0282,2022,7.37,45.53,57.99
C0282,2023,16.87,59.95,10.61
C0282,2024,13.71,40.94,36.79
C0283,2015,13.17,30.86,41.68
C0283,2016,22.13,49.88,54.72
C0283,2017,8.35,26.33,43.96
C0283,2018,16.90,21.20,50.56
C0283,2019,21.44,44.21,48.50
C0283,2020,19.28,28.41,20.68
C0283,2021,24.67,35.97,45.02
C0283,2022,5.04,29.25,41.88
C0283,2023,22.69,56.72,22.20
C0283,2024,17.27,33.52,16.42
C0284,2015,5.05,37.96,47.58
C0284,2016,14.31,29.39,58.56
C0284,2017,20.35,23.39,46.92
C0284,2018,8.65,40.50,47.47
C0284,2019,18.57,54.75,18.34
C0284,2020,7.79,34.07,22.35
C0284,2021,21.07,51.24,39.29
C0284,2022,16.37,21.30,11.57
C0284,2023,5.68,29.42,43.40
C0284,2024,6.82,25.26,17.24
C0285,2015,22.28,36.12,30.67
C0285,2016,5.66,55.77,26.01
C0285,2017,10.97,34.94,15.32
C0285,2018,16.34,44.13,38.94
C0285,2019,9.27,55.93,28.06
C0285,2020,9.48,34.39,12.20
C0285,2021,20.52,34.63,32.22
C0285,2022,10.82,23.52,39.51
C0285,2023,5.77,33.96,16.52
C0285,2024,19.42,49.85,39.25
C0286,2015,24.09,53.79,25.10
C0286,2016,21.64,48.91,22.98
C0286,2017,15.97,20.28,49.77
C0286,2018,13.50,24.68,33.39
C0286,2019,23.50,49.24,28.90
C0286,2020,20.32,57.70,50.65
C0286,2021,16.41,47.81,55.52
C0286,2022,22.60,29.04,25.75
C0286,2023,17.03,24.30,12.52
C0286,2024,24.47,55.08,37.04
C0287,2015,22.17,23.96,45.76
C0287,2016,16.01,26.04,39.39
C0287,2017,23.46,43.87,44.40
C0287,2018,11.85,27.60,42.34
C0287,2019,19.02,29.10,57.80
C0287,2020,8.43,25.69,53.30
C0287,2021,22.91,57.77,16.59
C0287,2022,9.96,25.00,32.63
C0287,2023,23.98,57.25,32.74
C0287,2024,5.34,33.05,32.82
C0288,2015,18.64,52.86,56.54
C0288,2016,8.00,58.00,26.36
C0288,2017,20.42,40.77,40.71
C0288,2018,14.84,50.81,54.82
C0288,2019,23.19,30.64,12.53
C0288,2020,19.30,35.32,53.93
C0288,2021,20.37,42.12,48.25
C0288,2022,7.41,54.02,20.39
C0288,2023,6.93,44.83,26.28
C0288,2024,22.01,20.88,25.53
C0289,2015,9.52,32.19,21.07
C0289,2016,22.34,54.60,41.93
C0289,2017,7.85,29.61,59.14
C0289,2018,11.17,34.72,18.33
C0289,2019,23.57,35.58,21.61
C0289,2020,21.79,26.18,24.52
C0289,2021,6.08,33.99,56.88
C0289,2022,13.96,52.70,41.29
C0289,2023,23.20,53.96,20.63
C0289,2024,5.30,43.24,50.20
C0290,2015,7.15,47.15,56.14
C0290,2016,17.90,41.38,30.17
C0290,2017,7.10,21.77,18.64
C0290,2018,13.98,47.87,25.50
C0290,2019,15.16,59.86,20.86
C0290,2020,22.21,29.11,20.07
C0290,2021,24.15,59.29,18.54
C0290,2022,15.24,59.91,53.80
C0290,2023,15.21,25.66,14.29
C0290,2024,19.54,57.05,30.67
C0291,2015,8.85,47.02,10.74
C0291,2016,23.82,38.65,24.67
C0291,2017,5.02,33.79,45.35
C0291,2018,5.04,45.19,20.14
C0291,2019,17.51,53.71,59.94
C0291,2020,11.83,21.36,12.41
C0291,2021,12.96,41.42,16.82
C0291,2022,9.43,46.01,49.34
C0291,2023,13.16,21.02,58.80
C0291,2024,21.56,55.56,57.70
C0292,2015,18.98,58.07,49.91
C0292,2016,6.89,44.50,58.65
C0292,2017,6.13,24.68,52.04
C0292,2018,15.12,57.30,12.90
C0292,2019,19.60,52.20,52.28
C0292,2020,18.29,21.14,34.19
C0292,2021,22.28,43.17,32.84
C0292,2022,7.67,24.58,10.13
C0292,2023,17.12,25.64,41.01
C0292,2024,20.32,27.70,43.58
C0293,2015,23.76,35.85,49.54
C0293,2016,7.02,55.06,26.30
C0293,2017,9.79,21.24,16.41
C0293,2018,12.09,47.57,31.99
C0293,2019,15.82,58.58,28.11
C0293,2020,13.17,45.65,47.66
C0293,2021,22.22,52.62,21.47
C0293,2022,24.01,56.07,16.91
C0293,2023,6.40,48.59,32.01
C0293,2024,18.99,46.39,41.40
C0294,2015,7.29,20.72,24.05
C0294,2016,22.96,40.76,15.72
C0294,2017,7.84,38.77,31.96
C0294,2018,24.83,40.91,58.09
C0294,2019,13.56,37.30,58.37
C0294,2020,12.64,56.26,45.43
C0294,2021,16.73,55.56,48.86
C0294,2022,12.89,25.03,20.18
C0294,2023,9.69,41.32,28.73
C0294,2024,17.58,58.38,40.24
C0295,2015,19.57,43.95,47.52
C0295,2016,23.91,52.07,18.33
C0295,2017,13.18,34.93,32.88
C0295,2018,19.12,35.09,18.14
C0295,2019,21.67,33.03,41.67
C0295,2020,21.63,20.87,48.61
C0295,2021,5.69,56.99,51.67
C0295,2022,12.11,33.99,46.62
C0295,2023,5.27,34.68,17.96
C0295,2024,16.18,50.38,51.42
C0296,2015,22.30,41.08,26.72
C0296,2016,21.30,34.48,51.79
C0296,2017,21.22,55.34,22.55
C0296,2018,12.04,53.02,33.79
C0296,2019,5.93,59.07,38.83
C0296,2020,8.45,45.64,11.74
C0296,2021,18.41,47.60,55.18
C0296,2022,7.68,32.98,35.58
C0296,2023,7.51,23.98,19.60
C0296,2024,12.07,24.24,18.04
C0297,2015,6.89,45.84,44.33
C0297,2016,11.60,24.53,14.09
C0297,2017,24.39,56.27,31.99
C0297,2018,5.40,48.15,37.01
C0297,2019,21.61,29.05,21.66
C0297,2020,24.87,31.17,16.46
C0297,2021,13.73,48.40,34.54
C0297,2022,23.86,52.96,27.02
C0297,2023,10.22,53.58,17.01
C0297,2024,24.65,44.04,20.52
C0298,2015,22.23,26.21,33.55
C0298,2016,22.69,52.73,16.65
C0298,2017,7.61,51.67,56.81
C0298,2018,22.40,53.41,48.77
C0298,2019,23.84,26.31,26.28
C0298,2020,21.38,47.37,22.92
C0298,2021,6.83,58.41,53.71
C0298,2022,6.70,30.24,31.35
C0298,2023,12.15,48.67,53.14
C0298,2024,19.10,30.36,47.12
C0299,2015,5.25,32.28,14.61
C0299,2016,24.01,39.41,50.68
C0299,2017,15.51,55.80,36.99
C0299,2018,12.17,21.55,43.88
C0299,2019,16.22,59.59,20.95
C0299,2020,19.32,50.88,10.01
C0299,2021,10.47,34.39,26.68
C0299,2022,10.82,34.17,19.53
C0299,2023,14.36,39.32,31.76
C0299,2024,18.40,55.02,14.54
C0300,2015,19.13,20.72,54.75
C0300,2016,11.48,41.93,15.94
C0300,2017,11.45,22.24,48.21
C0300,2018,14.74,24.62,56.97
C0300,2019,15.84,47.63,17.41
C0300,2020,17.99,29.37,27.32
C0300,2021,17.35,21.66,46.55
C0300,2022,12.45,26.57,45.72
C0300,2023,10.94,28.35,11.87
C0300,2024,11.16,50.79,13.53
C0301,2015,17.91,45.00,16.01
C0301,2016,13.66,49.40,38.40
C0301,2017,7.69,34.79,12.75
C0301,2018,5.12,24.53,39.42
C0301,2019,5.59,52.21,27.12
C0301,2020,22.35,25.62,43.47
C0301,2021,14.16,35.31,49.10
C0301,2022,18.15,30.49,49.57
C0301,2023,23.58,31.86,11.88
C0301,2024,7.53,44.07,57.36
C0302,2015,13.95,26.57,39.33
C0302,2016,15.78,37.83,54.78
C0302,2017,21.83,45.55,40.76
C0302,2018,24.87,54.76,34.21
C0302,2019,19.23,34.85,46.49
C0302,2020,17.84,32.75,20.97
C0302,2021,23.41,34.71,15.16
C0302,2022,21.75,40.03,14.52
C0302,2023,22.30,32.52,52.46
C0302,2024,5.05,30.02,55.62
C0303,2015,15.29,35.01,50.72
C0303,2016,20.65,51.11,55.22
C0303,2017,8.63,30.11,59.24
C0303,2018,20.03,53.79,36.30
C0303,2019,5.18,31.40,17.69
C0303,2020,16.50,44.12,40.40
C0303,2021,22.03,58.84,27.69
C0303,2022,13.63,58.07,27.32
C0303,2023,19.79,37.39,46.39
C0303,2024,15.61,22.70,14.53
C0304,2015,17.95,56.11,11.88
C0304,2016,15.33,25.08,44.76
C0304,2017,14.52,56.94,23.04
C0304,2018,21.83,49.31,29.28
C0304,2019,6.85,57.37,25.38
C0304,2020,16.69,46.62,40.74
C0304,2021,7.30,59.80,17.73
C0304,2022,16.26,38.68,46.03
C0304,2023,24.27,33.18,56.25
C0304,2024,6.14,35.73,51.81
C0305,2015,13.44,34.01,55.35
C0305,2016,21.04,36.03,56.85
C0305,2017,12.39,55.41,28.62
C0305,2018,15.41,43.68,49.79
C0305,2019,7.29,49.03,34.74
C0305,2020,9.46,31.51,23.49
C0305,2021,18.73,59.59,47.34
C0305,2022,21.57,31.23,22.21
C0305,2023,17.93,26.36,15.48
C0305,2024,21.74,51.13,45.23
C0306,2015,17.11,53.56,24.38
C0306,2016,21.20,35.75,25.30
C0306,2017,24.66,41.64,54.06
C0306,2018,6.66,36.57,16.78
C0306,2019,14.59,31.76,48.24
C0306,2020,8.80,52.54,29.31
C0306,2021,14.30,50.28,54.65
C0306,2022,14.99,39.41,32.02
C0306,2023,17.44,38.22,30.45
C0306,2024,13.79,27.21,31.49
C0307,2015,11.49,45.49,51.88
C0307,2016,5.86,56.95,10.53
C0307,2017,5.70,48.75,45.24
C0307,2018,8.50,40.25,20.26
C0307,2019,13.98,21.55,54.11
C0307,2020,13.35,57.21,28.80
C0307,2021,8.81,32.32,26.95
C0307,2022,21.45,32.00,45.63
C0307,2023,18.67,38.78,46.12
C0307,2024,11.86,37.17,41.69
C0308,2015,20.94,58.49,26.49
C0308,2016,24.78,26.60,40.52
C0308,2017,9.90,47.56,12.71
C0308,2018,12.25,24.27,57.76
C0308,2019,24.86,31.08,32.64
C0308,2020,7.76,48.89,25.22
C0308,2021,6.54,52.16,53.04
C0308,2022,15.42,38.76,26.21
C0308,2023,14.37,51.57,59.86
C0308,2024,6.57,57.41,44.53
C0309,2015,10.80,57.43,42.48
C0309,2016,13.38,33.70,17.59
C0309,2017,21.44,32.49,40.49
C0309,2018,19.16,49.06,17.76
C0309,2019,23.29,46.16,49.18
C0309,2020,11.65,35.69,16.92
C0309,2021,11.19,29.15,27.94
C0309,2022,14.26,44.74,33.84
C0309,2023,5.15,37.21,50.26
C0309,2024,9.15,25.28,41.64
C0310,2015,9.23,45.57,47.40
C0310,2016,6.22,47.91,22.20
C0310,2017,14.10,34.57,21.86
C0310,2018,23.11,53.28,29.03
C0310,2019,5.08,22.95,10.93
C0310,2020,17.57,39.84,51.54
C0310,2021,22.59,58.25,28.50
C0310,2022,7.15,27.62,13.38
C0310,2023,23.35,26.89,53.61
C0310,2024,21.37,35.15,58.39
C0311,2015,9.29,30.72,42.33
C0311,2016,23.11,28.86,27.83
C0311,2017,21.08,57.99,30.69
C0311,2018,7.23,33.79,22.81
C0311,2019,21.61,22.39,45.56
C0311,2020,15.84,55.99,27.80
C0311,2021,21.32,37.93,11.62
C0311,2022,17.35,49.44,12.31
C0311,2023,12.84,34.69,40.74
C0311,2024,17.02,57.41,24.52
C0312,2015,17.72,31.51,18.43
C0312,2016,20.32,46.51,37.62
C0312,2017,21.61,52.97,23.92
C0312,2018,18.26,29.52,13.67
C0312,2019,24.79,52.06,19.68
C0312,2020,20.57,51.69,48.90
C0312,2021,23.22,58.57,52.60
C0312,2022,11.39,56.91,53.61
C0312,2023,11.32,35.54,36.74
C0312,2024,12.25,43.62,57.55
C0313,2015,13.79,57.01,17.58
C0313,2016,24.23,20.18,43.92
C0313,2017,6.47,45.09,45.21
C0313,2018,14.97,28.61,12.66
C0313,2019,8.22,49.55,24.12
C0313,2020,21.22,51.86,57.45
C0313,2021,5.62,48.52,47.95
C0313,2022,14.10,59.84,12.73
C0313,2023,12.89,39.17,37.04
C0313,2024,6.84,42.45,42.43
C0314,2015,12.53,36.36,58.65
C0314,2016,21.18,58.96,45.82
C0314,2017,7.75,56.91,41.93
C0314,2018,24.67,59.47,55.43
C0314,2019,6.17,59.40,43.05
C0314,2020,10.78,55.82,56.61
C0314,2021,20.50,57.24,34.64
C0314,2022,12.15,24.80,45.93
C0314,2023,14.61,26.94,41.59
C0314,2024,8.73,55.41,37.63
C0315,2015,19.31,49.07,26.20
C0315,2016,8.59,55.00,55.19
C0315,2017,21.97,50.80,23.50
C0315,2018,15.79,25.58,17.97
C0315,2019,15.96,56.66,45.60
C0315,2020,23.67,50.85,37.33
C0315,2021,20.46,42.83,23.14
C0315,2022,19.86,41.29,53.52
C0315,2023,22.16,42.95,24.31
C0315,2024,6.84,35.62,13.19
C0316,2015,19.52,52.13,10.77
C0316,2016,9.66,56.36,56.14
C0316,2017,10.62,30.12,30.11
C0316,2018,5.30,21.52,20.67
C0316,2019,22.87,28.12,38.36
C0316,2020,19.78,50.29,34.39
C0316,2021,7.79,54.74,59.99
C0316,2022,11.56,33.94,54.43
C0316,2023,14.60,26.10,23.56
C0316,2024,14.88,54.34,44.89
C0317,2015,16.91,28.59,29.36
C0317,2016,14.44,29.67,28.22
C0317,2017,17.97,23.70,28.36
C0317,2018,22.68,56.41,41.96
C0317,2019,12.96,33.07,36.90
C0317,2020,22.53,26.87,47.75
C0317,2021,9.39,58.15,17.65
C0317,2022,7.43,33.42,31.27
C0317,2023,9.79,49.90,53.02
C0317,2024,9.13,29.22,10.16
C0318,2015,24.70,49.07,41.17
C0318,2016,12.62,29.29,49.29
C0318,2017,18.03,45.51,29.19
C0318,2018,18.92,37.63,54.18
C0318,2019,13.90,51.95,46.78
C0318,2020,9.47,49.21,40.30
C0318,2021,13.76,57.42,19.92
C0318,2022,14.48,35.06,43.51
C0318,2023,24.08,50.17,51.69
C0318,2024,16.37,58.75,46.50
C0319,2015,24.40,33.45,38.74
C0319,2016,16.53,31.60,45.73
C0319,2017,7.90,50.76,58.84
C0319,2018,12.69,37.82,10.54
C0319,2019,20.85,35.95,43.20
C0319,2020,13.43,41.82,49.65
C0319,2021,6.99,57.42,41.94
C0319,2022,6.92,23.35,23.65
C0319,2023,9.74,38.63,51.14
C0319,2024,16.30,24.41,55.66
C0320,2015,21.60,55.34,44.18
C0320,2016,15.67,25.47,35.55
C0320,2017,19.92,23.59,28.32
C0320,2018,17.91,58.55,26.50
C0320,2019,15.48,42.53,46.16
C0320,2020,9.30,53.04,40.36
C0320,2021,22.66,38.81,17.84
C0320,2022,10.51,37.43,17.05
C0320,2023,10.06,56.46,13.55
C0320,2024,10.16,59.59,44.18
C0321,2015,6.91,44.74,25.72
C0321,2016,14.97,56.73,11.01
C0321,2017,11.55,54.51,26.88
C0321,2018,15.44,41.76,51.61
C0321,2019,14.06,57.64,22.38
C0321,2020,15.40,28.40,41.68
C0321,2021,10.95,55.39,31.98
C0321,2022,21.30,32.37,37.44
C0321,2023,15.68,21.22,39.79
C0321,2024,9.17,51.48,32.74
C0322,2015,23.04,57.20,12.89
C0322,2016,7.19,28.67,38.38
C0322,2017,19.67,41.36,29.88
C0322,2018,18.57,49.97,19.99
C0322,2019,6.46,33.26,54.83
C0322,2020,23.03,25.88,46.80
C0322,2021,11.33,35.69,24.20
C0322,2022,19.82,38.26,36.95
C0322,2023,10.54,49.69,58.16
C0322,2024,15.51,27.95,22.27
C0323,2015,24.45,52.60,57.37
C0323,2016,17.22,40.09,44.17
C0323,2017,10.93,56.16,37.04
C0323,2018,14.17,42.63,59.16
C0323,2019,18.52,37.87,26.69
C0323,2020,13.90,31.47,23.91
C0323,2021,23.21,24.25,26.98
C0323,2022,22.35,34.87,47.54
C0323,2023,7.94,36.54,26.85
C0323,2024,20.70,42.73,15.14
C0324,2015,23.85,54.39,42.22
C0324,2016,11.34,38.55,21.15
C0324,2017,9.76,32.57,10.21
C0324,2018,5.19,54.93,19.96
C0324,2019,7.31,49.36,50.96
C0324,2020,24.22,32.28,57.01
C0324,2021,12.82,26.68,43.10
C0324,2022,12.75,31.64,25.52
C0324,2023,10.33,24.95,31.82
C0324,2024,8.28,56.14,19.73
C0325,2015,15.18,44.47,54.04
C0325,2016,19.46,54.54,43.28
C0325,2017,16.02,52.81,14.22
C0325,2018,5.71,26.13,28.35
C0325,2019,21.07,37.72,36.90
C0325,2020,23.63,58.88,49.87
C0325,2021,13.81,29.35,56.03
C0325,2022,12.33,22.01,16.63
C0325,2023,9.60,33.84,51.73
C0325,2024,11.04,40.44,13.29
C0326,2015,17.89,22.24,22.02
C0326,2016,20.40,37.07,11.05
C0326,2017,11.64,30.14,13.19
C0326,2018,11.79,28.48,11.62
C0326,2019,14.02,30.56,17.30
C0326,2020,8.40,24.22,53.83
C0326,2021,23.54,23.07,24.19
C0326,2022,19.11,43.83,33.99
C0326,2023,13.67,57.91,34.36
C0326,2024,7.45,52.19,59.76
C0327,2015,21.98,53.36,28.23
C0327,2016,14.67,49.40,23.25
C0327,2017,20.94,58.24,58.16
C0327,2018,5.67,58.02,39.63
C0327,2019,10.47,51.13,24.47
C0327,2020,17.44,48.64,24.37
C0327,2021,14.76,32.21,14.32
C0327,2022,10.90,23.65,37.84
C0327,2023,9.02,23.71,46.18
C0327,2024,11.04,49.45,33.74
C0328,2015,19.85,21.13,54.22
C0328,2016,8.67,52.66,34.20
C0328,2017,16.88,34.66,27.32
C0328,2018,13.47,27.68,22.54
C0328,2019,20.26,36.30,22.16
C0328,2020,9.03,48.13,25.83
C0328,2021,10.40,31.00,59.60
C0328,2022,12.97,26.94,28.04
C0328,2023,8.33,49.52,36.23
C0328,2024,14.22,55.23,23.73
C0329,2015,13.32,43.42,17.18
C0329,2016,24.80,40.95,42.29
C0329,2017,16.88,50.20,37.26
C0329,2018,6.39,49.31,13.39
C0329,2019,14.20,20.25,54.14
C0329,2020,22.57,31.27,35.39
C0329,2021,22.34,57.28,26.77
C0329,2022,24.24,58.41,48.97
C0329,2023,22.88,40.41,15.60
C0329,2024,8.53,42.40,33.69
C0330,2015,5.07,20.03,37.44
C0330,2016,17.33,46.89,48.76
C0330,2017,19.05,28.50,28.51
C0330,2018,7.62,25.12,52.75
C0330,2019,8.34,32.19,44.88
C0330,2020,24.26,46.60,48.55
C0330,2021,23.88,37.45,58.45
C0330,2022,8.14,33.96,52.24
C0330,2023,9.94,49.07,27.34
C0330,2024,22.84,52.55,42.29
C0331,2015,13.70,54.77,53.43
C0331,2016,20.96,37.79,36.26
C0331,2017,12.92,48.71,44.14
C0331,2018,19.73,55.41,18.61
C0331,2019,12.94,56.36,50.80
C0331,2020,22.98,39.68,47.87
C0331,2021,11.51,34.21,54.44
C0331,2022,15.46,56.01,45.51
C0331,2023,15.44,30.46,53.85
C0331,2024,17.98,51.87,18.11
C0332,2015,11.13,56.35,50.68
C0332,2016,17.85,49.59,57.65
C0332,2017,7.82,47.19,50.78
C0332,2018,22.87,22.03,40.76
C0332,2019,7.88,28.14,56.33
C0332,2020,21.81,46.66,14.72
C0332,2021,18.86,51.41,10.84
C0332,2022,11.82,22.54,58.27
C0332,2023,11.55,20.76,44.15
C0332,2024,24.32,32.46,15.71
C0333,2015,8.90,45.80,27.00
C0333,2016,19.46,40.48,47.44
C0333,2017,8.67,20.33,47.52
C0333,2018,23.11,26.06,18.50
C0333,2019,19.84,50.09,33.51
C0333,2020,23.65,31.91,50.37
C0333,2021,22.58,24.69,58.34
C0333,2022,15.99,22.03,41.13
C0333,2023,8.04,54.02,41.91
C0333,2024,9.43,38.87,33.47
C0334,2015,9.04,40.15,36.95
C0334,2016,9.41,22.45,14.95
C0334,2017,14.53,39.54,27.48
C0334,2018,22.36,45.83,35.36
C0334,2019,5.46,24.91,23.75
C0334,2020,9.77,56.10,27.99
C0334,2021,16.94,51.33,58.56
C0334,2022,22.31,52.08,10.26
C0334,2023,10.95,41.46,25.13
C0334,2024,12.65,33.36,39.20
C0335,2015,12.47,45.62,23.95
C0335,2016,10.87,29.01,43.82
C0335,2017,18.98,25.48,24.96
C0335,2018,18.12,41.53,41.91
C0335,2019,21.87,39.15,52.49
C0335,2020,23.35,26.01,42.93
C0335,2021,23.01,41.22,12.49
C0335,2022,15.80,41.86,49.76
C0335,2023,8.71,54.86,20.64
C0335,2024,9.44,50.37,41.74
C0336,2015,16.81,28.70,42.34
C0336,2016,23.37,52.72,50.19
C0336,2017,15.61,58.76,35.29
C0336,2018,23.71,48.66,28.80
C0336,2019,10.25,51.48,35.90
C0336,2020,6.73,30.66,37.29
C0336,2021,20.93,59.68,51.08
C0336,2022,22.59,27.06,20.25
C0336,2023,13.96,50.03,52.34
C0336,2024,7.05,35.81,28.29
C0337,2015,5.85,34.27,47.19
C0337,2016,6.25,31.41,26.79
C0337,2017,13.78,37.64,45.44
C0337,2018,9.70,51.63,49.96
C0337,2019,14.24,57.64,37.90
C0337,2020,14.77,36.65,40.98
C0337,2021,14.16,46.07,45.39
C0337,2022,17.40,51.53,44.42
C0337,2023,18.59,23.99,46.37
C0337,2024,12.92,58.42,52.48
C0338,2015,11.74,28.47,21.03
C0338,2016,12.37,56.60,20.74
C0338,2017,6.40,59.46,58.53
C0338,2018,11.43,24.02,52.57
C0338,2019,9.00,55.71,39.59
C0338,2020,10.82,45.64,10.41
C0338,2021,19.29,52.72,52.74
C0338,2022,24.77,24.36,47.58
C0338,2023,23.47,53.37,57.82
C0338,2024,21.43,45.04,10.66
C0339,2015,19.74,40.42,11.43
C0339,2016,23.90,42.40,35.87
C0339,2017,20.04,49.78,52.80
C0339,2018,14.42,31.91,59.57
C0339,2019,17.03,57.74,26.00
C0339,2020,11.12,32.31,11.82
C0339,2021,5.07,55.08,19.78
C0339,2022,12.07,20.48,53.85
C0339,2023,13.10,56.66,33.32
C0339,2024,19.66,54.06,52.67
C0340,2015,22.18,24.97,32.20
C0340,2016,24.25,49.48,12.67
C0340,2017,12.04,34.96,40.88
C0340,2018,24.15,39.19,31.78
C0340,2019,20.99,22.74,34.57
C0340,2020,5.62,28.50,57.45
C0340,2021,16.91,58.15,32.85
C0340,2022,12.31,36.72,49.83
C0340,2023,5.68,21.04,12.95
C0340,2024,15.63,40.60,33.95
C0341,2015,16.70,59.79,39.33
C0341,2016,10.04,33.31,15.66
C0341,2017,23.80,25.65,25.11
C0341,2018,17.21,45.74,46.98
C0341,2019,8.52,56.79,19.20
C0341,2020,19.43,54.37,16.42
C0341,2021,14.98,46.28,24.96
C0341,2022,14.46,27.37,52.95
C0341,2023,21.69,51.37,48.15
C0341,2024,7.76,52.93,48.84
C0342,2015,14.82,53.98,26.12
C0342,2016,20.62,36.16,14.95
C0342,2017,18.21,36.35,11.60
C0342,2018,5.11,26.21,39.31
C0342,2019,20.75,50.91,45.11
C0342,2020,23.89,49.49,28.89
C0342,2021,19.09,23.99,36.44
C0342,2022,22.52,20.81,23.95
C0342,2023,12.22,58.07,28.22
C0342,2024,12.01,20.69,46.49
C0343,2015,11.42,45.14,45.91
C0343,2016,19.70,38.15,11.40
C0343,2017,23.84,51.10,57.21
C0343,2018,22.71,23.51,23.45
C0343,2019,8.00,47.29,55.38
C0343,2020,17.52,44.60,35.59
C0343,2021,24.92,54.14,34.96
C0343,2022,10.91,40.74,32.53
C0343,2023,17.70,49.13,56.12
C0343,2024,23.13,37.50,20.41
C0344,2015,22.99,59.36,40.58
C0344,2016,11.43,42.38,25.89
C0344,2017,6.88,50.14,55.76
C0344,2018,17.92,23.72,18.47
C0344,2019,23.94,38.51,43.81
C0344,2020,15.16,22.58,31.09
C0344,2021,14.15,24.87,43.06
C0344,2022,22.28,40.25,17.88
C0344,2023,13.49,34.09,29.68
C0344,2024,18.62,38.39,15.36
C0345,2015,12.77,39.85,58.44
C0345,2016,12.54,26.39,20.70
C0345,2017,8.76,34.63,59.66
C0345,2018,6.77,54.42,30.92
C0345,2019,22.70,54.26,13.58
C0345,2020,8.62,39.62,10.88
C0345,2021,6.24,49.97,39.95
C0345,2022,16.65,50.14,40.74
C0345,2023,15.92,21.76,36.24
C0345,2024,16.36,44.44,13.32
C0346,2015,14.36,52.18,26.58
C0346,2016,7.84,43.76,27.95
C0346,2017,5.42,41.66,45.24
C0346,2018,5.93,41.25,30.94
C0346,2019,23.86,40.32,38.65
C0346,2020,15.64,51.13,24.32
C0346,2021,12.99,45.70,46.30
C0346,2022,13.22,28.62,12.34
C0346,2023,18.04,37.33,59.43
C0346,2024,12.53,41.15,42.07
C0347,2015,20.93,36.76,17.44
C0347,2016,10.20,29.50,45.87
C0347,2017,12.35,24.99,49.33
C0347,2018,23.70,24.69,49.43
C0347,2019,10.21,31.85,23.54
C0347,2020,18.23,36.11,57.93
C0347,2021,12.29,47.32,10.89
C0347,2022,14.42,59.40,28.99
C0347,2023,5.90,55.89,15.21
C0347,2024,8.34,52.55,29.24
C0348,2015,7.04,52.55,12.86
C0348,2016,21.89,43.84,42.25
C0348,2017,24.23,30.11,13.12
C0348,2018,6.36,38.88,40.79
C0348,2019,6.54,25.70,21.70
C0348,2020,16.04,42.66,18.96
C0348,2021,15.08,20.92,27.35
C0348,2022,18.01,27.58,42.05
C0348,2023,19.74,48.49,38.91
C0348,2024,20.94,31.08,44.02
C0349,2015,7.98,36.80,55.95
C0349,2016,5.76,53.28,20.17
C0349,2017,22.78,21.78,30.67
C0349,2018,14.39,20.91,23.29
C0349,2019,24.42,29.16,39.32
C0349,2020,15.66,47.38,24.17
C0349,2021,15.20,29.44,37.90
C0349,2022,17.46,54.55,51.16
C0349,2023,8.40,34.07,37.55
C0349,2024,10.08,31.34,51.91
C0350,2015,23.12,29.32,40.57
C0350,2016,9.25,42.96,53.51
C0350,2017,9.66,54.25,56.52
C0350,2018,15.20,36.24,35.39
C0350,2019,17.82,30.10,49.53
C0350,2020,5.02,36.83,33.44
C0350,2021,14.14,56.19,45.26
C0350,2022,12.98,33.38,11.88
C0350,2023,22.31,46.23,58.35
C0350,2024,21.79,33.19,54.72
C0351,2015,23.12,46.99,54.66
C0351,2016,21.84,55.24,24.06
C0351,2017,20.73,43.94,24.16
C0351,2018,22.18,57.90,30.13
C0351,2019,8.50,44.06,54.01
C0351,2020,11.82,59.00,52.93
C0351,2021,18.67,48.95,24.47
C0351,2022,23.46,46.11,37.09
C0351,2023,18.34,53.19,33.76
C0351,2024,9.16,20.44,42.53
C0352,2015,23.89,30.29,20.69
C0352,2016,20.21,28.64,14.25
C0352,2017,19.33,24.44,11.36
C0352,2018,20.25,57.51,29.07
C0352,2019,18.18,25.24,57.33
C0352,2020,5.44,30.51,44.24
C0352,2021,10.07,33.41,47.46
C0352,2022,24.13,44.99,57.26
C0352,2023,10.77,50.70,31.10
C0352,2024,20.43,44.19,33.72
C0353,2015,13.49,49.96,27.98
C0353,2016,23.15,36.08,19.07
C0353,2017,16.15,59.83,48.32
C0353,2018,17.64,26.80,55.33
C0353,2019,9.79,35.99,50.69
C0353,2020,6.15,53.29,12.39
C0353,2021,20.13,29.87,24.96
C0353,2022,6.35,50.03,39.60
C0353,2023,19.44,34.57,26.36
C0353,2024,16.11,27.10,17.51
C0354,2015,21.40,36.13,36.92
C0354,2016,9.12,51.39,36.07
C0354,2017,15.83,24.48,45.49
C0354,2018,17.28,40.64,59.99
C0354,2019,6.49,49.65,42.41
C0354,2020,19.78,50.06,25.84
C0354,2021,12.78,35.58,57.82
C0354,2022,7.58,38.66,38.57
C0354,2023,12.74,54.27,42.29
C0354,2024,6.97,28.34,27.88
C0355,2015,22.76,59.70,32.59
C0355,2016,14.14,36.77,30.93
C0355,2017,7.76,31.02,56.81
C0355,2018,10.04,20.10,50.48
C0355,2019,19.49,25.00,14.54
C0355,2020,20.72,50.26,25.69
C0355,2021,5.83,45.97,12.78
C0355,2022,6.20,29.86,35.84
C0355,2023,23.34,57.08,23.97
C0355,2024,11.62,53.43,13.67
C0356,2015,8.87,30.77,48.60
C0356,2016,7.46,33.20,14.56
C0356,2017,14.52,27.39,23.58
C0356,2018,20.42,45.70,48.58
C0356,2019,15.42,48.05,35.58
C0356,2020,5.41,35.84,50.86
C0356,2021,14.68,49.49,30.72
C0356,2022,11.23,59.66,50.74
C0356,2023,18.66,44.48,36.91
C0356,2024,15.47,45.97,14.40
C0357,2015,24.31,34.95,33.57
C0357,2016,16.96,20.42,37.68
C0357,2017,17.65,58.16,40.61
C0357,2018,15.40,50.89,56.39
C0357,2019,11.22,47.82,19.18
C0357,2020,17.61,21.19,40.30
C0357,2021,11.66,50.36,47.60
C0357,2022,19.35,46.80,54.50
C0357,2023,9.74,42.76,36.27
C0357,2024,12.35,44.94,20.70
C0358,2015,16.67,56.73,50.88
C0358,2016,17.57,20.27,55.25
C0358,2017,18.37,26.28,15.32
C0358,2018,19.01,55.79,21.49
C0358,2019,11.37,20.33,53.57
C0358,2020,22.85,56.15,34.22
C0358,2021,5.60,21.19,18.46
C0358,2022,8.77,51.17,42.26
C0358,2023,6.40,55.64,32.91
C0358,2024,18.43,44.50,58.40
C0359,2015,10.47,45.66,21.14
C0359,2016,8.98,22.02,28.11
C0359,2017,14.61,28.44,18.31
C0359,2018,17.38,55.98,12.49
C0359,2019,17.38,52.95,23.70
C0359,2020,16.15,22.38,50.99
C0359,2021,24.84,52.52,23.36
C0359,2022,22.20,36.94,44.82
C0359,2023,9.78,42.43,36.30
C0359,2024,20.17,24.34,35.99
C0360,2015,16.39,35.95,49.08
C0360,2016,6.41,37.40,40.89
C0360,2017,5.99,46.78,17.99
C0360,2018,20.99,46.30,21.04
C0360,2019,15.90,41.95,37.19
C0360,2020,16.43,21.26,52.27
C0360,2021,11.73,26.46,17.62
C0360,2022,23.61,26.41,15.34
C0360,2023,19.27,55.51,35.88
C0360,2024,23.56,56.07,19.43
C0361,2015,6.99,52.26,59.71
C0361,2016,16.67,27.00,10.22
C0361,2017,17.75,53.61,32.44
C0361,2018,7.52,27.50,18.13
C0361,2019,11.93,42.19,44.05
C0361,2020,9.30,49.36,41.51
C0361,2021,24.69,22.06,50.35
C0361,2022,15.87,43.92,38.17
C0361,2023,11.31,30.05,19.47
C0361,2024,18.29,39.91,12.67
C0362,2015,18.19,35.36,46.11
C0362,2016,11.95,47.46,32.00
C0362,2017,24.88,39.57,21.11
C0362,2018,21.18,32.07,22.59
C0362,2019,13.01,56.41,17.45
C0362,2020,18.20,58.36,24.18
C0362,2021,19.21,52.08,49.60
C0362,2022,8.48,43.23,41.03
C0362,2023,22.56,55.38,59.37
C0362,2024,21.52,44.07,36.21
C0363,2015,20.11,25.95,36.07
C0363,2016,9.45,20.70,19.57
C0363,2017,7.72,49.04,39.32
C0363,2018,8.61,50.10,40.42
C0363,2019,6.86,57.03,20.33
C0363,2020,23.81,52.97,14.40
C0363,2021,22.03,45.58,28.44
C0363,2022,6.82,27.61,18.61
C0363,2023,18.56,43.76,35.16
C0363,2024,9.91,37.39,36.31
C0364,2015,5.35,29.28,40.41
C0364,2016,10.85,51.97,40.14
C0364,2017,13.80,25.98,43.74
C0364,2018,5.40,45.21,21.52
C0364,2019,11.47,44.43,46.54
C0364,2020,19.01,32.14,36.24
C0364,2021,9.57,37.17,31.87
C0364,2022,14.70,24.66,42.39
C0364,2023,22.75,21.02,35.06
C0364,2024,5.57,20.52,36.28
C0365,2015,20.71,26.97,11.16
C0365,2016,12.68,54.68,50.10
C0365,2017,15.82,40.90,31.21
C0365,2018,9.62,24.68,35.90
C0365,2019,16.58,56.22,29.50
C0365,2020,19.61,42.76,37.58
C0365,2021,9.03,21.12,12.70
C0365,2022,11.87,50.51,29.20
C0365,2023,16.35,38.94,43.43
C0365,2024,13.34,41.31,56.92
C0366,2015,10.86,44.53,52.46
C0366,2016,14.03,23.78,58.14
C0366,2017,10.82,57.91,49.08
C0366,2018,11.04,30.22,41.63
C0366,2019,17.21,44.87,31.16
C0366,2020,14.54,54.22,16.16
C0366,2021,18.54,33.28,22.54
C0366,2022,21.75,45.10,23.56
C0366,2023,23.86,59.56,31.39
C0366,2024,8.03,54.07,40.49
C0367,2015,17.52,51.17,40.93
C0367,2016,16.65,37.57,32.78
C0367,2017,22.34,38.05,23.73
C0367,2018,22.92,39.42,12.82
C0367,2019,20.21,47.62,59.44
C0367,2020,16.91,25.77,56.98
C0367,2021,8.99,54.44,19.15
C0367,2022,10.53,20.72,40.27
C0367,2023,17.06,26.80,24.78
C0367,2024,7.79,39.27,19.72
C0368,2015,8.68,30.08,44.22
C0368,2016,23.23,34.62,49.31
C0368,2017,24.13,33.30,30.33
C0368,2018,5.10,30.76,12.95
C0368,2019,22.25,35.21,30.07
C0368,2020,23.76,40.21,36.61
C0368,2021,15.51,39.05,54.66
C0368,2022,13.98,52.48,42.84
C0368,2023,23.38,32.33,45.52
C0368,2024,5.15,31.28,20.13
C0369,2015,21.81,40.18,46.01
C0369,2016,10.93,21.92,35.09
C0369,2017,17.82,24.47,51.02
C0369,2018,11.46,52.12,20.82
C0369,2019,15.46,39.75,35.74
C0369,2020,21.17,22.66,20.47
C0369,2021,8.63,37.62,24.30
C0369,2022,18.28,35.93,51.61
C0369,2023,22.97,29.85,44.39
C0369,2024,23.02,34.88,46.42
C0370,2015,22.88,27.53,13.43
C0370,2016,15.37,37.96,46.44
C0370,2017,20.35,36.34,34.57
C0370,2018,13.94,44.30,32.96
C0370,2019,14.20,57.68,30.63
C0370,2020,10.68,27.42,52.59
C0370,2021,10.70,36.70,18.87
C0370,2022,5.76,42.49,50.71
C0370,2023,15.63,41.88,56.42
C0370,2024,11.18,46.45,18.41
C0371,2015,8.75,30.72,59.98
C0371,2016,7.43,45.38,59.53
C0371,2017,11.94,28.05,41.07
C0371,2018,22.98,25.02,23.43
C0371,2019,15.33,53.27,31.48
C0371,2020,16.14,38.95,18.52
C0371,2021,6.09,35.89,16.01
C0371,2022,15.40,57.14,45.20
C0371,2023,18.35,48.39,38.99
C0371,2024,8.01,47.09,38.18
C0372,2015,24.67,27.77,22.39
C0372,2016,23.30,28.37,21.75
C0372,2017,24.86,39.32,59.49
C0372,2018,12.21,46.09,41.44
C0372,2019,21.45,35.81,50.97
C0372,2020,11.57,22.57,28.93
C0372,2021,19.98,47.32,52.18
C0372,2022,23.96,50.95,46.12
C0372,2023,8.10,57.77,27.51
C0372,2024,7.81,36.35,45.88
C0373,2015,7.09,30.32,56.28
C0373,2016,20.97,57.03,20.69
C0373,2017,18.33,48.61,37.38
C0373,2018,15.45,22.56,58.33
C0373,2019,20.48,43.20,51.07
C0373,2020,22.00,21.14,41.01
C0373,2021,23.99,29.06,13.49
C0373,2022,9.03,22.84,30.32
C0373,2023,13.83,28.20,42.54
C0373,2024,23.46,39.60,30.48
C0374,2015,14.23,31.95,59.85
C0374,2016,14.75,23.52,47.67
C0374,2017,23.85,39.28,19.35
C0374,2018,19.69,48.34,34.52
C0374,2019,16.04,22.13,29.20
C0374,2020,12.15,55.30,39.69
C0374,2021,23.31,46.12,32.33
C0374,2022,5.18,40.78,21.90
C0374,2023,11.42,35.85,46.22
C0374,2024,23.92,35.73,15.33
C0375,2015,14.96,33.42,36.61
C0375,2016,17.48,24.63,25.51
C0375,2017,15.65,23.17,58.33
C0375,2018,12.95,32.35,25.18
C0375,2019,18.31,46.68,27.05
C0375,2020,20.33,31.54,45.35
C0375,2021,12.29,52.49,16.42
C0375,2022,16.81,35.21,26.23
C0375,2023,6.66,45.25,44.80
C0375,2024,15.95,37.28,11.54
C0376,2015,19.95,39.91,25.55
C0376,2016,16.70,30.01,10.41
C0376,2017,22.57,40.55,17.51
C0376,2018,10.72,24.43,40.21
C0376,2019,14.84,35.47,32.84
C0376,2020,6.75,37.93,17.80
C0376,2021,19.00,48.16,13.90
C0376,2022,13.86,36.01,12.82
C0376,2023,15.61,46.62,14.27
C0376,2024,7.57,26.98,14.80
C0377,2015,24.95,21.01,14.32
C0377,2016,20.44,40.24,12.75
C0377,2017,13.01,38.95,44.85
C0377,2018,16.40,46.79,57.06
C0377,2019,17.37,32.54,52.80
C0377,2020,24.22,21.19,23.29
C0377,2021,20.37,48.94,20.21
C0377,2022,11.99,57.69,12.40
C0377,2023,24.55,35.77,17.80
C0377,2024,11.04,44.45,38.39
C0378,2015,16.54,41.79,59.91
C0378,2016,19.01,42.64,52.95
C0378,2017,10.42,54.70,35.75
C0378,2018,24.13,49.45,31.17
C0378,2019,9.32,50.79,17.39
C0378,2020,13.84,23.60,30.93
C0378,2021,8.60,25.87,39.74
C0378,2022,22.50,46.53,39.77
C0378,2023,9.43,41.62,37.88
C0378,2024,5.69,50.97,51.20
C0379,2015,5.78,23.72,35.50
C0379,2016,13.28,42.66,33.64
C0379,2017,15.46,39.44,25.29
C0379,2018,5.83,54.19,19.01
C0379,2019,6.86,27.49,10.07
C0379,2020,6.95,33.95,26.10
C0379,2021,18.37,26.02,41.65
C0379,2022,11.00,38.07,37.94
C0379,2023,16.25,55.26,36.53
C0379,2024,6.47,46.81,48.62
C0380,2015,22.84,49.77,21.64
C0380,2016,11.09,23.73,43.93
C0380,2017,20.56,38.08,40.36
C0380,2018,21.53,53.55,26.95
C0380,2019,24.76,53.50,20.93
C0380,2020,19.82,59.52,38.13
C0380,2021,13.86,41.04,57.26
C0380,2022,8.05,20.08,13.82
C0380,2023,5.96,55.96,57.65
C0380,2024,22.73,58.25,33.24
C0381,2015,13.93,57.11,45.50
C0381,2016,20.00,50.88,50.16
C0381,2017,14.93,28.48,17.58
C0381,2018,22.59,25.56,12.25
C0381,2019,19.99,48.04,16.42
C0381,2020,6.71,25.62,27.05
C0381,2021,20.04,58.13,57.83
C0381,2022,10.34,37.83,12.14
C0381,2023,20.46,21.23,55.99
C0381,2024,23.97,26.02,38.06
C0382,2015,23.60,31.62,15.12
C0382,2016,7.50,48.15,17.64
C0382,2017,6.09,49.49,44.47
C0382,2018,20.54,28.52,40.42
C0382,2019,19.20,45.94,18.37
C0382,2020,8.52,21.27,55.22
C0382,2021,18.69,24.11,16.65
C0382,2022,5.31,41.40,35.58
C0382,2023,17.62,48.15,36.41
C0382,2024,21.65,56.57,53.53
C0383,2015,17.84,37.51,11.11
C0383,2016,6.31,24.80,16.82
C0383,2017,24.82,57.16,18.53
C0383,2018,12.12,37.50,13.14
C0383,2019,12.61,39.90,41.57
C0383,2020,6.70,54.18,21.48
C0383,2021,8.34,43.43,38.83
C0383,2022,10.42,32.06,49.13
C0383,2023,20.98,41.63,30.43
C0383,2024,18.83,44.99,48.44
C0384,2015,16.67,55.59,48.89
C0384,2016,22.28,29.39,23.17
C0384,2017,24.96,42.38,10.79
C0384,2018,12.70,56.82,15.16
C0384,2019,12.82,21.82,51.18
C0384,2020,19.72,27.78,30.27
C0384,2021,17.89,33.85,51.95
C0384,2022,5.27,47.14,37.38
C0384,2023,18.11,53.67,19.87
C0384,2024,19.39,27.97,45.61
C0385,2015,24.72,29.87,37.91
C0385,2016,16.74,52.93,27.59
C0385,2017,18.69,25.93,14.39
C0385,2018,20.77,30.45,15.11
C0385,2019,6.92,49.31,19.43
C0385,2020,19.69,26.65,43.65
C0385,2021,15.94,53.12,46.40
C0385,2022,7.00,39.62,41.55
C0385,2023,18.40,37.90,26.86
C0385,2024,9.69,25.41,32.02
C0386,2015,15.76,47.19,45.48
C0386,2016,10.62,55.36,42.99
C0386,2017,7.09,47.68,48.65
C0386,2018,10.02,32.68,22.06
C0386,2019,13.78,47.95,10.22
C0386,2020,14.88,40.40,23.32
C0386,2021,7.97,54.15,27.39
C0386,2022,11.42,38.39,58.03
C0386,2023,22.19,29.49,20.89
C0386,2024,23.21,24.05,51.32
C0387,2015,15.70,31.24,41.13
C0387,2016,14.81,42.54,18.38
C0387,2017,16.63,26.80,30.18
C0387,2018,9.29,21.59,35.51
C0387,2019,24.87,37.95,27.21
C0387,2020,19.91,33.90,21.31
C0387,2021,9.77,36.82,22.64
C0387,2022,10.44,38.17,39.26
C0387,2023,17.97,50.64,44.41
C0387,2024,11.46,58.44,33.45
C0388,2015,12.11,30.49,57.09
C0388,2016,20.62,57.70,46.43
C0388,2017,10.34,29.14,54.59
C0388,2018,19.10,50.20,33.78
C0388,2019,23.70,47.25,10.74
C0388,2020,7.48,22.09,39.60
C0388,2021,7.89,49.00,50.91
C0388,2022,23.86,56.04,36.83
C0388,2023,9.07,57.21,38.40
C0388,2024,5.42,47.41,58.75
C0389,2015,22.37,51.46,28.31
C0389,2016,10.65,22.86,50.09
C0389,2017,10.97,26.45,35.25
C0389,2018,9.54,30.50,33.19
C0389,2019,23.35,41.25,17.28
C0389,2020,20.49,35.45,47.42
C0389,2021,16.94,46.29,51.16
C0389,2022,14.07,37.83,31.54
C0389,2023,7.87,51.00,48.18
C0389,2024,23.52,48.54,39.06
C0390,2015,19.99,49.89,22.88
C0390,2016,10.58,53.15,56.19
C0390,2017,23.95,53.37,44.84
C0390,2018,23.70,51.18,53.92
C0390,2019,18.19,22.64,24.07
C0390,2020,24.70,44.93,55.82
C0390,2021,8.74,20.79,28.23
C0390,2022,19.63,49.75,10.48
C0390,2023,8.04,22.44,13.75
C0390,2024,18.83,59.33,14.47
C0391,2015,23.40,44.56,20.36
C0391,2016,15.72,27.28,19.33
C0391,2017,20.26,38.73,12.89
C0391,2018,7.86,53.07,54.77
C0391,2019,17.66,27.20,51.42
C0391,2020,6.26,41.47,48.14
C0391,2021,5.74,20.14,33.96
C0391,2022,17.68,51.54,31.26
C0391,2023,16.46,27.78,31.27
C0391,2024,11.59,35.49,23.09
C0392,2015,15.26,41.21,40.41
C0392,2016,18.69,25.79,12.95
C0392,2017,17.89,57.07,42.94
C0392,2018,6.47,38.75,35.69
C0392,2019,18.56,29.27,50.83
C0392,2020,18.19,49.41,58.64
C0392,2021,18.39,55.77,53.83
C0392,2022,21.95,56.51,46.00
C0392,2023,16.53,37.25,31.64
C0392,2024,23.76,34.38,20.73
C0393,2015,24.60,57.17,43.24
C0393,2016,20.04,22.11,20.08
C0393,2017,12.17,50.02,11.01
C0393,2018,7.86,27.10,38.66
C0393,2019,21.40,38.62,29.71
C0393,2020,7.93,58.15,53.80
C0393,2021,7.92,43.25,42.29
C0393,2022,23.38,40.94,42.36
C0393,2023,16.20,22.47,49.39
C0393,2024,10.87,31.09,26.78
C0394,2015,24.26,20.12,57.91
C0394,2016,19.15,55.00,21.07
C0394,2017,15.70,45.79,53.58
C0394,2018,11.59,24.72,55.54
C0394,2019,18.53,34.54,11.95
C0394,2020,19.62,52.46,41.59
C0394,2021,19.24,25.61,47.47
C0394,2022,8.91,29.21,57.69
C0394,2023,18.94,41.66,22.57
C0394,2024,16.63,25.80,38.09
C0395,2015,22.00,35.31,48.66
C0395,2016,17.50,59.29,17.42
C0395,2017,7.93,41.75,52.65
C0395,2018,11.37,48.06,30.18
C0395,2019,19.88,46.53,41.99
C0395,2020,19.80,28.47,12.10
C0395,2021,9.45,53.84,21.15
C0395,2022,12.09,24.88,33.91
C0395,2023,5.31,56.86,24.46
C0395,2024,11.63,28.64,57.89
C0396,2015,5.53,58.19,49.75
C0396,2016,22.46,51.92,53.24
C0396,2017,18.33,26.84,33.32
C0396,2018,24.38,26.42,33.68
C0396,2019,22.84,23.38,50.26
C0396,2020,17.07,29.89,29.38
C0396,2021,15.06,46.36,34.04
C0396,2022,22.67,40.81,36.43
C0396,2023,10.97,44.53,40.36
C0396,2024,9.47,21.25,42.50
C0397,2015,13.20,23.20,44.04
C0397,2016,6.06,47.68,32.20
C0397,2017,11.04,53.92,24.76
C0397,2018,6.67,34.38,56.01
C0397,2019,6.05,26.66,51.34
C0397,2020,16.03,32.33,10.17
C0397,2021,19.16,36.48,35.65
C0397,2022,15.73,45.21,23.73
C0397,2023,6.41,36.38,42.14
C0397,2024,12.90,55.88,35.13
C0398,2015,7.22,36.05,11.06
C0398,2016,18.00,27.25,46.39
C0398,2017,21.53,29.93,23.77
C0398,2018,7.33,38.61,23.01
C0398,2019,6.34,51.30,11.60
C0398,2020,13.12,54.78,51.42
C0398,2021,11.07,27.41,38.94
C0398,2022,10.21,20.14,34.24
C0398,2023,9.23,54.78,43.79
C0398,2024,11.34,29.13,27.27
C0399,2015,24.31,52.87,38.47
C0399,2016,22.15,42.03,22.46
C0399,2017,17.03,36.16,13.15
C0399,2018,21.01,25.87,38.07
C0399,2019,5.29,46.88,21.06
C0399,2020,7.23,52.73,47.50
C0399,2021,10.85,38.44,32.59
C0399,2022,17.88,37.85,22.52
C0399,2023,22.67,50.21,40.42
C0399,2024,9.62,40.00,15.83
C0400,2015,7.78,51.42,48.07
C0400,2016,21.96,22.16,32.61
C0400,2017,13.18,54.31,50.63
C0400,2018,18.99,30.48,16.90
C0400,2019,15.96,26.77,29.13
C0400,2020,8.52,21.29,19.00
C0400,2021,19.01,53.36,13.06
C0400,2022,13.42,22.40,57.77
C0400,2023,10.75,58.18,46.33
C0400,2024,23.05,42.59,26.28
C0401,2015,5.12,47.95,22.31
C0401,2016,13.10,49.01,20.22
C0401,2017,11.01,31.71,12.15
C0401,2018,6.09,52.26,15.13
C0401,2019,6.61,57.85,15.15
C0401,2020,8.45,34.79,43.31
C0401,2021,15.10,53.41,39.74
C0401,2022,10.65,50.88,38.41
C0401,2023,21.76,43.58,46.72
C0401,2024,9.80,34.70,22.56
C0402,2015,19.40,36.61,27.12
C0402,2016,9.21,32.30,16.34
C0402,2017,5.85,37.05,39.39
C0402,2018,10.29,59.59,56.65
C0402,2019,21.75,34.54,53.16
C0402,2020,6.65,46.62,37.75
C0402,2021,11.89,32.78,42.23
C0402,2022,5.16,38.67,59.62
C0402,2023,17.60,23.35,35.87
C0402,2024,23.86,50.53,53.53
C0403,2015,12.69,46.44,35.03
C0403,2016,16.54,33.90,12.39
C0403,2017,14.05,40.99,56.73
C0403,2018,24.47,54.89,15.59
C0403,2019,19.72,21.78,45.21
C0403,2020,5.88,57.21,21.90
C0403,2021,7.17,38.83,55.05
C0403,2022,14.41,54.39,20.02
C0403,2023,17.63,54.46,17.00
C0403,2024,10.81,22.35,31.94
C0404,2015,18.49,51.26,34.83
C0404,2016,16.53,49.31,50.95
C0404,2017,13.70,21.73,48.12
C0404,2018,16.65,57.62,26.41
C0404,2019,23.33,45.38,29.25
C0404,2020,9.86,26.70,38.83
C0404,2021,20.82,24.92,37.58
C0404,2022,5.24,42.48,53.10
C0404,2023,6.70,22.35,33.62
C0404,2024,23.99,26.58,54.68
C0405,2015,18.95,57.94,20.25
C0405,2016,17.67,49.79,53.38
C0405,2017,11.68,44.54,25.21
C0405,2018,8.69,28.35,49.46
C0405,2019,12.60,28.74,38.27
C0405,2020,16.97,37.83,53.78
C0405,2021,17.69,50.16,21.56
C0405,2022,8.39,20.16,45.07
C0405,2023,13.91,21.77,52.45
C0405,2024,16.34,54.80,48.83
C0406,2015,24.20,52.56,38.30
C0406,2016,15.99,47.79,43.77
C0406,2017,16.61,39.98,19.83
C0406,2018,20.30,25.81,20.82
C0406,2019,13.38,24.09,23.36
C0406,2020,12.68,56.22,51.40
C0406,2021,16.82,35.30,18.37
C0406,2022,20.67,47.83,24.95
C0406,2023,17.75,38.25,56.02
C0406,2024,8.72,49.24,47.76
C0407,2015,12.95,27.73,46.66
C0407,2016,15.25,39.38,32.76
C0407,2017,15.47,35.07,45.12
C0407,2018,11.79,29.80,38.29
C0407,2019,15.45,43.91,13.57
C0407,2020,18.46,41.48,38.83
C0407,2021,14.36,39.83,32.61
C0407,2022,14.03,43.64,15.70
C0407,2023,21.03,25.70,27.21
C0407,2024,20.14,34.82,54.74
C0408,2015,13.45,32.99,50.19
C0408,2016,24.92,50.77,55.70
C0408,2017,6.33,21.43,45.85
C0408,2018,11.52,31.28,41.63
C0408,2019,5.74,56.73,16.96
C0408,2020,21.79,32.01,15.36
C0408,2021,20.11,26.08,22.34
C0408,2022,18.67,50.29,25.71
C0408,2023,9.29,21.91,40.35
C0408,2024,19.15,37.05,53.87
C0409,2015,12.11,54.21,54.54
C0409,2016,22.37,58.16,44.12
C0409,2017,8.99,29.96,38.70
C0409,2018,9.36,31.85,22.22
C0409,2019,24.21,42.69,56.90
C0409,2020,15.34,29.06,43.56
C0409,2021,13.93,26.03,36.67
C0409,2022,12.03,37.04,15.20
C0409,2023,21.62,22.89,51.29
C0409,2024,12.05,55.77,27.45
C0410,2015,12.12,33.37,55.03
C0410,2016,7.47,33.45,18.42
C0410,2017,15.41,51.65,12.43
C0410,2018,23.47,33.66,31.74
C0410,2019,24.15,50.44,13.92
C0410,2020,24.91,27.25,13.09
C0410,2021,14.46,41.16,45.69
C0410,2022,20.50,50.74,22.87
C0410,2023,16.05,38.00,41.94
C0410,2024,15.96,22.87,38.54
C0411,2015,21.12,49.48,17.04
C0411,2016,21.71,39.76,29.29
C0411,2017,5.40,32.66,13.30
C0411,2018,23.86,59.71,31.08
C0411,2019,21.46,55.04,19.12
C0411,2020,19.42,21.51,14.82
C0411,2021,22.04,43.75,25.85
C0411,2022,15.75,34.18,10.17
C0411,2023,20.47,21.50,47.89
C0411,2024,16.97,20.45,17.91
C0412,2015,15.86,43.35,41.29
C0412,2016,9.23,32.81,51.63
C0412,2017,21.95,48.13,55.86
C0412,2018,22.68,38.18,37.88
C0412,2019,24.42,50.66,49.41
C0412,2020,7.41,52.52,32.74
C0412,2021,10.83,46.29,34.51
C0412,2022,18.71,36.72,37.34
C0412,2023,22.10,59.54,43.51
C0412,2024,20.03,32.27,43.50
C0413,2015,14.11,40.58,49.27
C0413,2016,19.52,40.82,40.85
C0413,2017,6.44,37.13,54.13
C0413,2018,18.25,24.86,45.46
C0413,2019,5.16,34.16,56.45
C0413,2020,5.95,28.61,47.52
C0413,2021,20.15,55.99,46.94
C0413,2022,14.55,46.22,53.02
C0413,2023,6.19,31.51,42.79
C0413,2024,14.64,42.63,18.98
C0414,2015,6.26,54.13,14.15
C0414,2016,11.92,57.38,25.79
C0414,2017,8.15,23.00,50.72
C0414,2018,9.39,51.48,11.09
C0414,2019,8.91,58.65,17.50
C0414,2020,12.44,38.69,15.31
C0414,2021,7.16,59.82,11.86
C0414,2022,15.55,58.28,50.51
C0414,2023,13.14,46.28,23.98
C0414,2024,21.80,53.90,46.45
C0415,2015,21.52,31.86,17.10
C0415,2016,21.49,56.70,30.45
C0415,2017,14.39,43.68,15.82
C0415,2018,10.82,40.39,10.12
C0415,2019,13.31,53.43,40.66
C0415,2020,18.75,55.58,34.05
C0415,2021,15.60,48.05,30.83
C0415,2022,17.49,21.00,13.93
C0415,2023,18.87,43.89,39.41
C0415,2024,23.37,52.87,49.00
C0416,2015,23.88,41.81,13.36
C0416,2016,21.81,57.39,30.67
C0416,2017,6.30,55.89,25.58
C0416,2018,24.59,41.19,54.59
C0416,2019,19.07,36.15,23.13
C0416,2020,18.87,22.20,57.21
C0416,2021,5.46,45.30,51.42
C0416,2022,14.59,30.64,15.01
C0416,2023,17.53,46.74,34.03
C0416,2024,10.57,51.95,42.45
C0417,2015,6.66,36.35,39.65
C0417,2016,15.65,20.62,43.96
C0417,2017,13.93,54.61,31.32
C0417,2018,5.88,41.96,55.24
C0417,2019,15.39,32.59,23.52
C0417,2020,7.15,45.35,14.71
C0417,2021,13.49,46.98,58.90
C0417,2022,10.41,25.90,42.60
C0417,2023,24.41,45.86,42.96
C0417,2024,5.69,31.47,50.88
C0418,2015,16.20,52.14,31.07
C0418,2016,8.04,57.66,29.31
C0418,2017,11.39,24.11,57.46
C0418,2018,8.68,56.69,29.34
C0418,2019,24.90,56.14,13.92
C0418,2020,5.65,33.72,25.39
C0418,2021,15.83,21.15,53.68
C0418,2022,17.16,46.53,14.75
C0418,2023,20.44,33.79,45.84
C0418,2024,17.52,27.67,23.32
C0419,2015,9.63,24.34,47.29
C0419,2016,16.96,27.84,35.73
C0419,2017,24.50,29.50,41.83
C0419,2018,21.97,51.83,22.16
C0419,2019,14.07,51.35,18.41
C0419,2020,14.55,39.78,13.17
C0419,2021,7.66,42.13,51.28
C0419,2022,16.40,56.71,45.52
C0419,2023,10.60,56.32,24.67
C0419,2024,7.16,53.15,51.85
C0420,2015,14.48,34.97,51.68
C0420,2016,5.90,34.66,16.89
C0420,2017,7.40,55.52,45.68
C0420,2018,9.38,57.06,24.61
C0420,2019,24.81,51.94,33.36
C0420,2020,21.17,50.29,31.51
C0420,2021,15.84,42.33,40.01
C0420,2022,9.65,33.53,27.36
C0420,2023,15.38,29.63,13.66
C0420,2024,17.98,25.61,43.63
C0421,2015,5.09,49.13,58.03
C0421,2016,24.76,51.08,43.39
C0421,2017,17.54,34.35,36.98
C0421,2018,24.76,20.24,18.18
C0421,2019,14.38,57.54,41.26
C0421,2020,17.47,37.48,40.55
C0421,2021,14.23,58.98,40.94
C0421,2022,5.19,47.09,54.62
C0421,2023,22.00,24.96,45.82
C0421,2024,13.98,33.08,49.17
C0422,2015,14.42,46.28,25.67
C0422,2016,12.20,45.97,23.52
C0422,2017,13.65,29.28,20.34
C0422,2018,19.51,27.07,48.92
C0422,2019,19.01,31.07,44.93
C0422,2020,21.17,51.48,27.10
C0422,2021,24.49,29.67,17.06
C0422,2022,12.82,48.07,52.33
C0422,2023,11.78,54.80,29.21
C0422,2024,14.87,35.66,19.49
C0423,2015,8.09,20.28,17.22
C0423,2016,20.16,25.68,55.98
C0423,2017,16.62,32.48,16.51
C0423,2018,9.23,27.60,27.98
C0423,2019,22.28,31.58,41.61
C0423,2020,17.38,41.76,30.40
C0423,2021,5.68,20.84,33.87
C0423,2022,8.93,22.57,50.13
C0423,2023,22.82,54.23,59.96
C0423,2024,12.62,40.89,33.36
C0424,2015,24.69,57.42,28.94
C0424,2016,15.60,20.13,30.34
C0424,2017,9.16,20.01,28.46
C0424,2018,16.88,49.58,33.69
C0424,2019,7.05,39.05,26.66
C0424,2020,21.15,56.55,33.13
C0424,2021,17.56,51.46,57.27
C0424,2022,24.28,40.16,24.31
C0424,2023,18.80,39.14,42.59
C0424,2024,5.98,52.45,34.35
C0425,2015,14.53,52.15,46.62
C0425,2016,15.63,31.08,33.61
C0425,2017,23.34,46.99,18.03
C0425,2018,13.65,45.73,53.62
C0425,2019,16.87,54.24,43.79
C0425,2020,8.72,54.74,36.29
C0425,2021,9.89,30.73,51.55
C0425,2022,15.97,55.19,58.81
C0425,2023,18.94,56.98,30.47
C0425,2024,13.71,24.39,27.65
C0426,2015,13.65,42.95,47.68
C0426,2016,10.12,37.46,32.73
C0426,2017,18.96,36.08,14.29
C0426,2018,5.11,48.19,27.72
C0426,2019,15.26,25.18,50.43
C0426,2020,5.07,52.80,45.33
C0426,2021,16.87,21.06,53.14
C0426,2022,5.62,43.13,17.33
C0426,2023,23.80,29.01,22.20
C0426,2024,14.56,46.70,20.74
C0427,2015,18.68,41.02,58.57
C0427,2016,22.07,59.99,18.45
C0427,2017,9.71,54.49,39.90
C0427,2018,15.80,33.47,41.65
C0427,2019,22.27,41.14,40.94
C0427,2020,15.76,32.71,44.58
C0427,2021,12.86,49.15,34.20
C0427,2022,12.38,36.90,14.18
C0427,2023,12.68,24.62,45.06
C0427,2024,17.31,46.43,24.06
C0428,2015,5.91,20.44,13.79
C0428,2016,13.31,31.89,18.49
C0428,2017,16.21,56.29,24.36
C0428,2018,20.73,23.77,31.62
C0428,2019,15.60,40.18,53.07
C0428,2020,23.52,51.80,36.83
C0428,2021,13.88,56.18,33.60
C0428,2022,18.02,42.39,19.56
C0428,2023,5.35,26.13,57.96
C0428,2024,9.77,57.63,55.43
C0429,2015,21.31,49.97,50.80
C0429,2016,16.72,35.83,26.16
C0429,2017,23.92,31.08,38.08
C0429,2018,20.06,21.91,29.44
C0429,2019,13.99,27.66,30.15
C0429,2020,20.57,51.11,13.61
C0429,2021,14.36,24.35,17.00
C0429,2022,11.60,25.18,58.06
C0429,2023,5.94,27.84,40.50
C0429,2024,22.31,35.81,10.32
C0430,2015,13.38,27.56,50.46
C0430,2016,18.70,56.17,14.35
C0430,2017,8.06,30.31,45.41
C0430,2018,21.58,56.78,41.04
C0430,2019,21.48,59.40,13.15
C0430,2020,14.64,50.19,36.55
C0430,2021,18.44,20.30,12.37
C0430,2022,15.43,29.60,13.22
C0430,2023,16.05,30.69,12.56
C0430,2024,22.78,41.71,22.77
C0431,2015,24.34,26.34,50.09
C0431,2016,12.35,23.09,28.12
C0431,2017,11.63,27.05,41.98
C0431,2018,11.08,33.09,16.24
C0431,2019,20.42,21.97,56.64
C0431,2020,19.46,27.81,35.21
C0431,2021,5.88,26.70,11.23
C0431,2022,6.77,50.89,36.87
C0431,2023,17.92,26.78,19.23
C0431,2024,10.50,51.66,19.79
C0432,2015,6.83,40.33,40.02
C0432,2016,13.27,50.31,21.32
C0432,2017,22.55,38.01,20.70
C0432,2018,12.33,56.04,37.05
C0432,2019,18.91,31.06,21.77
C0432,2020,23.01,50.67,15.53
C0432,2021,8.39,26.54,30.41
C0432,2022,17.19,55.31,12.60
C0432,2023,23.15,21.14,55.27
C0432,2024,8.87,38.30,32.58
C0433,2015,24.77,36.85,10.65
C0433,2016,12.30,44.95,21.23
C0433,2017,9.35,37.64,57.89
C0433,2018,21.76,43.56,34.82
C0433,2019,14.36,54.47,27.94
C0433,2020,18.41,25.68,25.76
C0433,2021,14.79,29.77,30.85
C0433,2022,17.87,52.11,20.59
C0433,2023,5.71,29.12,47.46
C0433,2024,12.00,56.23,35.42
C0434,2015,18.15,41.63,47.57
C0434,2016,12.02,23.27,22.72
C0434,2017,20.52,20.83,10.07
C0434,2018,24.22,50.52,58.31
C0434,2019,5.75,54.25,35.60
C0434,2020,22.11,29.59,13.99
C0434,2021,8.38,29.63,15.19
C0434,2022,23.35,58.16,31.73
C0434,2023,23.94,46.25,44.76
C0434,2024,16.38,26.70,29.83
C0435,2015,14.58,37.94,51.01
C0435,2016,20.17,56.42,26.45
C0435,2017,23.36,44.85,12.28
C0435,2018,9.65,36.30,10.41
C0435,2019,12.65,26.04,52.97
C0435,2020,13.35,49.04,59.22
C0435,2021,21.92,31.05,16.64
C0435,2022,7.74,42.64,13.10
C0435,2023,17.46,44.01,55.72
C0435,2024,12.02,42.22,15.04
C0436,2015,22.71,29.86,21.42
C0436,2016,11.80,48.33,50.08
C0436,2017,24.56,42.64,59.90
C0436,2018,5.31,36.15,34.30
C0436,2019,9.79,22.09,20.54
C0436,2020,14.15,33.25,52.39
C0436,2021,10.13,34.10,29.72
C0436,2022,19.75,51.65,23.63
C0436,2023,21.29,40.54,34.52
C0436,2024,18.95,57.28,52.79
C0437,2015,24.41,50.03,21.65
C0437,2016,14.12,41.52,31.19
C0437,2017,24.60,26.76,32.21
C0437,2018,7.49,28.84,51.64
C0437,2019,21.92,26.40,43.80
C0437,2020,5.77,37.71,49.02
C0437,2021,15.64,48.90,44.67
C0437,2022,14.69,50.37,39.63
C0437,2023,22.13,23.85,16.62
C0437,2024,19.01,39.84,51.65
C0438,2015,13.82,39.26,40.36
C0438,2016,22.91,37.56,45.06
C0438,2017,22.72,32.05,48.94
C0438,2018,5.49,39.03,25.58
C0438,2019,22.42,40.66,31.87
C0438,2020,15.53,43.99,37.06
C0438,2021,21.78,35.09,27.14
C0438,2022,8.63,57.80,22.93
C0438,2023,8.02,33.55,48.84
C0438,2024,19.44,55.80,47.69
C0439,2015,10.51,52.05,51.59
C0439,2016,16.18,38.61,44.83
C0439,2017,18.78,39.85,25.59
C0439,2018,17.21,54.79,26.35
C0439,2019,18.98,39.71,36.39
C0439,2020,17.41,47.18,51.78
C0439,2021,12.58,52.37,27.31
C0439,2022,6.81,56.32,48.30
C0439,2023,22.11,28.73,25.28
C0439,2024,21.92,59.01,26.93
C0440,2015,5.11,58.61,47.62
C0440,2016,21.82,31.89,43.93
C0440,2017,8.02,44.55,20.41
C0440,2018,11.66,21.88,51.35
C0440,2019,13.27,26.71,49.23
C0440,2020,18.59,43.35,49.87
C0440,2021,6.85,46.00,33.52
C0440,2022,21.53,41.38,26.43
C0440,2023,23.85,48.19,52.49
C0440,2024,24.05,51.72,39.41
C0441,2015,6.84,26.74,56.55
C0441,2016,23.39,46.38,22.69
C0441,2017,16.36,42.50,58.78
C0441,2018,19.54,24.70,28.96
C0441,2019,23.61,29.14,29.22
C0441,2020,18.22,36.79,21.94
C0441,2021,14.13,54.55,58.25
C0441,2022,15.50,28.68,11.99
C0441,2023,18.69,27.32,33.67
C0441,2024,23.89,48.84,28.27
C0442,2015,22.80,59.03,17.96
C0442,2016,16.54,37.89,45.66
C0442,2017,9.22,34.01,54.92
C0442,2018,11.93,30.16,22.18
C0442,2019,12.24,21.99,34.88
C0442,2020,10.78,27.14,38.91
C0442,2021,19.93,23.74,29.52
C0442,2022,21.72,39.76,56.08
C0442,2023,11.40,59.13,33.08
C0442,2024,21.92,51.50,59.14
C0443,2015,19.69,44.07,24.76
C0443,2016,13.82,39.47,13.66
C0443,2017,18.97,44.69,38.75
C0443,2018,20.39,35.04,51.17
C0443,2019,16.22,27.14,29.42
C0443,2020,13.86,43.59,19.25
C0443,2021,7.03,41.12,46.91
C0443,2022,5.03,57.78,23.54
C0443,2023,23.75,45.99,48.49
C0443,2024,10.35,50.94,23.12
C0444,2015,18.26,23.71,37.86
C0444,2016,23.87,50.44,54.38
C0444,2017,21.37,59.31,20.23
C0444,2018,7.45,46.30,51.03
C0444,2019,21.04,49.68,23.27
C0444,2020,19.53,59.18,43.03
C0444,2021,11.59,35.65,22.19
C0444,2022,18.79,52.97,15.73
C0444,2023,21.52,35.99,43.20
C0444,2024,10.83,37.04,39.74
C0445,2015,22.38,46.33,30.07
C0445,2016,6.58,30.26,11.83
C0445,2017,15.55,59.71,33.76
C0445,2018,9.66,33.17,17.44
C0445,2019,19.56,24.91,27.97
C0445,2020,8.50,32.90,39.31
C0445,2021,11.83,54.24,56.97
C0445,2022,7.55,32.56,35.57
C0445,2023,21.24,44.45,19.74
C0445,2024,7.65,57.41,57.31
C0446,2015,19.46,30.40,11.30
C0446,2016,19.14,25.25,42.14
C0446,2017,7.85,23.87,23.12
C0446,2018,16.32,37.61,47.88
C0446,2019,14.94,24.17,26.56
C0446,2020,16.89,38.15,31.44
C0446,2021,23.74,54.51,48.52
C0446,2022,6.61,51.10,54.89
C0446,2023,21.41,43.27,19.13
C0446,2024,22.24,54.02,24.81
C0447,2015,7.53,24.01,10.22
C0447,2016,18.12,44.38,52.83
C0447,2017,19.04,24.63,57.36
C0447,2018,15.97,39.29,23.97
C0447,2019,15.06,38.54,29.23
C0447,2020,11.36,30.61,31.45
C0447,2021,18.78,53.19,30.49
C0447,2022,10.71,29.13,29.64
C0447,2023,14.20,42.08,33.79
C0447,2024,22.15,39.29,17.69
C0448,2015,6.79,37.27,12.88
C0448,2016,15.57,21.34,46.18
C0448,2017,14.72,47.87,52.33
C0448,2018,12.57,20.51,50.51
C0448,2019,16.95,52.82,41.33
C0448,2020,5.31,30.66,58.44
C0448,2021,14.85,24.80,10.08
C0448,2022,14.71,36.68,25.98
C0448,2023,15.32,42.37,25.50
C0448,2024,9.25,32.41,27.48
C0449,2015,9.15,24.87,50.00
C0449,2016,17.94,20.73,27.57
C0449,2017,6.85,48.15,36.35
C0449,2018,11.12,55.46,40.70
C0449,2019,21.62,24.02,52.27
C0449,2020,7.08,29.23,40.79
C0449,2021,14.36,20.81,29.07
C0449,2022,18.37,55.40,44.74
C0449,2023,7.83,37.79,35.78
C0449,2024,11.25,57.01,36.42
C0450,2015,16.18,38.72,26.76
C0450,2016,11.54,54.49,10.08
C0450,2017,7.20,58.07,27.79
C0450,2018,9.65,33.41,25.14
C0450,2019,7.19,45.63,15.02
C0450,2020,24.67,46.66,19.93
C0450,2021,9.71,20.86,59.04
C0450,2022,15.61,37.53,23.99
C0450,2023,13.57,54.21,35.91
C0450,2024,16.39,57.85,37.47
C0451,2015,14.96,55.97,38.00
C0451,2016,19.54,58.92,12.37
C0451,2017,22.46,46.12,48.57
C0451,2018,10.71,29.31,46.52
C0451,2019,8.67,43.02,58.86
C0451,2020,24.69,36.85,19.23
C0451,2021,22.32,30.35,37.69
C0451,2022,12.28,50.91,50.19
C0451,2023,22.90,45.17,16.22
C0451,2024,18.41,51.60,49.48
C0452,2015,13.75,30.78,23.50
C0452,2016,22.47,56.16,24.04
C0452,2017,18.51,29.55,57.28
C0452,2018,21.53,44.08,25.69
C0452,2019,13.36,22.28,39.21
C0452,2020,20.97,41.64,32.00
C0452,2021,12.34,23.95,13.91
C0452,2022,19.70,33.29,57.52
C0452,2023,13.71,54.43,20.69
C0452,2024,13.10,55.74,23.38
C0453,2015,20.93,50.69,28.86
C0453,2016,7.50,34.71,34.93
C0453,2017,23.56,43.15,17.21
C0453,2018,15.17,28.96,41.50
C0453,2019,17.72,47.13,35.74
C0453,2020,13.11,33.90,25.15
C0453,2021,17.92,28.84,44.63
C0453,2022,19.20,43.40,35.70
C0453,2023,22.37,24.47,52.03
C0453,2024,22.09,47.47,52.77
C0454,2015,12.16,27.48,59.01
C0454,2016,17.32,42.14,13.37
C0454,2017,20.61,35.70,30.26
C0454,2018,20.30,42.65,35.08
C0454,2019,22.82,29.84,21.69
C0454,2020,21.64,32.42,56.10
C0454,2021,19.36,25.61,14.41
C0454,2022,19.98,51.08,31.43
C0454,2023,21.15,22.80,19.26
C0454,2024,21.76,35.06,44.11
C0455,2015,12.05,37.96,45.25
C0455,2016,20.64,27.81,53.63
C0455,2017,23.98,35.39,30.45
C0455,2018,9.66,36.72,48.76
C0455,2019,5.96,28.97,37.48
C0455,2020,6.45,45.57,50.61
C0455,2021,9.33,21.23,14.27
C0455,2022,23.40,27.90,33.17
C0455,2023,7.54,44.96,17.53
C0455,2024,19.95,45.10,49.52
C0456,2015,22.34,30.61,17.63
C0456,2016,22.55,47.32,10.40
C0456,2017,13.33,38.79,56.48
C0456,2018,14.91,41.09,34.23
C0456,2019,11.46,33.30,59.26
C0456,2020,7.95,59.37,32.65
C0456,2021,9.24,49.50,39.54
C0456,2022,7.70,29.94,47.21
C0456,2023,13.15,29.46,24.04
C0456,2024,8.41,50.97,16.64
C0457,2015,13.07,35.52,43.06
C0457,2016,22.02,23.66,35.53
C0457,2017,18.09,21.42,51.34
C0457,2018,18.26,36.56,12.25
C0457,2019,21.24,36.59,37.24
C0457,2020,5.82,48.27,19.29
C0457,2021,20.89,42.99,40.87
C0457,2022,8.93,50.80,48.02
C0457,2023,11.92,32.71,23.15
C0457,2024,11.16,44.97,34.09
C0458,2015,7.11,55.43,31.01
C0458,2016,8.47,22.77,47.74
C0458,2017,24.13,48.34,39.99
C0458,2018,17.01,48.64,16.04
C0458,2019,14.48,51.76,58.84
C0458,2020,20.16,30.76,55.62
C0458,2021,21.27,36.66,38.94
C0458,2022,7.21,29.59,48.87
C0458,2023,19.82,32.34,11.00
C0458,2024,23.65,58.74,20.07
C0459,2015,16.71,37.83,48.39
C0459,2016,17.28,53.94,15.31
C0459,2017,22.41,51.80,12.14
C0459,2018,18.59,37.78,40.79
C0459,2019,24.91,59.69,11.71
C0459,2020,10.65,53.63,19.16
C0459,2021,21.91,39.31,14.00
C0459,2022,17.25,32.39,36.71
C0459,2023,12.31,23.01,43.85
C0459,2024,22.66,38.59,19.17
C0460,2015,24.92,34.40,33.44
C0460,2016,6.16,48.46,11.01
C0460,2017,23.51,20.79,23.23
C0460,2018,9.06,53.26,18.98
C0460,2019,9.10,36.67,18.30
C0460,2020,5.84,38.79,21.25
C0460,2021,23.44,27.31,50.27
C0460,2022,20.19,57.50,57.49
C0460,2023,6.07,35.94,45.30
C0460,2024,17.67,53.71,13.61
C0461,2015,7.40,29.50,41.41
C0461,2016,20.03,23.87,46.71
C0461,2017,13.18,45.43,15.56
C0461,2018,6.04,59.38,24.72
C0461,2019,21.59,45.88,31.42
C0461,2020,16.45,44.35,25.54
C0461,2021,20.46,37.69,35.92
C0461,2022,18.49,31.35,16.55
C0461,2023,13.69,37.23,32.24
C0461,2024,18.97,25.96,46.66
C0462,2015,5.30,30.48,33.05
C0462,2016,11.79,39.50,20.52
C0462,2017,20.56,25.79,50.11
C0462,2018,20.26,51.66,29.72
C0462,2019,22.75,20.46,31.25
C0462,2020,17.22,32.86,27.88
C0462,2021,23.84,40.67,24.49
C0462,2022,16.15,57.16,40.10
C0462,2023,15.01,42.94,19.39
C0462,2024,8.94,31.80,48.46
C0463,2015,20.58,34.09,34.08
C0463,2016,18.84,33.57,54.18
C0463,2017,14.22,27.21,56.94
C0463,2018,6.74,25.79,29.15
C0463,2019,7.51,39.23,17.94
C0463,2020,7.29,30.81,35.26
C0463,2021,12.51,23.67,23.52
C0463,2022,8.18,28.66,31.33
C0463,2023,22.22,40.83,28.87
C0463,2024,22.99,30.28,32.52
C0464,2015,22.14,29.51,34.93
C0464,2016,17.18,44.83,41.37
C0464,2017,16.93,47.58,10.19
C0464,2018,22.82,29.65,22.82
C0464,2019,13.13,38.89,18.51
C0464,2020,6.25,50.58,45.52
C0464,2021,14.41,47.60,51.62
C0464,2022,16.07,22.77,46.29
C0464,2023,15.99,34.40,58.73
C0464,2024,8.18,48.93,13.86
C0465,2015,20.67,27.18,33.24
C0465,2016,19.64,27.84,54.97
C0465,2017,9.60,45.21,25.95
C0465,2018,16.02,31.35,50.12
C0465,2019,20.81,32.95,38.09
C0465,2020,5.15,40.91,58.93
C0465,2021,10.50,50.02,28.55
C0465,2022,14.44,39.93,30.86
C0465,2023,21.90,55.74,18.19
C0465,2024,20.98,24.27,17.98
C0466,2015,8.02,50.17,53.05
C0466,2016,14.25,41.75,30.36
C0466,2017,11.09,52.67,41.02
C0466,2018,13.03,32.66,47.61
C0466,2019,15.81,39.28,31.91
C0466,2020,14.99,52.94,57.69
C0466,2021,7.83,53.27,56.91
C0466,2022,7.43,35.04,44.01
C0466,2023,7.61,52.89,59.76
C0466,2024,21.83,47.30,10.13
C0467,2015,5.40,36.38,10.46
C0467,2016,9.05,58.79,13.38
C0467,2017,24.12,21.24,57.18
C0467,2018,6.32,35.31,40.24
C0467,2019,5.73,32.28,56.39
C0467,2020,12.75,57.43,16.35
C0467,2021,8.02,23.98,11.60
C0467,2022,16.32,45.12,37.16
C0467,2023,11.77,48.67,18.76
C0467,2024,9.18,27.37,52.99
C0468,2015,24.97,26.00,31.02
C0468,2016,11.82,21.91,48.52
C0468,2017,17.82,26.36,35.82
C0468,2018,22.48,52.33,36.43
C0468,2019,23.45,57.76,44.09
C0468,2020,13.20,56.06,26.77
C0468,2021,24.52,34.61,57.44
C0468,2022,19.49,49.04,30.02
C0468,2023,16.67,53.08,29.90
C0468,2024,18.87,52.50,45.37
C0469,2015,12.20,22.51,41.81
C0469,2016,13.49,28.59,59.79
C0469,2017,16.73,57.56,52.51
C0469,2018,11.54,49.60,24.23
C0469,2019,20.38,53.37,15.08
C0469,2020,10.02,40.56,15.33
C0469,2021,20.94,35.72,28.08
C0469,2022,8.04,46.05,33.86
C0469,2023,9.35,38.91,41.86
C0469,2024,20.06,34.95,52.89
C0470,2015,10.26,33.92,59.48
C0470,2016,20.91,26.32,30.44
C0470,2017,20.68,41.18,37.28
C0470,2018,10.15,40.79,40.04
C0470,2019,6.46,43.63,37.93
C0470,2020,8.33,24.65,14.52
C0470,2021,20.05,56.60,15.75
C0470,2022,21.94,49.68,54.44
C0470,2023,12.66,25.24,43.78
C0470,2024,8.28,23.17,43.94
C0471,2015,6.51,45.72,50.74
C0471,2016,9.32,33.66,14.21
C0471,2017,24.59,32.76,30.77
C0471,2018,8.41,53.60,22.33
C0471,2019,6.72,33.81,43.04
C0471,2020,20.71,45.29,20.75
C0471,2021,17.31,41.48,44.61
C0471,2022,15.70,30.52,29.40
C0471,2023,13.96,33.27,31.97
C0471,2024,19.04,57.73,50.90
C0472,2015,18.97,33.25,27.41
C0472,2016,13.49,51.36,22.83
C0472,2017,9.68,54.45,52.51
C0472,2018,21.83,22.84,44.27
C0472,2019,8.29,46.52,30.19
C0472,2020,15.68,49.97,34.93
C0472,2021,18.85,37.36,27.39
C0472,2022,17.78,42.77,37.56
C0472,2023,17.38,26.47,16.93
C0472,2024,18.25,32.74,54.42
C0473,2015,22.51,48.31,37.70
C0473,2016,12.31,44.10,29.26
C0473,2017,17.55,25.46,38.58
C0473,2018,18.94,59.52,18.06
C0473,2019,16.81,57.51,13.92
C0473,2020,23.06,28.96,37.41
C0473,2021,18.10,55.00,13.52
C0473,2022,13.49,30.69,43.04
C0473,2023,21.91,42.55,50.01
C0473,2024,14.79,51.28,59.42
C0474,2015,15.60,33.76,48.46
C0474,2016,16.65,42.21,58.71
C0474,2017,11.46,38.01,11.11
C0474,2018,19.45,50.41,37.94
C0474,2019,6.96,39.15,18.24
C0474,2020,22.38,42.68,22.26
C0474,2021,20.09,53.82,46.73
C0474,2022,12.07,47.95,22.64
C0474,2023,9.53,41.10,18.99
C0474,2024,12.76,38.45,28.59
C0475,2015,21.10,25.07,14.16
C0475,2016,5.63,22.25,17.32
C0475,2017,14.36,58.11,17.32
C0475,2018,10.08,27.46,21.30
C0475,2019,22.50,31.07,53.54
C0475,2020,13.28,44.44,24.76
C0475,2021,18.96,53.12,23.69
C0475,2022,12.16,53.33,16.30
C0475,2023,11.59,53.19,10.81
C0475,2024,11.52,59.12,18.02
C0476,2015,18.56,22.23,46.15
C0476,2016,24.28,35.99,58.49
C0476,2017,9.16,56.54,47.19
C0476,2018,17.88,38.69,52.66
C0476,2019,10.31,54.85,49.34
C0476,2020,15.99,20.71,24.80
C0476,2021,15.83,40.17,46.56
C0476,2022,14.00,56.90,47.53
C0476,2023,14.97,30.45,22.93
C0476,2024,22.60,57.19,56.03
C0477,2015,6.77,20.34,59.90
C0477,2016,21.61,23.16,38.06
C0477,2017,14.25,39.07,25.83
C0477,2018,11.67,24.26,27.88
C0477,2019,8.54,29.02,39.12
C0477,2020,21.30,31.90,10.39
C0477,2021,16.84,39.26,25.42
C0477,2022,19.57,35.62,12.45
C0477,2023,11.30,56.89,41.21
C0477,2024,12.86,55.44,40.20
C0478,2015,23.27,49.92,39.55
C0478,2016,24.22,46.37,17.55
C0478,2017,19.80,28.17,57.23
C0478,2018,19.99,44.07,36.71
C0478,2019,18.89,25.88,37.79
C0478,2020,16.74,38.11,37.21
C0478,2021,16.90,38.46,36.22
C0478,2022,24.28,47.59,56.92
C0478,2023,20.02,53.41,40.10
C0478,2024,18.11,32.82,34.26
C0479,2015,8.78,21.65,48.32
C0479,2016,24.54,21.88,22.57
C0479,2017,15.41,54.99,19.60
C0479,2018,23.87,39.45,31.96
C0479,2019,19.27,29.92,10.78
C0479,2020,5.80,21.29,24.68
C0479,2021,15.78,41.15,31.00
C0479,2022,22.85,25.48,38.93
C0479,2023,6.04,36.68,37.16
C0479,2024,22.33,40.64,28.37
C0480,2015,17.27,29.17,27.16
C0480,2016,5.89,27.95,10.07
C0480,2017,12.47,20.79,54.06
C0480,2018,5.60,43.42,21.56
C0480,2019,5.03,28.02,27.90
C0480,2020,22.93,55.13,11.01
C0480,2021,19.97,44.15,57.84
C0480,2022,10.79,42.26,34.73
C0480,2023,7.27,40.19,11.16
C0480,2024,6.09,28.61,22.56
C0481,2015,23.34,58.78,53.96
C0481,2016,17.51,58.68,28.79
C0481,2017,8.21,32.85,44.47
C0481,2018,18.63,51.05,40.69
C0481,2019,24.98,24.77,33.60
C0481,2020,20.76,51.22,51.66
C0481,2021,13.93,31.45,12.02
C0481,2022,21.28,31.57,55.62
C0481,2023,19.89,40.29,45.90
C0481,2024,6.77,35.69,53.19
C0482,2015,23.51,24.71,10.85
C0482,2016,22.68,43.72,14.24
C0482,2017,16.81,28.55,20.29
C0482,2018,15.16,37.78,39.68
C0482,2019,9.55,29.24,14.62
C0482,2020,21.69,54.30,56.58
C0482,2021,13.64,33.52,47.43
C0482,2022,16.59,55.50,50.38
C0482,2023,8.40,33.04,39.19
C0482,2024,9.28,27.18,41.55
C0483,2015,24.70,43.07,21.05
C0483,2016,14.88,42.21,55.50
C0483,2017,21.31,44.76,42.45
C0483,2018,21.59,32.09,30.89
C0483,2019,24.63,32.80,54.08
C0483,2020,24.66,29.50,53.19
C0483,2021,14.14,57.14,10.03
C0483,2022,24.01,47.32,56.24
C0483,2023,12.31,50.25,28.17
C0483,2024,17.15,27.77,31.11
C0484,2015,21.43,46.46,14.27
C0484,2016,23.28,50.51,53.88
C0484,2017,15.48,33.70,36.96
C0484,2018,13.36,26.31,55.29
C0484,2019,19.57,47.88,49.04
C0484,2020,14.12,44.45,54.90
C0484,2021,18.44,43.02,57.41
C0484,2022,21.08,27.30,54.30
C0484,2023,21.82,30.50,20.49
C0484,2024,10.09,45.00,13.51
C0485,2015,16.43,44.54,41.01
C0485,2016,5.50,42.19,17.75
C0485,2017,20.96,50.73,53.16
C0485,2018,7.50,52.59,57.37
C0485,2019,22.43,31.06,16.06
C0485,2020,13.14,26.30,21.79
C0485,2021,8.35,28.05,41.26
C0485,2022,20.92,31.25,46.26
C0485,2023,9.01,57.91,35.62
C0485,2024,12.89,25.49,28.45
C0486,2015,16.34,55.15,25.30
C0486,2016,12.20,28.14,43.30
C0486,2017,8.58,33.94,47.23
C0486,2018,13.12,25.03,24.44
C0486,2019,7.88,24.13,26.30
C0486,2020,19.38,23.81,33.00
C0486,2021,8.43,33.71,32.51
C0486,2022,14.65,40.95,52.13
C0486,2023,16.21,28.03,31.85
C0486,2024,23.90,57.31,58.92
C0487,2015,6.57,43.46,25.55
C0487,2016,23.61,55.40,44.64
C0487,2017,9.16,25.95,47.95
C0487,2018,21.82,25.74,41.52
C0487,2019,6.81,53.87,28.35
C0487,2020,24.77,42.72,22.87
C0487,2021,21.15,57.54,40.21
C0487,2022,6.26,25.88,42.93
C0487,2023,9.28,21.04,22.88
C0487,2024,15.97,56.66,26.82
C0488,2015,15.47,47.95,53.10
C0488,2016,17.59,52.29,50.53
C0488,2017,14.27,31.84,19.19
C0488,2018,19.68,20.12,56.67
C0488,2019,11.97,39.32,41.40
C0488,2020,8.53,59.60,34.84
C0488,2021,5.68,56.30,20.04
C0488,2022,11.50,22.88,46.51
C0488,2023,13.54,27.51,56.04
C0488,2024,18.18,32.45,13.25
C0489,2015,21.13,53.22,36.04
C0489,2016,9.80,52.99,53.86
C0489,2017,14.86,27.40,57.63
C0489,2018,9.67,41.32,13.61
C0489,2019,24.02,40.07,49.55
C0489,2020,17.95,36.57,24.07
C0489,2021,18.56,41.44,37.08
C0489,2022,15.62,31.71,49.19
C0489,2023,10.64,41.26,37.26
C0489,2024,9.01,47.42,15.50
C0490,2015,18.13,22.50,39.53
C0490,2016,23.43,58.69,15.89
C0490,2017,9.26,26.61,27.37
C0490,2018,16.44,34.41,37.91
C0490,2019,15.59,38.83,59.57
C0490,2020,17.83,21.64,46.35
C0490,2021,16.76,41.93,25.17
C0490,2022,10.46,54.80,53.83
C0490,2023,18.83,56.04,21.31
C0490,2024,10.45,33.05,29.20
C0491,2015,18.06,42.35,42.35
C0491,2016,11.00,51.07,30.53
C0491,2017,6.65,30.11,46.48
C0491,2018,7.54,41.14,42.53
C0491,2019,21.68,34.67,43.36
C0491,2020,7.43,35.13,31.01
C0491,2021,11.61,23.77,12.76
C0491,2022,10.75,36.28,53.64
C0491,2023,6.16,26.44,13.70
C0491,2024,16.99,32.05,33.20
C0492,2015,20.98,33.21,25.10
C0492,2016,24.85,37.22,24.82
C0492,2017,23.72,56.68,21.33
C0492,2018,5.99,45.24,23.58
C0492,2019,10.15,58.98,57.77
C0492,2020,13.24,43.63,58.60
C0492,2021,22.50,52.22,38.55
C0492,2022,12.20,53.37,36.23
C0492,2023,16.41,49.56,12.42
C0492,2024,18.19,46.80,50.19
C0493,2015,10.96,36.72,18.53
C0493,2016,16.64,42.69,17.13
C0493,2017,6.02,27.75,31.20
C0493,2018,14.60,44.73,27.38
C0493,2019,12.57,40.57,14.83
C0493,2020,12.12,52.17,17.40
C0493,2021,9.70,56.10,59.62
C0493,2022,21.35,25.31,46.74
C0493,2023,22.64,47.64,39.93
C0493,2024,22.76,58.00,25.18
C0494,2015,12.92,56.72,31.42
C0494,2016,10.18,53.38,41.40
C0494,2017,6.97,21.93,49.21
C0494,2018,18.45,30.10,57.32
C0494,2019,11.60,25.93,16.13
C0494,2020,10.53,57.08,19.58
C0494,2021,12.43,49.96,38.38
C0494,2022,16.09,41.27,56.92
C0494,2023,8.24,59.18,32.63
C0494,2024,24.23,27.79,41.70
C0495,2015,19.65,45.66,24.69
C0495,2016,5.94,44.38,50.59
C0495,2017,11.14,33.62,40.26
C0495,2018,6.01,39.42,29.09
C0495,2019,9.59,29.42,37.13
C0495,2020,10.73,47.08,44.74
C0495,2021,19.36,36.73,20.68
C0495,2022,19.37,20.94,27.07
C0495,2023,5.91,58.03,22.53
C0495,2024,16.76,40.06,58.01
C0496,2015,24.22,48.23,12.15
C0496,2016,17.57,27.88,12.82
C0496,2017,24.21,25.09,27.79
C0496,2018,12.61,56.10,36.90
C0496,2019,14.20,43.64,26.44
C0496,2020,14.91,39.73,52.85
C0496,2021,23.48,40.85,18.47
C0496,2022,12.61,29.45,28.23
C0496,2023,24.67,56.51,34.40
C0496,2024,15.86,28.57,20.11
C0497,2015,9.36,26.32,24.50
C0497,2016,7.07,57.20,57.37
C0497,2017,8.46,30.30,36.01
C0497,2018,5.79,54.50,53.48
C0497,2019,18.85,50.90,23.47
C0497,2020,15.34,35.28,40.62
C0497,2021,19.76,30.16,48.16
C0497,2022,20.65,50.36,31.08
C0497,2023,23.63,43.90,41.24
C0497,2024,7.34,30.16,53.16
C0498,2015,8.72,55.64,17.04
C0498,2016,15.97,48.84,27.74
C0498,2017,7.59,56.37,51.20
C0498,2018,6.85,37.50,21.54
C0498,2019,18.33,25.13,37.81
C0498,2020,19.49,56.96,31.90
C0498,2021,21.87,44.06,43.24
C0498,2022,23.31,44.24,43.40
C0498,2023,13.85,43.37,38.92
C0498,2024,24.60,38.90,57.34
C0499,2015,5.76,30.20,18.77
C0499,2016,22.40,44.52,51.75
C0499,2017,11.43,48.74,34.47
C0499,2018,23.43,56.66,43.09
C0499,2019,9.45,22.89,23.69
C0499,2020,19.82,30.19,14.73
C0499,2021,13.51,51.07,48.89
C0499,2022,12.63,51.01,22.59
C0499,2023,6.19,28.48,29.51
C0499,2024,19.12,27.39,12.38
C0500,2015,8.51,34.69,42.51
C0500,2016,14.26,22.52,44.37
C0500,2017,7.83,49.21,55.08
C0500,2018,17.09,46.79,54.55
C0500,2019,9.62,54.35,45.26
C0500,2020,16.89,37.20,26.11
C0500,2021,23.93,45.47,28.73
C0500,2022,23.42,58.16,29.09
C0500,2023,9.01,58.35,16.48
C0500,2024,6.98,22.84,57.36
