Company_ID,Year,Stock_Price_Start,Stock_Price_End,Annual_Return,Market_Cap
C0001,2015,125.78,123.19,-2.07,165.64
C0001,2016,17.39,14.90,-14.31,408.55
C0001,2017,126.33,110.64,-12.42,497.19
C0001,2018,27.04,24.56,-9.16,420.54
C0001,2019,144.97,133.69,-7.78,173.73
C0001,2020,84.11,79.52,-5.46,355.91
C0001,2021,169.16,161.26,-4.67,267.43
C0001,2022,189.08,202.96,7.34,393.47
C0001,2023,89.25,98.69,10.57,77.40
C0001,2024,97.51,96.07,-1.47,319.43
C0002,2015,122.13,164.19,34.44,387.06
C0002,2016,47.46,53.71,13.19,380.85
C0002,2017,186.19,236.93,27.25,481.83
C0002,2018,92.27,124.98,35.45,30.15
C0002,2019,41.70,37.44,-10.21,173.54
C0002,2020,154.92,163.71,5.67,238.80
C0002,2021,51.64,54.73,5.99,155.57
C0002,2022,37.27,37.74,1.27,155.58
C0002,2023,116.95,94.18,-19.47,88.89
C0002,2024,137.58,177.43,28.96,406.66
C0003,2015,118.22,102.49,-13.31,454.13
C0003,2016,134.74,188.27,39.73,42.08
C0003,2017,31.95,40.38,26.38,78.29
C0003,2018,100.44,115.31,14.80,115.00
C0003,2019,77.83,69.49,-10.72,254.98
C0003,2020,194.94,216.23,10.92,395.79
C0003,2021,19.43,18.59,-4.33,36.66
C0003,2022,66.68,63.44,-4.86,318.77
C0003,2023,188.95,245.21,29.77,75.52
C0003,2024,196.86,202.45,2.84,485.76
C0004,2015,166.73,178.47,7.04,449.49
C0004,2016,24.44,31.91,30.58,474.84
C0004,2017,116.66,99.47,-14.73,53.98
C0004,2018,86.02,99.51,15.68,244.53
C0004,2019,163.23,187.21,14.69,83.46
C0004,2020,20.45,21.58,5.51,300.58
C0004,2021,47.45,61.59,29.79,117.14
C0004,2022,102.95,140.60,36.57,385.54
C0004,2023,39.95,43.12,7.92,322.36
C0004,2024,141.62,152.05,7.37,286.23
C0005,2015,165.95,182.75,10.12,412.79
C0005,2016,143.86,177.50,23.39,250.64
C0005,2017,93.65,112.46,20.08,135.66
C0005,2018,176.89,165.17,-6.63,310.73
C0005,2019,36.16,30.31,-16.17,478.57
C0005,2020,59.46,81.44,36.96,300.98
C0005,2021,103.01,98.55,-4.34,315.18
C0005,2022,21.65,25.62,18.32,467.44
C0005,2023,28.18,36.55,29.71,258.12
C0005,2024,85.51,83.82,-1.98,498.18
C0006,2015,189.34,223.66,18.13,80.67
C0006,2016,182.60,157.90,-13.53,268.98
C0006,2017,98.54,136.17,38.20,107.24
C0006,2018,37.01,30.90,-16.51,227.21
C0006,2019,43.84,46.60,6.29,86.12
C0006,2020,81.73,91.71,12.21,112.04
C0006,2021,49.91,63.60,27.43,106.19
C0006,2022,25.77,22.48,-12.73,160.70
C0006,2023,138.02,146.92,6.45,68.17
C0006,2024,120.48,118.04,-2.02,404.86
C0007,2015,65.35,64.51,-1.28,111.12
C0007,2016,158.00,200.23,26.73,208.87
C0007,2017,157.43,126.46,-19.67,9.01
C0007,2018,103.29,129.06,24.95,53.34
C0007,2019,28.34,36.45,28.62,448.24
C0007,2020,184.51,247.39,34.08,418.74
C0007,2021,137.05,161.18,17.61,420.62
C0007,2022,56.94,56.94,0.01,206.27
C0007,2023,125.99,133.08,5.63,71.62
C0007,2024,86.95,120.16,38.18,54.84
C0008,2015,130.72,173.68,32.87,303.20
C0008,2016,100.04,107.85,7.81,414.27
C0008,2017,102.24,139.64,36.58,450.16
C0008,2018,149.82,193.83,29.38,145.08
C0008,2019,126.61,169.74,34.07,161.19
C0008,2020,25.19,30.48,20.98,51.34
C0008,2021,22.42,29.47,31.46,387.43
C0008,2022,67.95,90.72,33.51,138.57
C0008,2023,91.75,78.46,-14.48,240.98
C0008,2024,62.29,85.91,37.91,464.52
C0009,2015,133.78,133.80,0.02,376.36
C0009,2016,47.07,50.08,6.39,27.32
C0009,2017,143.79,183.35,27.51,5.07
C0009,2018,156.90,188.11,19.89,393.92
C0009,2019,33.62,44.91,33.58,276.70
C0009,2020,133.65,139.05,4.03,360.45
C0009,2021,192.67,197.29,2.40,79.25
C0009,2022,46.64,38.20,-18.10,436.15
C0009,2023,182.77,196.96,7.76,386.89
C0009,2024,125.15,154.49,23.44,445.53
C0010,2015,122.28,119.92,-1.93,171.21
C0010,2016,19.87,21.41,7.76,138.58
C0010,2017,152.18,141.77,-6.84,76.71
C0010,2018,100.87,127.47,26.37,465.11
C0010,2019,147.02,122.96,-16.37,89.24
C0010,2020,163.74,200.30,22.32,60.54
C0010,2021,109.52,112.52,2.74,97.15
C0010,2022,60.09,49.57,-17.50,385.92
C0010,2023,36.90,48.41,31.21,444.88
C0010,2024,40.50,44.25,9.26,405.65
C0011,2015,174.72,202.60,15.96,282.06
C0011,2016,33.48,41.49,23.92,496.95
C0011,2017,83.09,99.13,19.30,35.36
C0011,2018,73.51,91.05,23.85,433.73
C0011,2019,174.44,219.33,25.74,214.43
C0011,2020,100.76,116.23,15.35,228.11
C0011,2021,199.32,203.19,1.94,64.67
C0011,2022,150.04,141.92,-5.41,17.68
C0011,2023,171.68,230.34,34.17,159.00
C0011,2024,28.75,39.73,38.20,88.25
C0012,2015,58.09,58.94,1.46,242.19
C0012,2016,35.73,31.00,-13.26,74.52
C0012,2017,98.09,91.57,-6.65,69.83
C0012,2018,146.47,176.12,20.24,438.61
C0012,2019,42.12,38.07,-9.62,460.73
C0012,2020,34.73,44.04,26.81,482.14
C0012,2021,126.78,171.63,35.38,340.57
C0012,2022,53.76,74.09,37.82,385.74
C0012,2023,101.07,81.42,-19.44,418.06
C0012,2024,19.71,27.10,37.49,329.80
C0013,2015,139.32,173.33,24.41,165.79
C0013,2016,112.85,95.97,-14.96,79.04
C0013,2017,133.01,139.55,4.91,119.40
C0013,2018,62.33,76.04,22.00,420.37
C0013,2019,62.93,86.47,37.40,348.35
C0013,2020,162.26,145.79,-10.15,228.44
C0013,2021,146.53,128.45,-12.34,15.67
C0013,2022,120.15,130.17,8.34,133.84
C0013,2023,129.35,178.61,38.09,364.72
C0013,2024,27.87,38.54,38.28,256.68
C0014,2015,172.67,161.75,-6.33,218.33
C0014,2016,156.28,154.97,-0.84,157.53
C0014,2017,122.19,164.33,34.48,303.86
C0014,2018,184.53,228.99,24.09,483.23
C0014,2019,42.04,58.16,38.34,450.66
C0014,2020,140.46,187.65,33.59,16.22
C0014,2021,192.97,179.28,-7.09,241.00
C0014,2022,68.90,86.53,25.58,165.41
C0014,2023,12.91,10.70,-17.09,255.79
C0014,2024,149.62,193.12,29.07,303.50
C0015,2015,11.33,13.15,16.09,100.81
C0015,2016,175.78,241.46,37.37,391.00
C0015,2017,20.70,28.48,37.60,238.06
C0015,2018,134.03,111.31,-16.95,496.01
C0015,2019,81.66,73.20,-10.37,13.54
C0015,2020,48.63,53.04,9.05,95.67
C0015,2021,180.67,239.87,32.77,345.13
C0015,2022,151.79,195.60,28.87,347.89
C0015,2023,74.68,102.96,37.86,291.51
C0015,2024,63.99,74.92,17.09,486.01
C0016,2015,149.84,142.94,-4.61,208.24
C0016,2016,168.95,137.70,-18.49,209.10
C0016,2017,146.01,136.34,-6.62,455.33
C0016,2018,131.60,158.60,20.52,269.68
C0016,2019,53.31,72.27,35.58,177.51
C0016,2020,172.03,170.75,-0.75,359.75
C0016,2021,152.44,202.04,32.54,310.22
C0016,2022,108.28,112.28,3.69,153.90
C0016,2023,107.20,105.59,-1.50,149.67
C0016,2024,118.14,130.58,10.53,198.41
C0017,2015,167.37,178.31,6.54,36.74
C0017,2016,151.03,203.63,34.83,471.37
C0017,2017,172.69,186.67,8.10,92.33
C0017,2018,106.38,102.81,-3.36,97.72
C0017,2019,128.68,168.00,30.55,323.87
C0017,2020,172.37,241.19,39.92,362.40
C0017,2021,54.14,64.37,18.89,368.68
C0017,2022,94.36,89.67,-4.97,188.16
C0017,2023,127.92,120.67,-5.67,436.79
C0017,2024,183.88,153.47,-16.54,272.46
C0018,2015,13.01,11.01,-15.36,219.86
C0018,2016,50.39,67.97,34.90,405.38
C0018,2017,54.55,46.79,-14.21,122.54
C0018,2018,72.06,78.59,9.06,430.23
C0018,2019,63.54,77.45,21.89,269.88
C0018,2020,122.13,160.01,31.02,450.13
C0018,2021,178.27,160.93,-9.72,101.60
C0018,2022,131.03,139.24,6.27,468.10
C0018,2023,55.89,53.15,-4.91,344.25
C0018,2024,174.11,166.02,-4.65,309.55
C0019,2015,130.09,127.79,-1.77,211.61
C0019,2016,51.60,59.46,15.23,478.20
C0019,2017,78.72,63.76,-19.01,222.52
C0019,2018,160.09,167.34,4.53,249.77
C0019,2019,150.40,137.18,-8.79,390.97
C0019,2020,119.55,165.01,38.03,143.14
C0019,2021,37.51,43.12,14.96,146.46
C0019,2022,162.62,214.80,32.09,387.87
C0019,2023,68.43,62.78,-8.26,65.16
C0019,2024,156.60,201.39,28.60,411.66
C0020,2015,133.04,139.54,4.89,312.96
C0020,2016,60.19,54.57,-9.34,270.00
C0020,2017,50.35,63.28,25.67,115.33
C0020,2018,34.87,43.84,25.72,393.40
C0020,2019,55.97,78.22,39.75,402.67
C0020,2020,39.99,50.73,26.86,241.99
C0020,2021,127.24,112.88,-11.28,195.20
C0020,2022,123.77,122.97,-0.65,123.83
C0020,2023,121.37,129.99,7.10,377.36
C0020,2024,131.96,115.60,-12.40,320.09
C0021,2015,164.81,209.77,27.28,104.11
C0021,2016,183.58,204.87,11.60,397.44
C0021,2017,53.77,73.49,36.67,441.22
C0021,2018,121.68,140.36,15.36,30.56
C0021,2019,24.88,27.71,11.37,386.44
C0021,2020,32.83,27.67,-15.71,426.55
C0021,2021,134.32,119.50,-11.04,495.76
C0021,2022,102.45,134.18,30.97,119.56
C0021,2023,154.08,214.85,39.44,186.13
C0021,2024,90.88,95.34,4.91,483.13
C0022,2015,34.24,44.04,28.61,47.91
C0022,2016,175.69,206.71,17.66,262.33
C0022,2017,25.75,35.42,37.54,253.87
C0022,2018,45.90,43.28,-5.71,303.67
C0022,2019,62.63,70.57,12.69,166.07
C0022,2020,199.10,208.12,4.53,463.03
C0022,2021,89.20,100.36,12.50,135.76
C0022,2022,105.32,101.25,-3.87,325.20
C0022,2023,156.24,171.66,9.86,248.47
C0022,2024,130.92,153.81,17.49,134.07
C0023,2015,169.87,144.17,-15.13,95.24
C0023,2016,102.42,127.60,24.58,478.32
C0023,2017,194.71,238.31,22.39,281.08
C0023,2018,161.39,214.38,32.83,302.49
C0023,2019,86.26,91.05,5.55,391.66
C0023,2020,82.44,69.00,-16.30,41.53
C0023,2021,186.60,200.95,7.69,357.17
C0023,2022,140.04,123.59,-11.74,83.40
C0023,2023,128.07,152.21,18.85,370.50
C0023,2024,153.99,127.54,-17.17,71.52
C0024,2015,116.56,119.40,2.44,416.41
C0024,2016,40.24,34.19,-15.03,340.83
C0024,2017,70.65,56.66,-19.80,193.56
C0024,2018,116.01,159.67,37.63,180.06
C0024,2019,13.45,18.80,39.77,75.32
C0024,2020,93.10,105.51,13.33,452.12
C0024,2021,153.60,144.90,-5.66,60.15
C0024,2022,41.20,55.49,34.67,236.57
C0024,2023,22.27,30.14,35.38,119.02
C0024,2024,168.85,221.64,31.27,498.17
C0025,2015,127.28,143.40,12.66,293.34
C0025,2016,43.55,36.79,-15.52,75.64
C0025,2017,163.20,139.22,-14.69,334.11
C0025,2018,135.04,180.69,33.80,495.81
C0025,2019,73.48,97.40,32.55,302.92
C0025,2020,81.48,86.42,6.06,229.23
C0025,2021,39.62,39.50,-0.31,147.34
C0025,2022,168.70,200.16,18.65,46.97
C0025,2023,106.71,137.04,28.42,114.89
C0025,2024,115.83,143.52,23.90,277.26
C0026,2015,177.86,207.99,16.94,377.14
C0026,2016,13.01,12.21,-6.11,439.09
C0026,2017,22.72,21.75,-4.25,397.06
C0026,2018,40.70,50.24,23.44,63.61
C0026,2019,15.71,20.13,28.16,386.96
C0026,2020,135.05,117.45,-13.03,291.22
C0026,2021,130.44,119.01,-8.76,235.08
C0026,2022,50.05,60.48,20.83,286.81
C0026,2023,38.39,39.67,3.34,5.03
C0026,2024,37.68,42.88,13.80,34.80
C0027,2015,191.12,223.39,16.89,263.40
C0027,2016,141.77,179.44,26.57,87.64
C0027,2017,121.23,155.59,28.34,273.22
C0027,2018,71.27,69.00,-3.19,177.75
C0027,2019,92.28,103.79,12.48,453.80
C0027,2020,26.99,23.59,-12.59,474.89
C0027,2021,199.65,260.58,30.52,489.91
C0027,2022,153.47,200.62,30.73,449.57
C0027,2023,128.08,125.48,-2.03,492.96
C0027,2024,121.68,109.07,-10.36,353.37
C0028,2015,105.82,89.11,-15.79,480.31
C0028,2016,58.91,67.45,14.50,321.25
C0028,2017,53.01,45.32,-14.51,404.80
C0028,2018,114.41,138.25,20.84,66.82
C0028,2019,23.34,28.17,20.69,341.62
C0028,2020,24.15,28.22,16.84,465.62
C0028,2021,116.55,154.54,32.59,270.48
C0028,2022,184.76,189.75,2.70,94.22
C0028,2023,183.71,246.42,34.14,263.92
C0028,2024,12.06,9.91,-17.78,353.76
C0029,2015,30.40,26.38,-13.23,385.12
C0029,2016,120.78,126.50,4.73,262.33
C0029,2017,171.21,197.99,15.64,109.47
C0029,2018,191.35,156.79,-18.06,463.42
C0029,2019,173.51,197.88,14.05,387.04
C0029,2020,138.75,136.59,-1.56,136.07
C0029,2021,48.10,64.08,33.23,406.09
C0029,2022,23.80,26.65,12.00,174.58
C0029,2023,19.03,21.93,15.27,156.90
C0029,2024,126.29,172.69,36.74,431.68
C0030,2015,16.88,21.24,25.85,436.74
C0030,2016,150.46,159.93,6.30,199.84
C0030,2017,145.37,157.89,8.61,5.45
C0030,2018,25.13,29.87,18.88,94.10
C0030,2019,182.26,167.70,-7.99,454.74
C0030,2020,109.17,93.14,-14.68,449.48
C0030,2021,181.84,179.43,-1.33,227.22
C0030,2022,181.31,229.72,26.70,152.75
C0030,2023,47.44,45.27,-4.56,152.07
C0030,2024,82.31,72.31,-12.15,448.70
C0031,2015,35.58,33.14,-6.86,163.04
C0031,2016,157.25,189.86,20.74,256.28
C0031,2017,105.78,123.59,16.84,365.77
C0031,2018,186.47,226.19,21.30,105.53
C0031,2019,49.56,49.22,-0.68,127.67
C0031,2020,140.79,188.73,34.05,179.67
C0031,2021,197.95,212.02,7.11,327.46
C0031,2022,136.42,151.19,10.82,408.93
C0031,2023,23.07,31.59,36.93,273.81
C0031,2024,121.80,169.01,38.76,67.33
C0032,2015,44.17,52.87,19.69,223.68
C0032,2016,15.80,21.59,36.69,64.72
C0032,2017,73.64,82.84,12.49,45.06
C0032,2018,60.56,59.61,-1.56,295.22
C0032,2019,159.87,158.12,-1.09,478.15
C0032,2020,81.00,91.96,13.54,418.97
C0032,2021,149.26,173.60,16.30,387.46
C0032,2022,13.09,13.92,6.38,363.80
C0032,2023,12.81,17.05,33.03,448.67
C0032,2024,15.57,16.44,5.60,376.66
C0033,2015,51.68,49.82,-3.59,313.81
C0033,2016,81.06,65.23,-19.52,182.98
C0033,2017,125.49,173.47,38.23,51.37
C0033,2018,197.32,255.45,29.46,231.06
C0033,2019,77.34,90.43,16.93,462.47
C0033,2020,20.58,26.71,29.83,291.97
C0033,2021,47.03,60.49,28.62,93.07
C0033,2022,180.59,245.44,35.91,324.86
C0033,2023,142.88,147.40,3.16,233.27
C0033,2024,160.14,181.42,13.29,465.76
C0034,2015,33.59,28.86,-14.08,81.31
C0034,2016,35.65,49.16,37.92,356.29
C0034,2017,31.33,43.58,39.11,341.12
C0034,2018,172.86,220.13,27.35,491.79
C0034,2019,49.89,53.51,7.25,282.89
C0034,2020,132.20,145.15,9.79,435.92
C0034,2021,108.07,114.69,6.12,13.33
C0034,2022,113.43,110.71,-2.40,62.32
C0034,2023,47.13,52.63,11.67,173.62
C0034,2024,130.70,108.75,-16.79,310.04
C0035,2015,18.19,25.38,39.51,225.09
C0035,2016,198.76,209.58,5.44,102.15
C0035,2017,15.08,20.46,35.64,295.01
C0035,2018,19.53,24.11,23.46,283.78
C0035,2019,71.68,69.82,-2.60,262.70
C0035,2020,168.01,156.79,-6.68,46.19
C0035,2021,58.87,82.26,39.74,463.59
C0035,2022,99.67,125.91,26.33,296.54
C0035,2023,13.42,12.74,-5.02,132.73
C0035,2024,24.99,21.00,-15.95,344.02
C0036,2015,125.51,152.89,21.81,159.64
C0036,2016,46.93,46.07,-1.82,253.42
C0036,2017,141.91,132.37,-6.72,171.22
C0036,2018,159.22,197.59,24.10,440.32
C0036,2019,171.56,207.17,20.76,497.00
C0036,2020,35.42,38.57,8.88,81.43
C0036,2021,96.55,131.84,36.56,12.77
C0036,2022,189.95,229.41,20.78,110.44
C0036,2023,156.70,209.35,33.61,295.39
C0036,2024,32.22,29.46,-8.57,87.80
C0037,2015,105.48,103.15,-2.20,405.93
C0037,2016,185.25,159.82,-13.73,204.93
C0037,2017,93.61,91.99,-1.73,305.66
C0037,2018,169.11,233.89,38.31,228.35
C0037,2019,104.21,143.57,37.77,451.76
C0037,2020,30.29,38.06,25.62,18.53
C0037,2021,38.09,42.38,11.26,364.92
C0037,2022,18.87,23.93,26.85,326.43
C0037,2023,47.11,53.33,13.21,325.11
C0037,2024,179.79,144.21,-19.79,207.58
C0038,2015,133.54,147.02,10.09,8.82
C0038,2016,150.38,174.35,15.94,344.93
C0038,2017,128.12,122.92,-4.06,414.91
C0038,2018,83.44,76.93,-7.80,43.53
C0038,2019,51.20,49.37,-3.57,221.37
C0038,2020,185.87,218.24,17.42,82.13
C0038,2021,107.82,95.70,-11.24,305.86
C0038,2022,101.41,124.96,23.22,393.02
C0038,2023,199.26,209.94,5.36,333.69
C0038,2024,82.95,83.94,1.20,159.71
C0039,2015,172.28,221.27,28.43,70.73
C0039,2016,173.85,191.86,10.36,397.34
C0039,2017,54.21,55.67,2.70,162.63
C0039,2018,28.02,37.18,32.69,12.05
C0039,2019,195.37,199.46,2.10,286.14
C0039,2020,90.92,119.60,31.54,124.09
C0039,2021,10.42,11.49,10.25,420.76
C0039,2022,104.81,96.93,-7.52,72.48
C0039,2023,127.67,149.08,16.77,217.97
C0039,2024,157.46,152.92,-2.88,127.31
C0040,2015,189.16,168.03,-11.17,345.11
C0040,2016,183.88,156.65,-14.81,274.72
C0040,2017,188.63,178.25,-5.50,395.70
C0040,2018,16.10,20.00,24.19,229.85
C0040,2019,145.24,189.21,30.28,3.40
C0040,2020,52.91,69.69,31.70,108.38
C0040,2021,45.64,43.90,-3.79,499.58
C0040,2022,162.06,193.92,19.66,203.27
C0040,2023,89.25,83.74,-6.18,310.50
C0040,2024,184.15,216.13,17.37,452.56
C0041,2015,18.06,24.07,33.23,11.24
C0041,2016,162.41,133.92,-17.55,330.14
C0041,2017,36.00,50.08,39.11,144.90
C0041,2018,43.55,56.45,29.63,140.34
C0041,2019,100.70,126.58,25.70,113.20
C0041,2020,85.16,103.46,21.48,411.54
C0041,2021,102.37,129.21,26.22,187.10
C0041,2022,188.61,263.44,39.68,34.49
C0041,2023,134.90,170.26,26.21,49.33
C0041,2024,65.16,65.87,1.10,75.16
C0042,2015,42.85,50.07,16.84,449.56
C0042,2016,89.81,90.00,0.22,214.29
C0042,2017,95.81,132.42,38.20,458.11
C0042,2018,124.25,166.50,34.01,408.92
C0042,2019,60.54,69.05,14.06,419.10
C0042,2020,155.83,197.71,26.88,144.13
C0042,2021,28.71,38.63,34.58,136.39
C0042,2022,116.49,110.21,-5.38,280.47
C0042,2023,128.47,147.44,14.77,209.54
C0042,2024,49.30,53.69,8.90,255.02
C0043,2015,166.94,210.84,26.30,27.55
C0043,2016,126.93,130.42,2.74,485.82
C0043,2017,132.69,162.59,22.54,30.03
C0043,2018,104.57,108.94,4.18,90.24
C0043,2019,182.82,158.44,-13.34,339.42
C0043,2020,141.85,122.59,-13.57,78.60
C0043,2021,82.55,71.94,-12.86,54.33
C0043,2022,55.34,45.35,-18.05,77.66
C0043,2023,23.50,26.32,11.98,31.90
C0043,2024,41.42,49.83,20.31,126.41
C0044,2015,198.61,173.99,-12.40,136.29
C0044,2016,87.29,101.87,16.71,249.81
C0044,2017,180.75,209.43,15.86,219.92
C0044,2018,42.41,37.67,-11.17,237.38
C0044,2019,90.82,94.67,4.24,308.40
C0044,2020,192.50,241.22,25.31,116.25
C0044,2021,27.32,22.13,-18.99,68.22
C0044,2022,122.86,109.12,-11.18,439.56
C0044,2023,184.64,258.04,39.75,317.34
C0044,2024,190.44,236.17,24.01,31.27
C0045,2015,170.74,184.14,7.85,480.56
C0045,2016,172.63,203.33,17.79,346.84
C0045,2017,133.91,175.12,30.77,76.70
C0045,2018,51.88,67.72,30.54,484.60
C0045,2019,148.83,148.06,-0.52,183.34
C0045,2020,195.89,214.46,9.48,492.27
C0045,2021,109.93,130.03,18.28,52.53
C0045,2022,59.53,50.19,-15.69,80.82
C0045,2023,118.96,162.67,36.75,329.05
C0045,2024,141.22,149.64,5.96,12.05
C0046,2015,49.57,50.69,2.25,10.33
C0046,2016,146.65,197.13,34.43,396.20
C0046,2017,121.61,105.92,-12.90,84.72
C0046,2018,126.35,104.05,-17.64,459.48
C0046,2019,68.14,82.51,21.10,213.52
C0046,2020,39.50,40.73,3.10,436.95
C0046,2021,128.46,161.69,25.87,209.46
C0046,2022,121.38,102.10,-15.89,265.58
C0046,2023,74.22,76.47,3.03,158.94
C0046,2024,66.22,62.33,-5.88,329.38
C0047,2015,75.98,94.50,24.38,159.78
C0047,2016,103.08,96.51,-6.37,112.36
C0047,2017,195.22,209.81,7.48,41.44
C0047,2018,155.08,200.26,29.13,29.78
C0047,2019,171.83,231.84,34.92,153.68
C0047,2020,106.07,130.85,23.36,368.50
C0047,2021,109.96,116.29,5.75,103.60
C0047,2022,48.82,55.81,14.32,150.31
C0047,2023,147.00,178.43,21.38,452.68
C0047,2024,90.10,119.38,32.50,319.94
C0048,2015,151.06,201.39,33.31,459.94
C0048,2016,87.72,119.18,35.86,455.70
C0048,2017,30.62,39.39,28.64,32.64
C0048,2018,42.88,38.08,-11.19,477.55
C0048,2019,164.20,205.02,24.86,26.54
C0048,2020,59.14,76.21,28.88,462.88
C0048,2021,60.23,79.90,32.67,273.82
C0048,2022,186.58,252.80,35.49,267.06
C0048,2023,134.95,149.19,10.55,356.92
C0048,2024,31.72,37.84,19.31,439.73
C0049,2015,37.28,30.04,-19.43,308.89
C0049,2016,61.75,70.62,14.37,213.27
C0049,2017,122.86,133.17,8.39,56.83
C0049,2018,153.04,210.79,37.74,394.82
C0049,2019,62.15,83.35,34.10,65.02
C0049,2020,175.42,224.29,27.86,363.46
C0049,2021,30.74,25.65,-16.58,264.43
C0049,2022,49.44,51.48,4.12,193.53
C0049,2023,194.39,236.69,21.76,306.88
C0049,2024,35.60,29.11,-18.22,386.41
C0050,2015,178.74,168.28,-5.85,470.63
C0050,2016,143.75,191.54,33.25,133.08
C0050,2017,23.89,20.97,-12.21,473.62
C0050,2018,101.90,84.66,-16.92,480.51
C0050,2019,108.61,124.72,14.84,407.00
C0050,2020,187.11,255.94,36.79,440.84
C0050,2021,90.01,117.08,30.08,346.52
C0050,2022,94.89,131.40,38.49,20.51
C0050,2023,31.37,39.28,25.21,287.96
C0050,2024,131.44,139.65,6.24,373.86
C0051,2015,50.07,68.49,36.80,470.91
C0051,2016,24.73,26.12,5.60,285.66
C0051,2017,199.41,201.42,1.01,397.31
C0051,2018,61.23,65.45,6.89,352.81
C0051,2019,36.80,47.41,28.84,141.12
C0051,2020,142.90,193.01,35.06,78.21
C0051,2021,166.12,168.55,1.46,375.70
C0051,2022,22.17,23.89,7.73,117.65
C0051,2023,30.02,40.20,33.90,123.10
C0051,2024,27.13,22.47,-17.18,322.33
C0052,2015,18.92,24.04,27.03,394.75
C0052,2016,135.30,145.11,7.25,291.58
C0052,2017,121.78,124.93,2.59,442.61
C0052,2018,135.93,145.20,6.82,106.51
C0052,2019,106.08,111.51,5.12,126.95
C0052,2020,165.33,207.31,25.40,318.84
C0052,2021,113.87,154.49,35.68,414.85
C0052,2022,184.56,202.07,9.49,270.14
C0052,2023,102.27,132.92,29.96,6.18
C0052,2024,160.23,198.55,23.92,338.79
C0053,2015,87.40,87.26,-0.16,406.98
C0053,2016,92.69,106.82,15.24,139.00
C0053,2017,171.31,205.59,20.01,28.04
C0053,2018,30.46,24.79,-18.59,259.46
C0053,2019,117.33,121.74,3.76,22.04
C0053,2020,148.00,206.55,39.56,208.59
C0053,2021,152.58,180.40,18.24,9.89
C0053,2022,122.38,122.45,0.05,113.26
C0053,2023,95.13,90.38,-5.00,195.02
C0053,2024,59.55,55.12,-7.43,56.74
C0054,2015,182.79,190.28,4.10,57.96
C0054,2016,80.26,73.51,-8.40,413.70
C0054,2017,161.81,142.57,-11.89,21.67
C0054,2018,16.02,16.31,1.84,344.79
C0054,2019,54.11,63.00,16.42,407.43
C0054,2020,75.66,67.17,-11.22,66.23
C0054,2021,137.60,113.74,-17.34,98.49
C0054,2022,70.67,58.01,-17.92,321.11
C0054,2023,17.86,17.15,-3.96,158.51
C0054,2024,43.03,39.34,-8.59,238.74
C0055,2015,59.24,66.56,12.36,418.17
C0055,2016,43.45,46.64,7.34,69.85
C0055,2017,48.71,48.46,-0.51,310.21
C0055,2018,156.10,202.95,30.01,471.26
C0055,2019,88.29,97.38,10.30,29.68
C0055,2020,86.98,74.36,-14.51,30.94
C0055,2021,193.66,189.29,-2.25,277.82
C0055,2022,94.87,131.31,38.40,480.08
C0055,2023,186.26,258.18,38.62,111.02
C0055,2024,66.82,63.67,-4.72,166.07
C0056,2015,86.12,77.54,-9.97,50.23
C0056,2016,85.29,93.60,9.74,181.76
C0056,2017,113.75,123.87,8.89,23.12
C0056,2018,121.01,126.58,4.61,195.16
C0056,2019,57.14,63.86,11.76,278.19
C0056,2020,160.78,151.02,-6.07,487.53
C0056,2021,104.34,90.67,-13.10,409.38
C0056,2022,11.34,12.95,14.23,411.21
C0056,2023,122.35,166.35,35.96,114.84
C0056,2024,161.63,142.66,-11.74,44.53
C0057,2015,57.59,70.42,22.29,301.93
C0057,2016,17.20,18.27,6.27,261.05
C0057,2017,163.36,159.51,-2.36,258.74
C0057,2018,195.49,256.46,31.19,55.39
C0057,2019,24.55,26.36,7.39,247.45
C0057,2020,188.23,216.46,15.00,76.03
C0057,2021,78.26,83.41,6.58,211.64
C0057,2022,188.87,160.31,-15.13,32.02
C0057,2023,133.28,154.20,15.69,428.59
C0057,2024,179.15,188.34,5.13,7.58
C0058,2015,159.31,135.74,-14.79,469.72
C0058,2016,15.32,17.73,15.75,431.58
C0058,2017,22.43,18.08,-19.41,376.55
C0058,2018,109.89,101.66,-7.49,491.29
C0058,2019,34.63,43.93,26.86,27.86
C0058,2020,97.60,80.30,-17.72,321.16
C0058,2021,191.38,227.36,18.80,424.80
C0058,2022,66.00,90.41,36.98,64.18
C0058,2023,102.89,92.88,-9.73,292.80
C0058,2024,83.01,87.18,5.03,197.57
C0059,2015,129.67,148.51,14.53,218.48
C0059,2016,46.83,50.12,7.02,456.35
C0059,2017,59.39,69.62,17.22,269.79
C0059,2018,173.17,180.52,4.25,47.54
C0059,2019,164.15,145.95,-11.09,468.67
C0059,2020,159.95,136.50,-14.66,93.42
C0059,2021,156.47,195.07,24.67,446.43
C0059,2022,97.29,91.76,-5.68,485.49
C0059,2023,148.49,194.29,30.85,439.04
C0059,2024,83.57,104.11,24.58,338.89
C0060,2015,29.13,24.17,-17.03,372.03
C0060,2016,84.74,78.02,-7.93,350.23
C0060,2017,40.15,39.15,-2.48,230.80
C0060,2018,84.26,97.46,15.67,137.94
C0060,2019,66.51,85.53,28.59,143.22
C0060,2020,123.84,103.56,-16.38,365.85
C0060,2021,78.69,74.74,-5.02,313.39
C0060,2022,144.06,147.77,2.57,292.86
C0060,2023,107.31,97.65,-9.00,326.65
C0060,2024,184.70,208.19,12.72,387.62
C0061,2015,27.29,29.66,8.68,374.42
C0061,2016,140.66,139.24,-1.01,53.59
C0061,2017,137.76,152.93,11.01,182.15
C0061,2018,190.62,193.19,1.35,132.72
C0061,2019,80.59,81.07,0.59,269.58
C0061,2020,68.03,65.26,-4.08,31.65
C0061,2021,42.75,48.07,12.43,381.47
C0061,2022,60.40,64.42,6.65,54.16
C0061,2023,105.36,96.70,-8.22,136.43
C0061,2024,169.17,136.65,-19.22,391.59
C0062,2015,64.01,57.01,-10.94,26.73
C0062,2016,39.97,33.00,-17.43,330.44
C0062,2017,61.70,65.34,5.90,462.31
C0062,2018,29.18,27.28,-6.49,309.20
C0062,2019,186.07,195.80,5.23,356.62
C0062,2020,175.80,175.39,-0.23,396.34
C0062,2021,68.61,77.04,12.28,111.90
C0062,2022,56.93,70.27,23.43,290.90
C0062,2023,182.03,197.97,8.76,155.22
C0062,2024,10.34,8.65,-16.28,125.50
C0063,2015,124.11,100.59,-18.95,97.04
C0063,2016,184.04,170.78,-7.21,293.13
C0063,2017,106.63,112.49,5.50,397.47
C0063,2018,10.56,8.74,-17.31,438.07
C0063,2019,51.59,51.41,-0.34,214.86
C0063,2020,185.26,246.81,33.22,187.08
C0063,2021,13.23,11.30,-14.60,343.97
C0063,2022,85.01,116.39,36.91,390.40
C0063,2023,160.05,210.31,31.40,127.41
C0063,2024,169.24,219.85,29.91,149.35
C0064,2015,100.75,132.80,31.82,267.16
C0064,2016,54.17,45.94,-15.20,222.75
C0064,2017,123.94,110.40,-10.93,353.19
C0064,2018,60.12,52.94,-11.94,252.74
C0064,2019,58.50,50.70,-13.33,56.69
C0064,2020,163.44,162.89,-0.34,83.81
C0064,2021,39.31,51.03,29.81,451.05
C0064,2022,11.05,10.51,-4.88,114.47
C0064,2023,73.99,70.03,-5.35,25.99
C0064,2024,103.29,124.51,20.55,366.00
C0065,2015,143.97,123.54,-14.18,342.32
C0065,2016,158.41,160.97,1.62,300.44
C0065,2017,136.07,132.97,-2.27,251.63
C0065,2018,129.04,168.83,30.84,484.82
C0065,2019,136.49,151.33,10.87,60.80
C0065,2020,61.59,73.16,18.79,255.57
C0065,2021,82.65,72.52,-12.26,282.46
C0065,2022,127.12,172.55,35.74,12.22
C0065,2023,22.46,22.31,-0.65,206.58
C0065,2024,66.11,80.93,22.41,391.62
C0066,2015,87.22,119.73,37.28,236.08
C0066,2016,111.35,123.07,10.52,437.76
C0066,2017,102.43,113.14,10.45,322.75
C0066,2018,146.45,127.46,-12.97,383.28
C0066,2019,99.95,103.37,3.42,402.44
C0066,2020,181.78,238.41,31.15,345.06
C0066,2021,82.26,72.48,-11.89,374.94
C0066,2022,109.82,148.31,35.05,347.96
C0066,2023,10.61,12.74,20.04,275.68
C0066,2024,68.99,72.62,5.26,283.70
C0067,2015,174.65,196.99,12.79,95.75
C0067,2016,73.38,65.33,-10.97,413.89
C0067,2017,58.11,54.07,-6.95,156.76
C0067,2018,113.27,110.08,-2.82,268.33
C0067,2019,24.96,25.73,3.09,125.52
C0067,2020,111.00,149.78,34.93,348.24
C0067,2021,67.70,69.09,2.05,487.61
C0067,2022,82.79,92.25,11.43,401.17
C0067,2023,160.36,143.88,-10.28,309.93
C0067,2024,135.77,168.57,24.16,284.19
C0068,2015,94.76,107.66,13.62,245.40
C0068,2016,119.73,127.38,6.39,103.28
C0068,2017,155.70,213.05,36.83,174.66
C0068,2018,151.70,202.43,33.44,203.79
C0068,2019,45.21,54.06,19.57,472.34
C0068,2020,67.17,90.89,35.31,213.37
C0068,2021,76.17,86.74,13.89,293.51
C0068,2022,45.63,59.15,29.62,461.29
C0068,2023,12.31,12.87,4.57,259.69
C0068,2024,43.05,36.68,-14.80,126.47
C0069,2015,163.57,228.42,39.65,191.12
C0069,2016,113.72,102.28,-10.06,188.39
C0069,2017,74.92,71.24,-4.91,357.64
C0069,2018,125.59,112.76,-10.21,148.76
C0069,2019,150.57,150.94,0.25,365.41
C0069,2020,77.34,75.30,-2.64,444.73
C0069,2021,98.55,114.39,16.07,168.70
C0069,2022,22.20,31.03,39.79,68.54
C0069,2023,123.45,102.65,-16.85,319.64
C0069,2024,77.72,98.47,26.71,181.07
C0070,2015,92.37,80.99,-12.32,267.46
C0070,2016,90.29,73.31,-18.81,317.45
C0070,2017,130.16,154.00,18.31,204.46
C0070,2018,118.77,157.25,32.40,462.42
C0070,2019,90.20,81.70,-9.42,200.41
C0070,2020,13.22,13.29,0.50,154.38
C0070,2021,127.98,115.34,-9.87,442.95
C0070,2022,177.12,238.03,34.39,69.01
C0070,2023,156.21,150.31,-3.78,62.98
C0070,2024,196.51,209.64,6.68,467.91
C0071,2015,36.42,48.69,33.68,105.28
C0071,2016,52.28,59.17,13.17,75.07
C0071,2017,112.46,152.91,35.97,268.05
C0071,2018,54.82,74.33,35.59,24.35
C0071,2019,16.56,17.84,7.70,310.39
C0071,2020,86.43,99.35,14.94,227.01
C0071,2021,64.65,60.66,-6.18,320.57
C0071,2022,60.11,83.82,39.43,142.68
C0071,2023,191.10,184.79,-3.30,452.83
C0071,2024,55.31,70.24,27.00,136.02
C0072,2015,34.59,34.17,-1.22,319.14
C0072,2016,33.81,33.40,-1.22,472.60
C0072,2017,163.20,140.73,-13.77,201.00
C0072,2018,145.82,165.64,13.59,81.55
C0072,2019,34.60,32.76,-5.31,35.12
C0072,2020,51.75,46.01,-11.10,481.55
C0072,2021,152.00,142.27,-6.40,382.09
C0072,2022,62.18,59.11,-4.93,459.56
C0072,2023,196.49,216.62,10.25,349.72
C0072,2024,112.71,116.26,3.16,171.88
C0073,2015,46.48,39.29,-15.47,62.39
C0073,2016,173.17,194.23,12.16,464.72
C0073,2017,70.70,89.98,27.26,245.32
C0073,2018,64.87,74.25,14.45,198.86
C0073,2019,72.21,100.00,38.47,289.32
C0073,2020,155.96,134.04,-14.05,54.17
C0073,2021,42.91,55.47,29.27,155.29
C0073,2022,82.54,91.08,10.34,319.30
C0073,2023,15.86,17.65,11.30,50.96
C0073,2024,167.06,185.68,11.15,68.49
C0074,2015,74.74,74.38,-0.48,255.78
C0074,2016,57.15,56.85,-0.53,312.11
C0074,2017,120.18,141.70,17.91,94.31
C0074,2018,143.95,119.03,-17.31,17.51
C0074,2019,164.45,189.66,15.33,479.23
C0074,2020,76.08,93.94,23.48,14.72
C0074,2021,164.34,166.60,1.38,2.02
C0074,2022,98.33,91.49,-6.96,162.35
C0074,2023,29.22,27.11,-7.20,112.00
C0074,2024,170.80,145.03,-15.09,287.22
C0075,2015,114.05,97.38,-14.62,447.21
C0075,2016,124.47,112.02,-10.00,241.07
C0075,2017,188.12,152.66,-18.85,386.88
C0075,2018,116.24,111.56,-4.03,454.70
C0075,2019,11.06,10.88,-1.62,95.51
C0075,2020,175.42,245.08,39.71,244.67
C0075,2021,64.10,89.42,39.50,321.39
C0075,2022,105.34,96.09,-8.78,166.61
C0075,2023,48.93,45.40,-7.22,370.14
C0075,2024,66.43,72.75,9.51,352.95
C0076,2015,140.46,124.91,-11.07,211.13
C0076,2016,91.62,101.00,10.24,44.89
C0076,2017,129.15,134.27,3.96,6.77
C0076,2018,166.48,165.61,-0.52,185.31
C0076,2019,74.76,96.70,29.36,41.95
C0076,2020,117.98,153.01,29.69,391.03
C0076,2021,157.74,219.69,39.27,167.83
C0076,2022,145.87,136.22,-6.61,333.38
C0076,2023,112.57,150.05,33.30,173.84
C0076,2024,82.84,93.01,12.27,398.17
C0077,2015,87.43,100.97,15.49,444.32
C0077,2016,92.30,123.47,33.78,418.92
C0077,2017,76.28,104.17,36.56,242.75
C0077,2018,142.82,176.54,23.61,42.89
C0077,2019,33.83,34.12,0.87,186.48
C0077,2020,193.82,212.00,9.38,212.80
C0077,2021,158.01,184.72,16.90,480.17
C0077,2022,66.65,86.46,29.72,283.18
C0077,2023,18.08,21.61,19.48,320.78
C0077,2024,145.15,147.94,1.93,391.22
C0078,2015,149.53,157.11,5.07,284.53
C0078,2016,193.09,160.31,-16.97,299.64
C0078,2017,58.20,78.84,35.46,123.42
C0078,2018,25.72,21.93,-14.71,30.37
C0078,2019,183.88,211.08,14.80,360.97
C0078,2020,59.14,78.25,32.30,424.49
C0078,2021,147.09,154.82,5.25,206.59
C0078,2022,21.53,27.55,28.01,274.91
C0078,2023,154.51,198.13,28.23,154.34
C0078,2024,34.13,28.53,-16.41,225.66
C0079,2015,142.16,148.88,4.73,105.24
C0079,2016,111.15,135.00,21.46,380.18
C0079,2017,191.54,201.77,5.34,246.46
C0079,2018,17.01,19.18,12.71,274.03
C0079,2019,65.49,75.75,15.67,19.51
C0079,2020,23.21,20.67,-10.93,311.58
C0079,2021,177.05,185.40,4.72,102.13
C0079,2022,122.84,100.37,-18.29,192.31
C0079,2023,111.64,99.34,-11.02,206.95
C0079,2024,34.98,38.73,10.74,224.92
C0080,2015,102.92,117.75,14.42,114.49
C0080,2016,85.75,76.13,-11.23,425.21
C0080,2017,69.99,87.73,25.34,214.50
C0080,2018,156.72,160.44,2.38,306.46
C0080,2019,21.64,29.27,35.24,307.35
C0080,2020,132.87,137.20,3.26,303.89
C0080,2021,166.37,148.05,-11.01,280.10
C0080,2022,182.39,228.86,25.48,411.49
C0080,2023,151.72,173.07,14.07,406.50
C0080,2024,63.67,65.70,3.20,209.16
C0081,2015,124.10,125.78,1.36,318.29
C0081,2016,36.87,32.83,-10.95,52.31
C0081,2017,32.24,32.39,0.45,46.30
C0081,2018,131.34,107.38,-18.24,240.48
C0081,2019,171.71,189.13,10.14,450.20
C0081,2020,22.78,30.48,33.80,325.35
C0081,2021,30.14,38.50,27.72,334.94
C0081,2022,117.47,95.98,-18.29,79.68
C0081,2023,51.46,68.38,32.88,227.20
C0081,2024,126.25,135.26,7.14,200.99
C0082,2015,50.76,46.42,-8.55,391.71
C0082,2016,32.13,40.21,25.14,69.77
C0082,2017,113.66,112.95,-0.63,270.06
C0082,2018,173.82,165.47,-4.80,455.76
C0082,2019,140.17,125.71,-10.32,446.34
C0082,2020,165.56,180.78,9.20,426.32
C0082,2021,60.60,51.88,-14.40,188.12
C0082,2022,178.34,226.73,27.14,470.61
C0082,2023,81.64,88.36,8.24,402.84
C0082,2024,171.97,183.69,6.82,425.72
C0083,2015,99.52,79.73,-19.89,466.24
C0083,2016,60.89,78.60,29.07,468.56
C0083,2017,59.45,65.14,9.57,120.79
C0083,2018,117.86,125.39,6.39,64.72
C0083,2019,25.01,31.44,25.68,345.75
C0083,2020,186.71,156.41,-16.23,282.04
C0083,2021,61.58,62.81,2.00,164.39
C0083,2022,73.77,84.50,14.54,342.54
C0083,2023,54.33,58.47,7.63,31.94
C0083,2024,10.57,9.61,-9.10,24.56
C0084,2015,141.58,138.69,-2.04,177.80
C0084,2016,122.21,119.78,-1.99,97.73
C0084,2017,163.83,228.58,39.52,359.56
C0084,2018,17.79,17.72,-0.43,474.06
C0084,2019,186.44,172.11,-7.69,331.15
C0084,2020,72.87,94.26,29.36,327.74
C0084,2021,183.48,193.15,5.27,4.29
C0084,2022,30.35,32.37,6.63,256.63
C0084,2023,151.34,170.92,12.93,408.73
C0084,2024,120.08,138.98,15.74,327.41
C0085,2015,78.06,90.10,15.43,114.66
C0085,2016,25.04,20.55,-17.93,424.39
C0085,2017,124.90,161.28,29.13,482.22
C0085,2018,15.02,13.78,-8.31,140.22
C0085,2019,105.24,102.66,-2.46,104.34
C0085,2020,124.80,112.83,-9.59,169.92
C0085,2021,149.18,188.00,26.02,32.52
C0085,2022,198.35,228.15,15.02,436.84
C0085,2023,59.42,74.46,25.32,464.72
C0085,2024,71.25,84.94,19.20,317.02
C0086,2015,74.82,64.53,-13.75,382.40
C0086,2016,149.00,146.15,-1.91,334.66
C0086,2017,187.05,206.57,10.44,189.30
C0086,2018,195.12,191.80,-1.70,316.39
C0086,2019,189.70,175.36,-7.56,418.32
C0086,2020,177.08,234.08,32.19,405.14
C0086,2021,198.29,247.59,24.87,41.45
C0086,2022,81.43,82.01,0.71,231.84
C0086,2023,190.18,239.44,25.90,199.26
C0086,2024,154.59,181.88,17.65,376.25
C0087,2015,42.01,33.70,-19.77,251.19
C0087,2016,18.64,19.16,2.82,175.50
C0087,2017,50.75,49.45,-2.57,353.47
C0087,2018,157.96,147.02,-6.93,237.32
C0087,2019,130.02,123.65,-4.90,129.06
C0087,2020,52.63,71.86,36.54,445.32
C0087,2021,150.97,164.82,9.18,57.41
C0087,2022,36.85,48.22,30.86,10.03
C0087,2023,166.15,154.28,-7.15,72.81
C0087,2024,160.89,145.55,-9.54,82.66
C0088,2015,194.79,259.71,33.33,269.48
C0088,2016,38.55,42.31,9.74,312.81
C0088,2017,182.26,243.69,33.71,224.86
C0088,2018,74.81,62.68,-16.22,102.88
C0088,2019,89.05,120.21,34.99,66.96
C0088,2020,99.00,103.88,4.93,246.58
C0088,2021,129.11,115.33,-10.68,283.18
C0088,2022,199.01,240.80,21.00,152.68
C0088,2023,123.99,158.48,27.81,111.00
C0088,2024,186.08,154.15,-17.16,41.22
C0089,2015,58.46,81.39,39.23,14.10
C0089,2016,85.70,104.40,21.82,53.76
C0089,2017,105.85,105.10,-0.72,371.30
C0089,2018,71.35,63.56,-10.92,172.67
C0089,2019,195.60,202.55,3.55,14.68
C0089,2020,147.88,137.87,-6.77,254.57
C0089,2021,100.99,110.73,9.65,268.50
C0089,2022,152.75,193.86,26.91,214.92
C0089,2023,98.81,118.19,19.61,56.23
C0089,2024,13.27,14.09,6.16,377.73
C0090,2015,113.21,98.64,-12.86,344.85
C0090,2016,128.79,176.99,37.43,197.97
C0090,2017,196.43,189.01,-3.78,191.03
C0090,2018,17.75,17.16,-3.33,78.81
C0090,2019,107.30,127.40,18.73,377.02
C0090,2020,28.65,36.16,26.23,300.19
C0090,2021,38.31,53.27,39.05,43.81
C0090,2022,125.99,174.05,38.15,189.65
C0090,2023,54.00,72.80,34.83,451.88
C0090,2024,152.34,161.66,6.12,226.73
C0091,2015,107.70,96.93,-10.00,163.14
C0091,2016,51.46,59.21,15.07,322.25
C0091,2017,103.82,84.13,-18.96,102.28
C0091,2018,10.17,9.33,-8.23,262.38
C0091,2019,173.92,139.40,-19.85,335.09
C0091,2020,12.41,11.27,-9.17,427.58
C0091,2021,11.33,12.29,8.49,346.56
C0091,2022,126.19,130.73,3.60,192.82
C0091,2023,194.97,199.18,2.16,384.13
C0091,2024,172.63,224.17,29.86,449.30
C0092,2015,57.88,69.75,20.50,239.40
C0092,2016,47.37,64.51,36.19,3.25
C0092,2017,128.96,137.63,6.72,440.58
C0092,2018,166.30,160.20,-3.67,83.56
C0092,2019,78.79,68.84,-12.64,64.04
C0092,2020,92.15,110.87,20.32,154.53
C0092,2021,31.94,41.69,30.50,190.61
C0092,2022,39.04,35.53,-8.98,399.89
C0092,2023,117.99,156.60,32.73,195.20
C0092,2024,29.50,32.92,11.58,25.36
C0093,2015,48.39,42.89,-11.36,318.34
C0093,2016,54.59,64.73,18.57,335.94
C0093,2017,94.35,104.92,11.20,407.30
C0093,2018,18.67,15.25,-18.31,200.03
C0093,2019,104.96,109.11,3.95,43.95
C0093,2020,186.45,236.95,27.09,276.98
C0093,2021,14.65,16.60,13.33,61.38
C0093,2022,129.89,125.89,-3.08,9.52
C0093,2023,168.81,229.11,35.72,389.51
C0093,2024,69.37,65.39,-5.73,202.30
C0094,2015,34.99,33.30,-4.84,262.98
C0094,2016,18.23,18.47,1.28,331.76
C0094,2017,132.34,176.90,33.67,201.11
C0094,2018,114.92,126.94,10.46,26.51
C0094,2019,53.57,64.78,20.93,127.12
C0094,2020,168.01,232.82,38.58,97.98
C0094,2021,149.75,190.17,27.00,488.72
C0094,2022,62.52,56.49,-9.64,370.01
C0094,2023,153.14,194.95,27.30,226.32
C0094,2024,56.55,70.63,24.90,32.62
C0095,2015,138.30,129.94,-6.04,58.81
C0095,2016,32.52,32.37,-0.48,406.64
C0095,2017,141.53,173.52,22.61,472.78
C0095,2018,55.37,52.21,-5.70,16.64
C0095,2019,118.77,109.85,-7.51,455.29
C0095,2020,42.77,52.27,22.21,190.90
C0095,2021,147.93,196.51,32.84,107.60
C0095,2022,21.57,18.22,-15.50,52.01
C0095,2023,41.43,44.23,6.75,386.10
C0095,2024,44.99,52.38,16.43,234.99
C0096,2015,17.86,21.53,20.58,416.38
C0096,2016,151.55,211.83,39.77,113.85
C0096,2017,196.38,237.55,20.96,339.61
C0096,2018,157.90,185.07,17.21,59.94
C0096,2019,173.52,241.86,39.38,45.79
C0096,2020,11.14,9.32,-16.36,67.57
C0096,2021,32.40,27.36,-15.53,404.64
C0096,2022,116.21,132.07,13.64,328.15
C0096,2023,195.80,198.77,1.52,83.82
C0096,2024,135.54,116.29,-14.20,193.00
C0097,2015,81.09,79.78,-1.61,382.08
C0097,2016,37.77,45.50,20.46,143.55
C0097,2017,39.04,51.86,32.84,460.71
C0097,2018,78.92,67.61,-14.34,457.39
C0097,2019,145.62,163.69,12.41,276.90
C0097,2020,16.05,15.69,-2.23,316.36
C0097,2021,171.91,206.36,20.04,326.96
C0097,2022,188.89,213.39,12.97,129.98
C0097,2023,178.88,242.56,35.60,183.30
C0097,2024,183.48,150.93,-17.74,68.83
C0098,2015,12.91,13.97,8.20,462.51
C0098,2016,195.78,179.27,-8.43,362.20
C0098,2017,79.61,89.33,12.21,24.13
C0098,2018,175.16,229.84,31.21,275.14
C0098,2019,45.49,61.27,34.68,172.19
C0098,2020,94.84,98.53,3.89,407.83
C0098,2021,18.39,23.67,28.71,172.56
C0098,2022,17.61,17.06,-3.17,322.43
C0098,2023,189.22,152.09,-19.62,83.70
C0098,2024,164.02,215.38,31.31,279.82
C0099,2015,110.67,96.46,-12.84,147.65
C0099,2016,109.84,89.03,-18.94,83.28
C0099,2017,152.26,154.13,1.23,310.01
C0099,2018,74.92,76.99,2.76,319.68
C0099,2019,154.76,130.97,-15.37,491.69
C0099,2020,102.15,131.62,28.85,334.88
C0099,2021,131.20,136.89,4.34,258.34
C0099,2022,193.32,211.48,9.40,456.40
C0099,2023,99.55,95.45,-4.12,414.31
C0099,2024,89.50,99.06,10.69,274.82
C0100,2015,182.09,229.44,26.00,256.16
C0100,2016,181.49,243.87,34.37,471.04
C0100,2017,198.56,274.47,38.23,308.95
C0100,2018,114.66,121.09,5.60,357.18
C0100,2019,75.41,105.12,39.40,44.25
C0100,2020,55.67,54.39,-2.30,359.43
C0100,2021,16.48,13.25,-19.58,133.08
C0100,2022,148.08,186.66,26.06,58.65
C0100,2023,54.36,49.31,-9.29,424.98
C0100,2024,125.26,104.15,-16.85,345.90
C0101,2015,184.15,249.42,35.44,204.37
C0101,2016,190.54,242.96,27.51,216.28
C0101,2017,10.84,9.34,-13.84,99.36
C0101,2018,70.24,88.94,26.61,5.77
C0101,2019,169.10,220.91,30.64,175.33
C0101,2020,111.92,150.33,34.32,75.06
C0101,2021,163.43,184.05,12.62,211.44
C0101,2022,172.13,210.35,22.20,417.08
C0101,2023,94.10,118.31,25.73,58.26
C0101,2024,78.21,94.88,21.32,46.79
C0102,2015,96.53,114.69,18.81,451.15
C0102,2016,134.03,151.26,12.85,372.82
C0102,2017,79.76,86.74,8.75,27.48
C0102,2018,157.25,219.78,39.77,40.71
C0102,2019,181.76,182.22,0.25,342.78
C0102,2020,63.64,54.28,-14.70,185.80
C0102,2021,193.35,243.43,25.90,362.36
C0102,2022,128.32,119.12,-7.17,202.82
C0102,2023,176.85,198.01,11.96,483.93
C0102,2024,29.74,25.51,-14.25,347.51
C0103,2015,57.78,67.70,17.16,24.26
C0103,2016,70.99,97.01,36.64,165.92
C0103,2017,67.54,83.31,23.36,282.24
C0103,2018,42.65,39.61,-7.13,71.79
C0103,2019,174.96,241.91,38.27,2.26
C0103,2020,89.54,88.13,-1.57,40.57
C0103,2021,192.99,204.95,6.20,262.61
C0103,2022,120.86,132.81,9.89,316.50
C0103,2023,36.29,50.61,39.44,47.36
C0103,2024,113.72,95.68,-15.87,332.91
C0104,2015,198.77,242.11,21.80,308.94
C0104,2016,117.38,119.40,1.72,470.01
C0104,2017,10.36,8.77,-15.30,420.50
C0104,2018,187.29,254.90,36.10,471.68
C0104,2019,54.63,63.04,15.39,483.09
C0104,2020,140.82,176.32,25.21,220.96
C0104,2021,107.87,101.85,-5.58,244.47
C0104,2022,71.83,90.29,25.69,141.53
C0104,2023,63.70,82.63,29.71,254.71
C0104,2024,186.46,197.37,5.85,76.21
C0105,2015,183.27,209.50,14.32,336.04
C0105,2016,107.50,148.68,38.31,13.44
C0105,2017,59.11,77.32,30.80,118.58
C0105,2018,29.44,31.42,6.69,104.83
C0105,2019,39.75,47.65,19.87,469.01
C0105,2020,109.23,138.78,27.05,73.31
C0105,2021,68.49,55.79,-18.54,445.50
C0105,2022,17.99,20.75,15.30,63.05
C0105,2023,96.48,134.18,39.07,325.70
C0105,2024,151.78,207.68,36.83,160.62
C0106,2015,179.42,233.15,29.95,158.69
C0106,2016,121.20,104.69,-13.63,499.14
C0106,2017,147.43,205.87,39.64,113.80
C0106,2018,79.17,92.29,16.57,102.08
C0106,2019,104.29,97.38,-6.63,295.08
C0106,2020,148.63,179.03,20.46,370.64
C0106,2021,148.26,194.79,31.39,491.27
C0106,2022,90.66,78.64,-13.26,351.01
C0106,2023,113.30,152.94,34.99,281.37
C0106,2024,185.53,250.86,35.21,205.16
C0107,2015,130.08,105.11,-19.19,297.96
C0107,2016,132.09,177.02,34.02,300.82
C0107,2017,159.08,217.63,36.81,109.64
C0107,2018,31.89,26.24,-17.74,335.93
C0107,2019,109.35,106.78,-2.35,103.01
C0107,2020,192.29,196.88,2.39,245.49
C0107,2021,78.72,79.45,0.93,130.67
C0107,2022,66.04,82.90,25.54,157.09
C0107,2023,124.23,126.08,1.49,307.32
C0107,2024,52.01,71.46,37.39,33.18
C0108,2015,115.63,161.53,39.70,7.01
C0108,2016,39.57,39.18,-0.99,66.18
C0108,2017,120.16,132.81,10.53,85.18
C0108,2018,124.45,141.21,13.46,99.74
C0108,2019,89.50,102.71,14.76,387.19
C0108,2020,82.72,84.75,2.45,223.98
C0108,2021,56.64,50.95,-10.04,235.50
C0108,2022,72.88,60.69,-16.73,322.52
C0108,2023,104.69,90.43,-13.62,364.83
C0108,2024,57.06,76.50,34.08,2.75
C0109,2015,158.74,153.69,-3.18,428.51
C0109,2016,144.72,122.44,-15.39,494.23
C0109,2017,61.17,71.82,17.41,61.78
C0109,2018,28.51,24.10,-15.48,325.89
C0109,2019,10.03,8.45,-15.80,2.20
C0109,2020,123.38,144.71,17.29,25.47
C0109,2021,50.16,57.93,15.48,143.22
C0109,2022,12.39,10.22,-17.51,423.36
C0109,2023,78.23,84.19,7.63,326.60
C0109,2024,192.78,204.63,6.15,223.46
C0110,2015,141.09,159.15,12.80,219.86
C0110,2016,172.98,214.96,24.27,233.56
C0110,2017,37.50,36.36,-3.03,156.21
C0110,2018,23.92,25.35,5.97,438.98
C0110,2019,12.19,15.55,27.56,284.37
C0110,2020,191.58,259.30,35.35,242.49
C0110,2021,67.04,89.48,33.48,233.07
C0110,2022,97.31,105.73,8.66,467.98
C0110,2023,84.96,94.52,11.25,362.11
C0110,2024,148.79,166.26,11.75,73.26
C0111,2015,68.89,91.02,32.12,219.05
C0111,2016,111.74,145.70,30.40,144.90
C0111,2017,199.16,196.56,-1.31,493.45
C0111,2018,94.37,84.72,-10.23,208.28
C0111,2019,114.74,117.88,2.74,34.87
C0111,2020,105.48,102.64,-2.70,206.19
C0111,2021,162.61,222.85,37.05,161.35
C0111,2022,60.70,58.24,-4.05,300.19
C0111,2023,42.38,38.51,-9.13,113.81
C0111,2024,153.28,205.34,33.97,18.95
C0112,2015,88.97,75.79,-14.81,48.84
C0112,2016,183.61,175.56,-4.38,142.29
C0112,2017,132.39,140.79,6.35,174.81
C0112,2018,117.23,135.64,15.71,417.39
C0112,2019,23.39,23.31,-0.34,135.76
C0112,2020,148.78,163.32,9.77,16.72
C0112,2021,140.35,129.02,-8.07,390.59
C0112,2022,131.61,150.64,14.46,434.59
C0112,2023,60.90,63.62,4.47,246.66
C0112,2024,189.88,248.66,30.96,143.18
C0113,2015,71.11,74.63,4.94,386.30
C0113,2016,38.92,41.50,6.63,5.44
C0113,2017,197.57,228.25,15.53,462.09
C0113,2018,151.79,132.65,-12.61,432.90
C0113,2019,88.81,79.40,-10.59,272.87
C0113,2020,187.82,239.31,27.41,139.51
C0113,2021,27.31,26.33,-3.59,17.39
C0113,2022,26.66,32.28,21.08,499.91
C0113,2023,139.67,119.90,-14.15,381.27
C0113,2024,43.81,56.66,29.31,170.02
C0114,2015,184.26,256.66,39.29,10.62
C0114,2016,169.67,173.78,2.42,320.01
C0114,2017,68.21,75.26,10.33,493.47
C0114,2018,178.88,190.62,6.56,353.83
C0114,2019,18.15,24.26,33.65,42.77
C0114,2020,114.24,92.07,-19.40,201.74
C0114,2021,187.76,223.82,19.21,55.48
C0114,2022,172.52,205.55,19.14,456.17
C0114,2023,77.65,79.94,2.94,165.88
C0114,2024,44.75,41.68,-6.84,366.95
C0115,2015,50.00,47.19,-5.62,43.26
C0115,2016,107.76,137.96,28.03,65.08
C0115,2017,123.39,103.60,-16.03,340.06
C0115,2018,16.23,18.48,13.83,421.90
C0115,2019,88.57,87.17,-1.59,101.52
C0115,2020,167.77,160.92,-4.09,209.75
C0115,2021,94.42,104.19,10.34,310.09
C0115,2022,42.14,56.42,33.87,398.34
C0115,2023,191.42,224.13,17.09,314.47
C0115,2024,60.59,77.14,27.32,48.62
C0116,2015,161.70,187.64,16.04,271.87
C0116,2016,46.82,57.06,21.86,442.42
C0116,2017,90.40,95.78,5.94,434.14
C0116,2018,103.18,139.87,35.56,292.92
C0116,2019,105.12,115.76,10.12,497.85
C0116,2020,108.13,122.30,13.11,53.46
C0116,2021,52.74,58.80,11.50,239.82
C0116,2022,108.02,106.91,-1.03,387.79
C0116,2023,101.53,95.31,-6.13,71.38
C0116,2024,49.66,41.93,-15.57,486.40
C0117,2015,197.76,243.42,23.09,177.67
C0117,2016,174.46,169.85,-2.64,175.72
C0117,2017,178.64,184.63,3.35,107.38
C0117,2018,140.26,189.62,35.20,144.72
C0117,2019,40.38,46.03,13.99,289.22
C0117,2020,117.94,101.22,-14.18,215.25
C0117,2021,166.07,212.54,27.98,97.50
C0117,2022,17.36,16.56,-4.63,404.76
C0117,2023,104.21,117.93,13.16,32.06
C0117,2024,85.26,94.30,10.60,417.49
C0118,2015,50.30,47.43,-5.72,138.19
C0118,2016,81.87,71.18,-13.05,248.46
C0118,2017,196.86,182.45,-7.32,191.15
C0118,2018,147.42,126.54,-14.16,285.73
C0118,2019,66.91,64.60,-3.46,398.20
C0118,2020,125.02,174.82,39.84,494.67
C0118,2021,56.86,59.21,4.13,153.72
C0118,2022,126.06,166.19,31.83,277.35
C0118,2023,180.27,203.62,12.95,233.54
C0118,2024,115.81,138.96,19.99,499.47
C0119,2015,149.33,133.48,-10.62,404.65
C0119,2016,96.13,92.76,-3.51,199.14
C0119,2017,109.58,121.23,10.63,238.96
C0119,2018,142.06,188.76,32.87,123.73
C0119,2019,164.36,135.71,-17.43,377.87
C0119,2020,135.30,149.39,10.42,422.76
C0119,2021,195.72,162.57,-16.94,482.53
C0119,2022,165.77,178.05,7.41,283.35
C0119,2023,157.66,185.62,17.73,335.67
C0119,2024,170.57,212.67,24.68,223.58
C0120,2015,63.43,56.02,-11.69,304.96
C0120,2016,92.09,82.88,-10.01,175.03
C0120,2017,117.25,126.87,8.20,369.11
C0120,2018,97.85,136.88,39.88,12.33
C0120,2019,171.02,173.35,1.36,15.20
C0120,2020,15.14,16.00,5.65,358.34
C0120,2021,49.74,52.70,5.95,465.41
C0120,2022,177.52,150.62,-15.16,316.49
C0120,2023,21.23,26.84,26.45,363.54
C0120,2024,53.13,50.57,-4.81,412.14
C0121,2015,76.74,93.79,22.22,181.48
C0121,2016,152.64,165.62,8.51,54.95
C0121,2017,116.43,135.89,16.71,466.61
C0121,2018,191.37,159.30,-16.76,469.35
C0121,2019,53.30,71.10,33.40,221.48
C0121,2020,175.70,166.27,-5.37,109.37
C0121,2021,63.75,76.64,20.21,446.28
C0121,2022,56.64,72.44,27.88,354.50
C0121,2023,104.69,117.68,12.40,5.11
C0121,2024,23.53,23.59,0.24,54.75
C0122,2015,83.02,115.13,38.67,491.62
C0122,2016,77.58,75.02,-3.29,20.03
C0122,2017,40.42,55.34,36.92,141.99
C0122,2018,173.55,155.11,-10.63,274.70
C0122,2019,83.32,86.11,3.35,92.99
C0122,2020,196.56,173.59,-11.69,116.79
C0122,2021,180.94,145.00,-19.87,177.13
C0122,2022,47.01,44.95,-4.38,135.51
C0122,2023,105.97,90.32,-14.77,401.87
C0122,2024,124.34,173.06,39.18,250.64
C0123,2015,165.60,208.16,25.70,140.03
C0123,2016,178.27,143.01,-19.78,157.23
C0123,2017,128.56,120.10,-6.58,20.89
C0123,2018,16.68,20.05,20.21,25.65
C0123,2019,101.44,105.41,3.91,359.24
C0123,2020,178.11,231.39,29.91,57.34
C0123,2021,145.68,160.67,10.29,238.42
C0123,2022,175.33,209.02,19.22,421.34
C0123,2023,138.08,159.92,15.82,184.86
C0123,2024,18.37,21.73,18.29,173.53
C0124,2015,193.92,181.91,-6.19,436.65
C0124,2016,184.42,188.84,2.40,432.56
C0124,2017,34.05,28.27,-16.96,440.19
C0124,2018,31.41,36.20,15.26,286.39
C0124,2019,112.42,120.92,7.56,476.20
C0124,2020,153.84,193.29,25.64,409.66
C0124,2021,82.61,76.32,-7.62,208.40
C0124,2022,35.91,38.14,6.21,315.15
C0124,2023,107.01,97.21,-9.16,61.77
C0124,2024,74.14,86.62,16.84,276.11
C0125,2015,76.84,100.57,30.88,132.31
C0125,2016,132.55,166.91,25.93,142.49
C0125,2017,178.27,243.60,36.65,63.73
C0125,2018,116.13,160.62,38.30,179.74
C0125,2019,140.64,177.66,26.32,241.21
C0125,2020,135.39,131.61,-2.79,300.58
C0125,2021,114.72,106.87,-6.84,153.13
C0125,2022,69.04,73.78,6.85,396.33
C0125,2023,81.78,114.19,39.63,260.96
C0125,2024,69.98,73.32,4.76,319.39
C0126,2015,184.32,169.48,-8.06,139.79
C0126,2016,167.06,228.30,36.66,407.25
C0126,2017,120.08,123.86,3.16,312.51
C0126,2018,183.33,222.66,21.45,431.31
C0126,2019,178.42,227.11,27.29,80.82
C0126,2020,186.26,243.24,30.59,190.95
C0126,2021,52.14,67.40,29.28,57.40
C0126,2022,146.33,190.48,30.17,108.55
C0126,2023,125.75,150.98,20.06,197.88
C0126,2024,149.43,155.75,4.23,447.40
C0127,2015,60.04,72.07,20.04,278.96
C0127,2016,142.01,184.91,30.20,165.86
C0127,2017,87.87,88.78,1.04,373.70
C0127,2018,168.48,164.75,-2.21,10.82
C0127,2019,161.12,162.12,0.62,185.68
C0127,2020,50.16,56.72,13.08,300.82
C0127,2021,44.93,37.36,-16.85,292.04
C0127,2022,146.37,185.51,26.74,304.17
C0127,2023,114.59,101.22,-11.67,106.54
C0127,2024,115.87,101.93,-12.03,169.20
C0128,2015,152.98,140.52,-8.14,465.85
C0128,2016,172.44,197.65,14.62,487.01
C0128,2017,55.40,53.82,-2.87,156.71
C0128,2018,115.55,117.96,2.09,322.61
C0128,2019,167.50,227.63,35.90,121.41
C0128,2020,175.83,230.04,30.83,184.90
C0128,2021,64.61,84.72,31.13,396.38
C0128,2022,29.79,34.16,14.66,251.09
C0128,2023,54.24,71.59,31.99,424.95
C0128,2024,189.64,240.31,26.71,314.74
C0129,2015,97.87,134.27,37.19,314.83
C0129,2016,89.53,75.08,-16.14,17.91
C0129,2017,12.49,10.20,-18.28,375.09
C0129,2018,19.69,17.82,-9.50,488.96
C0129,2019,137.05,186.04,35.75,237.04
C0129,2020,122.07,142.01,16.33,80.13
C0129,2021,119.35,125.99,5.57,488.51
C0129,2022,30.96,34.29,10.76,145.77
C0129,2023,76.89,99.79,29.78,205.19
C0129,2024,164.35,223.10,35.75,39.61
C0130,2015,43.23,53.51,23.78,56.31
C0130,2016,177.71,223.19,25.59,109.07
C0130,2017,33.08,32.82,-0.78,274.68
C0130,2018,42.14,45.52,8.02,279.34
C0130,2019,100.77,134.14,33.11,303.52
C0130,2020,189.61,241.10,27.16,292.32
C0130,2021,72.61,87.90,21.06,248.12
C0130,2022,135.06,113.34,-16.09,401.25
C0130,2023,121.85,100.37,-17.63,467.02
C0130,2024,38.43,33.75,-12.18,135.61
C0131,2015,57.15,65.66,14.88,65.97
C0131,2016,186.73,209.48,12.18,213.12
C0131,2017,45.12,61.61,36.56,14.18
C0131,2018,142.05,172.86,21.69,441.78
C0131,2019,193.29,188.73,-2.36,120.61
C0131,2020,32.71,29.33,-10.31,275.10
C0131,2021,85.84,112.43,30.97,58.43
C0131,2022,52.55,56.53,7.58,277.08
C0131,2023,52.10,62.10,19.21,20.46
C0131,2024,32.61,37.14,13.91,384.63
C0132,2015,133.41,115.33,-13.55,477.76
C0132,2016,151.81,126.64,-16.58,154.18
C0132,2017,138.59,142.22,2.62,129.85
C0132,2018,185.68,188.83,1.69,224.55
C0132,2019,37.68,45.38,20.43,310.37
C0132,2020,70.77,83.46,17.93,95.29
C0132,2021,75.47,104.25,38.14,401.85
C0132,2022,54.10,71.13,31.49,100.07
C0132,2023,37.02,40.64,9.79,3.73
C0132,2024,102.47,112.72,10.00,262.60
C0133,2015,168.54,203.01,20.45,58.46
C0133,2016,191.36,166.19,-13.15,349.42
C0133,2017,34.57,48.40,39.99,84.57
C0133,2018,166.40,184.92,11.13,408.87
C0133,2019,166.67,224.33,34.59,235.71
C0133,2020,83.91,115.82,38.04,283.57
C0133,2021,30.91,35.51,14.90,94.11
C0133,2022,198.10,170.77,-13.80,74.20
C0133,2023,134.56,153.94,14.40,316.01
C0133,2024,196.62,227.80,15.86,128.47
C0134,2015,101.89,129.76,27.35,193.58
C0134,2016,85.09,70.53,-17.11,240.25
C0134,2017,56.97,61.51,7.98,115.59
C0134,2018,196.88,266.51,35.37,397.92
C0134,2019,58.12,81.06,39.48,469.77
C0134,2020,14.51,13.28,-8.52,216.51
C0134,2021,107.37,141.98,32.24,458.86
C0134,2022,81.64,72.48,-11.22,441.46
C0134,2023,59.66,77.84,30.47,83.86
C0134,2024,130.58,126.18,-3.36,87.52
C0135,2015,79.21,108.98,37.58,239.23
C0135,2016,86.43,105.21,21.73,263.40
C0135,2017,14.38,14.95,3.95,171.22
C0135,2018,121.92,118.09,-3.14,157.15
C0135,2019,33.19,31.24,-5.89,216.25
C0135,2020,50.62,61.18,20.85,345.55
C0135,2021,146.25,195.61,33.75,43.11
C0135,2022,69.52,87.10,25.30,355.58
C0135,2023,41.01,53.35,30.09,463.19
C0135,2024,119.71,151.89,26.88,381.99
C0136,2015,50.83,70.53,38.75,96.65
C0136,2016,61.49,77.15,25.47,44.65
C0136,2017,128.05,118.60,-7.39,245.70
C0136,2018,150.57,191.98,27.50,478.25
C0136,2019,150.54,149.52,-0.68,409.71
C0136,2020,101.63,142.02,39.75,281.80
C0136,2021,96.32,98.82,2.60,72.35
C0136,2022,159.65,155.77,-2.43,357.20
C0136,2023,46.68,44.04,-5.65,406.69
C0136,2024,38.92,46.51,19.51,467.60
C0137,2015,136.29,117.97,-13.45,306.45
C0137,2016,87.81,120.48,37.21,257.72
C0137,2017,144.90,141.51,-2.34,309.97
C0137,2018,58.75,57.42,-2.28,471.68
C0137,2019,71.73,59.36,-17.24,314.44
C0137,2020,180.37,170.92,-5.24,129.54
C0137,2021,90.11,94.75,5.14,318.44
C0137,2022,122.28,124.94,2.18,439.99
C0137,2023,30.27,29.17,-3.62,283.93
C0137,2024,43.98,36.26,-17.56,251.85
C0138,2015,16.82,16.49,-1.97,366.95
C0138,2016,90.63,114.83,26.70,330.83
C0138,2017,197.89,210.42,6.33,29.29
C0138,2018,176.04,171.54,-2.55,362.93
C0138,2019,130.25,128.02,-1.71,204.37
C0138,2020,173.61,196.64,13.27,470.51
C0138,2021,122.89,120.60,-1.86,485.43
C0138,2022,80.07,94.36,17.85,224.92
C0138,2023,42.97,59.89,39.37,484.43
C0138,2024,134.08,110.58,-17.53,156.10
C0139,2015,46.68,42.07,-9.88,341.64
C0139,2016,89.31,81.05,-9.25,38.45
C0139,2017,166.90,178.29,6.82,73.35
C0139,2018,34.55,28.50,-17.51,432.40
C0139,2019,34.51,37.50,8.65,447.00
C0139,2020,52.64,71.45,35.74,266.77
C0139,2021,114.86,92.69,-19.31,170.55
C0139,2022,57.83,58.92,1.90,226.06
C0139,2023,105.61,132.70,25.65,434.94
C0139,2024,67.38,60.15,-10.73,106.29
C0140,2015,106.19,89.89,-15.35,148.14
C0140,2016,62.75,73.95,17.85,392.94
C0140,2017,196.20,158.13,-19.40,467.70
C0140,2018,103.62,132.74,28.11,47.37
C0140,2019,151.29,127.10,-15.99,402.08
C0140,2020,143.10,159.51,11.46,322.89
C0140,2021,103.21,128.40,24.41,116.16
C0140,2022,55.38,52.35,-5.48,378.15
C0140,2023,107.04,92.28,-13.79,364.23
C0140,2024,139.38,126.20,-9.46,71.87
C0141,2015,97.38,127.85,31.28,251.62
C0141,2016,25.57,31.28,22.35,379.39
C0141,2017,13.42,12.33,-8.11,96.58
C0141,2018,72.30,88.90,22.97,231.92
C0141,2019,38.54,47.22,22.52,61.25
C0141,2020,182.18,254.80,39.86,154.11
C0141,2021,43.41,44.92,3.49,109.75
C0141,2022,84.91,111.99,31.89,253.03
C0141,2023,145.29,155.16,6.79,71.47
C0141,2024,164.93,220.78,33.87,192.19
C0142,2015,100.77,86.15,-14.50,138.31
C0142,2016,44.42,40.20,-9.48,373.28
C0142,2017,61.47,80.52,31.00,350.14
C0142,2018,89.60,115.73,29.16,48.37
C0142,2019,79.27,77.95,-1.67,476.79
C0142,2020,76.25,88.30,15.81,372.60
C0142,2021,35.05,36.09,2.96,308.36
C0142,2022,183.53,147.96,-19.38,239.37
C0142,2023,15.65,12.77,-18.43,89.78
C0142,2024,93.60,77.93,-16.74,481.05
C0143,2015,196.26,226.96,15.64,4.92
C0143,2016,135.35,130.95,-3.25,346.55
C0143,2017,77.53,68.72,-11.36,254.21
C0143,2018,37.76,51.53,36.47,451.39
C0143,2019,193.14,168.57,-12.72,190.97
C0143,2020,12.66,15.24,20.44,259.80
C0143,2021,139.46,186.39,33.65,371.43
C0143,2022,177.23,159.20,-10.17,24.74
C0143,2023,14.78,13.73,-7.12,28.18
C0143,2024,147.78,169.11,14.43,106.62
C0144,2015,199.78,220.77,10.51,74.07
C0144,2016,131.53,146.34,11.26,4.22
C0144,2017,88.79,100.58,13.28,311.87
C0144,2018,176.14,241.30,36.99,398.17
C0144,2019,115.29,95.96,-16.77,478.60
C0144,2020,152.39,191.45,25.63,221.01
C0144,2021,121.68,114.32,-6.05,140.58
C0144,2022,17.28,17.69,2.42,432.09
C0144,2023,50.50,43.10,-14.64,422.35
C0144,2024,24.97,26.65,6.74,312.80
C0145,2015,30.27,38.82,28.25,137.30
C0145,2016,12.93,11.11,-14.08,454.35
C0145,2017,90.02,86.90,-3.46,90.02
C0145,2018,43.94,44.99,2.38,22.78
C0145,2019,172.58,148.82,-13.77,398.51
C0145,2020,152.51,191.76,25.74,282.27
C0145,2021,118.90,151.27,27.22,123.99
C0145,2022,102.91,133.95,30.15,335.78
C0145,2023,58.62,67.43,15.03,383.59
C0145,2024,100.24,110.70,10.43,422.43
C0146,2015,131.83,126.23,-4.25,141.78
C0146,2016,158.62,189.25,19.31,13.77
C0146,2017,25.52,27.22,6.67,255.51
C0146,2018,144.61,199.92,38.25,428.18
C0146,2019,151.12,208.68,38.09,104.70
C0146,2020,116.20,156.08,34.31,211.14
C0146,2021,50.72,51.53,1.61,128.95
C0146,2022,112.45,114.78,2.08,7.67
C0146,2023,105.51,138.39,31.16,449.36
C0146,2024,100.38,124.22,23.75,68.39
C0147,2015,97.52,119.23,22.26,383.62
C0147,2016,31.06,30.06,-3.22,173.96
C0147,2017,44.75,58.17,30.00,139.56
C0147,2018,28.49,32.70,14.77,470.57
C0147,2019,56.07,59.89,6.81,328.94
C0147,2020,60.06,79.24,31.93,343.77
C0147,2021,56.56,58.63,3.65,380.07
C0147,2022,50.08,59.71,19.24,171.13
C0147,2023,149.73,161.64,7.95,282.27
C0147,2024,165.53,191.29,15.56,135.84
C0148,2015,72.15,59.48,-17.57,417.44
C0148,2016,67.97,73.19,7.67,300.05
C0148,2017,170.37,193.18,13.39,122.46
C0148,2018,128.55,140.84,9.56,449.98
C0148,2019,65.75,86.03,30.84,290.84
C0148,2020,145.59,143.65,-1.33,248.02
C0148,2021,75.47,100.41,33.04,18.21
C0148,2022,121.45,126.56,4.21,454.99
C0148,2023,198.60,241.64,21.67,476.18
C0148,2024,67.30,57.34,-14.80,281.74
C0149,2015,186.80,171.87,-7.99,221.81
C0149,2016,70.92,89.13,25.67,180.42
C0149,2017,112.65,90.96,-19.26,134.76
C0149,2018,97.40,134.52,38.11,287.69
C0149,2019,158.80,145.20,-8.56,64.92
C0149,2020,21.61,28.97,34.08,459.67
C0149,2021,129.15,143.30,10.96,88.80
C0149,2022,154.53,175.97,13.87,373.01
C0149,2023,99.71,84.80,-14.95,154.14
C0149,2024,30.01,30.58,1.91,113.81
C0150,2015,56.51,50.51,-10.63,279.38
C0150,2016,139.14,155.22,11.56,382.80
C0150,2017,180.13,203.63,13.04,363.64
C0150,2018,90.11,110.45,22.58,117.64
C0150,2019,116.48,154.56,32.70,165.92
C0150,2020,53.39,57.71,8.09,434.55
C0150,2021,88.32,83.02,-6.00,361.90
C0150,2022,73.99,74.00,0.01,356.63
C0150,2023,134.55,176.03,30.83,135.18
C0150,2024,197.09,174.92,-11.25,396.21
C0151,2015,164.53,193.54,17.64,179.85
C0151,2016,46.51,37.57,-19.21,201.29
C0151,2017,119.76,113.46,-5.26,144.49
C0151,2018,22.62,26.12,15.48,61.57
C0151,2019,56.91,61.12,7.38,210.78
C0151,2020,42.72,46.83,9.61,9.45
C0151,2021,73.75,88.23,19.63,228.50
C0151,2022,138.97,130.74,-5.92,362.78
C0151,2023,104.88,101.58,-3.15,480.41
C0151,2024,187.25,226.70,21.07,40.23
C0152,2015,50.42,56.62,12.30,141.36
C0152,2016,79.20,64.05,-19.12,247.57
C0152,2017,72.67,87.37,20.22,86.02
C0152,2018,54.83,64.27,17.21,59.30
C0152,2019,198.70,168.33,-15.28,226.71
C0152,2020,83.57,104.34,24.85,290.78
C0152,2021,188.70,210.07,11.33,410.28
C0152,2022,84.19,77.69,-7.72,498.90
C0152,2023,48.78,55.39,13.56,387.36
C0152,2024,32.65,37.78,15.73,111.45
C0153,2015,172.56,233.31,35.21,374.24
C0153,2016,16.10,20.05,24.53,269.04
C0153,2017,193.23,189.59,-1.88,225.95
C0153,2018,89.46,77.91,-12.91,467.93
C0153,2019,57.00,74.78,31.19,351.34
C0153,2020,127.31,166.48,30.76,341.16
C0153,2021,35.25,31.91,-9.48,6.87
C0153,2022,23.71,19.85,-16.27,432.67
C0153,2023,167.28,205.27,22.71,396.86
C0153,2024,90.69,111.87,23.35,150.17
C0154,2015,108.47,98.30,-9.37,146.76
C0154,2016,43.57,52.33,20.09,27.69
C0154,2017,21.67,20.96,-3.26,26.38
C0154,2018,79.88,76.39,-4.36,334.63
C0154,2019,106.17,105.61,-0.53,93.93
C0154,2020,155.43,172.88,11.22,461.85
C0154,2021,105.20,134.94,28.27,421.36
C0154,2022,158.68,174.41,9.92,175.09
C0154,2023,31.93,31.26,-2.12,190.65
C0154,2024,22.15,29.47,33.04,164.31
C0155,2015,40.18,33.48,-16.69,47.11
C0155,2016,156.68,200.28,27.83,16.68
C0155,2017,154.27,196.02,27.06,226.61
C0155,2018,36.86,35.10,-4.79,471.58
C0155,2019,15.89,14.60,-8.10,458.71
C0155,2020,140.20,185.74,32.48,405.11
C0155,2021,172.50,195.85,13.53,314.67
C0155,2022,153.28,126.86,-17.24,428.25
C0155,2023,48.53,64.77,33.45,258.02
C0155,2024,120.92,122.05,0.94,90.90
C0156,2015,153.90,154.71,0.53,342.40
C0156,2016,58.61,69.51,18.60,460.40
C0156,2017,110.27,131.97,19.68,10.78
C0156,2018,69.75,70.58,1.20,126.47
C0156,2019,52.86,46.83,-11.40,133.45
C0156,2020,194.22,219.74,13.14,50.42
C0156,2021,183.39,215.50,17.51,113.52
C0156,2022,94.68,124.61,31.61,192.61
C0156,2023,35.99,39.25,9.07,469.98
C0156,2024,148.30,176.10,18.74,430.27
C0157,2015,58.58,48.78,-16.74,473.06
C0157,2016,42.02,56.17,33.67,61.17
C0157,2017,82.49,82.19,-0.37,15.00
C0157,2018,110.67,130.52,17.93,55.83
C0157,2019,28.51,38.48,34.96,457.23
C0157,2020,118.63,152.60,28.63,79.59
C0157,2021,12.92,15.27,18.26,286.75
C0157,2022,179.46,219.32,22.22,114.56
C0157,2023,184.94,250.14,35.25,11.30
C0157,2024,149.28,192.17,28.73,43.23
C0158,2015,98.64,115.01,16.59,355.19
C0158,2016,58.43,69.84,19.52,92.00
C0158,2017,151.38,134.48,-11.16,115.34
C0158,2018,187.04,202.40,8.21,189.25
C0158,2019,40.12,39.34,-1.94,328.96
C0158,2020,98.51,104.34,5.92,235.22
C0158,2021,69.90,83.69,19.73,472.36
C0158,2022,77.78,69.19,-11.05,217.66
C0158,2023,87.09,70.58,-18.96,100.37
C0158,2024,190.84,198.12,3.82,268.54
C0159,2015,59.14,58.75,-0.67,225.99
C0159,2016,103.61,109.02,5.23,393.78
C0159,2017,190.78,259.22,35.87,467.63
C0159,2018,100.45,122.98,22.43,418.31
C0159,2019,174.08,173.47,-0.35,195.13
C0159,2020,21.17,19.21,-9.24,108.84
C0159,2021,191.08,223.77,17.11,457.33
C0159,2022,45.63,54.51,19.45,193.58
C0159,2023,196.19,213.88,9.02,385.33
C0159,2024,43.36,40.22,-7.23,494.77
C0160,2015,94.43,77.16,-18.29,289.14
C0160,2016,68.64,65.85,-4.06,240.46
C0160,2017,92.31,99.17,7.43,350.24
C0160,2018,57.60,73.31,27.28,97.77
C0160,2019,193.41,253.80,31.23,244.63
C0160,2020,68.09,71.34,4.78,156.85
C0160,2021,134.12,171.36,27.77,82.95
C0160,2022,36.12,50.42,39.60,305.46
C0160,2023,166.63,204.95,23.00,288.28
C0160,2024,113.08,139.89,23.72,380.84
C0161,2015,196.09,263.89,34.57,436.61
C0161,2016,90.45,90.71,0.29,110.97
C0161,2017,47.14,38.02,-19.33,390.07
C0161,2018,75.74,105.45,39.22,184.33
C0161,2019,150.02,164.17,9.43,314.77
C0161,2020,135.23,171.93,27.14,425.27
C0161,2021,157.89,203.28,28.75,128.84
C0161,2022,23.96,24.88,3.85,300.88
C0161,2023,120.27,135.28,12.48,240.68
C0161,2024,187.11,210.30,12.39,395.50
C0162,2015,30.50,28.43,-6.79,348.92
C0162,2016,27.92,24.31,-12.94,385.05
C0162,2017,146.15,164.59,12.61,144.68
C0162,2018,69.88,60.95,-12.79,352.47
C0162,2019,135.13,136.16,0.77,303.30
C0162,2020,113.62,103.58,-8.84,228.88
C0162,2021,197.35,241.59,22.41,189.79
C0162,2022,178.92,236.75,32.32,166.47
C0162,2023,138.83,159.21,14.67,5.83
C0162,2024,59.72,62.47,4.61,85.61
C0163,2015,59.76,83.55,39.80,30.43
C0163,2016,177.63,144.36,-18.73,424.33
C0163,2017,121.21,119.11,-1.74,430.18
C0163,2018,159.96,154.72,-3.28,423.25
C0163,2019,95.47,96.78,1.37,409.14
C0163,2020,29.58,27.76,-6.16,111.44
C0163,2021,73.21,70.18,-4.14,246.40
C0163,2022,40.62,38.77,-4.54,454.01
C0163,2023,158.55,174.95,10.34,380.13
C0163,2024,143.10,148.05,3.46,1.91
C0164,2015,26.80,31.72,18.36,230.25
C0164,2016,128.06,141.98,10.86,6.32
C0164,2017,176.09,160.25,-8.99,141.05
C0164,2018,142.50,183.26,28.60,218.45
C0164,2019,107.11,116.04,8.33,446.56
C0164,2020,69.25,61.77,-10.81,327.54
C0164,2021,178.55,160.72,-9.99,181.88
C0164,2022,90.33,115.46,27.82,245.84
C0164,2023,172.52,210.79,22.18,408.88
C0164,2024,158.77,175.27,10.39,150.53
C0165,2015,165.08,162.38,-1.64,307.90
C0165,2016,198.06,213.18,7.63,131.86
C0165,2017,152.26,179.96,18.19,240.50
C0165,2018,16.47,21.86,32.76,13.30
C0165,2019,49.03,55.58,13.35,426.29
C0165,2020,16.69,16.12,-3.40,25.13
C0165,2021,46.08,38.05,-17.44,112.96
C0165,2022,21.67,19.62,-9.47,167.42
C0165,2023,105.31,125.33,19.01,312.96
C0165,2024,15.36,13.77,-10.37,360.30
C0166,2015,99.79,108.66,8.89,41.15
C0166,2016,180.78,220.44,21.94,22.69
C0166,2017,152.23,149.94,-1.51,399.70
C0166,2018,189.35,227.50,20.15,356.37
C0166,2019,53.06,60.95,14.86,415.94
C0166,2020,110.91,117.93,6.34,338.59
C0166,2021,70.53,94.39,33.83,375.76
C0166,2022,103.83,126.17,21.52,190.14
C0166,2023,115.84,117.74,1.64,295.50
C0166,2024,16.88,21.64,28.26,402.89
C0167,2015,54.32,67.51,24.29,86.89
C0167,2016,143.91,183.48,27.50,211.99
C0167,2017,156.86,185.81,18.46,370.50
C0167,2018,118.20,121.46,2.76,266.79
C0167,2019,61.46,62.02,0.91,341.15
C0167,2020,86.97,103.71,19.25,147.14
C0167,2021,28.25,24.82,-12.15,17.14
C0167,2022,191.10,246.90,29.19,15.54
C0167,2023,175.05,178.94,2.22,471.45
C0167,2024,22.46,26.47,17.82,472.33
C0168,2015,41.63,45.77,9.94,106.43
C0168,2016,120.41,133.84,11.16,74.59
C0168,2017,54.16,67.31,24.28,10.05
C0168,2018,187.54,220.54,17.60,116.40
C0168,2019,153.56,145.91,-4.98,167.84
C0168,2020,61.93,52.30,-15.55,121.38
C0168,2021,11.16,14.55,30.41,398.89
C0168,2022,161.90,215.47,33.09,374.97
C0168,2023,90.58,81.40,-10.13,41.43
C0168,2024,132.05,130.16,-1.43,348.96
C0169,2015,64.53,62.55,-3.06,260.77
C0169,2016,37.15,50.61,36.25,66.95
C0169,2017,138.31,127.64,-7.71,370.03
C0169,2018,95.56,86.00,-10.01,43.94
C0169,2019,54.68,49.71,-9.09,89.40
C0169,2020,36.15,44.75,23.79,75.46
C0169,2021,120.29,160.33,33.28,469.58
C0169,2022,147.85,153.18,3.60,349.38
C0169,2023,63.94,56.37,-11.84,206.23
C0169,2024,149.68,172.34,15.14,411.28
C0170,2015,44.79,41.48,-7.40,108.76
C0170,2016,74.30,62.30,-16.15,465.62
C0170,2017,151.53,201.80,33.17,348.80
C0170,2018,135.43,179.10,32.25,280.23
C0170,2019,61.40,85.07,38.55,397.53
C0170,2020,33.21,36.01,8.44,322.75
C0170,2021,18.07,17.64,-2.36,443.67
C0170,2022,169.20,213.51,26.19,414.75
C0170,2023,24.28,22.05,-9.17,99.72
C0170,2024,31.82,30.10,-5.40,120.59
C0171,2015,55.17,52.59,-4.66,33.48
C0171,2016,94.68,129.80,37.10,110.88
C0171,2017,160.06,198.14,23.79,172.40
C0171,2018,57.02,50.19,-11.98,15.38
C0171,2019,113.27,96.92,-14.43,158.17
C0171,2020,27.17,35.48,30.57,386.00
C0171,2021,98.26,125.90,28.14,420.32
C0171,2022,43.75,52.62,20.26,5.43
C0171,2023,50.13,46.00,-8.23,4.57
C0171,2024,79.70,86.72,8.82,74.01
C0172,2015,154.66,179.65,16.16,436.42
C0172,2016,151.36,205.74,35.93,235.17
C0172,2017,88.84,80.11,-9.83,491.47
C0172,2018,32.55,36.10,10.93,443.78
C0172,2019,63.33,56.66,-10.53,445.17
C0172,2020,106.02,113.05,6.63,65.11
C0172,2021,175.19,161.19,-7.99,238.14
C0172,2022,193.97,252.49,30.17,496.80
C0172,2023,131.12,124.94,-4.72,75.37
C0172,2024,76.63,80.48,5.03,287.54
C0173,2015,141.76,148.09,4.47,172.80
C0173,2016,73.88,97.51,31.98,194.54
C0173,2017,128.84,161.65,25.47,445.51
C0173,2018,56.32,47.00,-16.55,294.36
C0173,2019,60.73,51.03,-15.97,379.63
C0173,2020,24.29,27.47,13.07,336.94
C0173,2021,89.83,94.91,5.66,264.98
C0173,2022,127.45,123.04,-3.46,396.06
C0173,2023,159.87,203.93,27.56,485.40
C0173,2024,163.97,143.83,-12.28,483.44
C0174,2015,198.56,274.90,38.44,394.94
C0174,2016,26.67,21.72,-18.55,244.18
C0174,2017,103.70,90.31,-12.91,82.42
C0174,2018,109.06,107.62,-1.32,23.19
C0174,2019,162.86,180.04,10.55,116.49
C0174,2020,60.61,56.35,-7.03,170.79
C0174,2021,23.18,28.78,24.17,65.79
C0174,2022,69.61,70.63,1.45,113.16
C0174,2023,196.95,162.11,-17.69,42.69
C0174,2024,180.89,239.98,32.66,262.31
C0175,2015,85.10,116.27,36.63,64.03
C0175,2016,176.49,206.70,17.11,371.64
C0175,2017,16.22,20.83,28.39,166.99
C0175,2018,69.70,60.82,-12.73,336.36
C0175,2019,148.09,142.36,-3.87,441.38
C0175,2020,52.08,51.82,-0.49,43.92
C0175,2021,47.69,65.65,37.65,494.51
C0175,2022,173.74,192.39,10.73,322.98
C0175,2023,127.03,102.19,-19.56,27.63
C0175,2024,197.91,203.48,2.81,157.69
C0176,2015,35.59,28.64,-19.53,443.24
C0176,2016,77.66,73.21,-5.73,298.52
C0176,2017,69.13,74.16,7.28,144.32
C0176,2018,177.23,176.17,-0.60,470.31
C0176,2019,58.51,47.95,-18.04,393.84
C0176,2020,77.16,67.11,-13.02,368.03
C0176,2021,37.14,41.99,13.05,444.33
C0176,2022,157.33,191.52,21.74,385.12
C0176,2023,55.16,57.52,4.27,144.08
C0176,2024,22.98,28.47,23.89,292.36
C0177,2015,92.67,83.22,-10.20,421.30
C0177,2016,84.38,73.68,-12.68,91.24
C0177,2017,43.75,57.03,30.37,82.35
C0177,2018,35.38,35.51,0.35,80.33
C0177,2019,180.35,191.05,5.93,97.93
C0177,2020,22.89,31.33,36.85,52.51
C0177,2021,28.87,30.44,5.45,418.98
C0177,2022,56.56,45.37,-19.79,409.34
C0177,2023,191.04,260.35,36.28,76.53
C0177,2024,26.22,21.20,-19.15,353.06
C0178,2015,165.04,197.62,19.74,313.86
C0178,2016,179.49,178.37,-0.63,138.82
C0178,2017,81.79,88.52,8.22,114.46
C0178,2018,65.84,74.29,12.84,126.04
C0178,2019,138.70,144.95,4.51,365.58
C0178,2020,143.50,181.47,26.46,160.34
C0178,2021,158.20,214.90,35.84,139.70
C0178,2022,167.81,142.95,-14.82,12.22
C0178,2023,61.00,78.08,28.02,454.21
C0178,2024,140.52,123.27,-12.28,376.60
C0179,2015,35.63,30.22,-15.18,236.92
C0179,2016,107.04,147.02,37.35,471.52
C0179,2017,126.45,138.28,9.36,147.47
C0179,2018,40.73,36.31,-10.84,337.68
C0179,2019,24.54,28.02,14.20,153.27
C0179,2020,47.00,45.03,-4.21,157.97
C0179,2021,89.91,96.98,7.86,422.51
C0179,2022,178.69,209.92,17.48,393.72
C0179,2023,111.06,146.78,32.16,147.76
C0179,2024,152.21,122.05,-19.82,41.61
C0180,2015,43.09,40.01,-7.15,179.43
C0180,2016,30.14,25.85,-14.22,380.27
C0180,2017,55.53,47.66,-14.17,51.17
C0180,2018,69.64,95.23,36.75,336.38
C0180,2019,114.14,155.42,36.16,444.99
C0180,2020,177.44,221.72,24.96,90.43
C0180,2021,90.96,107.86,18.58,431.24
C0180,2022,108.57,142.10,30.88,26.63
C0180,2023,10.88,9.08,-16.50,333.77
C0180,2024,16.33,14.23,-12.83,395.73
C0181,2015,25.92,25.66,-0.97,222.94
C0181,2016,142.81,185.58,29.95,102.66
C0181,2017,102.38,110.91,8.33,462.44
C0181,2018,46.66,51.43,10.21,10.96
C0181,2019,122.59,114.94,-6.24,277.98
C0181,2020,113.48,134.93,18.90,187.05
C0181,2021,26.87,35.81,33.27,231.07
C0181,2022,131.68,131.38,-0.23,268.75
C0181,2023,155.76,182.47,17.15,267.84
C0181,2024,64.45,64.39,-0.08,102.61
C0182,2015,140.62,179.38,27.56,340.17
C0182,2016,47.95,52.02,8.50,10.55
C0182,2017,153.78,154.34,0.37,11.57
C0182,2018,183.24,192.77,5.20,239.77
C0182,2019,93.95,80.31,-14.53,271.41
C0182,2020,56.48,74.53,31.97,138.17
C0182,2021,85.84,118.02,37.48,276.29
C0182,2022,57.51,62.49,8.64,258.54
C0182,2023,10.24,9.55,-6.72,175.26
C0182,2024,133.59,160.14,19.88,326.24
C0183,2015,18.08,19.37,7.14,479.01
C0183,2016,49.97,47.54,-4.86,245.91
C0183,2017,147.27,121.21,-17.69,393.24
C0183,2018,136.49,182.05,33.38,124.55
C0183,2019,23.93,30.59,27.80,381.21
C0183,2020,135.41,175.68,29.74,324.80
C0183,2021,186.81,198.75,6.39,320.21
C0183,2022,24.16,30.24,25.20,446.62
C0183,2023,88.98,102.22,14.87,117.44
C0183,2024,148.59,152.29,2.49,184.86
C0184,2015,136.87,178.70,30.56,42.45
C0184,2016,53.04,74.21,39.93,363.33
C0184,2017,40.98,54.90,33.96,422.09
C0184,2018,159.01,201.26,26.57,203.51
C0184,2019,191.69,239.32,24.85,179.06
C0184,2020,155.84,185.47,19.01,329.67
C0184,2021,193.01,253.26,31.22,38.72
C0184,2022,124.95,136.93,9.58,147.63
C0184,2023,186.53,169.56,-9.10,183.74
C0184,2024,141.18,178.01,26.08,259.78
C0185,2015,182.69,246.94,35.17,238.81
C0185,2016,40.70,40.90,0.48,105.13
C0185,2017,164.96,209.46,26.98,270.85
C0185,2018,47.38,45.69,-3.58,463.01
C0185,2019,15.21,20.77,36.56,14.52
C0185,2020,108.34,131.10,21.01,340.47
C0185,2021,70.47,80.44,14.16,312.73
C0185,2022,18.27,23.17,26.79,462.29
C0185,2023,196.26,252.77,28.79,323.03
C0185,2024,136.63,182.46,33.54,312.80
C0186,2015,181.34,243.12,34.07,385.13
C0186,2016,199.83,166.18,-16.84,134.64
C0186,2017,84.47,73.81,-12.63,298.27
C0186,2018,58.40,75.67,29.56,260.19
C0186,2019,44.94,61.46,36.76,219.80
C0186,2020,107.89,106.22,-1.54,40.66
C0186,2021,125.16,100.77,-19.48,147.02
C0186,2022,99.76,99.12,-0.64,140.71
C0186,2023,83.58,86.06,2.97,362.40
C0186,2024,41.97,52.74,25.66,460.41
C0187,2015,93.95,77.85,-17.14,116.16
C0187,2016,26.20,24.30,-7.24,38.24
C0187,2017,174.36,233.01,33.64,499.98
C0187,2018,18.91,16.89,-10.71,345.91
C0187,2019,82.32,103.36,25.55,443.35
C0187,2020,29.03,29.51,1.68,72.80
C0187,2021,157.25,188.32,19.76,400.58
C0187,2022,69.42,58.61,-15.57,406.85
C0187,2023,31.49,30.61,-2.81,76.59
C0187,2024,110.98,117.07,5.49,81.54
C0188,2015,184.09,241.96,31.43,148.43
C0188,2016,182.64,207.87,13.81,109.18
C0188,2017,57.43,47.51,-17.29,487.73
C0188,2018,146.74,187.99,28.11,182.11
C0188,2019,15.75,13.12,-16.73,380.89
C0188,2020,35.05,47.69,36.06,402.72
C0188,2021,104.90,97.25,-7.30,193.58
C0188,2022,53.46,58.42,9.28,341.61
C0188,2023,161.67,136.35,-15.66,54.79
C0188,2024,186.90,212.51,13.70,199.08
C0189,2015,10.82,11.89,9.83,483.69
C0189,2016,54.25,56.76,4.61,85.10
C0189,2017,93.52,76.81,-17.87,193.47
C0189,2018,116.99,155.28,32.74,395.47
C0189,2019,184.02,235.84,28.16,333.05
C0189,2020,179.46,211.73,17.98,316.13
C0189,2021,131.06,149.85,14.33,426.78
C0189,2022,58.90,71.68,21.70,15.52
C0189,2023,158.82,140.78,-11.36,385.81
C0189,2024,48.50,65.95,35.96,441.39
C0190,2015,193.38,187.74,-2.92,9.07
C0190,2016,11.11,13.26,19.39,279.92
C0190,2017,118.26,137.66,16.41,174.95
C0190,2018,26.80,31.67,18.20,26.33
C0190,2019,87.44,116.07,32.74,209.46
C0190,2020,130.64,127.70,-2.25,322.37
C0190,2021,141.02,176.19,24.94,459.59
C0190,2022,159.26,184.59,15.90,310.64
C0190,2023,122.73,103.79,-15.44,428.51
C0190,2024,57.75,60.55,4.85,61.66
C0191,2015,178.96,233.14,30.28,106.05
C0191,2016,164.11,162.34,-1.08,485.18
C0191,2017,40.41,44.02,8.94,443.81
C0191,2018,167.04,182.60,9.32,118.38
C0191,2019,194.80,228.08,17.08,310.87
C0191,2020,131.07,174.38,33.04,181.95
C0191,2021,63.54,57.45,-9.59,234.83
C0191,2022,125.25,138.13,10.28,430.58
C0191,2023,75.08,79.18,5.46,368.12
C0191,2024,138.43,135.32,-2.24,119.98
C0192,2015,113.51,153.44,35.18,158.68
C0192,2016,186.60,150.20,-19.51,145.57
C0192,2017,127.40,111.26,-12.67,390.55
C0192,2018,50.66,62.81,24.00,245.55
C0192,2019,147.77,141.57,-4.19,475.41
C0192,2020,67.17,82.88,23.39,408.53
C0192,2021,61.75,80.24,29.94,106.39
C0192,2022,84.44,80.45,-4.72,393.19
C0192,2023,12.28,11.24,-8.48,253.53
C0192,2024,194.14,172.23,-11.28,127.60
C0193,2015,111.14,102.26,-7.99,182.30
C0193,2016,156.96,150.73,-3.97,486.09
C0193,2017,58.99,77.94,32.12,242.50
C0193,2018,151.86,191.64,26.20,360.08
C0193,2019,117.76,94.34,-19.89,239.07
C0193,2020,90.59,119.98,32.45,186.41
C0193,2021,194.43,164.74,-15.27,398.41
C0193,2022,103.83,123.89,19.32,424.31
C0193,2023,134.92,120.20,-10.91,36.87
C0193,2024,12.92,10.81,-16.26,140.21
C0194,2015,67.28,84.49,25.59,254.43
C0194,2016,178.85,193.22,8.03,158.93
C0194,2017,154.20,178.79,15.94,392.01
C0194,2018,111.98,118.17,5.52,58.25
C0194,2019,181.03,152.12,-15.97,399.10
C0194,2020,102.38,127.34,24.38,309.33
C0194,2021,117.64,152.01,29.22,145.39
C0194,2022,82.61,68.14,-17.51,172.88
C0194,2023,127.81,131.06,2.54,92.27
C0194,2024,70.61,80.10,13.44,127.03
C0195,2015,83.24,96.82,16.31,358.92
C0195,2016,193.60,222.04,14.69,188.57
C0195,2017,31.15,37.87,21.58,344.05
C0195,2018,30.00,41.40,38.01,257.54
C0195,2019,18.23,18.86,3.44,73.50
C0195,2020,70.81,80.29,13.40,250.04
C0195,2021,85.66,104.46,21.94,378.48
C0195,2022,27.96,32.30,15.55,149.54
C0195,2023,114.33,118.00,3.21,324.39
C0195,2024,120.83,141.91,17.44,100.32
C0196,2015,152.70,181.72,19.01,68.71
C0196,2016,195.43,224.94,15.10,180.75
C0196,2017,127.68,117.85,-7.69,195.21
C0196,2018,31.21,34.45,10.36,380.74
C0196,2019,26.82,35.69,33.06,230.58
C0196,2020,157.73,208.39,32.12,41.54
C0196,2021,133.56,167.02,25.05,317.37
C0196,2022,40.76,49.66,21.83,235.16
C0196,2023,58.14,51.86,-10.80,166.49
C0196,2024,152.55,164.09,7.57,401.31
C0197,2015,117.57,101.88,-13.34,78.04
C0197,2016,121.15,156.33,29.04,456.69
C0197,2017,49.90,48.64,-2.54,167.70
C0197,2018,129.52,163.21,26.01,231.01
C0197,2019,156.42,201.59,28.87,464.69
C0197,2020,178.20,237.98,33.55,380.86
C0197,2021,149.98,187.82,25.23,38.08
C0197,2022,119.51,136.10,13.88,289.57
C0197,2023,137.92,159.84,15.89,155.87
C0197,2024,102.17,101.39,-0.77,254.74
C0198,2015,53.11,48.13,-9.38,371.74
C0198,2016,177.62,156.02,-12.16,248.59
C0198,2017,111.20,101.10,-9.08,36.44
C0198,2018,122.92,167.22,36.04,265.46
C0198,2019,198.12,178.04,-10.13,13.04
C0198,2020,197.15,243.33,23.42,174.86
C0198,2021,121.40,110.57,-8.92,239.54
C0198,2022,16.45,22.79,38.52,322.69
C0198,2023,85.27,86.97,2.00,253.60
C0198,2024,188.09,196.98,4.73,76.82
C0199,2015,64.78,67.54,4.27,466.18
C0199,2016,199.86,257.80,28.99,325.50
C0199,2017,26.02,24.22,-6.90,159.17
C0199,2018,117.94,153.16,29.86,483.00
C0199,2019,107.94,128.90,19.42,441.41
C0199,2020,58.52,54.55,-6.78,72.60
C0199,2021,190.24,159.65,-16.08,328.06
C0199,2022,127.64,161.47,26.50,280.47
C0199,2023,53.74,50.06,-6.86,97.21
C0199,2024,82.97,110.63,33.34,117.50
C0200,2015,147.03,129.08,-12.21,282.32
C0200,2016,66.56,77.87,16.98,161.32
C0200,2017,177.13,215.26,21.53,417.58
C0200,2018,41.48,49.55,19.46,49.77
C0200,2019,60.26,59.63,-1.04,457.10
C0200,2020,37.53,49.74,32.53,420.44
C0200,2021,29.79,37.60,26.19,369.57
C0200,2022,67.06,74.18,10.61,132.02
C0200,2023,199.84,232.21,16.20,357.76
C0200,2024,27.92,31.83,13.98,219.95
C0201,2015,50.47,69.04,36.80,317.25
C0201,2016,61.61,82.42,33.78,156.96
C0201,2017,127.63,120.14,-5.87,418.09
C0201,2018,151.62,145.20,-4.23,21.25
C0201,2019,152.87,212.31,38.89,346.04
C0201,2020,11.64,10.96,-5.81,414.49
C0201,2021,133.85,183.66,37.21,323.57
C0201,2022,129.84,154.49,18.99,96.80
C0201,2023,108.35,89.94,-16.99,143.21
C0201,2024,82.05,82.17,0.14,257.94
C0202,2015,161.51,175.35,8.57,165.40
C0202,2016,75.34,97.93,29.99,3.45
C0202,2017,53.70,53.55,-0.28,21.30
C0202,2018,68.92,67.98,-1.37,384.12
C0202,2019,93.53,126.47,35.22,42.77
C0202,2020,50.67,42.94,-15.26,464.08
C0202,2021,125.44,141.86,13.09,221.93
C0202,2022,178.00,196.25,10.25,379.34
C0202,2023,123.14,102.75,-16.56,63.63
C0202,2024,94.87,80.89,-14.73,463.33
C0203,2015,161.41,166.11,2.92,17.87
C0203,2016,152.13,133.95,-11.95,22.03
C0203,2017,79.74,86.67,8.68,28.24
C0203,2018,124.79,145.42,16.53,52.60
C0203,2019,148.67,180.61,21.48,243.93
C0203,2020,56.64,63.88,12.79,394.35
C0203,2021,79.59,81.80,2.78,143.19
C0203,2022,30.10,26.42,-12.21,373.14
C0203,2023,197.66,187.48,-5.15,387.26
C0203,2024,26.32,27.68,5.17,454.23
C0204,2015,42.04,56.94,35.45,75.53
C0204,2016,101.17,93.23,-7.84,68.63
C0204,2017,174.40,182.77,4.80,61.93
C0204,2018,77.62,96.20,23.94,180.30
C0204,2019,156.03,190.85,22.31,245.22
C0204,2020,138.45,190.97,37.94,231.34
C0204,2021,131.35,120.12,-8.55,129.27
C0204,2022,170.55,138.13,-19.01,311.37
C0204,2023,12.69,12.61,-0.66,169.80
C0204,2024,186.54,165.99,-11.02,183.68
C0205,2015,167.55,189.18,12.91,53.66
C0205,2016,188.19,252.04,33.93,296.52
C0205,2017,160.78,195.02,21.29,327.98
C0205,2018,176.93,155.96,-11.85,379.22
C0205,2019,48.58,42.25,-13.03,452.10
C0205,2020,70.65,95.16,34.69,383.24
C0205,2021,69.89,76.36,9.26,118.64
C0205,2022,30.74,41.63,35.42,118.59
C0205,2023,148.62,184.55,24.17,457.63
C0205,2024,35.87,50.08,39.60,395.28
C0206,2015,19.98,26.42,32.27,391.34
C0206,2016,157.33,164.97,4.85,360.14
C0206,2017,181.89,228.26,25.49,134.33
C0206,2018,155.18,168.02,8.27,423.86
C0206,2019,166.82,156.78,-6.02,72.30
C0206,2020,123.17,116.35,-5.54,175.66
C0206,2021,178.67,185.53,3.84,173.89
C0206,2022,104.37,90.48,-13.31,280.51
C0206,2023,197.78,179.32,-9.33,232.26
C0206,2024,29.65,32.62,10.04,230.44
C0207,2015,163.74,224.72,37.24,277.23
C0207,2016,131.86,151.20,14.66,208.29
C0207,2017,120.32,125.75,4.51,125.74
C0207,2018,147.90,139.86,-5.44,332.40
C0207,2019,169.66,155.67,-8.25,395.53
C0207,2020,173.95,207.88,19.50,240.02
C0207,2021,43.32,56.71,30.90,325.09
C0207,2022,47.44,49.30,3.93,268.15
C0207,2023,13.07,14.78,13.04,30.44
C0207,2024,35.05,42.90,22.40,212.12
C0208,2015,60.14,50.21,-16.50,5.92
C0208,2016,147.00,148.55,1.05,331.28
C0208,2017,100.40,124.28,23.79,254.57
C0208,2018,154.00,186.46,21.08,64.29
C0208,2019,102.44,85.23,-16.80,271.55
C0208,2020,115.56,108.94,-5.73,449.31
C0208,2021,31.10,37.57,20.80,170.90
C0208,2022,157.55,151.69,-3.72,491.20
C0208,2023,154.04,198.51,28.86,479.73
C0208,2024,68.44,55.96,-18.23,392.87
C0209,2015,72.43,66.22,-8.58,407.09
C0209,2016,51.74,50.12,-3.12,205.86
C0209,2017,164.63,223.10,35.52,201.87
C0209,2018,151.93,194.14,27.78,477.24
C0209,2019,125.74,167.29,33.05,183.73
C0209,2020,55.38,58.94,6.43,49.34
C0209,2021,42.65,55.17,29.35,77.20
C0209,2022,19.55,25.65,31.21,355.49
C0209,2023,18.67,19.41,4.00,192.11
C0209,2024,45.56,63.63,39.67,100.47
C0210,2015,29.10,38.14,31.07,407.08
C0210,2016,115.66,160.13,38.45,244.85
C0210,2017,78.04,103.00,31.99,284.25
C0210,2018,94.54,119.66,26.57,77.82
C0210,2019,122.87,167.88,36.63,97.18
C0210,2020,135.23,142.25,5.19,63.80
C0210,2021,133.16,169.11,27.00,257.76
C0210,2022,59.56,55.26,-7.23,388.05
C0210,2023,163.83,203.10,23.97,366.41
C0210,2024,184.36,234.37,27.12,131.35
C0211,2015,70.03,86.13,22.99,425.92
C0211,2016,13.24,17.35,30.99,53.72
C0211,2017,180.84,189.52,4.80,57.91
C0211,2018,185.47,209.00,12.69,424.80
C0211,2019,19.68,15.87,-19.36,122.97
C0211,2020,10.94,9.71,-11.24,354.35
C0211,2021,165.12,195.91,18.65,5.53
C0211,2022,67.28,76.52,13.74,47.71
C0211,2023,183.77,168.77,-8.16,305.04
C0211,2024,51.18,48.42,-5.39,92.03
C0212,2015,173.62,174.74,0.64,15.08
C0212,2016,23.04,28.34,22.98,234.01
C0212,2017,59.52,69.39,16.58,165.93
C0212,2018,194.89,164.05,-15.83,401.33
C0212,2019,53.93,67.73,25.60,409.60
C0212,2020,35.27,33.78,-4.24,307.60
C0212,2021,172.84,207.94,20.31,147.22
C0212,2022,32.38,28.30,-12.60,231.35
C0212,2023,28.52,39.89,39.88,351.43
C0212,2024,71.45,60.60,-15.18,35.58
C0213,2015,130.71,162.74,24.50,166.92
C0213,2016,145.04,163.14,12.48,411.36
C0213,2017,177.44,151.10,-14.84,203.61
C0213,2018,112.77,92.03,-18.39,312.71
C0213,2019,84.75,86.24,1.76,49.07
C0213,2020,78.18,100.17,28.13,388.75
C0213,2021,170.91,140.95,-17.53,51.13
C0213,2022,147.52,180.37,22.26,430.90
C0213,2023,182.03,217.20,19.32,54.19
C0213,2024,193.17,185.31,-4.07,445.56
C0214,2015,67.01,56.72,-15.35,182.52
C0214,2016,110.64,149.27,34.92,312.64
C0214,2017,130.05,127.47,-1.98,423.43
C0214,2018,41.13,35.65,-13.32,6.11
C0214,2019,20.14,24.34,20.89,133.58
C0214,2020,174.88,162.64,-7.00,454.26
C0214,2021,111.75,121.29,8.54,194.70
C0214,2022,118.45,98.34,-16.98,353.48
C0214,2023,115.43,161.12,39.58,70.87
C0214,2024,153.44,163.96,6.86,339.51
C0215,2015,37.65,52.68,39.95,37.51
C0215,2016,126.67,130.65,3.14,358.95
C0215,2017,99.20,100.07,0.87,162.58
C0215,2018,180.42,243.34,34.87,233.46
C0215,2019,108.73,108.48,-0.23,83.96
C0215,2020,189.16,200.36,5.92,314.30
C0215,2021,77.12,65.31,-15.31,169.45
C0215,2022,193.71,266.02,37.33,192.30
C0215,2023,176.28,150.03,-14.89,326.44
C0215,2024,121.01,152.80,26.27,90.25
C0216,2015,77.20,86.71,12.32,426.15
C0216,2016,81.43,68.14,-16.32,369.90
C0216,2017,156.82,125.62,-19.90,289.29
C0216,2018,120.32,163.80,36.13,65.04
C0216,2019,86.30,107.47,24.53,343.87
C0216,2020,130.85,158.57,21.19,10.03
C0216,2021,149.31,158.74,6.31,402.39
C0216,2022,14.35,13.54,-5.68,152.60
C0216,2023,27.07,32.70,20.79,59.49
C0216,2024,27.95,32.56,16.50,83.08
C0217,2015,54.07,66.82,23.58,481.60
C0217,2016,91.13,92.90,1.95,387.14
C0217,2017,162.69,226.49,39.22,119.70
C0217,2018,76.71,64.45,-15.98,481.77
C0217,2019,13.32,11.29,-15.22,70.92
C0217,2020,101.84,137.50,35.01,367.03
C0217,2021,199.36,236.96,18.86,328.71
C0217,2022,76.31,75.99,-0.42,410.92
C0217,2023,192.64,242.18,25.72,191.47
C0217,2024,29.26,31.35,7.17,201.52
C0218,2015,42.89,34.85,-18.73,312.66
C0218,2016,147.58,175.72,19.07,199.70
C0218,2017,105.23,99.53,-5.41,21.63
C0218,2018,155.37,135.05,-13.08,365.12
C0218,2019,174.08,162.79,-6.48,320.83
C0218,2020,57.71,62.65,8.57,212.43
C0218,2021,139.74,115.97,-17.01,152.11
C0218,2022,125.44,166.83,32.99,161.04
C0218,2023,173.69,197.31,13.60,370.77
C0218,2024,91.72,89.50,-2.42,364.85
C0219,2015,19.86,24.07,21.22,409.64
C0219,2016,119.10,152.74,28.25,381.33
C0219,2017,192.19,224.54,16.84,379.21
C0219,2018,12.78,11.78,-7.85,126.63
C0219,2019,55.65,48.20,-13.38,51.70
C0219,2020,70.05,92.19,31.59,381.11
C0219,2021,155.51,146.31,-5.92,50.21
C0219,2022,71.42,58.00,-18.80,491.07
C0219,2023,55.43,65.72,18.57,437.67
C0219,2024,133.23,118.80,-10.83,267.20
C0220,2015,18.82,26.24,39.46,176.74
C0220,2016,42.41,56.06,32.18,263.89
C0220,2017,87.53,101.97,16.51,367.42
C0220,2018,77.56,100.86,30.03,378.41
C0220,2019,75.96,82.21,8.23,37.76
C0220,2020,30.63,38.99,27.31,402.62
C0220,2021,78.56,93.32,18.79,321.11
C0220,2022,161.62,132.07,-18.28,21.25
C0220,2023,88.63,121.36,36.93,157.27
C0220,2024,121.37,159.79,31.66,255.81
C0221,2015,41.08,56.36,37.20,95.04
C0221,2016,23.25,28.80,23.88,78.47
C0221,2017,177.19,185.56,4.72,8.13
C0221,2018,72.96,67.43,-7.58,455.86
C0221,2019,76.56,69.52,-9.20,29.00
C0221,2020,176.76,156.78,-11.31,183.64
C0221,2021,144.48,134.70,-6.76,103.68
C0221,2022,153.69,173.73,13.04,370.78
C0221,2023,139.58,168.93,21.02,353.89
C0221,2024,30.10,29.75,-1.16,403.30
C0222,2015,192.02,216.84,12.92,308.79
C0222,2016,182.74,183.60,0.48,296.23
C0222,2017,54.88,66.84,21.79,204.15
C0222,2018,162.76,226.74,39.31,318.54
C0222,2019,87.79,106.52,21.34,58.49
C0222,2020,139.92,116.89,-16.46,342.57
C0222,2021,41.46,45.04,8.63,52.84
C0222,2022,112.33,141.78,26.22,431.01
C0222,2023,34.06,38.33,12.53,253.34
C0222,2024,111.87,153.34,37.06,265.65
C0223,2015,56.28,46.88,-16.71,292.84
C0223,2016,95.97,93.54,-2.53,388.25
C0223,2017,136.91,127.66,-6.76,239.76
C0223,2018,176.64,222.67,26.06,214.37
C0223,2019,41.40,46.14,11.43,144.88
C0223,2020,179.72,158.69,-11.70,64.89
C0223,2021,84.11,81.70,-2.86,95.98
C0223,2022,170.32,189.67,11.36,1.26
C0223,2023,107.38,150.09,39.77,434.84
C0223,2024,173.82,177.05,1.86,382.71
C0224,2015,135.94,121.54,-10.59,110.12
C0224,2016,106.66,117.13,9.82,2.19
C0224,2017,69.38,68.42,-1.39,246.57
C0224,2018,194.09,221.18,13.96,206.87
C0224,2019,162.17,175.15,8.00,388.23
C0224,2020,82.43,100.04,21.37,202.04
C0224,2021,41.68,56.21,34.86,432.19
C0224,2022,158.11,145.51,-7.97,48.82
C0224,2023,198.09,256.07,29.27,183.56
C0224,2024,63.01,86.29,36.96,467.04
C0225,2015,184.01,188.46,2.42,6.85
C0225,2016,33.82,29.36,-13.18,196.00
C0225,2017,190.92,246.89,29.31,130.59
C0225,2018,151.61,185.07,22.07,266.40
C0225,2019,75.85,70.36,-7.24,140.10
C0225,2020,67.88,72.44,6.71,435.08
C0225,2021,132.25,151.67,14.68,468.63
C0225,2022,122.77,110.72,-9.81,424.72
C0225,2023,184.60,226.86,22.89,199.89
C0225,2024,155.59,188.87,21.39,494.98
C0226,2015,112.67,150.11,33.23,367.78
C0226,2016,186.24,212.38,14.04,178.45
C0226,2017,122.62,140.35,14.46,47.75
C0226,2018,171.44,200.86,17.16,333.86
C0226,2019,169.78,163.71,-3.57,364.56
C0226,2020,184.65,231.76,25.52,62.11
C0226,2021,22.84,27.36,19.75,275.32
C0226,2022,120.93,157.63,30.35,493.56
C0226,2023,98.99,124.85,26.12,163.79
C0226,2024,103.20,122.10,18.31,151.65
C0227,2015,97.38,87.31,-10.35,451.75
C0227,2016,169.12,228.56,35.15,59.59
C0227,2017,70.50,71.94,2.03,466.83
C0227,2018,97.92,134.99,37.86,389.96
C0227,2019,48.13,50.11,4.11,196.03
C0227,2020,57.83,51.32,-11.24,42.69
C0227,2021,135.48,180.31,33.09,10.57
C0227,2022,32.22,41.14,27.70,188.54
C0227,2023,45.69,58.10,27.18,352.97
C0227,2024,110.33,94.18,-14.64,244.28
C0228,2015,18.32,24.32,32.76,369.59
C0228,2016,34.12,39.50,15.78,335.61
C0228,2017,174.04,188.35,8.22,286.88
C0228,2018,170.77,230.18,34.79,483.78
C0228,2019,76.08,91.26,19.96,364.46
C0228,2020,76.12,66.97,-12.02,457.39
C0228,2021,187.94,208.93,11.17,121.84
C0228,2022,14.91,17.62,18.20,357.11
C0228,2023,120.26,161.04,33.91,299.30
C0228,2024,123.50,119.54,-3.21,462.22
C0229,2015,159.70,203.86,27.65,255.72
C0229,2016,190.83,244.24,27.99,140.54
C0229,2017,77.61,68.05,-12.32,193.03
C0229,2018,93.19,75.51,-18.97,110.20
C0229,2019,137.55,158.02,14.88,110.77
C0229,2020,193.78,246.82,27.37,235.74
C0229,2021,179.25,203.03,13.27,446.39
C0229,2022,136.74,176.12,28.80,96.74
C0229,2023,172.78,202.73,17.34,144.65
C0229,2024,26.19,31.22,19.20,426.64
C0230,2015,81.65,66.70,-18.31,170.29
C0230,2016,12.49,10.65,-14.68,481.24
C0230,2017,43.72,53.99,23.50,135.19
C0230,2018,129.79,163.24,25.77,221.63
C0230,2019,178.26,200.59,12.53,48.71
C0230,2020,130.23,150.30,15.41,496.10
C0230,2021,136.19,159.15,16.86,445.18
C0230,2022,29.73,25.65,-13.70,408.96
C0230,2023,136.32,163.69,20.07,79.51
C0230,2024,96.33,104.71,8.71,484.71
C0231,2015,133.77,155.38,16.15,464.65
C0231,2016,71.97,81.90,13.79,218.40
C0231,2017,120.48,151.54,25.78,341.14
C0231,2018,90.57,89.77,-0.89,496.24
C0231,2019,116.14,118.94,2.41,205.46
C0231,2020,37.95,39.27,3.50,57.41
C0231,2021,85.21,107.15,25.75,434.02
C0231,2022,81.11,85.87,5.87,238.77
C0231,2023,149.91,135.86,-9.38,493.50
C0231,2024,144.22,200.44,38.98,275.90
C0232,2015,182.68,200.23,9.60,15.71
C0232,2016,130.09,112.60,-13.45,246.37
C0232,2017,69.76,83.87,20.22,359.31
C0232,2018,158.81,197.48,24.35,13.99
C0232,2019,104.43,114.89,10.01,207.31
C0232,2020,46.76,55.55,18.79,78.62
C0232,2021,152.01,137.36,-9.64,321.91
C0232,2022,35.18,35.91,2.08,478.72
C0232,2023,43.85,39.34,-10.29,312.67
C0232,2024,154.16,159.15,3.23,347.74
C0233,2015,156.33,177.85,13.77,198.88
C0233,2016,160.25,170.75,6.55,282.01
C0233,2017,65.73,75.98,15.59,272.38
C0233,2018,174.65,192.30,10.11,380.04
C0233,2019,147.31,145.94,-0.93,428.60
C0233,2020,168.45,149.26,-11.40,331.78
C0233,2021,144.64,137.64,-4.84,489.92
C0233,2022,120.12,110.56,-7.96,414.32
C0233,2023,30.79,37.69,22.45,63.20
C0233,2024,145.08,187.44,29.20,254.23
C0234,2015,141.19,173.98,23.22,451.71
C0234,2016,69.37,82.29,18.62,472.02
C0234,2017,149.81,147.52,-1.53,190.72
C0234,2018,114.59,140.55,22.66,363.13
C0234,2019,116.29,135.25,16.31,205.86
C0234,2020,79.84,66.12,-17.19,62.71
C0234,2021,32.19,43.28,34.46,442.42
C0234,2022,51.22,43.43,-15.20,466.04
C0234,2023,156.08,171.94,10.16,252.87
C0234,2024,61.57,68.21,10.78,10.14
C0235,2015,10.43,13.58,30.22,408.20
C0235,2016,199.43,268.80,34.78,239.00
C0235,2017,50.03,68.23,36.38,38.44
C0235,2018,134.52,153.60,14.18,95.51
C0235,2019,186.12,224.72,20.74,76.91
C0235,2020,123.95,105.74,-14.69,343.45
C0235,2021,161.82,176.82,9.27,150.41
C0235,2022,195.51,261.73,33.87,64.72
C0235,2023,173.47,186.20,7.34,458.91
C0235,2024,116.00,97.65,-15.82,478.31
C0236,2015,79.10,72.81,-7.96,70.15
C0236,2016,101.67,107.53,5.77,115.89
C0236,2017,169.95,160.18,-5.75,296.47
C0236,2018,172.14,178.23,3.54,76.10
C0236,2019,170.71,170.67,-0.02,80.14
C0236,2020,123.47,122.41,-0.86,168.95
C0236,2021,100.62,86.00,-14.53,474.64
C0236,2022,69.15,91.95,32.96,481.26
C0236,2023,10.64,12.93,21.56,421.05
C0236,2024,155.25,182.27,17.40,348.16
C0237,2015,62.63,72.89,16.39,360.62
C0237,2016,72.64,75.39,3.79,235.32
C0237,2017,170.26,220.32,29.40,265.55
C0237,2018,19.93,27.06,35.80,317.59
C0237,2019,186.25,149.63,-19.66,365.91
C0237,2020,10.26,8.69,-15.25,49.33
C0237,2021,188.44,227.07,20.50,113.22
C0237,2022,96.40,90.78,-5.84,481.51
C0237,2023,29.40,39.61,34.70,168.24
C0237,2024,138.09,165.77,20.04,134.97
C0238,2015,180.21,183.99,2.10,211.53
C0238,2016,93.23,97.82,4.92,146.17
C0238,2017,141.36,171.68,21.45,46.50
C0238,2018,196.08,173.45,-11.54,104.77
C0238,2019,55.73,74.13,33.00,320.44
C0238,2020,165.89,133.18,-19.71,112.37
C0238,2021,66.10,91.70,38.74,324.19
C0238,2022,91.00,81.96,-9.94,50.94
C0238,2023,63.54,79.12,24.53,21.90
C0238,2024,94.74,78.06,-17.60,430.92
C0239,2015,10.97,11.61,5.89,380.25
C0239,2016,67.65,79.71,17.82,333.35
C0239,2017,94.61,79.67,-15.79,16.42
C0239,2018,130.13,138.71,6.60,120.44
C0239,2019,131.10,128.72,-1.81,406.34
C0239,2020,120.92,132.88,9.89,73.19
C0239,2021,65.68,72.42,10.27,406.61
C0239,2022,190.01,241.53,27.11,292.53
C0239,2023,84.47,73.84,-12.59,370.44
C0239,2024,51.21,43.51,-15.04,322.61
C0240,2015,115.36,120.10,4.11,209.08
C0240,2016,152.30,202.94,33.25,146.70
C0240,2017,12.32,16.18,31.32,336.69
C0240,2018,62.51,71.01,13.60,403.65
C0240,2019,166.75,222.32,33.33,23.32
C0240,2020,106.33,136.45,28.32,190.57
C0240,2021,87.61,84.70,-3.32,176.01
C0240,2022,186.87,168.57,-9.79,280.18
C0240,2023,27.01,26.49,-1.93,57.85
C0240,2024,126.96,118.87,-6.37,466.78
C0241,2015,75.02,88.04,17.36,274.71
C0241,2016,23.46,27.00,15.09,461.95
C0241,2017,50.61,58.66,15.91,408.65
C0241,2018,129.31,118.13,-8.64,96.63
C0241,2019,15.37,19.60,27.51,67.04
C0241,2020,122.53,129.90,6.02,430.76
C0241,2021,191.80,207.81,8.35,268.51
C0241,2022,161.07,225.20,39.82,10.85
C0241,2023,75.66,73.35,-3.06,467.18
C0241,2024,36.26,37.58,3.65,237.04
C0242,2015,98.36,118.61,20.59,151.17
C0242,2016,84.66,112.45,32.82,258.78
C0242,2017,194.63,170.51,-12.39,411.64
C0242,2018,198.07,245.82,24.10,56.04
C0242,2019,88.01,118.90,35.10,180.11
C0242,2020,38.27,40.33,5.38,160.11
C0242,2021,183.02,177.90,-2.80,419.99
C0242,2022,160.77,194.00,20.66,389.46
C0242,2023,107.14,101.53,-5.24,200.65
C0242,2024,79.42,81.85,3.06,332.58
C0243,2015,95.15,127.33,33.81,197.83
C0243,2016,181.36,209.32,15.42,286.09
C0243,2017,45.08,38.63,-14.30,495.62
C0243,2018,163.29,162.93,-0.22,268.25
C0243,2019,13.46,15.83,17.64,494.30
C0243,2020,184.91,201.35,8.89,373.85
C0243,2021,105.06,125.67,19.62,61.24
C0243,2022,53.08,66.72,25.69,398.19
C0243,2023,10.54,11.47,8.84,81.48
C0243,2024,116.31,161.93,39.22,266.63
C0244,2015,56.45,76.14,34.88,307.01
C0244,2016,129.94,108.62,-16.41,446.22
C0244,2017,63.42,60.88,-4.01,106.00
C0244,2018,26.72,26.20,-1.97,438.10
C0244,2019,105.96,96.48,-8.94,467.31
C0244,2020,117.25,115.75,-1.28,45.65
C0244,2021,95.99,101.26,5.49,442.76
C0244,2022,97.03,80.62,-16.91,130.33
C0244,2023,122.03,106.95,-12.36,41.42
C0244,2024,110.01,94.36,-14.23,479.33
C0245,2015,35.19,29.13,-17.22,196.71
C0245,2016,47.45,51.66,8.89,311.87
C0245,2017,36.94,36.95,0.03,276.88
C0245,2018,141.73,192.93,36.13,107.38
C0245,2019,110.43,95.16,-13.83,335.11
C0245,2020,91.67,124.27,35.56,24.01
C0245,2021,161.68,137.74,-14.81,102.34
C0245,2022,71.90,84.23,17.15,472.39
C0245,2023,117.94,111.88,-5.14,476.80
C0245,2024,24.14,31.28,29.61,241.84
C0246,2015,151.44,126.74,-16.31,85.37
C0246,2016,142.09,194.87,37.15,211.39
C0246,2017,162.45,134.57,-17.16,438.66
C0246,2018,178.05,168.20,-5.53,36.07
C0246,2019,154.03,166.12,7.85,64.81
C0246,2020,170.45,213.69,25.36,447.93
C0246,2021,75.67,103.72,37.07,208.28
C0246,2022,75.23,79.51,5.68,42.65
C0246,2023,189.42,237.60,25.44,70.47
C0246,2024,183.77,227.19,23.63,441.34
C0247,2015,114.21,130.51,14.27,245.56
C0247,2016,79.65,96.73,21.46,82.33
C0247,2017,174.54,143.62,-17.72,447.14
C0247,2018,71.45,76.09,6.49,422.79
C0247,2019,39.19,49.83,27.15,12.49
C0247,2020,131.50,142.62,8.45,290.91
C0247,2021,18.10,23.96,32.41,122.92
C0247,2022,82.03,106.65,30.02,267.03
C0247,2023,163.46,215.45,31.81,140.35
C0247,2024,66.09,58.03,-12.20,158.62
C0248,2015,186.95,176.95,-5.35,301.32
C0248,2016,191.61,156.69,-18.22,269.89
C0248,2017,165.01,229.30,38.97,198.20
C0248,2018,197.65,186.13,-5.83,54.68
C0248,2019,110.85,113.09,2.03,484.74
C0248,2020,118.15,114.01,-3.50,88.13
C0248,2021,168.87,139.13,-17.61,316.93
C0248,2022,103.63,99.15,-4.32,42.29
C0248,2023,87.28,74.96,-14.11,344.47
C0248,2024,126.80,131.44,3.66,48.33
C0249,2015,134.96,186.25,38.01,115.52
C0249,2016,152.67,186.10,21.90,323.85
C0249,2017,136.96,167.66,22.41,142.18
C0249,2018,151.69,162.59,7.19,266.89
C0249,2019,138.17,177.79,28.68,63.13
C0249,2020,101.28,136.22,34.50,102.00
C0249,2021,35.64,49.07,37.69,367.15
C0249,2022,159.23,136.84,-14.06,18.53
C0249,2023,15.85,21.04,32.78,56.79
C0249,2024,198.58,185.68,-6.50,108.26
C0250,2015,167.41,173.83,3.84,11.08
C0250,2016,137.47,138.47,0.73,48.59
C0250,2017,193.66,233.37,20.51,141.41
C0250,2018,126.37,146.43,15.88,47.37
C0250,2019,20.72,17.93,-13.45,433.19
C0250,2020,116.28,147.64,26.97,33.97
C0250,2021,62.67,66.67,6.38,430.63
C0250,2022,80.20,64.27,-19.87,411.61
C0250,2023,97.32,102.06,4.87,51.28
C0250,2024,157.17,174.43,10.98,13.57
C0251,2015,105.56,88.81,-15.87,25.95
C0251,2016,100.19,89.24,-10.93,295.60
C0251,2017,67.37,94.06,39.61,335.51
C0251,2018,112.58,148.91,32.27,310.71
C0251,2019,57.19,50.33,-12.00,271.20
C0251,2020,59.59,68.42,14.82,88.17
C0251,2021,153.88,158.12,2.75,420.64
C0251,2022,75.08,84.56,12.62,164.45
C0251,2023,19.77,21.39,8.23,493.10
C0251,2024,75.30,62.41,-17.11,193.04
C0252,2015,131.33,129.92,-1.07,132.24
C0252,2016,164.66,144.13,-12.47,447.23
C0252,2017,192.77,210.77,9.34,284.14
C0252,2018,151.78,204.05,34.44,361.20
C0252,2019,91.48,127.83,39.73,204.79
C0252,2020,66.83,91.33,36.66,443.57
C0252,2021,34.63,48.18,39.14,458.94
C0252,2022,129.26,104.59,-19.09,218.95
C0252,2023,106.88,132.28,23.77,121.12
C0252,2024,138.76,133.74,-3.62,324.19
C0253,2015,55.06,72.64,31.94,477.34
C0253,2016,71.49,92.10,28.82,311.60
C0253,2017,65.50,69.05,5.42,477.16
C0253,2018,161.55,175.12,8.40,172.56
C0253,2019,42.53,40.79,-4.09,457.62
C0253,2020,125.61,122.25,-2.67,57.17
C0253,2021,19.76,27.44,38.87,180.06
C0253,2022,114.41,152.54,33.33,247.74
C0253,2023,22.14,20.26,-8.49,326.90
C0253,2024,43.42,41.91,-3.47,147.78
C0254,2015,31.47,27.23,-13.48,462.20
C0254,2016,75.88,105.72,39.33,451.84
C0254,2017,75.31,101.24,34.43,399.87
C0254,2018,167.02,188.94,13.13,58.07
C0254,2019,52.88,64.29,21.57,40.07
C0254,2020,26.41,32.98,24.88,249.57
C0254,2021,124.67,114.98,-7.77,382.91
C0254,2022,140.62,191.35,36.08,62.49
C0254,2023,66.02,73.68,11.60,321.08
C0254,2024,124.53,106.54,-14.45,264.40
C0255,2015,157.45,163.47,3.82,363.27
C0255,2016,76.04,88.28,16.10,218.25
C0255,2017,109.82,111.10,1.17,346.96
C0255,2018,37.86,46.17,21.95,80.64
C0255,2019,14.49,19.26,32.92,108.08
C0255,2020,196.46,248.16,26.31,451.76
C0255,2021,66.95,79.37,18.56,165.36
C0255,2022,62.99,69.75,10.73,492.77
C0255,2023,194.92,185.69,-4.73,24.06
C0255,2024,148.36,159.19,7.30,248.44
C0256,2015,121.21,118.27,-2.42,163.17
C0256,2016,142.87,194.36,36.04,497.99
C0256,2017,144.89,194.78,34.44,495.03
C0256,2018,155.03,138.52,-10.65,118.39
C0256,2019,22.77,29.45,29.36,134.36
C0256,2020,88.44,108.05,22.17,375.09
C0256,2021,66.07,91.52,38.51,444.95
C0256,2022,23.41,25.23,7.80,332.18
C0256,2023,88.39,109.02,23.33,432.49
C0256,2024,127.07,141.14,11.07,32.58
C0257,2015,43.91,36.96,-15.84,320.62
C0257,2016,67.96,56.27,-17.19,350.39
C0257,2017,131.44,114.78,-12.67,95.97
C0257,2018,120.07,117.40,-2.23,389.21
C0257,2019,175.07,167.27,-4.45,472.19
C0257,2020,160.33,198.33,23.70,449.09
C0257,2021,193.47,237.88,22.96,123.24
C0257,2022,123.47,170.73,38.28,162.67
C0257,2023,142.71,140.74,-1.38,250.31
C0257,2024,173.50,236.49,36.31,80.02
C0258,2015,169.60,198.04,16.77,477.02
C0258,2016,146.56,160.80,9.72,81.64
C0258,2017,105.05,126.13,20.07,380.95
C0258,2018,61.91,75.63,22.17,171.37
C0258,2019,176.67,159.56,-9.68,287.29
C0258,2020,157.56,197.12,25.10,24.54
C0258,2021,169.20,208.98,23.51,103.30
C0258,2022,36.75,51.40,39.85,222.75
C0258,2023,69.81,94.05,34.72,338.92
C0258,2024,90.73,109.85,21.08,389.00
C0259,2015,169.29,207.79,22.74,16.04
C0259,2016,179.65,245.69,36.76,77.09
C0259,2017,64.13,88.52,38.03,365.17
C0259,2018,140.42,182.01,29.62,406.71
C0259,2019,24.78,31.24,26.04,119.05
C0259,2020,87.82,76.12,-13.32,115.60
C0259,2021,102.47,133.02,29.82,44.93
C0259,2022,155.47,147.99,-4.81,76.00
C0259,2023,179.47,204.29,13.83,5.00
C0259,2024,74.08,77.29,4.32,295.33
C0260,2015,110.27,111.08,0.74,452.04
C0260,2016,133.02,131.17,-1.38,75.64
C0260,2017,72.45,95.15,31.33,375.97
C0260,2018,197.25,248.83,26.15,287.26
C0260,2019,176.40,196.52,11.41,470.02
C0260,2020,66.32,79.49,19.87,399.26
C0260,2021,106.51,148.12,39.07,426.51
C0260,2022,53.86,55.93,3.85,319.93
C0260,2023,107.76,121.84,13.07,405.86
C0260,2024,139.83,156.63,12.01,176.08
C0261,2015,26.25,35.74,36.16,105.30
C0261,2016,175.32,177.24,1.09,456.35
C0261,2017,122.81,170.92,39.18,367.43
C0261,2018,198.02,194.62,-1.72,46.26
C0261,2019,14.86,12.86,-13.47,433.59
C0261,2020,167.98,153.68,-8.52,175.10
C0261,2021,160.47,169.42,5.57,149.84
C0261,2022,35.24,41.93,18.99,312.03
C0261,2023,73.71,81.82,11.01,284.73
C0261,2024,178.11,182.70,2.58,269.59
C0262,2015,108.51,123.40,13.72,128.18
C0262,2016,86.24,112.40,30.33,479.93
C0262,2017,182.04,237.27,30.34,475.11
C0262,2018,27.74,34.27,23.57,3.08
C0262,2019,99.89,137.00,37.15,169.58
C0262,2020,133.95,154.60,15.41,23.73
C0262,2021,125.62,101.08,-19.54,425.27
C0262,2022,60.21,58.68,-2.54,443.37
C0262,2023,117.03,116.67,-0.31,259.63
C0262,2024,144.63,163.20,12.84,420.00
C0263,2015,121.13,162.67,34.29,351.98
C0263,2016,140.05,182.46,30.29,250.29
C0263,2017,58.65,55.09,-6.07,182.54
C0263,2018,168.24,187.02,11.16,133.85
C0263,2019,95.44,114.10,19.55,130.46
C0263,2020,197.57,275.12,39.25,281.47
C0263,2021,14.42,11.81,-18.12,84.24
C0263,2022,82.26,88.70,7.83,88.22
C0263,2023,44.29,61.69,39.29,6.19
C0263,2024,115.57,160.21,38.63,307.05
C0264,2015,56.21,56.12,-0.16,497.18
C0264,2016,150.12,120.10,-20.00,444.72
C0264,2017,177.55,204.55,15.20,353.14
C0264,2018,50.07,66.10,32.02,392.98
C0264,2019,40.53,40.31,-0.54,209.01
C0264,2020,176.32,239.89,36.06,149.74
C0264,2021,78.64,78.61,-0.04,184.95
C0264,2022,92.57,107.95,16.61,41.63
C0264,2023,51.98,64.11,23.32,317.26
C0264,2024,90.81,91.47,0.72,88.26
C0265,2015,53.95,54.56,1.13,381.68
C0265,2016,136.53,147.72,8.20,95.80
C0265,2017,104.79,136.34,30.11,114.83
C0265,2018,159.73,137.45,-13.95,478.70
C0265,2019,69.42,81.84,17.89,53.59
C0265,2020,106.06,127.96,20.64,249.92
C0265,2021,59.31,67.30,13.47,32.28
C0265,2022,187.55,255.35,36.15,46.11
C0265,2023,109.17,126.77,16.12,317.12
C0265,2024,42.96,50.72,18.07,315.73
C0266,2015,61.83,71.71,15.99,97.37
C0266,2016,25.75,31.76,23.32,436.37
C0266,2017,15.29,13.47,-11.88,351.39
C0266,2018,109.93,146.92,33.66,151.00
C0266,2019,74.05,61.13,-17.45,124.94
C0266,2020,193.12,228.74,18.44,377.39
C0266,2021,42.55,49.76,16.93,367.08
C0266,2022,160.84,148.76,-7.51,75.27
C0266,2023,70.03,57.74,-17.56,175.24
C0266,2024,52.47,46.35,-11.67,109.12
C0267,2015,194.23,187.05,-3.70,147.78
C0267,2016,162.49,215.99,32.93,144.49
C0267,2017,129.82,170.51,31.34,488.04
C0267,2018,142.45,119.42,-16.17,375.36
C0267,2019,198.36,193.12,-2.64,390.25
C0267,2020,122.71,163.64,33.36,139.43
C0267,2021,29.36,27.66,-5.80,1.26
C0267,2022,22.32,31.20,39.76,30.02
C0267,2023,136.66,130.38,-4.59,276.95
C0267,2024,134.94,167.80,24.35,143.46
C0268,2015,152.15,159.80,5.02,97.28
C0268,2016,30.67,27.04,-11.83,25.77
C0268,2017,189.53,180.64,-4.69,438.06
C0268,2018,114.72,138.25,20.51,300.46
C0268,2019,133.42,133.71,0.22,54.58
C0268,2020,16.62,19.32,16.25,383.44
C0268,2021,192.59,177.82,-7.67,378.16
C0268,2022,116.89,124.98,6.91,145.41
C0268,2023,117.04,129.60,10.73,95.03
C0268,2024,189.28,198.30,4.77,407.18
C0269,2015,186.58,171.42,-8.12,165.45
C0269,2016,51.86,55.85,7.69,423.87
C0269,2017,186.91,227.23,21.57,22.78
C0269,2018,149.96,206.78,37.89,250.15
C0269,2019,13.59,17.31,27.37,90.62
C0269,2020,55.57,49.84,-10.31,336.35
C0269,2021,88.47,85.25,-3.64,498.61
C0269,2022,120.74,102.30,-15.27,206.84
C0269,2023,143.25,126.26,-11.86,51.05
C0269,2024,49.94,47.46,-4.96,159.52
C0270,2015,168.97,155.41,-8.03,445.86
C0270,2016,170.69,158.43,-7.18,383.11
C0270,2017,130.65,122.61,-6.15,116.87
C0270,2018,185.01,181.38,-1.96,476.85
C0270,2019,164.47,143.97,-12.46,311.47
C0270,2020,52.11,50.37,-3.33,84.86
C0270,2021,161.75,196.21,21.30,286.59
C0270,2022,191.11,179.99,-5.82,226.19
C0270,2023,36.15,32.64,-9.69,410.03
C0270,2024,195.95,164.72,-15.94,172.74
C0271,2015,14.75,16.22,10.00,437.61
C0271,2016,109.21,142.54,30.52,406.17
C0271,2017,157.04,131.19,-16.46,337.63
C0271,2018,160.18,180.27,12.54,130.05
C0271,2019,149.59,178.07,19.04,485.19
C0271,2020,110.58,127.77,15.55,274.78
C0271,2021,133.68,177.34,32.66,453.85
C0271,2022,142.99,188.72,31.98,108.65
C0271,2023,103.96,86.74,-16.56,491.71
C0271,2024,123.18,125.22,1.66,408.21
C0272,2015,170.81,205.40,20.25,474.66
C0272,2016,69.45,95.24,37.15,106.97
C0272,2017,109.41,140.35,28.28,215.90
C0272,2018,11.61,10.52,-9.40,49.72
C0272,2019,140.61,136.05,-3.25,69.35
C0272,2020,47.12,59.29,25.82,142.70
C0272,2021,101.39,109.79,8.29,475.86
C0272,2022,49.94,56.35,12.84,333.93
C0272,2023,14.47,16.86,16.54,158.00
C0272,2024,101.81,87.76,-13.80,477.33
C0273,2015,90.72,119.17,31.36,370.13
C0273,2016,90.78,119.64,31.79,453.58
C0273,2017,49.67,53.69,8.09,463.68
C0273,2018,189.97,223.42,17.61,375.63
C0273,2019,10.67,12.76,19.59,122.32
C0273,2020,179.39,163.94,-8.62,498.30
C0273,2021,150.01,130.14,-13.24,163.22
C0273,2022,42.69,34.68,-18.76,336.18
C0273,2023,99.72,134.39,34.77,422.56
C0273,2024,197.88,199.35,0.74,88.40
C0274,2015,132.30,112.66,-14.85,304.91
C0274,2016,34.20,36.92,7.95,188.21
C0274,2017,96.95,81.96,-15.46,122.90
C0274,2018,98.96,84.23,-14.88,6.87
C0274,2019,162.43,177.59,9.33,436.12
C0274,2020,184.07,203.45,10.53,68.80
C0274,2021,25.63,29.42,14.81,439.18
C0274,2022,69.67,83.17,19.38,300.74
C0274,2023,66.70,80.11,20.10,310.91
C0274,2024,199.25,211.16,5.98,414.50
C0275,2015,116.25,137.89,18.61,255.21
C0275,2016,177.17,174.13,-1.72,179.28
C0275,2017,90.95,96.84,6.48,70.26
C0275,2018,147.32,152.62,3.60,285.64
C0275,2019,64.45,64.29,-0.25,277.03
C0275,2020,183.24,172.82,-5.69,147.65
C0275,2021,96.48,81.72,-15.29,300.43
C0275,2022,162.71,179.56,10.35,220.24
C0275,2023,58.61,65.78,12.24,402.96
C0275,2024,141.78,142.02,0.17,280.18
C0276,2015,86.98,120.51,38.55,466.91
C0276,2016,15.97,18.12,13.42,259.47
C0276,2017,88.47,117.97,33.34,443.86
C0276,2018,114.50,130.77,14.21,260.74
C0276,2019,38.83,35.49,-8.61,279.46
C0276,2020,44.94,62.24,38.48,184.04
C0276,2021,98.32,130.89,33.12,200.68
C0276,2022,75.12,81.34,8.28,466.62
C0276,2023,93.74,88.66,-5.42,112.42
C0276,2024,97.56,91.08,-6.64,61.61
C0277,2015,36.61,47.00,28.36,415.28
C0277,2016,44.43,37.38,-15.85,288.88
C0277,2017,171.15,202.44,18.28,143.04
C0277,2018,40.92,48.45,18.41,216.77
C0277,2019,136.52,124.16,-9.05,262.93
C0277,2020,89.52,109.48,22.29,296.48
C0277,2021,193.96,237.27,22.32,410.70
C0277,2022,22.56,22.79,1.00,197.78
C0277,2023,167.77,182.88,9.00,338.58
C0277,2024,103.38,134.35,29.97,417.55
C0278,2015,11.02,12.27,11.39,422.04
C0278,2016,60.10,70.37,17.09,127.87
C0278,2017,87.46,91.63,4.77,175.74
C0278,2018,69.70,62.01,-11.02,297.86
C0278,2019,78.87,110.32,39.88,443.00
C0278,2020,184.17,206.07,11.89,395.43
C0278,2021,78.58,78.72,0.19,292.40
C0278,2022,89.58,110.03,22.83,491.88
C0278,2023,154.61,181.29,17.25,220.05
C0278,2024,160.83,151.14,-6.03,421.38
C0279,2015,25.98,34.45,32.62,409.39
C0279,2016,143.77,121.14,-15.75,454.11
C0279,2017,101.69,118.31,16.34,493.85
C0279,2018,35.43,38.51,8.67,248.35
C0279,2019,60.30,59.75,-0.91,98.62
C0279,2020,18.56,24.05,29.58,230.99
C0279,2021,78.45,93.65,19.38,427.09
C0279,2022,58.53,73.49,25.57,418.22
C0279,2023,82.60,86.63,4.88,168.65
C0279,2024,120.26,164.21,36.54,24.61
C0280,2015,149.14,150.16,0.68,255.41
C0280,2016,125.02,139.85,11.86,237.58
C0280,2017,138.89,188.92,36.02,43.80
C0280,2018,174.47,148.29,-15.01,397.65
C0280,2019,176.03,152.31,-13.47,142.51
C0280,2020,173.54,242.35,39.65,323.23
C0280,2021,39.10,54.07,38.28,51.64
C0280,2022,57.70,72.88,26.30,430.49
C0280,2023,105.44,114.99,9.05,369.90
C0280,2024,78.16,86.26,10.36,194.82
C0281,2015,35.02,33.42,-4.57,315.11
C0281,2016,64.67,68.53,5.96,94.54
C0281,2017,195.33,206.82,5.88,492.73
C0281,2018,75.92,62.38,-17.83,398.26
C0281,2019,89.59,96.04,7.19,394.68
C0281,2020,11.22,12.20,8.79,77.54
C0281,2021,146.69,175.95,19.95,9.85
C0281,2022,88.57,98.31,10.99,293.10
C0281,2023,29.60,38.98,31.70,72.92
C0281,2024,194.03,198.01,2.05,390.44
C0282,2015,157.71,164.94,4.58,208.62
C0282,2016,147.97,169.11,14.29,169.96
C0282,2017,192.00,176.95,-7.84,37.75
C0282,2018,87.42,90.58,3.61,498.04
C0282,2019,146.52,177.54,21.17,478.05
C0282,2020,49.18,51.50,4.71,66.67
C0282,2021,142.45,191.45,34.40,167.07
C0282,2022,12.68,14.82,16.92,196.00
C0282,2023,34.00,30.34,-10.77,149.10
C0282,2024,90.80,99.20,9.25,467.30
C0283,2015,12.30,15.48,25.89,360.95
C0283,2016,97.77,115.96,18.60,478.00
C0283,2017,109.33,145.54,33.12,437.38
C0283,2018,128.11,160.13,25.00,377.52
C0283,2019,29.07,24.33,-16.30,348.79
C0283,2020,44.39,38.51,-13.25,433.22
C0283,2021,126.52,150.54,18.98,342.39
C0283,2022,135.06,127.36,-5.70,95.17
C0283,2023,14.92,17.20,15.27,324.42
C0283,2024,112.67,143.69,27.53,257.99
C0284,2015,159.15,182.41,14.62,490.97
C0284,2016,23.13,24.27,4.93,255.47
C0284,2017,88.50,105.12,18.78,20.19
C0284,2018,72.04,63.84,-11.38,132.83
C0284,2019,183.60,226.54,23.39,458.77
C0284,2020,45.30,55.19,21.82,481.22
C0284,2021,70.49,78.15,10.86,364.52
C0284,2022,180.70,174.79,-3.27,29.38
C0284,2023,72.82,93.11,27.85,12.75
C0284,2024,110.96,122.75,10.63,240.32
C0285,2015,16.28,13.60,-16.45,499.84
C0285,2016,197.13,266.36,35.12,434.78
C0285,2017,166.74,210.20,26.06,466.62
C0285,2018,130.54,150.23,15.09,312.15
C0285,2019,21.54,22.88,6.21,429.70
C0285,2020,24.23,33.33,37.59,160.53
C0285,2021,113.54,143.64,26.50,14.65
C0285,2022,64.16,71.93,12.10,459.21
C0285,2023,128.33,152.96,19.19,110.00
C0285,2024,123.66,119.76,-3.15,364.51
C0286,2015,169.34,155.36,-8.26,329.82
C0286,2016,63.46,61.18,-3.60,79.92
C0286,2017,119.79,116.90,-2.41,98.69
C0286,2018,157.70,196.15,24.38,165.21
C0286,2019,103.25,91.27,-11.60,378.71
C0286,2020,167.82,212.56,26.66,20.58
C0286,2021,34.94,38.93,11.40,204.13
C0286,2022,149.44,154.03,3.07,332.89
C0286,2023,189.17,185.43,-1.98,86.56
C0286,2024,73.06,80.94,10.79,60.59
C0287,2015,79.60,78.85,-0.95,195.72
C0287,2016,25.87,27.37,5.77,143.99
C0287,2017,131.88,163.99,24.34,324.90
C0287,2018,114.97,135.15,17.56,484.81
C0287,2019,17.67,22.06,24.88,3.23
C0287,2020,152.92,187.75,22.78,451.29
C0287,2021,167.56,216.00,28.90,217.18
C0287,2022,182.35,167.95,-7.90,332.34
C0287,2023,113.69,158.83,39.71,425.66
C0287,2024,95.99,104.19,8.55,287.16
C0288,2015,176.47,217.22,23.09,49.56
C0288,2016,85.75,103.47,20.67,71.16
C0288,2017,134.53,153.33,13.97,394.85
C0288,2018,126.92,177.37,39.75,115.32
C0288,2019,80.71,75.09,-6.96,284.95
C0288,2020,26.51,27.92,5.30,214.61
C0288,2021,14.07,12.33,-12.34,152.52
C0288,2022,91.37,83.06,-9.09,393.70
C0288,2023,101.43,124.53,22.78,365.88
C0288,2024,166.31,133.53,-19.71,323.41
C0289,2015,88.74,118.37,33.39,186.96
C0289,2016,63.42,74.83,17.99,114.01
C0289,2017,97.80,104.11,6.45,258.43
C0289,2018,55.22,55.15,-0.12,408.73
C0289,2019,27.36,23.96,-12.42,288.26
C0289,2020,31.48,42.59,35.29,485.10
C0289,2021,70.64,86.70,22.74,8.70
C0289,2022,12.41,12.43,0.18,499.18
C0289,2023,51.84,43.68,-15.74,346.01
C0289,2024,159.63,158.90,-0.46,416.50
C0290,2015,54.58,49.71,-8.92,168.14
C0290,2016,31.04,39.47,27.18,254.66
C0290,2017,190.33,234.43,23.18,398.70
C0290,2018,128.27,140.95,9.89,380.56
C0290,2019,21.40,28.50,33.15,167.68
C0290,2020,21.83,19.83,-9.16,162.88
C0290,2021,126.30,135.29,7.12,331.74
C0290,2022,112.62,138.12,22.64,466.90
C0290,2023,22.99,19.33,-15.93,219.95
C0290,2024,52.62,53.86,2.36,177.12
C0291,2015,186.52,213.19,14.30,447.45
C0291,2016,118.68,121.07,2.01,341.84
C0291,2017,93.66,101.92,8.81,194.75
C0291,2018,57.53,67.01,16.49,29.58
C0291,2019,35.40,36.15,2.10,361.02
C0291,2020,86.50,74.70,-13.64,177.09
C0291,2021,185.25,163.70,-11.63,36.21
C0291,2022,19.26,21.49,11.62,306.53
C0291,2023,198.29,179.42,-9.52,162.18
C0291,2024,49.48,66.01,33.39,169.89
C0292,2015,87.67,114.01,30.05,240.11
C0292,2016,18.56,18.73,0.94,359.02
C0292,2017,121.11,157.27,29.86,138.89
C0292,2018,101.88,114.09,11.99,41.39
C0292,2019,136.67,122.38,-10.46,212.79
C0292,2020,113.11,132.17,16.85,28.41
C0292,2021,85.65,103.44,20.77,348.94
C0292,2022,150.17,127.70,-14.97,479.66
C0292,2023,14.75,14.59,-1.13,329.72
C0292,2024,112.80,90.60,-19.68,138.42
C0293,2015,31.64,31.32,-1.01,91.67
C0293,2016,92.84,92.96,0.13,117.16
C0293,2017,160.31,188.87,17.81,111.58
C0293,2018,37.07,34.08,-8.06,157.60
C0293,2019,187.80,153.63,-18.19,49.58
C0293,2020,178.82,176.92,-1.06,447.96
C0293,2021,88.83,115.07,29.54,442.68
C0293,2022,11.14,11.57,3.95,308.00
C0293,2023,160.05,167.90,4.91,31.90
C0293,2024,177.37,191.81,8.14,402.20
C0294,2015,43.20,54.05,25.11,31.83
C0294,2016,184.08,200.28,8.80,54.10
C0294,2017,183.68,157.00,-14.52,163.32
C0294,2018,99.55,91.96,-7.62,216.30
C0294,2019,161.63,147.52,-8.73,177.59
C0294,2020,94.54,104.44,10.47,83.45
C0294,2021,117.17,95.84,-18.20,56.95
C0294,2022,70.77,68.66,-2.98,429.85
C0294,2023,40.30,46.92,16.43,182.23
C0294,2024,151.84,153.78,1.28,110.08
C0295,2015,10.26,12.57,22.46,244.01
C0295,2016,120.12,124.29,3.47,19.37
C0295,2017,174.29,241.84,38.76,300.54
C0295,2018,52.04,71.78,37.92,125.00
C0295,2019,73.25,93.75,27.99,299.50
C0295,2020,121.62,166.94,37.26,307.45
C0295,2021,56.91,52.52,-7.71,404.80
C0295,2022,171.02,213.87,25.06,115.72
C0295,2023,79.65,79.10,-0.70,232.27
C0295,2024,120.51,148.85,23.52,480.98
C0296,2015,52.96,54.25,2.43,363.84
C0296,2016,17.86,17.39,-2.63,487.70
C0296,2017,43.00,59.14,37.53,463.76
C0296,2018,18.78,17.39,-7.41,305.76
C0296,2019,99.03,124.30,25.51,132.70
C0296,2020,121.46,146.34,20.48,378.71
C0296,2021,18.49,18.16,-1.79,349.36
C0296,2022,27.19,29.23,7.50,294.86
C0296,2023,102.25,90.57,-11.42,349.22
C0296,2024,161.84,218.93,35.27,307.18
C0297,2015,129.32,178.58,38.09,260.17
C0297,2016,29.89,37.05,23.95,208.56
C0297,2017,178.63,233.95,30.97,23.31
C0297,2018,184.32,156.59,-15.04,432.98
C0297,2019,71.74,73.92,3.04,432.90
C0297,2020,127.04,126.85,-0.15,297.43
C0297,2021,103.54,117.93,13.90,134.67
C0297,2022,188.98,171.98,-9.00,15.04
C0297,2023,106.66,121.38,13.80,1.71
C0297,2024,192.39,229.45,19.26,37.38
C0298,2015,47.88,42.10,-12.06,180.58
C0298,2016,75.65,66.50,-12.10,95.01
C0298,2017,158.46,130.13,-17.87,133.26
C0298,2018,158.89,199.65,25.65,350.13
C0298,2019,149.11,148.91,-0.14,479.62
C0298,2020,173.33,162.10,-6.47,104.18
C0298,2021,143.48,181.77,26.69,233.36
C0298,2022,130.86,115.93,-11.40,495.75
C0298,2023,97.20,102.67,5.63,465.91
C0298,2024,98.75,123.12,24.69,176.81
C0299,2015,87.17,99.75,14.43,160.52
C0299,2016,127.84,144.77,13.24,121.84
C0299,2017,87.27,78.06,-10.55,78.55
C0299,2018,38.02,34.55,-9.14,230.57
C0299,2019,30.24,34.76,14.95,171.22
C0299,2020,185.65,151.14,-18.59,372.67
C0299,2021,14.70,19.43,32.15,119.20
C0299,2022,30.04,30.35,1.03,368.43
C0299,2023,94.61,99.34,5.00,144.79
C0299,2024,59.96,57.26,-4.49,296.77
C0300,2015,87.11,115.51,32.60,319.58
C0300,2016,32.32,38.31,18.55,336.22
C0300,2017,34.87,37.31,6.99,88.49
C0300,2018,162.13,186.64,15.12,142.07
C0300,2019,154.23,158.58,2.82,123.81
C0300,2020,29.81,32.17,7.93,288.50
C0300,2021,136.88,138.88,1.46,38.80
C0300,2022,125.77,131.61,4.64,259.61
C0300,2023,145.54,143.94,-1.10,44.65
C0300,2024,100.15,84.78,-15.34,169.19
C0301,2015,61.30,50.41,-17.76,343.67
C0301,2016,136.10,123.10,-9.55,206.87
C0301,2017,80.56,76.61,-4.90,140.89
C0301,2018,51.60,68.85,33.43,308.31
C0301,2019,87.64,102.25,16.67,370.39
C0301,2020,155.02,213.15,37.50,128.04
C0301,2021,100.40,100.78,0.38,150.40
C0301,2022,66.97,69.72,4.10,320.51
C0301,2023,168.06,207.02,23.19,482.65
C0301,2024,177.51,203.56,14.67,107.72
C0302,2015,92.32,103.09,11.67,327.47
C0302,2016,81.19,92.99,14.53,453.39
C0302,2017,126.41,145.44,15.05,231.52
C0302,2018,21.02,26.47,25.94,159.11
C0302,2019,141.35,169.74,20.08,333.77
C0302,2020,158.63,218.03,37.44,16.68
C0302,2021,85.51,117.05,36.88,180.72
C0302,2022,43.18,45.47,5.32,129.73
C0302,2023,15.48,12.71,-17.86,113.09
C0302,2024,131.08,105.73,-19.34,90.70
C0303,2015,61.11,53.40,-12.61,368.79
C0303,2016,98.14,82.92,-15.51,477.59
C0303,2017,83.41,85.41,2.40,193.00
C0303,2018,43.23,35.95,-16.83,25.50
C0303,2019,106.59,125.24,17.49,359.74
C0303,2020,97.32,88.96,-8.59,269.56
C0303,2021,128.59,142.52,10.84,362.10
C0303,2022,57.86,49.86,-13.82,324.30
C0303,2023,50.78,65.85,29.66,452.81
C0303,2024,164.73,208.87,26.80,71.08
C0304,2015,143.42,147.99,3.19,85.41
C0304,2016,156.72,211.00,34.64,171.44
C0304,2017,33.43,30.46,-8.86,246.20
C0304,2018,52.57,67.73,28.84,462.93
C0304,2019,119.35,134.57,12.75,453.58
C0304,2020,172.87,172.48,-0.23,436.06
C0304,2021,179.50,152.69,-14.94,112.04
C0304,2022,168.06,151.72,-9.72,365.11
C0304,2023,18.25,24.04,31.77,192.36
C0304,2024,165.97,193.21,16.41,465.66
C0305,2015,180.83,170.39,-5.77,108.05
C0305,2016,20.78,22.81,9.75,71.49
C0305,2017,89.09,77.04,-13.53,421.35
C0305,2018,111.96,96.20,-14.07,358.74
C0305,2019,54.22,72.91,34.47,410.89
C0305,2020,108.17,116.25,7.47,79.81
C0305,2021,178.33,181.35,1.69,442.51
C0305,2022,174.72,239.27,36.94,339.13
C0305,2023,188.57,196.00,3.94,326.13
C0305,2024,101.98,102.16,0.17,291.71
C0306,2015,88.01,84.82,-3.62,382.67
C0306,2016,136.50,155.48,13.90,208.39
C0306,2017,89.18,101.23,13.50,67.28
C0306,2018,17.97,14.55,-19.03,270.09
C0306,2019,146.79,175.03,19.24,374.30
C0306,2020,63.39,80.69,27.30,77.67
C0306,2021,19.33,22.60,16.96,112.79
C0306,2022,13.92,18.40,32.19,348.58
C0306,2023,186.96,180.57,-3.42,135.56
C0306,2024,57.89,52.98,-8.48,85.80
C0307,2015,95.10,115.87,21.84,444.81
C0307,2016,190.61,174.05,-8.69,81.29
C0307,2017,98.83,84.46,-14.53,172.73
C0307,2018,24.94,21.39,-14.20,214.79
C0307,2019,114.87,144.85,26.10,238.59
C0307,2020,26.76,21.87,-18.28,181.29
C0307,2021,28.07,27.33,-2.63,456.36
C0307,2022,171.78,150.74,-12.25,329.65
C0307,2023,64.99,81.43,25.29,180.39
C0307,2024,138.95,153.13,10.21,179.50
C0308,2015,106.70,98.51,-7.67,251.97
C0308,2016,52.24,65.32,25.02,17.80
C0308,2017,108.39,135.51,25.02,463.39
C0308,2018,23.11,25.74,11.38,112.43
C0308,2019,75.97,73.35,-3.45,349.10
C0308,2020,109.34,125.93,15.18,389.08
C0308,2021,53.39,72.62,36.01,413.86
C0308,2022,135.44,112.54,-16.90,83.66
C0308,2023,19.84,19.05,-3.98,268.81
C0308,2024,102.11,99.15,-2.90,42.75
C0309,2015,145.85,171.97,17.91,402.59
C0309,2016,91.69,109.17,19.07,243.74
C0309,2017,176.17,162.75,-7.62,80.09
C0309,2018,130.12,120.96,-7.03,359.62
C0309,2019,192.11,260.68,35.69,166.25
C0309,2020,63.98,80.22,25.38,58.14
C0309,2021,188.37,256.29,36.06,231.08
C0309,2022,125.30,162.61,29.78,118.39
C0309,2023,151.58,157.84,4.13,475.16
C0309,2024,181.41,158.40,-12.69,181.32
C0310,2015,114.73,135.12,17.77,286.65
C0310,2016,173.81,175.76,1.12,474.23
C0310,2017,112.92,119.16,5.52,197.47
C0310,2018,123.85,130.72,5.55,179.71
C0310,2019,94.57,128.79,36.19,82.04
C0310,2020,37.67,31.69,-15.87,469.21
C0310,2021,115.17,105.48,-8.41,400.57
C0310,2022,195.72,227.96,16.48,111.28
C0310,2023,159.57,212.26,33.03,167.00
C0310,2024,152.02,205.35,35.08,457.54
C0311,2015,132.23,150.11,13.52,269.10
C0311,2016,76.10,62.46,-17.93,278.61
C0311,2017,42.23,42.98,1.77,324.42
C0311,2018,52.66,71.17,35.13,381.32
C0311,2019,11.20,12.32,10.00,469.70
C0311,2020,137.96,170.52,23.60,401.31
C0311,2021,164.26,157.94,-3.85,467.34
C0311,2022,61.09,49.79,-18.50,410.48
C0311,2023,27.45,31.49,14.70,24.17
C0311,2024,73.79,96.00,30.10,59.65
C0312,2015,65.49,91.30,39.42,442.56
C0312,2016,95.67,125.13,30.80,14.82
C0312,2017,60.18,68.15,13.24,397.29
C0312,2018,74.55,86.87,16.52,425.07
C0312,2019,182.44,236.16,29.45,208.32
C0312,2020,73.62,59.77,-18.81,178.07
C0312,2021,159.25,218.33,37.10,98.01
C0312,2022,128.91,144.21,11.87,25.41
C0312,2023,74.13,101.65,37.12,372.95
C0312,2024,165.38,208.17,25.87,37.79
C0313,2015,123.06,109.70,-10.86,472.39
C0313,2016,11.64,10.46,-10.08,149.07
C0313,2017,23.06,23.34,1.22,397.33
C0313,2018,153.00,146.64,-4.16,30.78
C0313,2019,94.84,100.87,6.36,268.60
C0313,2020,87.05,101.18,16.23,175.20
C0313,2021,37.71,40.04,6.19,15.97
C0313,2022,39.89,33.26,-16.61,328.24
C0313,2023,161.57,223.84,38.54,471.64
C0313,2024,167.51,176.74,5.51,6.37
C0314,2015,116.40,152.56,31.06,135.95
C0314,2016,66.07,55.79,-15.56,352.10
C0314,2017,187.21,240.76,28.60,435.76
C0314,2018,128.55,116.22,-9.60,96.20
C0314,2019,161.36,194.87,20.76,36.29
C0314,2020,10.62,12.72,19.71,5.31
C0314,2021,95.56,128.61,34.59,108.39
C0314,2022,175.48,174.15,-0.76,36.59
C0314,2023,74.26,64.27,-13.46,180.33
C0314,2024,148.04,195.23,31.87,220.62
C0315,2015,134.96,134.82,-0.11,240.48
C0315,2016,38.92,36.57,-6.05,72.02
C0315,2017,157.23,171.65,9.17,232.53
C0315,2018,31.38,27.86,-11.23,5.52
C0315,2019,148.30,145.07,-2.18,120.47
C0315,2020,198.28,204.46,3.12,185.17
C0315,2021,192.02,185.56,-3.36,60.06
C0315,2022,162.05,173.41,7.02,407.19
C0315,2023,111.56,114.99,3.08,101.40
C0315,2024,138.22,174.81,26.48,377.69
C0316,2015,148.34,200.41,35.10,237.47
C0316,2016,11.60,9.98,-13.94,240.39
C0316,2017,29.45,38.11,29.40,322.95
C0316,2018,123.44,167.76,35.91,23.09
C0316,2019,11.24,13.62,21.20,40.30
C0316,2020,182.69,255.38,39.79,164.09
C0316,2021,103.04,103.14,0.10,208.99
C0316,2022,58.98,76.56,29.82,215.54
C0316,2023,84.83,102.15,20.42,338.77
C0316,2024,171.65,170.63,-0.59,1.35
C0317,2015,186.17,227.65,22.28,479.59
C0317,2016,32.08,35.48,10.58,88.07
C0317,2017,157.81,144.14,-8.66,125.07
C0317,2018,119.86,108.40,-9.57,452.91
C0317,2019,121.25,148.89,22.80,3.74
C0317,2020,158.10,194.01,22.72,495.66
C0317,2021,52.34,58.54,11.85,18.94
C0317,2022,110.90,122.08,10.08,61.15
C0317,2023,70.68,64.18,-9.20,120.81
C0317,2024,27.96,29.57,5.76,219.92
C0318,2015,29.97,39.64,32.28,259.71
C0318,2016,35.93,47.17,31.28,53.25
C0318,2017,126.83,151.76,19.66,37.76
C0318,2018,30.11,42.10,39.84,16.90
C0318,2019,118.32,158.06,33.59,129.12
C0318,2020,121.78,108.03,-11.29,460.84
C0318,2021,181.74,188.92,3.95,195.53
C0318,2022,129.01,113.42,-12.08,382.24
C0318,2023,197.26,212.97,7.97,95.90
C0318,2024,15.89,20.11,26.58,33.27
C0319,2015,143.79,128.47,-10.65,277.59
C0319,2016,15.03,19.97,32.83,411.22
C0319,2017,148.58,169.60,14.14,449.33
C0319,2018,83.31,104.09,24.94,273.56
C0319,2019,126.15,104.34,-17.29,147.72
C0319,2020,68.81,58.92,-14.37,55.65
C0319,2021,40.23,47.17,17.25,334.24
C0319,2022,147.47,192.14,30.29,140.94
C0319,2023,181.88,240.86,32.43,422.14
C0319,2024,44.88,54.44,21.30,302.96
C0320,2015,184.93,170.24,-7.94,429.58
C0320,2016,36.63,33.59,-8.30,283.76
C0320,2017,149.78,199.02,32.88,386.10
C0320,2018,192.29,166.90,-13.21,147.86
C0320,2019,38.00,46.04,21.16,252.03
C0320,2020,92.67,103.80,12.01,10.68
C0320,2021,74.12,78.03,5.29,304.31
C0320,2022,83.81,89.19,6.42,267.34
C0320,2023,153.10,209.30,36.71,377.89
C0320,2024,135.63,178.60,31.69,364.75
C0321,2015,194.05,255.95,31.90,314.18
C0321,2016,45.24,47.23,4.40,29.29
C0321,2017,113.22,97.84,-13.58,451.60
C0321,2018,95.33,133.34,39.87,9.99
C0321,2019,184.58,163.76,-11.28,401.83
C0321,2020,12.02,13.33,10.93,240.19
C0321,2021,197.94,189.78,-4.12,409.18
C0321,2022,101.15,111.92,10.64,233.07
C0321,2023,128.85,126.66,-1.70,323.82
C0321,2024,78.41,104.92,33.81,182.27
C0322,2015,171.98,237.51,38.10,372.10
C0322,2016,116.78,122.15,4.60,127.83
C0322,2017,135.93,114.47,-15.79,359.96
C0322,2018,133.29,159.68,19.80,97.50
C0322,2019,79.16,81.21,2.60,361.36
C0322,2020,24.44,34.01,39.16,147.54
C0322,2021,163.46,139.54,-14.64,140.04
C0322,2022,65.05,56.69,-12.85,405.94
C0322,2023,171.30,208.92,21.97,407.03
C0322,2024,125.64,157.70,25.52,346.01
C0323,2015,77.20,83.59,8.27,462.03
C0323,2016,122.91,118.77,-3.36,78.94
C0323,2017,132.64,130.77,-1.41,135.39
C0323,2018,144.27,144.67,0.28,147.71
C0323,2019,166.24,155.47,-6.48,153.34
C0323,2020,40.35,52.88,31.04,164.69
C0323,2021,189.39,158.90,-16.10,348.81
C0323,2022,88.06,91.97,4.44,136.11
C0323,2023,173.49,216.61,24.86,143.68
C0323,2024,51.89,41.63,-19.77,285.64
C0324,2015,15.52,20.59,32.68,97.49
C0324,2016,118.94,145.55,22.38,183.08
C0324,2017,71.69,60.51,-15.60,29.91
C0324,2018,197.05,263.45,33.70,476.32
C0324,2019,29.85,32.60,9.24,159.34
C0324,2020,18.99,22.62,19.13,425.17
C0324,2021,18.55,24.66,32.92,265.44
C0324,2022,51.21,68.04,32.87,114.88
C0324,2023,120.05,125.48,4.52,97.52
C0324,2024,106.06,99.97,-5.74,347.79
C0325,2015,76.51,73.03,-4.55,482.47
C0325,2016,26.87,33.85,25.96,92.35
C0325,2017,54.41,73.87,35.77,58.60
C0325,2018,44.99,37.94,-15.67,194.16
C0325,2019,151.68,122.71,-19.10,197.51
C0325,2020,158.19,204.66,29.38,403.32
C0325,2021,157.63,162.67,3.20,234.98
C0325,2022,194.12,187.49,-3.41,32.17
C0325,2023,178.01,162.52,-8.70,460.41
C0325,2024,104.58,105.41,0.79,187.22
C0326,2015,88.84,122.85,38.29,334.60
C0326,2016,184.00,255.06,38.62,334.08
C0326,2017,126.13,126.00,-0.11,29.11
C0326,2018,65.94,90.87,37.82,2.80
C0326,2019,117.25,114.89,-2.01,44.93
C0326,2020,198.51,260.58,31.27,478.31
C0326,2021,171.40,158.92,-7.28,397.20
C0326,2022,63.44,82.22,29.59,66.87
C0326,2023,191.06,193.40,1.22,307.82
C0326,2024,196.48,180.26,-8.26,306.37
C0327,2015,53.92,73.38,36.09,1.28
C0327,2016,180.16,167.28,-7.15,215.10
C0327,2017,177.81,248.06,39.51,356.18
C0327,2018,17.55,15.19,-13.49,94.21
C0327,2019,137.24,110.62,-19.40,425.60
C0327,2020,68.00,89.93,32.25,330.49
C0327,2021,138.18,159.17,15.20,4.46
C0327,2022,183.58,193.30,5.30,427.60
C0327,2023,104.77,88.97,-15.08,10.68
C0327,2024,88.74,101.60,14.49,444.08
C0328,2015,185.09,191.80,3.62,167.53
C0328,2016,195.08,212.67,9.02,349.63
C0328,2017,21.82,25.71,17.82,393.93
C0328,2018,185.34,219.44,18.40,141.35
C0328,2019,25.73,35.41,37.64,178.86
C0328,2020,74.08,88.39,19.30,255.26
C0328,2021,154.89,155.45,0.36,291.76
C0328,2022,157.64,157.29,-0.22,146.73
C0328,2023,147.91,160.67,8.63,496.21
C0328,2024,17.43,16.66,-4.44,368.77
C0329,2015,35.26,36.18,2.59,137.80
C0329,2016,187.88,245.24,30.53,320.58
C0329,2017,25.48,33.52,31.59,218.25
C0329,2018,24.92,29.33,17.67,430.30
C0329,2019,168.77,194.04,14.97,165.15
C0329,2020,131.84,139.26,5.63,94.74
C0329,2021,76.81,90.76,18.15,24.02
C0329,2022,41.48,53.25,28.36,492.17
C0329,2023,177.99,221.19,24.27,180.25
C0329,2024,197.82,162.47,-17.87,111.04
C0330,2015,19.49,24.15,23.87,246.39
C0330,2016,115.28,142.02,23.20,146.53
C0330,2017,59.65,51.26,-14.06,117.22
C0330,2018,168.15,149.68,-10.99,308.58
C0330,2019,75.75,96.42,27.27,38.35
C0330,2020,145.78,165.52,13.54,254.99
C0330,2021,112.51,145.47,29.30,194.33
C0330,2022,112.89,102.82,-8.92,266.73
C0330,2023,173.02,141.59,-18.16,160.90
C0330,2024,99.38,89.16,-10.28,285.59
C0331,2015,170.66,182.87,7.15,41.83
C0331,2016,79.05,88.06,11.40,188.70
C0331,2017,43.21,56.80,31.46,119.51
C0331,2018,96.54,118.72,22.97,219.61
C0331,2019,104.69,145.96,39.42,199.77
C0331,2020,100.89,85.48,-15.28,315.96
C0331,2021,163.58,143.65,-12.19,314.75
C0331,2022,117.29,99.77,-14.94,207.27
C0331,2023,178.80,200.81,12.31,91.63
C0331,2024,107.70,103.40,-3.99,291.37
C0332,2015,52.70,63.77,21.02,483.29
C0332,2016,34.60,30.44,-12.04,93.54
C0332,2017,174.99,150.83,-13.81,35.46
C0332,2018,20.67,22.25,7.61,133.02
C0332,2019,32.35,33.17,2.55,207.05
C0332,2020,22.10,28.67,29.75,153.79
C0332,2021,90.51,117.89,30.25,417.52
C0332,2022,111.20,96.79,-12.95,247.02
C0332,2023,13.78,17.74,28.74,123.82
C0332,2024,107.96,122.91,13.85,475.15
C0333,2015,84.81,93.48,10.21,63.41
C0333,2016,156.99,134.52,-14.31,62.33
C0333,2017,167.69,208.57,24.38,123.40
C0333,2018,140.14,117.13,-16.42,39.31
C0333,2019,99.96,96.63,-3.34,376.07
C0333,2020,51.07,43.78,-14.27,157.09
C0333,2021,170.95,191.20,11.85,365.19
C0333,2022,74.92,88.94,18.71,381.61
C0333,2023,77.70,103.69,33.45,119.52
C0333,2024,184.04,228.27,24.03,259.66
C0334,2015,195.36,268.95,37.67,260.28
C0334,2016,180.64,226.99,25.66,435.81
C0334,2017,199.66,195.44,-2.12,13.79
C0334,2018,175.09,197.60,12.86,159.08
C0334,2019,143.83,154.58,7.48,441.36
C0334,2020,65.83,75.01,13.96,119.16
C0334,2021,191.06,218.43,14.33,69.30
C0334,2022,176.56,215.62,22.13,288.49
C0334,2023,55.74,47.37,-15.02,153.63
C0334,2024,102.94,128.48,24.80,234.18
C0335,2015,23.31,20.66,-11.38,410.19
C0335,2016,191.13,155.91,-18.43,260.83
C0335,2017,118.83,132.06,11.13,258.43
C0335,2018,56.59,65.01,14.89,139.81
C0335,2019,65.56,53.82,-17.91,396.64
C0335,2020,196.32,217.77,10.92,370.17
C0335,2021,126.97,142.30,12.07,117.83
C0335,2022,89.93,74.78,-16.85,160.68
C0335,2023,104.97,128.79,22.70,394.53
C0335,2024,28.72,26.60,-7.38,179.50
C0336,2015,24.25,30.96,27.67,202.38
C0336,2016,122.61,120.96,-1.35,182.84
C0336,2017,107.28,116.59,8.67,81.65
C0336,2018,78.24,104.46,33.51,171.11
C0336,2019,117.56,150.91,28.37,401.66
C0336,2020,23.81,30.22,26.91,246.05
C0336,2021,189.36,169.71,-10.37,229.65
C0336,2022,65.81,54.54,-17.11,79.02
C0336,2023,23.64,27.50,16.35,89.61
C0336,2024,42.21,44.16,4.64,22.43
C0337,2015,28.14,37.86,34.54,7.96
C0337,2016,43.93,44.36,0.98,244.52
C0337,2017,89.18,93.32,4.63,205.21
C0337,2018,150.23,167.60,11.56,138.41
C0337,2019,61.75,78.90,27.78,495.03
C0337,2020,92.83,89.20,-3.90,199.60
C0337,2021,186.46,254.54,36.51,394.63
C0337,2022,66.21,74.41,12.40,106.06
C0337,2023,161.00,210.03,30.46,124.27
C0337,2024,39.99,44.60,11.54,284.63
C0338,2015,43.88,55.43,26.32,3.01
C0338,2016,96.67,80.32,-16.91,9.70
C0338,2017,54.48,69.71,27.95,71.97
C0338,2018,181.58,202.34,11.44,112.34
C0338,2019,19.64,21.01,6.96,264.40
C0338,2020,123.48,107.05,-13.30,343.43
C0338,2021,124.80,155.37,24.49,156.63
C0338,2022,22.54,19.81,-12.13,120.30
C0338,2023,149.19,136.56,-8.46,411.58
C0338,2024,99.09,86.79,-12.41,82.23
C0339,2015,147.38,118.49,-19.61,339.48
C0339,2016,167.12,200.06,19.71,465.73
C0339,2017,71.35,68.68,-3.75,116.87
C0339,2018,102.05,90.79,-11.03,44.40
C0339,2019,59.54,59.07,-0.80,489.90
C0339,2020,48.29,53.09,9.95,136.12
C0339,2021,10.11,11.15,10.20,138.56
C0339,2022,193.09,197.01,2.03,242.40
C0339,2023,93.78,102.87,9.70,116.30
C0339,2024,12.48,13.19,5.64,496.44
C0340,2015,11.70,15.13,29.36,22.44
C0340,2016,64.79,52.98,-18.22,226.29
C0340,2017,12.65,16.71,32.08,274.63
C0340,2018,81.16,76.80,-5.37,234.01
C0340,2019,21.96,27.08,23.31,260.74
C0340,2020,17.46,18.21,4.30,493.80
C0340,2021,137.18,133.97,-2.34,438.57
C0340,2022,182.30,213.15,16.92,154.91
C0340,2023,87.78,110.72,26.13,276.19
C0340,2024,168.99,180.81,7.00,1.16
C0341,2015,15.56,16.80,7.99,205.37
C0341,2016,157.76,131.78,-16.47,82.77
C0341,2017,21.93,29.70,35.44,355.97
C0341,2018,169.30,221.47,30.81,111.32
C0341,2019,177.65,184.54,3.88,374.70
C0341,2020,159.34,200.60,25.90,157.27
C0341,2021,165.94,163.95,-1.20,462.99
C0341,2022,116.68,144.48,23.83,223.26
C0341,2023,60.33,66.97,11.00,419.92
C0341,2024,132.21,142.32,7.65,314.45
C0342,2015,93.51,77.98,-16.61,488.72
C0342,2016,11.01,15.19,37.93,371.62
C0342,2017,100.60,131.02,30.24,364.12
C0342,2018,133.73,170.64,27.60,133.17
C0342,2019,12.64,12.42,-1.71,252.93
C0342,2020,128.06,124.70,-2.62,145.77
C0342,2021,133.98,153.26,14.39,10.63
C0342,2022,40.04,52.36,30.77,355.58
C0342,2023,91.90,125.06,36.08,118.68
C0342,2024,193.22,185.76,-3.86,199.26
C0343,2015,178.00,207.27,16.44,143.03
C0343,2016,88.06,108.69,23.43,100.62
C0343,2017,76.47,71.56,-6.42,34.49
C0343,2018,33.58,35.07,4.45,169.61
C0343,2019,16.69,15.23,-8.75,41.79
C0343,2020,66.52,81.11,21.93,270.62
C0343,2021,188.65,248.70,31.83,10.79
C0343,2022,192.14,254.87,32.65,470.07
C0343,2023,164.38,197.59,20.21,483.27
C0343,2024,76.66,77.29,0.83,153.02
C0344,2015,37.29,44.62,19.66,130.84
C0344,2016,123.15,162.38,31.86,53.10
C0344,2017,132.84,156.15,17.55,452.55
C0344,2018,90.67,95.00,4.77,293.85
C0344,2019,141.41,191.17,35.19,305.45
C0344,2020,151.87,197.60,30.11,448.03
C0344,2021,158.78,211.09,32.95,455.48
C0344,2022,105.44,141.49,34.19,414.34
C0344,2023,160.41,166.23,3.63,386.95
C0344,2024,14.84,19.53,31.58,438.74
C0345,2015,139.28,159.08,14.22,438.11
C0345,2016,54.77,45.07,-17.71,184.95
C0345,2017,61.40,72.54,18.15,486.72
C0345,2018,27.35,29.60,8.24,354.86
C0345,2019,46.55,44.93,-3.49,185.73
C0345,2020,198.48,274.35,38.22,221.58
C0345,2021,88.92,74.08,-16.70,343.88
C0345,2022,186.28,254.74,36.75,181.19
C0345,2023,40.95,36.67,-10.44,413.45
C0345,2024,48.77,50.05,2.62,74.88
C0346,2015,115.98,121.82,5.03,453.89
C0346,2016,76.41,94.64,23.86,151.30
C0346,2017,132.34,123.00,-7.06,77.20
C0346,2018,90.19,125.51,39.17,429.15
C0346,2019,164.20,205.16,24.94,120.49
C0346,2020,92.00,117.20,27.40,421.85
C0346,2021,118.75,102.58,-13.61,148.84
C0346,2022,71.00,77.10,8.58,467.00
C0346,2023,143.77,196.58,36.74,110.32
C0346,2024,134.40,129.30,-3.80,35.76
C0347,2015,85.43,75.80,-11.28,468.33
C0347,2016,62.45,68.14,9.12,83.65
C0347,2017,126.68,172.06,35.82,472.12
C0347,2018,189.20,206.62,9.21,412.16
C0347,2019,35.20,36.71,4.29,41.88
C0347,2020,161.83,192.61,19.02,223.12
C0347,2021,113.17,154.15,36.21,37.63
C0347,2022,109.86,91.12,-17.06,165.56
C0347,2023,192.72,171.91,-10.80,176.40
C0347,2024,125.12,110.06,-12.03,300.22
C0348,2015,167.80,142.83,-14.88,487.97
C0348,2016,107.75,105.73,-1.87,85.71
C0348,2017,57.47,53.89,-6.24,165.25
C0348,2018,141.95,160.30,12.92,293.96
C0348,2019,185.40,184.73,-0.36,86.54
C0348,2020,169.83,177.16,4.31,355.64
C0348,2021,47.69,65.10,36.51,202.43
C0348,2022,70.21,62.72,-10.66,474.84
C0348,2023,108.21,111.79,3.31,315.31
C0348,2024,118.60,113.18,-4.58,182.18
C0349,2015,46.82,52.89,12.95,360.02
C0349,2016,53.70,66.69,24.18,419.54
C0349,2017,154.18,198.92,29.02,400.44
C0349,2018,148.76,165.00,10.92,132.12
C0349,2019,169.45,222.48,31.29,209.07
C0349,2020,187.26,238.01,27.10,226.64
C0349,2021,68.57,61.32,-10.58,194.80
C0349,2022,173.32,164.18,-5.27,156.12
C0349,2023,136.54,164.26,20.30,376.62
C0349,2024,191.98,265.86,38.49,7.10
C0350,2015,61.69,63.28,2.57,147.48
C0350,2016,61.24,57.43,-6.21,71.67
C0350,2017,143.82,190.05,32.15,65.26
C0350,2018,186.40,171.44,-8.02,139.20
C0350,2019,166.67,203.07,21.84,381.31
C0350,2020,148.14,121.55,-17.95,484.74
C0350,2021,83.59,67.82,-18.86,257.79
C0350,2022,146.38,156.76,7.09,170.15
C0350,2023,162.21,193.66,19.39,414.76
C0350,2024,153.12,135.59,-11.45,34.48
C0351,2015,138.59,174.40,25.83,47.49
C0351,2016,18.95,16.63,-12.28,173.34
C0351,2017,135.35,151.62,12.02,224.76
C0351,2018,100.88,99.36,-1.50,399.12
C0351,2019,192.70,241.13,25.14,462.71
C0351,2020,125.37,160.78,28.25,266.11
C0351,2021,125.56,105.43,-16.03,248.33
C0351,2022,198.87,182.08,-8.44,107.29
C0351,2023,27.78,37.10,33.56,226.14
C0351,2024,62.50,65.59,4.94,461.90
C0352,2015,134.66,146.24,8.60,197.06
C0352,2016,69.89,62.96,-9.92,106.13
C0352,2017,75.77,105.84,39.69,169.31
C0352,2018,179.60,243.15,35.38,257.78
C0352,2019,120.08,96.21,-19.88,299.69
C0352,2020,29.54,33.40,13.04,216.78
C0352,2021,69.06,91.40,32.34,379.51
C0352,2022,24.45,25.88,5.83,292.64
C0352,2023,115.66,122.85,6.21,332.86
C0352,2024,42.92,44.11,2.76,431.60
C0353,2015,172.85,141.27,-18.27,432.98
C0353,2016,119.69,152.50,27.42,102.55
C0353,2017,21.28,22.86,7.41,312.05
C0353,2018,67.17,75.13,11.86,358.60
C0353,2019,127.10,121.18,-4.66,73.78
C0353,2020,73.74,93.69,27.05,421.54
C0353,2021,107.50,137.20,27.62,91.05
C0353,2022,182.78,206.86,13.18,399.84
C0353,2023,76.51,102.73,34.28,81.57
C0353,2024,73.82,64.19,-13.05,371.15
C0354,2015,165.75,210.83,27.20,74.93
C0354,2016,70.56,80.10,13.52,190.04
C0354,2017,24.81,23.29,-6.14,72.61
C0354,2018,44.38,39.03,-12.06,136.09
C0354,2019,190.27,186.58,-1.94,492.27
C0354,2020,187.33,246.11,31.38,54.73
C0354,2021,52.71,67.08,27.26,203.83
C0354,2022,115.17,136.71,18.71,338.78
C0354,2023,36.10,30.84,-14.58,48.20
C0354,2024,138.19,189.72,37.29,55.41
C0355,2015,45.21,44.45,-1.67,72.49
C0355,2016,19.46,22.66,16.42,322.85
C0355,2017,166.73,213.73,28.19,454.76
C0355,2018,71.83,63.19,-12.03,413.17
C0355,2019,30.62,36.48,19.13,491.54
C0355,2020,168.44,138.02,-18.06,289.49
C0355,2021,154.86,133.34,-13.89,480.78
C0355,2022,139.91,172.64,23.39,153.16
C0355,2023,183.14,163.55,-10.70,211.33
C0355,2024,102.95,109.76,6.61,198.62
C0356,2015,34.33,32.58,-5.10,24.63
C0356,2016,21.66,22.80,5.27,415.02
C0356,2017,70.50,59.67,-15.37,13.33
C0356,2018,26.50,33.20,25.29,365.21
C0356,2019,111.75,94.70,-15.26,204.13
C0356,2020,12.75,16.62,30.27,4.12
C0356,2021,94.32,112.95,19.76,145.68
C0356,2022,43.91,46.10,5.00,173.72
C0356,2023,79.97,105.55,31.99,482.39
C0356,2024,138.26,126.05,-8.83,330.88
C0357,2015,76.68,73.52,-4.13,272.24
C0357,2016,74.85,66.04,-11.77,64.40
C0357,2017,198.24,203.98,2.89,196.16
C0357,2018,146.57,204.04,39.20,18.85
C0357,2019,107.63,96.51,-10.34,381.08
C0357,2020,120.08,155.94,29.86,82.23
C0357,2021,127.83,152.27,19.11,297.62
C0357,2022,14.67,11.87,-19.05,350.00
C0357,2023,25.25,34.52,36.69,183.89
C0357,2024,133.35,184.37,38.27,316.66
C0358,2015,79.25,107.38,35.49,382.35
C0358,2016,20.53,22.61,10.10,92.88
C0358,2017,66.53,62.02,-6.78,300.83
C0358,2018,34.75,35.96,3.48,367.21
C0358,2019,184.10,215.12,16.85,179.17
C0358,2020,48.56,49.88,2.73,82.08
C0358,2021,37.30,45.69,22.49,143.77
C0358,2022,128.97,164.74,27.73,466.60
C0358,2023,109.16,101.05,-7.44,179.37
C0358,2024,119.43,124.56,4.30,54.74
C0359,2015,92.83,127.61,37.46,42.28
C0359,2016,98.76,93.81,-5.01,91.07
C0359,2017,157.97,159.21,0.79,64.63
C0359,2018,51.79,42.54,-17.86,248.03
C0359,2019,85.34,85.29,-0.06,174.43
C0359,2020,191.99,196.32,2.26,420.86
C0359,2021,46.10,39.64,-14.01,440.66
C0359,2022,65.82,52.71,-19.91,237.17
C0359,2023,46.40,53.14,14.52,444.38
C0359,2024,13.89,13.63,-1.91,225.78
C0360,2015,61.27,49.67,-18.93,321.34
C0360,2016,18.83,24.78,31.60,82.10
C0360,2017,39.39,45.32,15.06,27.24
C0360,2018,78.91,71.23,-9.73,80.88
C0360,2019,13.94,18.39,31.91,126.67
C0360,2020,153.06,145.74,-4.78,375.74
C0360,2021,161.16,150.92,-6.35,87.58
C0360,2022,88.17,117.86,33.68,66.20
C0360,2023,197.09,178.89,-9.23,463.88
C0360,2024,139.01,184.52,32.74,344.71
C0361,2015,151.31,193.94,28.18,237.18
C0361,2016,46.54,45.88,-1.41,48.39
C0361,2017,169.11,138.78,-17.94,426.04
C0361,2018,189.56,161.04,-15.05,55.02
C0361,2019,54.90,47.53,-13.43,305.91
C0361,2020,140.43,187.40,33.45,334.17
C0361,2021,151.92,158.36,4.24,200.67
C0361,2022,67.98,55.71,-18.05,455.70
C0361,2023,100.25,113.68,13.39,26.30
C0361,2024,28.53,26.39,-7.52,409.24
C0362,2015,42.89,40.36,-5.89,277.34
C0362,2016,21.70,19.45,-10.35,305.99
C0362,2017,116.43,146.38,25.72,493.43
C0362,2018,128.80,103.09,-19.96,291.74
C0362,2019,184.06,195.73,6.34,398.72
C0362,2020,113.02,96.30,-14.79,77.61
C0362,2021,59.52,67.34,13.14,404.84
C0362,2022,21.30,21.46,0.76,380.78
C0362,2023,178.14,145.54,-18.30,484.09
C0362,2024,100.98,108.72,7.66,467.92
C0363,2015,150.09,171.46,14.24,107.78
C0363,2016,12.78,12.13,-5.14,233.00
C0363,2017,102.75,129.39,25.93,455.83
C0363,2018,71.89,73.51,2.26,320.74
C0363,2019,15.76,19.70,24.96,232.39
C0363,2020,157.38,180.58,14.74,55.36
C0363,2021,107.45,142.00,32.16,176.53
C0363,2022,73.30,82.70,12.82,332.95
C0363,2023,163.10,148.65,-8.86,388.68
C0363,2024,94.92,122.78,29.36,224.14
C0364,2015,10.66,13.54,26.98,28.87
C0364,2016,189.45,262.08,38.34,316.95
C0364,2017,58.58,50.15,-14.39,460.87
C0364,2018,167.81,193.78,15.47,248.71
C0364,2019,165.12,180.81,9.50,464.28
C0364,2020,40.85,49.12,20.25,177.70
C0364,2021,100.06,138.89,38.81,443.30
C0364,2022,17.64,19.74,11.94,393.38
C0364,2023,77.36,93.72,21.14,480.91
C0364,2024,148.89,150.13,0.83,395.72
C0365,2015,55.04,53.91,-2.06,161.42
C0365,2016,32.25,32.29,0.12,450.38
C0365,2017,106.35,87.55,-17.68,335.20
C0365,2018,112.03,108.76,-2.92,81.87
C0365,2019,138.41,125.09,-9.62,23.94
C0365,2020,154.24,165.72,7.45,183.56
C0365,2021,142.20,153.08,7.65,393.65
C0365,2022,170.63,214.84,25.91,309.49
C0365,2023,52.35,57.66,10.14,264.04
C0365,2024,118.26,127.46,7.78,2.86
C0366,2015,78.42,73.63,-6.10,218.31
C0366,2016,192.80,252.86,31.15,79.70
C0366,2017,93.65,80.04,-14.54,227.83
C0366,2018,192.35,267.24,38.94,495.89
C0366,2019,156.12,169.49,8.56,439.89
C0366,2020,146.51,133.56,-8.84,156.00
C0366,2021,103.40,104.70,1.26,297.16
C0366,2022,94.24,76.26,-19.08,251.55
C0366,2023,110.04,99.03,-10.01,65.89
C0366,2024,65.79,65.87,0.12,494.91
C0367,2015,181.86,205.98,13.26,213.16
C0367,2016,160.92,141.24,-12.23,253.32
C0367,2017,162.27,195.62,20.56,324.15
C0367,2018,92.30,120.59,30.66,96.58
C0367,2019,23.51,26.88,14.34,111.89
C0367,2020,139.78,136.73,-2.19,97.09
C0367,2021,81.14,70.82,-12.72,192.85
C0367,2022,175.38,141.94,-19.07,100.64
C0367,2023,158.26,196.10,23.91,463.27
C0367,2024,37.61,44.27,17.71,357.44
C0368,2015,124.33,134.99,8.58,449.02
C0368,2016,141.52,121.88,-13.88,424.39
C0368,2017,117.95,109.01,-7.58,351.87
C0368,2018,107.67,138.80,28.91,122.13
C0368,2019,53.29,57.98,8.79,308.04
C0368,2020,54.82,75.53,37.77,93.96
C0368,2021,155.92,218.29,40.00,67.11
C0368,2022,13.55,17.35,28.04,316.66
C0368,2023,157.99,150.87,-4.51,312.69
C0368,2024,110.09,103.34,-6.13,79.15
C0369,2015,187.88,178.90,-4.78,176.86
C0369,2016,199.49,277.71,39.21,34.07
C0369,2017,136.06,136.23,0.12,358.15
C0369,2018,88.33,108.10,22.39,493.76
C0369,2019,100.27,137.91,37.54,370.21
C0369,2020,48.80,63.04,29.18,422.23
C0369,2021,28.85,33.43,15.86,238.70
C0369,2022,119.97,108.13,-9.86,48.70
C0369,2023,163.04,147.55,-9.50,363.58
C0369,2024,59.74,65.44,9.55,129.00
C0370,2015,89.73,123.04,37.12,194.76
C0370,2016,115.41,154.96,34.27,351.85
C0370,2017,182.50,164.20,-10.03,452.49
C0370,2018,36.34,35.35,-2.74,243.64
C0370,2019,55.01,63.44,15.33,480.84
C0370,2020,184.52,200.47,8.65,260.43
C0370,2021,17.51,15.26,-12.84,62.13
C0370,2022,134.66,137.57,2.16,259.70
C0370,2023,131.51,180.54,37.28,430.45
C0370,2024,82.82,113.53,37.09,269.48
C0371,2015,98.95,112.37,13.57,374.13
C0371,2016,172.43,203.67,18.12,274.43
C0371,2017,41.35,38.58,-6.69,273.48
C0371,2018,54.00,67.24,24.52,143.10
C0371,2019,107.35,89.26,-16.85,101.43
C0371,2020,87.85,81.91,-6.76,140.18
C0371,2021,119.13,95.73,-19.65,220.98
C0371,2022,184.96,190.77,3.14,404.99
C0371,2023,184.25,241.40,31.02,414.67
C0371,2024,53.70,74.62,38.95,82.53
C0372,2015,67.41,80.93,20.07,276.87
C0372,2016,40.79,50.87,24.69,208.60
C0372,2017,186.28,178.39,-4.24,285.90
C0372,2018,85.59,95.20,11.22,324.16
C0372,2019,95.44,118.54,24.19,140.53
C0372,2020,162.50,178.49,9.84,459.70
C0372,2021,107.46,91.68,-14.69,467.79
C0372,2022,32.75,40.76,24.45,53.57
C0372,2023,93.19,86.83,-6.83,351.81
C0372,2024,129.80,111.45,-14.14,17.58
C0373,2015,146.65,159.38,8.68,24.24
C0373,2016,132.62,112.03,-15.52,478.94
C0373,2017,32.64,38.44,17.77,347.73
C0373,2018,67.83,80.32,18.43,162.95
C0373,2019,149.38,142.51,-4.60,335.27
C0373,2020,177.24,244.36,37.87,423.07
C0373,2021,18.97,24.55,29.47,435.58
C0373,2022,18.02,15.60,-13.42,11.24
C0373,2023,132.25,165.19,24.91,409.30
C0373,2024,114.13,115.48,1.18,426.75
C0374,2015,39.51,49.40,25.02,298.19
C0374,2016,114.18,146.20,28.05,240.47
C0374,2017,195.15,173.85,-10.92,56.39
C0374,2018,129.87,155.47,19.71,120.57
C0374,2019,95.34,125.62,31.76,245.75
C0374,2020,167.23,166.23,-0.60,432.67
C0374,2021,50.44,42.78,-15.18,401.76
C0374,2022,88.72,72.43,-18.36,248.47
C0374,2023,110.28,95.50,-13.40,393.03
C0374,2024,105.86,84.96,-19.75,383.10
C0375,2015,184.98,184.28,-0.38,289.93
C0375,2016,65.61,64.27,-2.04,110.94
C0375,2017,20.74,17.96,-13.38,174.65
C0375,2018,184.11,219.22,19.07,82.87
C0375,2019,51.24,71.49,39.51,4.57
C0375,2020,82.02,109.95,34.06,41.18
C0375,2021,110.87,105.52,-4.83,380.05
C0375,2022,195.42,246.61,26.20,17.71
C0375,2023,111.70,152.15,36.21,200.53
C0375,2024,95.07,127.76,34.38,492.90
C0376,2015,120.89,160.87,33.07,397.82
C0376,2016,194.45,247.32,27.19,375.56
C0376,2017,165.41,161.41,-2.42,138.08
C0376,2018,42.10,35.79,-14.99,321.22
C0376,2019,162.62,177.69,9.27,249.86
C0376,2020,169.81,141.43,-16.71,312.29
C0376,2021,141.23,197.60,39.91,218.47
C0376,2022,134.87,136.90,1.50,265.95
C0376,2023,93.77,128.93,37.50,494.21
C0376,2024,131.92,166.73,26.39,165.33
C0377,2015,150.14,157.16,4.68,109.01
C0377,2016,33.34,29.04,-12.90,224.80
C0377,2017,58.89,55.50,-5.77,262.64
C0377,2018,46.88,56.43,20.38,43.73
C0377,2019,169.83,220.43,29.80,403.18
C0377,2020,139.20,193.16,38.77,211.60
C0377,2021,95.65,84.10,-12.07,207.18
C0377,2022,166.95,149.18,-10.64,329.76
C0377,2023,146.19,120.67,-17.45,386.85
C0377,2024,183.58,175.55,-4.38,492.98
C0378,2015,24.59,31.79,29.26,87.59
C0378,2016,106.74,98.09,-8.10,173.43
C0378,2017,144.28,162.85,12.87,84.96
C0378,2018,49.42,52.78,6.78,440.55
C0378,2019,72.15,71.83,-0.45,274.70
C0378,2020,89.61,104.93,17.10,426.37
C0378,2021,160.92,177.24,10.14,492.63
C0378,2022,103.78,103.87,0.09,275.55
C0378,2023,103.65,125.75,21.33,59.96
C0378,2024,91.87,88.93,-3.20,181.27
C0379,2015,53.43,63.37,18.59,19.06
C0379,2016,185.38,254.78,37.43,424.80
C0379,2017,70.38,87.09,23.74,9.93
C0379,2018,117.82,123.83,5.10,296.50
C0379,2019,38.27,47.78,24.85,53.96
C0379,2020,92.51,118.92,28.55,4.77
C0379,2021,181.72,180.91,-0.45,128.82
C0379,2022,199.14,243.56,22.31,276.37
C0379,2023,78.73,83.51,6.06,38.47
C0379,2024,39.26,50.69,29.11,307.83
C0380,2015,69.75,68.16,-2.28,336.32
C0380,2016,72.18,98.35,36.27,484.88
C0380,2017,132.46,151.65,14.49,449.87
C0380,2018,104.27,105.52,1.20,283.83
C0380,2019,156.01,164.06,5.16,396.89
C0380,2020,143.25,144.49,0.87,182.46
C0380,2021,57.75,51.27,-11.23,293.27
C0380,2022,159.01,133.74,-15.89,202.27
C0380,2023,171.02,169.83,-0.69,169.18
C0380,2024,123.69,133.00,7.52,364.09
C0381,2015,186.26,189.44,1.71,149.04
C0381,2016,158.76,128.33,-19.16,190.90
C0381,2017,123.13,141.27,14.74,184.22
C0381,2018,182.17,161.57,-11.31,435.33
C0381,2019,124.07,114.96,-7.34,86.03
C0381,2020,109.03,95.12,-12.76,191.36
C0381,2021,77.69,86.41,11.23,444.05
C0381,2022,177.74,152.34,-14.29,8.64
C0381,2023,33.32,31.78,-4.62,473.99
C0381,2024,99.97,107.07,7.10,449.55
C0382,2015,112.11,100.97,-9.94,209.51
C0382,2016,115.40,123.22,6.77,326.86
C0382,2017,133.86,134.61,0.56,495.54
C0382,2018,106.10,139.67,31.64,277.92
C0382,2019,58.80,75.08,27.69,49.35
C0382,2020,172.82,241.21,39.57,426.97
C0382,2021,134.93,150.76,11.73,67.94
C0382,2022,173.06,198.19,14.52,129.38
C0382,2023,62.45,85.43,36.80,436.88
C0382,2024,131.04,136.25,3.98,128.76
C0383,2015,145.69,165.13,13.34,372.80
C0383,2016,82.85,85.12,2.75,224.39
C0383,2017,164.33,185.28,12.75,380.11
C0383,2018,10.48,8.89,-15.15,116.94
C0383,2019,123.03,156.29,27.03,210.36
C0383,2020,126.58,176.09,39.12,159.76
C0383,2021,111.43,93.54,-16.06,125.27
C0383,2022,129.71,166.11,28.06,157.90
C0383,2023,41.77,39.48,-5.50,162.17
C0383,2024,140.11,128.69,-8.15,477.73
C0384,2015,73.80,89.74,21.60,267.08
C0384,2016,95.89,79.25,-17.35,231.56
C0384,2017,73.29,79.00,7.79,252.16
C0384,2018,100.05,80.13,-19.91,498.07
C0384,2019,128.10,145.09,13.26,327.14
C0384,2020,169.29,182.36,7.72,352.04
C0384,2021,101.85,137.43,34.93,157.50
C0384,2022,71.41,87.99,23.22,236.30
C0384,2023,102.71,89.93,-12.44,92.85
C0384,2024,140.87,142.67,1.27,342.91
C0385,2015,75.87,103.11,35.89,172.90
C0385,2016,88.71,109.58,23.52,374.40
C0385,2017,116.94,135.25,15.66,107.37
C0385,2018,65.86,74.78,13.54,202.35
C0385,2019,49.73,51.66,3.89,236.12
C0385,2020,36.67,42.22,15.11,84.10
C0385,2021,77.00,97.25,26.30,35.73
C0385,2022,19.19,16.82,-12.35,159.22
C0385,2023,120.86,167.02,38.19,272.90
C0385,2024,43.42,40.97,-5.64,326.69
C0386,2015,81.71,87.31,6.86,213.21
C0386,2016,61.15,49.76,-18.64,250.64
C0386,2017,129.77,146.67,13.02,272.05
C0386,2018,171.57,176.56,2.91,256.44
C0386,2019,130.33,123.79,-5.01,46.07
C0386,2020,113.08,157.32,39.13,203.10
C0386,2021,137.13,144.93,5.69,102.96
C0386,2022,15.70,16.46,4.86,267.33
C0386,2023,33.34,35.94,7.79,379.28
C0386,2024,28.04,24.38,-13.03,290.16
C0387,2015,28.66,29.69,3.59,111.69
C0387,2016,59.49,59.60,0.18,104.67
C0387,2017,111.09,119.87,7.91,19.46
C0387,2018,31.79,41.77,31.40,213.76
C0387,2019,187.67,171.85,-8.43,217.00
C0387,2020,172.31,200.68,16.46,118.98
C0387,2021,194.61,160.08,-17.74,382.36
C0387,2022,18.08,17.90,-0.99,193.86
C0387,2023,171.77,186.13,8.36,335.03
C0387,2024,162.71,137.42,-15.54,320.40
C0388,2015,181.40,204.33,12.64,302.77
C0388,2016,110.31,108.79,-1.38,454.13
C0388,2017,159.70,222.89,39.57,8.93
C0388,2018,19.74,23.27,17.86,34.95
C0388,2019,24.42,23.11,-5.35,361.35
C0388,2020,32.52,28.02,-13.84,177.41
C0388,2021,183.81,151.54,-17.56,493.27
C0388,2022,21.62,18.48,-14.55,108.99
C0388,2023,29.03,35.07,20.80,92.53
C0388,2024,186.78,245.24,31.30,294.52
C0389,2015,30.40,27.18,-10.60,140.43
C0389,2016,175.25,182.49,4.13,170.91
C0389,2017,159.96,161.97,1.25,460.59
C0389,2018,17.65,20.95,18.67,14.10
C0389,2019,14.15,12.87,-9.04,266.10
C0389,2020,111.53,153.02,37.20,168.11
C0389,2021,199.46,246.76,23.71,173.65
C0389,2022,176.98,243.00,37.30,124.66
C0389,2023,68.90,66.59,-3.36,68.29
C0389,2024,83.40,96.13,15.26,18.21
C0390,2015,83.70,103.74,23.94,493.86
C0390,2016,149.49,183.37,22.66,330.52
C0390,2017,74.82,60.81,-18.72,388.83
C0390,2018,38.08,53.27,39.90,33.44
C0390,2019,151.95,206.17,35.68,8.40
C0390,2020,97.02,84.59,-12.81,300.54
C0390,2021,24.59,27.69,12.61,362.19
C0390,2022,160.11,158.31,-1.13,198.04
C0390,2023,121.21,160.89,32.73,194.49
C0390,2024,102.98,125.48,21.85,192.86
C0391,2015,137.94,128.85,-6.59,77.23
C0391,2016,106.02,86.97,-17.97,377.20
C0391,2017,133.20,129.88,-2.50,108.38
C0391,2018,174.82,143.86,-17.71,162.88
C0391,2019,126.57,111.99,-11.52,335.96
C0391,2020,135.32,159.91,18.17,1.05
C0391,2021,126.63,157.92,24.71,383.36
C0391,2022,110.92,119.89,8.08,449.65
C0391,2023,42.67,49.51,16.02,26.76
C0391,2024,73.78,65.92,-10.65,296.22
C0392,2015,141.69,140.28,-0.99,204.82
C0392,2016,90.84,111.53,22.77,40.15
C0392,2017,87.16,88.81,1.89,341.43
C0392,2018,154.26,155.69,0.93,306.55
C0392,2019,11.06,10.13,-8.36,321.69
C0392,2020,139.01,160.82,15.69,406.93
C0392,2021,102.95,132.37,28.57,144.17
C0392,2022,81.58,88.25,8.17,338.86
C0392,2023,74.70,64.94,-13.07,371.92
C0392,2024,42.85,55.83,30.30,85.24
C0393,2015,73.51,61.96,-15.72,478.58
C0393,2016,84.37,91.38,8.30,170.65
C0393,2017,93.12,89.08,-4.34,357.14
C0393,2018,137.74,187.57,36.18,377.26
C0393,2019,96.18,119.50,24.25,252.51
C0393,2020,161.29,183.85,13.98,65.23
C0393,2021,131.55,157.95,20.07,138.56
C0393,2022,46.02,51.53,11.96,117.89
C0393,2023,62.66,55.68,-11.14,259.80
C0393,2024,25.06,30.71,22.55,131.37
C0394,2015,189.69,207.82,9.56,273.84
C0394,2016,178.44,210.67,18.06,144.82
C0394,2017,26.11,21.60,-17.29,1.49
C0394,2018,119.07,105.41,-11.48,182.27
C0394,2019,192.48,222.05,15.36,303.82
C0394,2020,151.96,163.45,7.57,387.07
C0394,2021,103.44,96.84,-6.39,15.15
C0394,2022,55.81,52.71,-5.55,129.90
C0394,2023,63.02,74.30,17.90,492.75
C0394,2024,149.89,125.21,-16.46,131.65
C0395,2015,158.31,167.90,6.06,388.82
C0395,2016,110.45,123.03,11.39,255.18
C0395,2017,32.98,32.48,-1.51,61.96
C0395,2018,187.43,242.23,29.23,322.06
C0395,2019,170.50,142.21,-16.59,483.20
C0395,2020,36.70,48.43,31.95,443.53
C0395,2021,20.78,25.64,23.40,345.46
C0395,2022,111.81,119.39,6.78,256.56
C0395,2023,63.99,86.68,35.47,160.35
C0395,2024,63.82,77.94,22.13,179.13
C0396,2015,26.57,36.10,35.86,173.76
C0396,2016,191.14,207.11,8.36,461.12
C0396,2017,167.73,179.77,7.18,106.44
C0396,2018,31.63,35.37,11.84,189.64
C0396,2019,176.55,148.17,-16.07,216.55
C0396,2020,139.76,187.99,34.51,205.04
C0396,2021,71.83,86.25,20.06,3.09
C0396,2022,175.54,205.48,17.06,136.22
C0396,2023,123.62,167.62,35.59,249.79
C0396,2024,171.25,239.09,39.62,380.49
C0397,2015,99.16,89.05,-10.20,285.17
C0397,2016,105.12,131.34,24.94,193.05
C0397,2017,65.29,74.95,14.80,332.91
C0397,2018,83.66,90.07,7.66,333.28
C0397,2019,117.87,163.44,38.66,124.71
C0397,2020,189.94,248.85,31.02,52.78
C0397,2021,124.02,151.07,21.80,401.79
C0397,2022,38.00,39.13,2.96,265.36
C0397,2023,11.33,13.59,19.96,89.09
C0397,2024,171.69,192.12,11.90,131.77
C0398,2015,79.22,75.23,-5.04,383.45
C0398,2016,69.84,74.75,7.02,326.98
C0398,2017,162.14,150.36,-7.27,472.64
C0398,2018,189.62,208.63,10.03,233.01
C0398,2019,152.13,187.44,23.21,27.04
C0398,2020,43.03,35.37,-17.80,350.51
C0398,2021,84.36,106.23,25.92,128.20
C0398,2022,154.29,125.28,-18.80,162.60
C0398,2023,182.32,202.44,11.04,99.13
C0398,2024,199.73,228.51,14.41,155.16
C0399,2015,107.20,134.72,25.67,414.91
C0399,2016,166.28,208.95,25.66,288.78
C0399,2017,18.86,19.81,5.05,55.47
C0399,2018,64.31,54.01,-16.02,293.72
C0399,2019,80.59,98.00,21.61,317.15
C0399,2020,195.35,216.17,10.66,442.53
C0399,2021,10.64,10.64,-0.02,429.96
C0399,2022,68.52,64.48,-5.91,32.37
C0399,2023,186.78,162.84,-12.81,433.48
C0399,2024,68.27,66.70,-2.29,26.39
C0400,2015,52.76,56.72,7.51,77.91
C0400,2016,148.72,161.59,8.66,56.66
C0400,2017,151.61,174.30,14.96,91.67
C0400,2018,99.71,101.46,1.75,401.83
C0400,2019,189.91,256.75,35.19,343.37
C0400,2020,48.51,53.25,9.75,343.79
C0400,2021,183.55,193.50,5.42,461.14
C0400,2022,153.55,127.27,-17.11,196.53
C0400,2023,79.96,92.71,15.94,2.64
C0400,2024,163.31,189.72,16.17,320.24
C0401,2015,35.31,40.60,15.00,434.17
C0401,2016,34.89,46.49,33.26,488.15
C0401,2017,186.69,234.81,25.77,182.58
C0401,2018,28.01,36.98,32.04,411.25
C0401,2019,10.78,9.00,-16.43,424.76
C0401,2020,83.92,83.15,-0.91,73.07
C0401,2021,29.73,29.47,-0.88,316.12
C0401,2022,173.98,207.77,19.42,87.40
C0401,2023,185.31,198.13,6.92,223.87
C0401,2024,101.66,128.75,26.65,439.75
C0402,2015,90.84,93.62,3.07,394.94
C0402,2016,112.42,104.88,-6.70,285.60
C0402,2017,52.98,51.63,-2.54,404.55
C0402,2018,66.61,60.58,-9.05,77.26
C0402,2019,29.19,26.81,-8.13,98.26
C0402,2020,94.83,88.20,-6.99,105.22
C0402,2021,126.22,102.20,-19.03,388.23
C0402,2022,186.74,229.63,22.97,445.59
C0402,2023,150.42,156.40,3.98,281.86
C0402,2024,147.38,119.91,-18.64,479.03
C0403,2015,68.52,70.03,2.20,364.29
C0403,2016,178.78,240.14,34.32,282.28
C0403,2017,189.92,210.20,10.67,306.18
C0403,2018,187.13,260.49,39.21,424.92
C0403,2019,17.37,19.53,12.40,46.00
C0403,2020,124.83,171.97,37.77,84.84
C0403,2021,132.21,121.78,-7.89,133.88
C0403,2022,66.06,64.34,-2.60,447.49
C0403,2023,198.56,242.24,22.00,472.53
C0403,2024,65.33,90.94,39.21,178.73
C0404,2015,51.16,66.26,29.52,462.00
C0404,2016,101.99,115.47,13.22,273.88
C0404,2017,71.40,60.77,-14.89,237.16
C0404,2018,185.57,189.02,1.86,416.55
C0404,2019,93.61,79.75,-14.81,273.50
C0404,2020,87.93,86.77,-1.32,227.79
C0404,2021,128.91,123.15,-4.47,8.97
C0404,2022,25.41,26.25,3.31,7.44
C0404,2023,153.78,200.28,30.24,314.17
C0404,2024,156.00,138.87,-10.98,37.64
C0405,2015,100.06,98.43,-1.64,368.74
C0405,2016,191.58,183.28,-4.33,311.55
C0405,2017,120.07,117.39,-2.23,229.41
C0405,2018,142.09,144.42,1.64,355.19
C0405,2019,185.63,175.71,-5.34,496.54
C0405,2020,136.61,186.54,36.55,123.93
C0405,2021,92.05,96.84,5.21,278.97
C0405,2022,14.71,12.77,-13.15,421.59
C0405,2023,148.38,160.34,8.06,9.42
C0405,2024,193.32,176.05,-8.93,102.55
C0406,2015,99.34,92.36,-7.03,260.96
C0406,2016,74.56,72.40,-2.90,276.57
C0406,2017,108.66,95.06,-12.51,44.08
C0406,2018,148.40,182.93,23.27,204.31
C0406,2019,10.13,12.92,27.52,260.37
C0406,2020,178.57,185.10,3.66,212.06
C0406,2021,178.41,216.48,21.34,350.60
C0406,2022,112.85,116.61,3.34,385.91
C0406,2023,33.25,29.88,-10.16,230.67
C0406,2024,137.64,142.91,3.83,213.40
C0407,2015,36.19,41.05,13.42,352.98
C0407,2016,106.43,87.77,-17.54,278.10
C0407,2017,27.79,33.14,19.27,435.35
C0407,2018,121.92,151.86,24.56,241.09
C0407,2019,70.43,92.69,31.60,287.59
C0407,2020,167.89,144.66,-13.83,65.27
C0407,2021,161.99,129.60,-19.99,418.16
C0407,2022,199.71,168.55,-15.60,211.72
C0407,2023,58.93,79.81,35.45,359.81
C0407,2024,21.74,27.38,25.93,215.31
C0408,2015,94.17,122.54,30.13,1.51
C0408,2016,25.85,28.70,11.02,200.80
C0408,2017,43.91,49.01,11.60,74.60
C0408,2018,123.49,120.91,-2.09,199.91
C0408,2019,122.50,159.95,30.57,161.35
C0408,2020,18.23,23.66,29.79,102.07
C0408,2021,94.15,97.48,3.53,62.76
C0408,2022,110.74,110.47,-0.24,364.55
C0408,2023,60.92,75.73,24.30,377.68
C0408,2024,175.69,143.31,-18.43,133.23
C0409,2015,40.61,53.44,31.60,248.10
C0409,2016,58.24,62.19,6.77,232.57
C0409,2017,39.83,42.41,6.48,178.27
C0409,2018,32.14,38.62,20.14,139.54
C0409,2019,177.01,210.19,18.74,93.83
C0409,2020,62.79,60.26,-4.04,436.57
C0409,2021,147.28,201.18,36.60,416.82
C0409,2022,91.32,127.09,39.18,209.17
C0409,2023,130.82,145.94,11.56,360.88
C0409,2024,186.35,211.85,13.68,249.67
C0410,2015,170.48,193.08,13.26,43.61
C0410,2016,23.11,25.22,9.15,411.37
C0410,2017,170.59,233.21,36.71,110.42
C0410,2018,95.85,90.75,-5.31,353.70
C0410,2019,76.53,66.18,-13.52,264.17
C0410,2020,137.75,187.03,35.77,345.58
C0410,2021,190.54,176.79,-7.22,236.13
C0410,2022,27.89,34.84,24.95,351.58
C0410,2023,155.93,143.82,-7.77,17.37
C0410,2024,48.67,66.97,37.61,21.39
C0411,2015,82.23,104.81,27.47,448.27
C0411,2016,176.03,237.85,35.12,375.10
C0411,2017,113.70,155.84,37.06,414.41
C0411,2018,22.82,19.41,-14.93,228.84
C0411,2019,106.53,112.92,6.00,230.36
C0411,2020,160.03,190.26,18.89,267.47
C0411,2021,110.49,141.59,28.15,122.59
C0411,2022,41.71,39.41,-5.51,367.02
C0411,2023,94.56,127.54,34.88,414.90
C0411,2024,185.63,173.11,-6.74,453.70
C0412,2015,135.06,178.24,31.97,259.00
C0412,2016,148.68,164.68,10.76,207.87
C0412,2017,159.33,176.74,10.93,415.64
C0412,2018,27.23,27.90,2.44,376.58
C0412,2019,120.49,103.88,-13.79,433.77
C0412,2020,81.42,82.10,0.83,328.21
C0412,2021,36.44,38.48,5.60,441.77
C0412,2022,48.51,52.76,8.74,45.43
C0412,2023,158.42,196.99,24.35,340.10
C0412,2024,40.68,41.14,1.12,45.31
C0413,2015,69.36,72.41,4.40,374.70
C0413,2016,64.13,86.16,34.37,314.59
C0413,2017,19.24,24.08,25.15,8.98
C0413,2018,97.81,79.59,-18.63,300.03
C0413,2019,155.53,200.20,28.73,73.99
C0413,2020,14.21,19.81,39.40,72.06
C0413,2021,31.38,42.80,36.39,76.08
C0413,2022,146.84,191.12,30.16,242.43
C0413,2023,122.78,144.57,17.75,58.64
C0413,2024,145.90,141.07,-3.31,63.70
C0414,2015,53.72,64.07,19.27,128.83
C0414,2016,162.72,198.08,21.74,1.43
C0414,2017,101.18,98.03,-3.11,138.62
C0414,2018,125.96,120.06,-4.68,309.59
C0414,2019,27.51,28.56,3.82,301.18
C0414,2020,48.96,58.00,18.47,484.80
C0414,2021,156.94,153.15,-2.42,60.70
C0414,2022,52.54,59.55,13.34,432.92
C0414,2023,27.58,36.95,33.95,196.20
C0414,2024,123.47,120.64,-2.29,194.13
C0415,2015,114.11,157.42,37.96,175.06
C0415,2016,125.50,136.04,8.40,63.24
C0415,2017,127.48,109.70,-13.95,239.77
C0415,2018,105.04,87.50,-16.70,393.90
C0415,2019,103.82,104.15,0.32,437.84
C0415,2020,185.59,177.29,-4.47,481.47
C0415,2021,111.44,145.56,30.62,392.86
C0415,2022,127.29,158.16,24.26,311.92
C0415,2023,60.72,80.81,33.07,249.27
C0415,2024,175.51,202.46,15.36,437.57
C0416,2015,14.63,15.53,6.13,370.02
C0416,2016,115.87,111.51,-3.77,81.47
C0416,2017,82.93,95.36,14.99,341.59
C0416,2018,124.74,146.05,17.08,216.09
C0416,2019,78.43,81.24,3.58,298.30
C0416,2020,146.36,199.34,36.20,449.28
C0416,2021,13.86,16.41,18.40,326.63
C0416,2022,87.12,113.47,30.25,469.42
C0416,2023,167.94,196.87,17.22,433.32
C0416,2024,57.54,56.96,-1.01,65.32
C0417,2015,20.02,24.87,24.20,6.81
C0417,2016,104.34,97.89,-6.18,192.82
C0417,2017,195.54,226.43,15.80,432.80
C0417,2018,22.19,23.11,4.14,115.83
C0417,2019,23.31,20.74,-11.01,346.01
C0417,2020,123.07,128.97,4.79,238.52
C0417,2021,57.51,56.72,-1.38,373.29
C0417,2022,87.94,76.28,-13.27,83.32
C0417,2023,167.80,217.18,29.43,120.31
C0417,2024,47.78,52.52,9.91,122.02
C0418,2015,146.67,147.81,0.78,274.68
C0418,2016,105.85,116.75,10.30,145.52
C0418,2017,181.94,227.93,25.27,406.05
C0418,2018,194.86,158.03,-18.90,174.05
C0418,2019,102.14,115.22,12.81,330.76
C0418,2020,121.08,131.68,8.75,474.30
C0418,2021,151.71,202.66,33.58,303.85
C0418,2022,70.55,79.97,13.36,121.83
C0418,2023,53.08,46.84,-11.76,415.40
C0418,2024,193.29,199.71,3.32,7.26
C0419,2015,92.20,108.11,17.26,129.01
C0419,2016,10.30,8.53,-17.24,194.36
C0419,2017,169.17,225.12,33.08,98.79
C0419,2018,123.94,104.19,-15.93,302.41
C0419,2019,42.03,34.39,-18.16,279.44
C0419,2020,15.73,12.60,-19.88,203.84
C0419,2021,65.38,79.13,21.02,147.90
C0419,2022,186.30,200.00,7.36,217.52
C0419,2023,187.36,161.45,-13.83,146.31
C0419,2024,69.09,90.77,31.37,111.41
C0420,2015,168.83,155.60,-7.84,176.28
C0420,2016,93.95,93.56,-0.42,301.57
C0420,2017,134.33,121.78,-9.34,324.55
C0420,2018,73.54,99.73,35.61,149.38
C0420,2019,108.03,135.57,25.48,473.75
C0420,2020,65.82,81.24,23.44,131.72
C0420,2021,21.61,17.86,-17.36,356.35
C0420,2022,36.48,40.63,11.36,41.66
C0420,2023,65.23,74.70,14.53,332.76
C0420,2024,195.49,201.26,2.95,230.51
C0421,2015,193.48,192.13,-0.69,284.98
C0421,2016,167.26,219.30,31.12,92.85
C0421,2017,54.18,44.09,-18.62,217.35
C0421,2018,93.90,110.36,17.52,383.37
C0421,2019,93.56,96.98,3.65,383.78
C0421,2020,83.52,100.19,19.96,119.54
C0421,2021,18.53,17.02,-8.12,176.95
C0421,2022,111.56,105.22,-5.68,2.90
C0421,2023,23.83,27.46,15.21,45.89
C0421,2024,162.36,225.36,38.80,64.24
C0422,2015,141.35,195.74,38.48,147.53
C0422,2016,77.02,73.12,-5.06,379.75
C0422,2017,132.96,114.53,-13.86,255.61
C0422,2018,54.28,62.65,15.42,396.51
C0422,2019,60.40,63.54,5.20,377.70
C0422,2020,69.69,87.60,25.70,293.98
C0422,2021,161.43,180.29,11.68,250.43
C0422,2022,50.03,55.35,10.64,465.73
C0422,2023,116.93,138.90,18.79,285.07
C0422,2024,48.09,42.12,-12.41,241.93
C0423,2015,64.16,77.39,20.63,434.69
C0423,2016,54.74,59.84,9.31,36.65
C0423,2017,132.55,171.27,29.21,328.36
C0423,2018,110.08,97.22,-11.68,57.40
C0423,2019,147.05,144.17,-1.96,410.09
C0423,2020,51.79,70.96,37.01,396.54
C0423,2021,11.74,13.29,13.18,252.30
C0423,2022,139.30,189.11,35.76,330.86
C0423,2023,31.82,38.61,21.34,386.54
C0423,2024,56.80,77.01,35.59,242.17
C0424,2015,68.08,67.45,-0.93,453.07
C0424,2016,151.89,129.76,-14.57,219.08
C0424,2017,128.92,165.19,28.13,446.12
C0424,2018,45.01,57.73,28.27,291.79
C0424,2019,123.60,144.77,17.13,213.70
C0424,2020,144.55,165.90,14.77,3.04
C0424,2021,83.89,113.16,34.89,148.48
C0424,2022,56.73,51.39,-9.41,434.09
C0424,2023,139.01,162.63,16.99,214.93
C0424,2024,126.07,104.62,-17.01,211.31
C0425,2015,24.80,21.94,-11.55,245.22
C0425,2016,136.67,145.19,6.24,143.87
C0425,2017,102.82,132.92,29.27,246.28
C0425,2018,153.14,189.88,23.99,188.51
C0425,2019,46.24,64.01,38.44,454.81
C0425,2020,59.06,48.84,-17.31,282.42
C0425,2021,113.23,116.49,2.88,417.24
C0425,2022,101.53,90.90,-10.47,343.75
C0425,2023,83.41,68.58,-17.78,107.09
C0425,2024,151.75,145.47,-4.14,433.97
C0426,2015,117.30,111.05,-5.33,44.55
C0426,2016,144.95,152.49,5.20,224.87
C0426,2017,39.12,34.58,-11.60,120.34
C0426,2018,148.51,162.34,9.31,269.24
C0426,2019,97.69,132.08,35.21,150.72
C0426,2020,16.42,20.50,24.89,361.69
C0426,2021,54.55,71.21,30.53,468.52
C0426,2022,14.89,19.11,28.28,354.84
C0426,2023,96.81,100.08,3.38,178.30
C0426,2024,71.92,88.13,22.54,300.43
C0427,2015,197.62,247.52,25.26,444.37
C0427,2016,175.02,161.61,-7.66,135.74
C0427,2017,166.88,219.64,31.62,59.98
C0427,2018,105.21,113.07,7.46,66.25
C0427,2019,163.35,132.28,-19.02,247.93
C0427,2020,60.71,72.00,18.60,366.34
C0427,2021,116.52,140.53,20.61,328.97
C0427,2022,84.65,95.75,13.11,227.49
C0427,2023,42.55,39.47,-7.26,364.92
C0427,2024,23.80,25.92,8.94,317.35
C0428,2015,116.06,120.71,4.01,314.49
C0428,2016,28.55,39.54,38.48,101.99
C0428,2017,146.42,189.59,29.48,156.98
C0428,2018,185.08,232.67,25.71,172.87
C0428,2019,40.80,37.07,-9.14,404.29
C0428,2020,99.48,99.34,-0.14,387.78
C0428,2021,150.37,154.55,2.78,127.08
C0428,2022,64.50,70.66,9.56,28.52
C0428,2023,184.95,151.31,-18.19,384.12
C0428,2024,178.81,206.67,15.58,205.52
C0429,2015,29.71,30.15,1.47,110.68
C0429,2016,15.21,17.29,13.70,59.39
C0429,2017,195.53,157.47,-19.46,7.39
C0429,2018,191.73,190.36,-0.71,214.44
C0429,2019,90.23,113.80,26.12,170.54
C0429,2020,19.61,21.58,10.06,348.54
C0429,2021,127.59,162.46,27.33,488.36
C0429,2022,65.75,80.17,21.94,104.18
C0429,2023,187.98,246.81,31.30,122.28
C0429,2024,160.99,129.51,-19.55,169.31
C0430,2015,133.42,127.66,-4.32,233.50
C0430,2016,64.06,72.34,12.93,349.15
C0430,2017,143.24,195.47,36.46,176.66
C0430,2018,64.94,78.44,20.79,53.00
C0430,2019,17.15,18.42,7.40,365.44
C0430,2020,106.60,93.61,-12.19,397.53
C0430,2021,102.85,112.72,9.59,124.58
C0430,2022,154.97,164.99,6.47,69.24
C0430,2023,174.48,221.08,26.71,264.37
C0430,2024,77.35,81.06,4.80,104.95
C0431,2015,95.40,94.57,-0.87,187.71
C0431,2016,99.38,84.85,-14.62,388.90
C0431,2017,71.60,59.28,-17.21,110.58
C0431,2018,151.24,160.84,6.35,403.32
C0431,2019,109.20,110.09,0.81,337.34
C0431,2020,183.65,208.11,13.32,110.64
C0431,2021,133.56,163.90,22.72,263.68
C0431,2022,50.26,41.41,-17.60,307.42
C0431,2023,41.31,45.35,9.77,100.94
C0431,2024,80.75,106.37,31.72,73.33
C0432,2015,75.92,81.47,7.31,266.05
C0432,2016,87.36,97.20,11.27,347.23
C0432,2017,44.88,49.01,9.21,233.07
C0432,2018,195.86,202.50,3.39,35.95
C0432,2019,37.68,32.64,-13.39,462.68
C0432,2020,134.00,117.36,-12.42,347.79
C0432,2021,12.48,11.33,-9.25,310.98
C0432,2022,87.32,111.38,27.55,322.17
C0432,2023,68.74,66.35,-3.48,199.90
C0432,2024,82.58,113.05,36.89,492.22
C0433,2015,104.63,134.57,28.61,67.21
C0433,2016,124.07,150.22,21.07,369.83
C0433,2017,120.87,148.94,23.22,211.02
C0433,2018,129.84,107.58,-17.14,440.67
C0433,2019,170.46,194.51,14.10,358.91
C0433,2020,178.48,243.55,36.46,281.56
C0433,2021,150.08,123.58,-17.65,468.91
C0433,2022,25.00,24.36,-2.54,456.31
C0433,2023,192.65,160.07,-16.91,27.11
C0433,2024,190.01,216.96,14.18,97.10
C0434,2015,145.22,126.30,-13.03,338.35
C0434,2016,108.31,117.80,8.76,461.00
C0434,2017,57.62,70.98,23.20,215.73
C0434,2018,153.71,138.13,-10.13,20.11
C0434,2019,176.79,221.56,25.32,322.01
C0434,2020,136.39,114.04,-16.39,98.15
C0434,2021,129.52,115.25,-11.02,276.61
C0434,2022,46.67,45.18,-3.19,192.96
C0434,2023,77.98,99.63,27.77,279.46
C0434,2024,147.40,193.10,31.01,466.29
C0435,2015,13.21,12.32,-6.78,243.41
C0435,2016,131.84,113.05,-14.25,18.23
C0435,2017,155.67,203.73,30.88,290.88
C0435,2018,73.59,87.55,18.96,163.55
C0435,2019,24.47,21.90,-10.53,389.29
C0435,2020,165.63,187.93,13.46,235.49
C0435,2021,36.95,48.90,32.34,370.94
C0435,2022,80.45,67.72,-15.83,454.50
C0435,2023,144.38,122.76,-14.98,181.77
C0435,2024,165.23,159.31,-3.58,494.70
C0436,2015,173.85,207.12,19.14,75.76
C0436,2016,110.78,100.46,-9.32,322.32
C0436,2017,100.42,129.52,28.98,18.35
C0436,2018,171.18,214.02,25.03,107.32
C0436,2019,116.98,132.97,13.66,317.26
C0436,2020,119.94,104.31,-13.04,24.05
C0436,2021,92.45,128.78,39.29,51.79
C0436,2022,80.83,88.43,9.40,146.21
C0436,2023,101.30,108.52,7.12,288.24
C0436,2024,79.32,110.84,39.73,8.98
C0437,2015,75.27,99.24,31.83,241.69
C0437,2016,198.80,213.47,7.38,313.25
C0437,2017,73.88,77.67,5.13,201.86
C0437,2018,58.71,50.35,-14.25,34.75
C0437,2019,77.25,104.74,35.59,305.83
C0437,2020,122.25,159.69,30.63,303.31
C0437,2021,183.09,180.53,-1.40,253.52
C0437,2022,159.69,199.94,25.20,346.88
C0437,2023,170.03,213.83,25.76,104.69
C0437,2024,173.21,162.26,-6.33,339.59
C0438,2015,184.90,216.00,16.82,81.57
C0438,2016,54.66,52.10,-4.70,196.95
C0438,2017,97.09,123.69,27.39,34.72
C0438,2018,83.19,74.23,-10.77,409.74
C0438,2019,82.56,99.18,20.13,269.58
C0438,2020,133.93,133.35,-0.44,485.55
C0438,2021,86.34,70.95,-17.83,471.22
C0438,2022,127.10,111.12,-12.58,499.28
C0438,2023,82.63,98.58,19.29,51.53
C0438,2024,69.11,65.24,-5.61,303.68
C0439,2015,77.08,90.85,17.86,204.38
C0439,2016,162.71,170.67,4.89,266.80
C0439,2017,124.20,150.98,21.56,155.07
C0439,2018,195.06,213.74,9.58,24.99
C0439,2019,168.20,165.70,-1.49,354.17
C0439,2020,102.30,90.79,-11.25,482.94
C0439,2021,56.05,56.31,0.47,266.66
C0439,2022,138.04,163.02,18.09,165.46
C0439,2023,148.06,184.23,24.43,469.20
C0439,2024,98.19,88.00,-10.38,182.97
C0440,2015,53.69,64.35,19.86,457.35
C0440,2016,115.88,105.16,-9.24,427.99
C0440,2017,58.23,54.33,-6.69,264.83
C0440,2018,188.60,211.00,11.88,338.76
C0440,2019,129.49,126.06,-2.65,350.46
C0440,2020,65.47,78.36,19.70,320.90
C0440,2021,50.99,70.03,37.35,81.21
C0440,2022,146.18,130.00,-11.07,346.70
C0440,2023,144.48,165.04,14.23,2.61
C0440,2024,123.46,167.16,35.40,355.31
C0441,2015,126.72,114.80,-9.41,277.86
C0441,2016,124.74,127.24,2.01,130.62
C0441,2017,78.42,68.55,-12.58,402.08
C0441,2018,188.11,222.95,18.52,203.23
C0441,2019,101.06,121.43,20.15,243.40
C0441,2020,13.86,16.61,19.85,14.81
C0441,2021,76.19,85.73,12.53,201.26
C0441,2022,34.75,43.36,24.78,84.51
C0441,2023,79.04,64.94,-17.85,138.80
C0441,2024,125.57,172.60,37.45,126.82
C0442,2015,14.31,13.35,-6.67,23.96
C0442,2016,175.34,153.06,-12.71,230.79
C0442,2017,125.96,171.89,36.47,261.77
C0442,2018,66.12,85.84,29.83,285.96
C0442,2019,69.13,87.03,25.89,231.65
C0442,2020,98.48,84.97,-13.72,434.89
C0442,2021,57.14,73.39,28.45,19.80
C0442,2022,10.82,12.62,16.54,307.29
C0442,2023,15.05,18.64,23.91,433.20
C0442,2024,77.97,108.13,38.68,21.48
C0443,2015,33.60,30.80,-8.33,248.66
C0443,2016,14.25,15.71,10.26,294.92
C0443,2017,173.26,216.92,25.20,96.26
C0443,2018,62.09,65.82,6.02,127.00
C0443,2019,105.59,87.94,-16.72,393.01
C0443,2020,44.09,38.22,-13.31,284.13
C0443,2021,18.88,21.92,16.13,158.57
C0443,2022,151.52,147.13,-2.90,382.61
C0443,2023,33.74,29.78,-11.73,373.61
C0443,2024,14.89,14.94,0.39,173.36
C0444,2015,121.57,111.92,-7.94,244.84
C0444,2016,12.56,10.23,-18.56,332.59
C0444,2017,92.89,82.78,-10.89,172.28
C0444,2018,64.88,86.28,32.98,314.88
C0444,2019,70.69,57.06,-19.28,126.29
C0444,2020,10.74,13.58,26.43,146.72
C0444,2021,193.23,241.93,25.21,156.03
C0444,2022,108.22,123.22,13.85,468.09
C0444,2023,118.78,109.88,-7.49,417.00
C0444,2024,136.56,181.20,32.68,283.02
C0445,2015,161.53,175.27,8.50,282.37
C0445,2016,125.50,113.44,-9.61,29.02
C0445,2017,154.82,163.71,5.74,325.10
C0445,2018,95.26,87.35,-8.30,164.73
C0445,2019,80.54,82.60,2.56,306.54
C0445,2020,166.40,182.70,9.80,420.28
C0445,2021,174.41,177.19,1.59,23.70
C0445,2022,36.18,43.21,19.42,303.92
C0445,2023,113.11,154.00,36.16,282.54
C0445,2024,139.89,141.14,0.89,104.18
C0446,2015,25.88,26.23,1.34,323.57
C0446,2016,186.62,231.97,24.30,277.86
C0446,2017,108.82,121.70,11.84,383.89
C0446,2018,132.64,140.24,5.73,56.20
C0446,2019,43.87,56.51,28.83,222.36
C0446,2020,60.24,80.40,33.46,498.97
C0446,2021,32.99,38.08,15.44,344.95
C0446,2022,60.16,54.81,-8.89,342.46
C0446,2023,103.56,111.82,7.98,159.62
C0446,2024,168.39,185.67,10.26,47.85
C0447,2015,111.41,118.02,5.93,474.80
C0447,2016,56.45,54.05,-4.25,53.63
C0447,2017,18.48,20.02,8.34,496.36
C0447,2018,128.17,136.88,6.79,63.76
C0447,2019,89.83,83.16,-7.43,86.28
C0447,2020,197.03,264.42,34.21,154.88
C0447,2021,158.15,210.54,33.12,256.68
C0447,2022,163.59,205.43,25.58,395.41
C0447,2023,12.32,12.82,4.06,485.53
C0447,2024,157.78,161.28,2.22,180.05
C0448,2015,46.98,57.78,22.99,11.19
C0448,2016,121.30,141.30,16.49,308.72
C0448,2017,95.01,110.25,16.04,355.68
C0448,2018,118.60,103.72,-12.55,199.32
C0448,2019,35.35,41.40,17.10,92.55
C0448,2020,96.81,129.83,34.11,153.70
C0448,2021,17.02,14.49,-14.85,328.24
C0448,2022,17.79,17.85,0.35,247.60
C0448,2023,134.97,149.20,10.54,371.97
C0448,2024,190.82,231.20,21.16,109.87
C0449,2015,157.70,134.65,-14.62,421.15
C0449,2016,99.14,131.23,32.37,78.79
C0449,2017,20.62,16.99,-17.57,165.63
C0449,2018,18.55,24.39,31.46,296.01
C0449,2019,40.00,32.66,-18.34,368.69
C0449,2020,195.40,174.32,-10.79,133.82
C0449,2021,85.75,109.77,28.02,474.11
C0449,2022,170.25,224.06,31.61,353.35
C0449,2023,143.98,200.04,38.94,109.62
C0449,2024,125.03,108.71,-13.06,363.16
C0450,2015,190.09,212.11,11.59,348.47
C0450,2016,53.78,45.51,-15.37,376.59
C0450,2017,96.43,86.19,-10.62,458.02
C0450,2018,174.30,157.69,-9.53,356.15
C0450,2019,114.83,96.24,-16.20,176.60
C0450,2020,56.82,75.91,33.58,395.47
C0450,2021,49.69,43.52,-12.42,348.24
C0450,2022,153.05,180.23,17.76,287.56
C0450,2023,12.43,14.61,17.54,177.56
C0450,2024,183.70,168.85,-8.08,460.60
C0451,2015,13.50,18.89,39.90,256.86
C0451,2016,129.89,130.98,0.84,314.42
C0451,2017,124.90,167.75,34.31,208.27
C0451,2018,119.90,164.14,36.90,390.63
C0451,2019,100.13,137.11,36.94,171.18
C0451,2020,171.96,215.24,25.17,405.51
C0451,2021,135.27,128.82,-4.77,54.86
C0451,2022,158.55,138.32,-12.76,354.77
C0451,2023,31.95,36.48,14.19,238.96
C0451,2024,19.48,19.79,1.60,349.68
C0452,2015,15.42,20.03,29.86,266.17
C0452,2016,37.97,47.35,24.70,68.02
C0452,2017,136.73,132.07,-3.41,239.02
C0452,2018,103.86,84.15,-18.98,482.31
C0452,2019,152.93,144.12,-5.76,377.67
C0452,2020,46.43,52.94,14.03,150.79
C0452,2021,79.72,67.56,-15.26,472.11
C0452,2022,178.81,213.68,19.50,389.69
C0452,2023,187.79,225.91,20.30,182.86
C0452,2024,185.13,166.92,-9.84,302.18
C0453,2015,165.48,191.59,15.78,213.92
C0453,2016,140.76,163.88,16.42,49.25
C0453,2017,183.60,199.53,8.68,403.21
C0453,2018,145.69,199.89,37.19,96.35
C0453,2019,191.25,165.41,-13.51,229.56
C0453,2020,14.71,15.36,4.40,351.62
C0453,2021,185.11,246.15,32.98,466.17
C0453,2022,115.59,119.27,3.18,32.30
C0453,2023,31.24,32.95,5.48,197.22
C0453,2024,50.83,61.05,20.10,307.71
C0454,2015,171.91,206.18,19.93,389.88
C0454,2016,106.16,86.39,-18.63,460.54
C0454,2017,196.74,211.18,7.34,1.25
C0454,2018,32.33,32.33,0.01,314.25
C0454,2019,88.38,103.98,17.66,4.46
C0454,2020,73.06,82.80,13.34,393.84
C0454,2021,108.07,128.65,19.05,75.68
C0454,2022,130.35,155.41,19.23,447.42
C0454,2023,135.71,129.32,-4.71,78.41
C0454,2024,10.25,9.71,-5.21,382.40
C0455,2015,26.90,27.50,2.22,145.36
C0455,2016,16.66,15.75,-5.48,279.07
C0455,2017,174.27,210.82,20.97,304.61
C0455,2018,69.53,80.77,16.17,104.17
C0455,2019,79.74,74.15,-7.02,150.05
C0455,2020,95.57,127.15,33.05,54.65
C0455,2021,171.37,184.46,7.64,3.64
C0455,2022,12.69,11.12,-12.38,120.49
C0455,2023,32.54,30.19,-7.22,258.49
C0455,2024,140.18,157.55,12.39,357.09
C0456,2015,193.14,193.73,0.31,396.99
C0456,2016,132.13,173.19,31.07,35.81
C0456,2017,59.61,65.39,9.68,136.93
C0456,2018,108.77,146.76,34.92,385.34
C0456,2019,195.25,168.13,-13.89,240.95
C0456,2020,110.33,132.53,20.12,91.91
C0456,2021,80.97,107.80,33.15,196.71
C0456,2022,82.85,80.84,-2.42,135.75
C0456,2023,193.74,170.76,-11.86,26.28
C0456,2024,146.59,157.44,7.40,382.05
C0457,2015,140.56,193.53,37.68,146.56
C0457,2016,54.09,63.83,18.01,472.62
C0457,2017,116.30,137.98,18.64,444.17
C0457,2018,77.78,93.56,20.29,358.42
C0457,2019,55.64,45.84,-17.61,163.99
C0457,2020,180.15,192.30,6.74,140.68
C0457,2021,82.80,70.09,-15.35,238.16
C0457,2022,63.73,63.06,-1.05,177.95
C0457,2023,187.03,241.82,29.30,450.68
C0457,2024,47.50,56.70,19.38,62.62
C0458,2015,151.65,211.90,39.73,362.51
C0458,2016,134.02,121.06,-9.67,305.84
C0458,2017,184.89,191.96,3.82,403.34
C0458,2018,168.09,216.13,28.58,271.70
C0458,2019,144.01,133.84,-7.06,315.14
C0458,2020,69.77,62.25,-10.78,481.41
C0458,2021,104.16,110.05,5.66,46.89
C0458,2022,189.45,195.18,3.02,53.33
C0458,2023,14.41,20.00,38.81,197.41
C0458,2024,160.92,172.79,7.38,236.89
C0459,2015,57.84,76.16,31.66,100.74
C0459,2016,45.15,60.18,33.28,42.25
C0459,2017,54.12,48.42,-10.53,12.07
C0459,2018,21.35,26.25,22.92,382.53
C0459,2019,198.48,191.84,-3.34,243.04
C0459,2020,175.28,150.18,-14.32,421.86
C0459,2021,109.00,144.41,32.48,181.06
C0459,2022,145.87,142.29,-2.45,352.02
C0459,2023,115.75,116.59,0.72,244.77
C0459,2024,164.20,163.28,-0.56,306.42
C0460,2015,170.51,156.90,-7.98,185.73
C0460,2016,54.23,57.52,6.07,41.50
C0460,2017,97.35,102.90,5.70,473.74
C0460,2018,130.62,136.53,4.53,418.21
C0460,2019,195.90,264.43,34.98,156.63
C0460,2020,139.71,140.25,0.39,479.39
C0460,2021,180.55,147.73,-18.18,150.94
C0460,2022,170.76,154.89,-9.29,222.05
C0460,2023,120.59,148.68,23.29,377.81
C0460,2024,179.79,207.58,15.45,155.19
C0461,2015,81.71,112.03,37.10,162.93
C0461,2016,82.06,99.84,21.67,205.63
C0461,2017,158.38,145.17,-8.35,234.73
C0461,2018,35.56,31.02,-12.76,62.68
C0461,2019,68.11,75.77,11.25,9.73
C0461,2020,125.63,150.65,19.92,459.66
C0461,2021,89.81,80.78,-10.06,177.24
C0461,2022,188.74,219.13,16.10,51.74
C0461,2023,192.12,253.40,31.90,379.83
C0461,2024,105.49,130.44,23.65,148.24
C0462,2015,112.42,134.74,19.85,91.65
C0462,2016,147.68,188.08,27.36,481.34
C0462,2017,96.88,83.55,-13.76,460.35
C0462,2018,46.12,42.54,-7.77,53.77
C0462,2019,151.92,125.01,-17.71,449.74
C0462,2020,150.18,133.21,-11.30,445.54
C0462,2021,56.55,76.22,34.79,317.55
C0462,2022,168.25,157.03,-6.67,265.34
C0462,2023,126.59,151.56,19.73,109.50
C0462,2024,54.90,66.70,21.49,61.57
C0463,2015,133.89,158.95,18.72,303.58
C0463,2016,54.39,61.58,13.24,411.16
C0463,2017,60.39,65.93,9.17,344.63
C0463,2018,171.12,180.01,5.20,91.22
C0463,2019,186.60,251.94,35.01,145.72
C0463,2020,58.81,47.38,-19.43,273.66
C0463,2021,186.33,155.04,-16.79,312.87
C0463,2022,55.37,60.66,9.55,37.05
C0463,2023,32.28,32.23,-0.17,307.41
C0463,2024,21.06,22.01,4.49,368.42
C0464,2015,56.00,78.33,39.87,91.50
C0464,2016,83.20,105.25,26.51,123.86
C0464,2017,186.23,247.03,32.64,130.19
C0464,2018,56.01,57.19,2.11,469.97
C0464,2019,79.44,74.97,-5.63,204.10
C0464,2020,149.49,188.48,26.08,265.76
C0464,2021,67.39,86.57,28.45,362.43
C0464,2022,140.03,158.23,12.99,186.36
C0464,2023,92.09,123.18,33.76,53.67
C0464,2024,47.32,65.33,38.04,327.51
C0465,2015,149.47,161.82,8.26,333.97
C0465,2016,15.14,14.13,-6.64,131.01
C0465,2017,65.54,72.77,11.03,18.58
C0465,2018,77.67,108.26,39.37,333.01
C0465,2019,97.06,94.71,-2.42,352.01
C0465,2020,139.18,162.91,17.06,14.01
C0465,2021,97.29,118.34,21.64,346.90
C0465,2022,122.92,114.12,-7.16,469.53
C0465,2023,123.20,142.06,15.31,90.21
C0465,2024,80.92,80.01,-1.13,261.14
C0466,2015,187.45,246.04,31.25,348.69
C0466,2016,191.61,235.46,22.89,115.81
C0466,2017,120.55,156.21,29.58,376.02
C0466,2018,23.62,21.73,-8.02,434.18
C0466,2019,103.31,84.79,-17.93,407.46
C0466,2020,45.04,59.02,31.03,130.19
C0466,2021,101.81,105.07,3.21,402.30
C0466,2022,45.81,41.59,-9.22,207.26
C0466,2023,143.73,122.91,-14.49,133.97
C0466,2024,25.28,28.06,10.99,84.82
C0467,2015,191.13,170.12,-10.99,454.58
C0467,2016,47.12,53.72,14.00,214.02
C0467,2017,135.52,167.56,23.64,433.00
C0467,2018,184.22,206.52,12.10,80.61
C0467,2019,57.10,76.64,34.22,383.73
C0467,2020,187.52,167.52,-10.67,55.90
C0467,2021,83.85,91.93,9.64,9.76
C0467,2022,192.50,172.85,-10.21,497.53
C0467,2023,194.56,257.90,32.55,37.70
C0467,2024,45.74,62.17,35.93,231.31
C0468,2015,167.91,174.62,4.00,439.31
C0468,2016,46.75,45.98,-1.66,409.87
C0468,2017,53.02,51.31,-3.24,236.12
C0468,2018,25.98,34.19,31.58,305.81
C0468,2019,39.74,48.07,20.95,315.22
C0468,2020,130.12,172.85,32.84,55.80
C0468,2021,95.36,83.01,-12.95,143.17
C0468,2022,160.28,174.00,8.56,151.19
C0468,2023,73.08,88.11,20.57,189.69
C0468,2024,194.04,259.67,33.83,137.68
C0469,2015,19.48,20.04,2.92,126.50
C0469,2016,21.96,21.69,-1.21,178.04
C0469,2017,143.26,193.08,34.78,190.23
C0469,2018,178.63,148.00,-17.15,244.12
C0469,2019,161.15,175.29,8.78,87.59
C0469,2020,103.07,110.81,7.52,394.38
C0469,2021,61.23,54.35,-11.24,430.47
C0469,2022,12.56,13.02,3.70,124.83
C0469,2023,106.80,131.74,23.36,62.53
C0469,2024,100.37,102.39,2.01,361.43
C0470,2015,75.41,74.34,-1.42,462.20
C0470,2016,119.83,152.09,26.91,18.54
C0470,2017,148.47,206.86,39.32,8.20
C0470,2018,143.17,181.48,26.76,92.53
C0470,2019,60.02,78.49,30.78,342.71
C0470,2020,121.21,165.29,36.37,482.43
C0470,2021,38.27,49.02,28.11,375.44
C0470,2022,33.10,45.96,38.82,286.94
C0470,2023,159.31,198.88,24.84,350.57
C0470,2024,141.81,169.74,19.69,116.12
C0471,2015,155.91,189.58,21.60,344.59
C0471,2016,38.97,52.22,34.00,161.40
C0471,2017,183.78,222.33,20.98,111.99
C0471,2018,35.29,44.35,25.67,119.04
C0471,2019,175.31,162.97,-7.04,334.23
C0471,2020,76.95,103.70,34.76,383.85
C0471,2021,30.03,32.08,6.83,291.32
C0471,2022,64.49,57.82,-10.34,32.86
C0471,2023,44.48,56.92,27.99,19.97
C0471,2024,103.23,104.66,1.38,109.37
C0472,2015,190.45,173.40,-8.95,143.95
C0472,2016,72.30,68.95,-4.62,203.01
C0472,2017,126.30,103.69,-17.90,38.94
C0472,2018,179.43,153.30,-14.56,362.85
C0472,2019,129.71,149.89,15.56,356.04
C0472,2020,78.82,104.02,31.97,173.99
C0472,2021,198.26,211.96,6.91,281.94
C0472,2022,45.61,53.62,17.56,51.36
C0472,2023,109.42,140.69,28.58,208.19
C0472,2024,161.37,163.64,1.41,428.92
C0473,2015,10.12,12.07,19.26,330.65
C0473,2016,143.39,144.86,1.03,52.87
C0473,2017,60.63,71.89,18.56,423.94
C0473,2018,42.25,39.31,-6.94,340.67
C0473,2019,62.10,86.11,38.67,227.08
C0473,2020,193.70,163.81,-15.43,346.35
C0473,2021,179.47,197.98,10.31,87.24
C0473,2022,50.61,49.18,-2.82,275.69
C0473,2023,32.24,37.41,16.05,309.35
C0473,2024,79.19,83.70,5.70,463.94
C0474,2015,122.54,120.58,-1.60,34.38
C0474,2016,174.76,166.02,-5.00,188.02
C0474,2017,193.56,176.04,-9.05,468.47
C0474,2018,152.72,193.91,26.97,109.39
C0474,2019,123.81,115.56,-6.67,406.79
C0474,2020,37.04,46.83,26.41,1.80
C0474,2021,24.07,26.26,9.10,13.92
C0474,2022,123.25,103.94,-15.67,164.48
C0474,2023,112.42,101.10,-10.07,384.48
C0474,2024,170.76,228.09,33.57,52.97
C0475,2015,71.30,82.82,16.17,192.04
C0475,2016,17.54,15.97,-8.94,66.60
C0475,2017,90.50,110.62,22.23,112.57
C0475,2018,194.14,251.21,29.40,251.99
C0475,2019,161.16,160.90,-0.16,160.25
C0475,2020,16.42,18.62,13.40,106.74
C0475,2021,176.19,171.97,-2.39,197.35
C0475,2022,99.62,84.48,-15.20,350.83
C0475,2023,79.31,82.45,3.97,60.59
C0475,2024,75.88,94.92,25.09,240.32
C0476,2015,123.08,132.33,7.52,138.09
C0476,2016,110.81,115.60,4.32,189.93
C0476,2017,134.76,137.40,1.96,410.96
C0476,2018,118.99,127.96,7.54,464.94
C0476,2019,37.35,37.01,-0.91,122.25
C0476,2020,58.87,68.73,16.73,315.36
C0476,2021,169.80,142.31,-16.19,338.66
C0476,2022,136.02,174.71,28.44,421.40
C0476,2023,95.20,86.05,-9.61,449.62
C0476,2024,44.69,52.74,18.01,234.53
C0477,2015,11.46,12.26,6.99,491.31
C0477,2016,69.26,87.55,26.41,485.44
C0477,2017,20.42,26.46,29.57,253.73
C0477,2018,101.63,93.76,-7.75,271.47
C0477,2019,166.14,200.42,20.63,334.21
C0477,2020,64.23,58.70,-8.61,187.53
C0477,2021,171.07,149.59,-12.56,331.36
C0477,2022,143.87,195.40,35.82,257.63
C0477,2023,33.80,30.37,-10.14,18.68
C0477,2024,132.47,124.11,-6.31,426.51
C0478,2015,38.82,34.09,-12.18,470.28
C0478,2016,134.41,145.46,8.22,14.09
C0478,2017,37.12,50.17,35.18,394.84
C0478,2018,84.58,81.06,-4.16,193.52
C0478,2019,117.65,132.37,12.51,293.23
C0478,2020,19.57,20.49,4.69,250.50
C0478,2021,39.13,39.19,0.16,276.10
C0478,2022,70.88,81.03,14.33,248.10
C0478,2023,97.84,111.08,13.53,426.83
C0478,2024,173.11,175.82,1.56,342.07
C0479,2015,45.58,59.73,31.03,206.91
C0479,2016,76.02,63.24,-16.81,344.60
C0479,2017,100.40,85.45,-14.89,482.56
C0479,2018,66.20,92.31,39.45,41.07
C0479,2019,128.89,160.94,24.86,194.66
C0479,2020,58.75,75.34,28.24,435.36
C0479,2021,156.75,182.08,16.16,369.79
C0479,2022,105.98,111.48,5.19,467.53
C0479,2023,26.40,31.08,17.75,20.87
C0479,2024,129.13,110.48,-14.44,431.53
C0480,2015,118.16,148.25,25.47,396.11
C0480,2016,74.33,83.58,12.44,407.70
C0480,2017,12.12,16.65,37.40,299.03
C0480,2018,48.13,56.92,18.25,26.91
C0480,2019,87.08,77.59,-10.90,270.03
C0480,2020,47.98,52.14,8.65,204.47
C0480,2021,119.72,99.93,-16.53,263.99
C0480,2022,145.34,181.28,24.73,370.41
C0480,2023,172.64,190.10,10.11,298.38
C0480,2024,132.93,135.82,2.18,146.99
C0481,2015,140.91,194.62,38.11,300.15
C0481,2016,125.60,171.37,36.44,42.49
C0481,2017,197.24,270.56,37.17,3.68
C0481,2018,59.59,55.57,-6.74,201.36
C0481,2019,60.59,74.96,23.71,378.84
C0481,2020,34.00,46.49,36.72,411.49
C0481,2021,102.28,116.86,14.25,275.37
C0481,2022,28.27,26.25,-7.15,434.14
C0481,2023,61.33,79.16,29.07,63.83
C0481,2024,101.71,135.07,32.80,482.09
C0482,2015,191.94,234.54,22.19,460.96
C0482,2016,193.12,188.51,-2.39,300.02
C0482,2017,151.31,138.36,-8.56,30.30
C0482,2018,83.96,98.61,17.46,227.65
C0482,2019,174.38,190.02,8.97,90.46
C0482,2020,176.34,211.83,20.13,314.58
C0482,2021,182.94,158.61,-13.30,95.79
C0482,2022,131.60,116.02,-11.85,241.42
C0482,2023,48.34,49.20,1.77,103.61
C0482,2024,27.31,26.08,-4.47,91.74
C0483,2015,183.81,215.35,17.16,124.71
C0483,2016,20.55,20.98,2.05,15.57
C0483,2017,66.22,80.15,21.04,358.34
C0483,2018,102.52,129.31,26.13,154.06
C0483,2019,14.18,12.93,-8.77,349.36
C0483,2020,182.31,246.47,35.19,327.09
C0483,2021,64.55,82.13,27.23,33.99
C0483,2022,15.42,18.13,17.61,156.71
C0483,2023,198.78,267.43,34.54,283.86
C0483,2024,69.16,66.37,-4.05,459.28
C0484,2015,176.59,185.95,5.30,201.26
C0484,2016,96.16,81.88,-14.85,252.89
C0484,2017,135.99,146.02,7.37,375.33
C0484,2018,55.81,61.60,10.38,401.84
C0484,2019,105.55,123.45,16.96,461.75
C0484,2020,58.95,49.43,-16.16,249.10
C0484,2021,190.71,156.28,-18.05,97.73
C0484,2022,21.58,22.70,5.19,382.45
C0484,2023,62.19,56.81,-8.65,63.66
C0484,2024,179.69,225.56,25.53,209.75
C0485,2015,101.21,121.57,20.12,314.48
C0485,2016,124.02,123.46,-0.45,346.24
C0485,2017,133.82,110.73,-17.25,366.78
C0485,2018,23.48,21.35,-9.05,97.57
C0485,2019,13.37,16.25,21.50,490.84
C0485,2020,188.19,262.36,39.41,90.03
C0485,2021,61.59,61.33,-0.41,48.94
C0485,2022,82.26,105.39,28.12,332.36
C0485,2023,139.60,184.30,32.03,455.09
C0485,2024,54.90,45.51,-17.11,280.13
C0486,2015,149.28,201.49,34.97,298.15
C0486,2016,97.07,104.80,7.97,269.70
C0486,2017,172.76,238.15,37.85,22.33
C0486,2018,62.92,70.67,12.31,340.97
C0486,2019,48.73,45.86,-5.89,179.74
C0486,2020,168.02,232.68,38.48,467.90
C0486,2021,72.00,68.11,-5.40,94.21
C0486,2022,88.26,117.33,32.95,151.76
C0486,2023,160.80,145.35,-9.61,252.92
C0486,2024,130.76,157.55,20.49,239.20
C0487,2015,93.93,98.32,4.68,200.75
C0487,2016,57.48,79.51,38.32,157.89
C0487,2017,155.20,141.36,-8.91,74.45
C0487,2018,44.28,46.29,4.53,410.64
C0487,2019,186.37,220.64,18.39,224.94
C0487,2020,38.56,53.47,38.66,286.91
C0487,2021,162.94,160.06,-1.77,273.73
C0487,2022,90.61,94.06,3.81,288.17
C0487,2023,45.34,48.84,7.71,352.72
C0487,2024,86.45,82.27,-4.84,315.06
C0488,2015,52.09,67.22,29.04,137.68
C0488,2016,35.84,30.65,-14.48,277.30
C0488,2017,55.44,67.80,22.29,123.01
C0488,2018,174.81,195.84,12.04,294.83
C0488,2019,30.13,28.48,-5.48,216.54
C0488,2020,194.78,213.42,9.57,20.67
C0488,2021,10.95,14.21,29.80,367.26
C0488,2022,135.07,144.15,6.73,138.06
C0488,2023,172.74,150.82,-12.69,460.18
C0488,2024,187.45,154.55,-17.55,141.00
C0489,2015,37.36,47.32,26.67,498.31
C0489,2016,142.66,142.41,-0.17,232.01
C0489,2017,30.40,41.30,35.87,14.18
C0489,2018,77.00,90.11,17.03,39.06
C0489,2019,149.07,158.27,6.18,41.96
C0489,2020,75.73,86.24,13.87,29.05
C0489,2021,69.54,74.71,7.43,134.63
C0489,2022,32.05,43.06,34.35,162.97
C0489,2023,22.62,24.32,7.48,56.53
C0489,2024,31.90,27.51,-13.76,219.63
C0490,2015,176.34,204.25,15.83,183.31
C0490,2016,12.13,14.24,17.38,318.53
C0490,2017,141.64,178.36,25.92,98.74
C0490,2018,156.04,212.21,36.00,457.08
C0490,2019,117.90,125.66,6.58,258.48
C0490,2020,148.85,150.52,1.12,312.24
C0490,2021,133.93,146.58,9.45,20.72
C0490,2022,96.56,129.40,34.01,279.99
C0490,2023,82.71,114.81,38.80,184.68
C0490,2024,188.85,261.13,38.27,462.16
C0491,2015,194.67,182.56,-6.22,442.94
C0491,2016,133.74,146.87,9.81,319.19
C0491,2017,47.49,45.38,-4.43,384.16
C0491,2018,95.10,97.08,2.08,322.65
C0491,2019,104.34,85.46,-18.10,9.47
C0491,2020,154.01,138.05,-10.36,351.86
C0491,2021,136.88,142.11,3.82,89.37
C0491,2022,107.81,109.84,1.88,341.60
C0491,2023,139.27,134.72,-3.27,6.24
C0491,2024,14.57,13.67,-6.18,156.14
C0492,2015,157.56,196.85,24.94,258.95
C0492,2016,50.21,49.04,-2.33,167.25
C0492,2017,134.72,164.88,22.39,347.30
C0492,2018,31.65,32.33,2.12,261.83
C0492,2019,31.75,40.67,28.12,479.87
C0492,2020,16.77,15.10,-9.97,179.55
C0492,2021,182.94,163.66,-10.54,361.21
C0492,2022,124.87,150.81,20.78,418.08
C0492,2023,78.77,106.26,34.89,127.56
C0492,2024,159.68,141.44,-11.42,377.31
C0493,2015,128.96,108.87,-15.58,197.26
C0493,2016,127.82,173.93,36.08,65.23
C0493,2017,102.54,89.25,-12.96,2.82
C0493,2018,11.51,10.93,-4.98,372.14
C0493,2019,59.11,80.25,35.77,93.94
C0493,2020,30.72,39.38,28.18,26.55
C0493,2021,135.86,136.63,0.57,249.11
C0493,2022,57.24,78.57,37.27,174.00
C0493,2023,95.53,108.99,14.08,346.21
C0493,2024,77.15,65.07,-15.67,54.57
C0494,2015,37.21,45.46,22.18,67.19
C0494,2016,192.09,215.60,12.24,202.65
C0494,2017,187.35,214.24,14.36,260.68
C0494,2018,26.08,36.41,39.65,412.27
C0494,2019,167.20,149.06,-10.85,293.23
C0494,2020,102.79,122.74,19.41,451.40
C0494,2021,157.01,168.82,7.52,109.67
C0494,2022,38.72,37.29,-3.69,298.51
C0494,2023,35.13,42.73,21.61,327.96
C0494,2024,179.24,215.26,20.09,363.18
C0495,2015,180.59,237.27,31.39,494.34
C0495,2016,98.52,130.77,32.73,234.55
C0495,2017,175.33,199.37,13.71,185.29
C0495,2018,136.82,136.18,-0.47,426.25
C0495,2019,45.15,50.47,11.77,89.22
C0495,2020,72.50,73.63,1.56,19.48
C0495,2021,35.85,34.65,-3.36,222.35
C0495,2022,157.05,177.62,13.09,124.36
C0495,2023,197.20,235.60,19.48,198.87
C0495,2024,113.81,131.38,15.43,493.06
C0496,2015,134.61,184.78,37.27,174.90
C0496,2016,151.76,148.60,-2.08,354.27
C0496,2017,52.61,53.84,2.34,125.95
C0496,2018,73.84,88.65,20.06,152.41
C0496,2019,88.34,102.49,16.02,122.33
C0496,2020,122.97,98.51,-19.89,286.51
C0496,2021,171.59,169.43,-1.26,113.83
C0496,2022,58.30,55.52,-4.77,359.46
C0496,2023,99.47,129.70,30.39,340.46
C0496,2024,152.79,201.65,31.97,211.21
C0497,2015,26.60,25.81,-2.97,13.76
C0497,2016,107.45,92.54,-13.88,12.30
C0497,2017,37.43,34.55,-7.69,266.87
C0497,2018,112.44,101.86,-9.41,419.76
C0497,2019,155.89,146.92,-5.75,299.84
C0497,2020,55.02,51.76,-5.92,218.39
C0497,2021,171.40,186.47,8.79,441.18
C0497,2022,73.61,73.01,-0.82,99.30
C0497,2023,46.25,52.53,13.59,180.35
C0497,2024,98.41,99.05,0.65,283.09
C0498,2015,176.45,227.42,28.88,146.54
C0498,2016,23.10,31.65,37.05,498.86
C0498,2017,72.24,75.30,4.24,226.71
C0498,2018,134.10,111.26,-17.03,26.81
C0498,2019,77.94,73.56,-5.63,88.87
C0498,2020,23.46,20.20,-13.89,266.71
C0498,2021,73.08,73.58,0.69,275.48
C0498,2022,165.98,197.03,18.71,492.09
C0498,2023,193.93,215.52,11.13,300.38
C0498,2024,17.56,16.61,-5.43,333.65
C0499,2015,118.16,148.93,26.04,107.65
C0499,2016,30.01,26.37,-12.11,54.33
C0499,2017,139.28,130.49,-6.31,301.40
C0499,2018,11.50,13.86,20.56,432.58
C0499,2019,12.80,11.76,-8.17,294.10
C0499,2020,157.61,190.27,20.73,221.95
C0499,2021,24.14,33.47,38.62,289.53
C0499,2022,67.98,88.30,29.88,234.92
C0499,2023,192.03,172.06,-10.40,71.80
C0499,2024,197.20,219.34,11.23,370.85
C0500,2015,40.67,42.84,5.34,266.99
C0500,2016,116.57,162.62,39.50,200.26
C0500,2017,116.24,160.25,37.86,280.26
C0500,2018,95.95,84.08,-12.37,121.37
C0500,2019,185.69,249.80,34.52,214.55
C0500,2020,153.27,140.40,-8.39,311.60
C0500,2021,155.26,153.97,-0.83,113.87
C0500,2022,61.22,61.96,1.20,374.75
C0500,2023,92.52,89.94,-2.79,260.98
C0500,2024,102.61,134.62,31.19,430.99
